#
# A fatal error has been detected by the Java Runtime Environment:
#
#  EXCEPTION_ACCESS_VIOLATION (0xc0000005) at pc=0x00007ff970cb735f, pid=8292, tid=6580
#
# JRE version: OpenJDK Runtime Environment (21.0.9+15) (build 21.0.9+15-LTS)
# Java VM: OpenJDK 64-Bit Server VM (21.0.9+15-LTS, mixed mode, sharing, tiered, compressed oops, compressed class ptrs, g1 gc, windows-amd64)
# Problematic frame:
# C  [onnxruntime.dll+0x62735f]
#
# No core dump will be written. Minidumps are not enabled by default on client versions of Windows
#
# If you would like to submit a bug report, please visit:
#   https://bell-sw.com/support
# The crash happened outside the Java Virtual Machine in native code.
# See problematic frame for where to report the bug.
#

---------------  S U M M A R Y ------------

Command Line: -Dcompose.application.configure.swing.globals=true -Dcompose.application.resources.dir=C:\Users\Welcome\IdeaProjects\orais- v1\composeApp\build\compose\tmp\prepareAppResources -Dfile.encoding=UTF-8 -Duser.country=IN -Duser.language=en -Duser.variant com.ram.orai.orais.MainKt

Host: Intel(R) Core(TM) i5-6600 CPU @ 3.30GHz, 4 cores, 15G,  Windows 11 , 64 bit Build 22000 (10.0.22000.2538)
Time: Sun Jan  4 10:38:57 2026 India Standard Time elapsed time: 27.997304 seconds (0d 0h 0m 27s)

---------------  T H R E A D  ---------------

Current thread (0x0000024323542940):  JavaThread "DefaultDispatcher-worker-1" daemon [_thread_in_native, id=6580, stack(0x000000f5b2100000,0x000000f5b2200000) (1024K)]

Stack: [0x000000f5b2100000,0x000000f5b2200000],  sp=0x000000f5b21fcc20,  free space=1011k
Native frames: (J=compiled Java code, j=interpreted, Vv=VM code, C=native code)
C  [onnxruntime.dll+0x62735f]

Java frames: (J=compiled Java code, j=interpreted, Vv=VM code)
j  ai.onnxruntime.OrtSession.run(JJJ[Ljava/lang/String;[JJ[Ljava/lang/String;J[Lai/onnxruntime/OnnxValue;[JJ)[Z+0
j  ai.onnxruntime.OrtSession.run(Ljava/util/Map;Ljava/util/Set;Ljava/util/Map;Lai/onnxruntime/OrtSession$RunOptions;)Lai/onnxruntime/OrtSession$Result;+722
j  ai.onnxruntime.OrtSession.run(Ljava/util/Map;Ljava/util/Set;)Lai/onnxruntime/OrtSession$Result;+7
j  ai.onnxruntime.OrtSession.run(Ljava/util/Map;)Lai/onnxruntime/OrtSession$Result;+6
j  com.ram.orai.orais.FaceDetector.detectFaces(Lcom/ram/orai/orais/ImageData;Lkotlin/jvm/functions/Function1;Lkotlin/jvm/functions/Function1;)V+116
j  com.ram.orai.orais.ComposableSingletons$AppKt$lambda$-1564548354$1$3$1$1$1$1.emit(Lcom/ram/orai/orais/CameraFrame;Lkotlin/coroutines/Continuation;)Ljava/lang/Object;+209
j  com.ram.orai.orais.ComposableSingletons$AppKt$lambda$-1564548354$1$3$1$1$1$1.emit(Ljava/lang/Object;Lkotlin/coroutines/Continuation;)Ljava/lang/Object;+6
j  kotlinx.coroutines.flow.FlowKt__DelayKt$sample$2$1$2.invokeSuspend(Ljava/lang/Object;)Ljava/lang/Object;+91
j  kotlinx.coroutines.flow.FlowKt__DelayKt$sample$2$1$2.invoke(Lkotlin/Unit;Lkotlin/coroutines/Continuation;)Ljava/lang/Object;+12
j  kotlinx.coroutines.flow.FlowKt__DelayKt$sample$2$1$2.invoke(Ljava/lang/Object;Ljava/lang/Object;)Ljava/lang/Object;+9
j  kotlinx.coroutines.selects.SelectImplementation$ClauseData.invokeBlock(Ljava/lang/Object;Lkotlin/coroutines/Continuation;)Ljava/lang/Object;+54
j  kotlinx.coroutines.selects.SelectImplementation.complete(Lkotlin/coroutines/Continuation;)Ljava/lang/Object;+68
j  kotlinx.coroutines.selects.SelectImplementation.doSelect$suspendImpl(Lkotlinx/coroutines/selects/SelectImplementation;Lkotlin/coroutines/Continuation;)Ljava/lang/Object;+9
j  kotlinx.coroutines.selects.SelectImplementation.doSelect(Lkotlin/coroutines/Continuation;)Ljava/lang/Object;+2
j  kotlinx.coroutines.flow.FlowKt__DelayKt$sample$2.invokeSuspend(Ljava/lang/Object;)Ljava/lang/Object;+227
J 2570 c1 kotlin.coroutines.jvm.internal.BaseContinuationImpl.resumeWith(Ljava/lang/Object;)V (124 bytes) @ 0x00000242c7540464 [0x00000242c7540040+0x0000000000000424]
J 2582 c1 kotlinx.coroutines.DispatchedTask.run()V (387 bytes) @ 0x00000242c754969c [0x00000242c75480a0+0x00000000000015fc]
J 4166 c1 kotlinx.coroutines.scheduling.CoroutineScheduler.runSafely(Lkotlinx/coroutines/scheduling/Task;)V (73 bytes) @ 0x00000242c7166c74 [0x00000242c7166b60+0x0000000000000114]
J 4165 c1 kotlinx.coroutines.scheduling.CoroutineScheduler$Worker.executeTask(Lkotlinx/coroutines/scheduling/Task;)V (168 bytes) @ 0x00000242c706b7d4 [0x00000242c706b360+0x0000000000000474]
j  kotlinx.coroutines.scheduling.CoroutineScheduler$Worker.runWorker()V+44
j  kotlinx.coroutines.scheduling.CoroutineScheduler$Worker.run()V+1
v  ~StubRoutines::call_stub 0x00000242ce59100d

siginfo: EXCEPTION_ACCESS_VIOLATION (0xc0000005), reading address 0x0000000000002238


Registers:
RAX=0x000002432b8fcdb0, RBX=0x000000000000016d, RCX=0x000002432b8fca20, RDX=0x0000000000000000
RSP=0x000000f5b21fcc20, RBP=0x000000f5b21fd6d0, RSI=0x0000000000000000, RDI=0x000000f5b21fd3b0
R8 =0x0000000000000447, R9 =0x00000243284da290, R10=0x0000000000000001, R11=0x000000f5b21fcda0
R12=0x000002432e52ba20, R13=0x0000000000000000, R14=0x000000f5b21fd778, R15=0x000002432b8fcdb0
RIP=0x00007ff970cb735f, EFLAGS=0x0000000000010206

XMM[0]=0xbf887272bdbbd360 0xbf0fe8843dc6993c
XMM[1]=0xbf6ab18c3edd3251 0xbf5d43043de89960
XMM[2]=0xbfe725be3f124c3b 0xbf9d4414bb0b3100
XMM[3]=0x3f07af18bfc19880 0x3f540675bf263342
XMM[4]=0xbf87f734bf2f9df8 0xbf8a70773df2cdd0
XMM[5]=0xbf2a9ccf3df54139 0xbfadfd1fbe74f2ac
XMM[6]=0x0000000000000000 0x000000003dab5524
XMM[7]=0x0000000000000000 0x000000003ea78997
XMM[8]=0x0000000000000000 0x000000003dab5524
XMM[9]=0x0000000000000000 0x000000003dab5524
XMM[10]=0x0000000000000000 0x0000000034f24665
XMM[11]=0x0000000000000000 0x00000000000001df
XMM[12]=0x0000000000000000 0x00000000ff405342
XMM[13]=0x0000000000000000 0x00000000ff41514c
XMM[14]=0x0000000000000000 0x0000000000ff4151
XMM[15]=0x0000000000000000 0x000000000000ff41
  MXCSR=0x00001fa0


Register to memory mapping:

RAX=0x000002432b8fcdb0 points into unknown readable memory: 0x00007ff970f9ccb0 | b0 cc f9 70 f9 7f 00 00
RBX=0x000000000000016d is an unknown value
RCX=0x000002432b8fca20 points into unknown readable memory: 0x0000024328930830 | 30 08 93 28 43 02 00 00
RDX=0x0 is null
RSP=0x000000f5b21fcc20 is pointing into the stack for thread: 0x0000024323542940
RBP=0x000000f5b21fd6d0 is pointing into the stack for thread: 0x0000024323542940
RSI=0x0 is null
RDI=0x000000f5b21fd3b0 is pointing into the stack for thread: 0x0000024323542940
R8 =0x0000000000000447 is an unknown value
R9 =0x00000243284da290 points into unknown readable memory: 0x0000000000000000 | 00 00 00 00 00 00 00 00
R10=0x0000000000000001 is an unknown value
R11=0x000000f5b21fcda0 is pointing into the stack for thread: 0x0000024323542940
R12=0x000002432e52ba20 points into unknown readable memory: 0x00000243246d0200 | 00 02 6d 24 43 02 00 00
R13=0x0 is null
R14=0x000000f5b21fd778 is pointing into the stack for thread: 0x0000024323542940
R15=0x000002432b8fcdb0 points into unknown readable memory: 0x00007ff970f9ccb0 | b0 cc f9 70 f9 7f 00 00

Top of Stack: (sp=0x000000f5b21fcc20)
0x000000f5b21fcc20:   0000000000000000 0000000000000000
0x000000f5b21fcc30:   0000000000000004 0000000000000001
0x000000f5b21fcc40:   0000000000000001 0000000000000000
0x000000f5b21fcc50:   0000000000000000 0000000000000000
0x000000f5b21fcc60:   0000000000000000 0000000000000008
0x000000f5b21fcc70:   0000000000000001 0000000000000080
0x000000f5b21fcc80:   0000000000000028 0000000000000028
0x000000f5b21fcc90:   000002436cbbb080 000002436caf3080
0x000000f5b21fcca0:   0000000000000004 000000f5b21fccb0
0x000000f5b21fccb0:   0000000000000001 0000000000000080
0x000000f5b21fccc0:   0000000000000028 0000000000000028
0x000000f5b21fccd0:   0000000000000000 0000000000000000
0x000000f5b21fcce0:   0000000000000008 0000000000000001
0x000000f5b21fccf0:   0000000000000001 0000000000000001
0x000000f5b21fcd00:   0000000000000001 0000000000000000
0x000000f5b21fcd10:   0000000000000000 0000000000000000
0x000000f5b21fcd20:   0000000000000000 0000000000000000
0x000000f5b21fcd30:   0000000000000000 000000f5b21fcce0
0x000000f5b21fcd40:   0000000000000002 000000f5b21fcd50
0x000000f5b21fcd50:   0000000000000028 0000000000000028
0x000000f5b21fcd60:   0000000000000000 0000000000000000
0x000000f5b21fcd70:   0000000000000000 0000000000000000
0x000000f5b21fcd80:   0000a83a8a42ea8d 0000000000000000
0x000000f5b21fcd90:   000000003dab5524 0000000000000000
0x000000f5b21fcda0:   000000000000016d 000000f5b21fd778
0x000000f5b21fcdb0:   000000f5b21fd3b0 0000000000000000
0x000000f5b21fcdc0:   000000f5b21fd6d0 00007ff970c8f49d
0x000000f5b21fcdd0:   000000f5b21fd0c0 0000024328a71350
0x000000f5b21fcde0:   0000024328a71350 000000f5b21fd3b0
0x000000f5b21fcdf0:   000002432e52ba20 000000f5b21fe818
0x000000f5b21fce00:   0000000000000000 00007ff9f6868d1a
0x000000f5b21fce10:   0000024328a71350 000000000000016d 

Instructions: (pc=0x00007ff970cb735f)
0x00007ff970cb725f:   cc 48 83 ec 28 48 81 c1 38 01 00 00 e8 b0 fa 9d
0x00007ff970cb726f:   ff 8b 08 85 c9 74 08 f3 90 8b 08 85 c9 75 f8 48
0x00007ff970cb727f:   83 c4 28 c3 cc cc cc cc cc cc cc cc cc cc cc cc
0x00007ff970cb728f:   cc 48 81 c1 40 01 00 00 48 83 39 00 75 0a 48 83
0x00007ff970cb729f:   3a 00 0f 85 89 f5 a2 ff c3 cc cc cc cc cc cc cc
0x00007ff970cb72af:   cc 48 89 5c 24 08 57 48 83 ec 20 48 8b d9 48 81
0x00007ff970cb72bf:   c1 90 01 00 00 e8 f7 3c 9f ff 48 8d 8b 50 01 00
0x00007ff970cb72cf:   00 48 83 39 00 74 05 e8 e5 59 a5 ff 48 8b bb 40
0x00007ff970cb72df:   01 00 00 48 85 ff 74 16 48 8d 4f 08 e8 50 f5 9d
0x00007ff970cb72ef:   ff ba 28 00 00 00 48 8b cf e8 23 90 fa ff 48 8b
0x00007ff970cb72ff:   8b 30 01 00 00 48 85 c9 74 05 e8 12 90 fa ff 48
0x00007ff970cb730f:   8d 4b 08 48 8b 5c 24 30 48 83 c4 20 5f e9 5f e3
0x00007ff970cb731f:   fc ff cc cc cc cc cc cc cc cc cc cc cc cc cc cc
0x00007ff970cb732f:   cc 48 89 5c 24 18 55 56 57 41 56 41 57 48 81 ec
0x00007ff970cb733f:   80 01 00 00 48 8b da 4c 8b f1 48 8b 09 e8 af df
0x00007ff970cb734f:   fa ff 4c 8b f8 4c 8d 04 5b 48 8b 90 c0 00 00 00
0x00007ff970cb735f:   4a 8b 1c c2 4a 8b 6c c2 08 48 3b dd 74 77 0f 1f
0x00007ff970cb736f:   00 48 8b 13 49 8b 86 30 01 00 00 48 8d 0c 90 e8
0x00007ff970cb737f:   9d f9 9d ff b9 ff ff ff ff f0 0f c1 08 83 f9 01
0x00007ff970cb738f:   75 4a 49 8d 4e 08 48 03 d2 4d 8b 87 a8 00 00 00
0x00007ff970cb739f:   45 8b 04 d0 48 8d 94 24 b8 01 00 00 e8 b0 c4 fc
0x00007ff970cb73af:   ff 48 8b 30 48 8b bc 24 b8 01 00 00 48 85 ff 74
0x00007ff970cb73bf:   16 48 8d 4f 08 e8 77 f4 9d ff ba 28 00 00 00 48
0x00007ff970cb73cf:   8b cf e8 4a 8f fa ff 48 85 f6 75 20 48 83 c3 08
0x00007ff970cb73df:   48 3b dd 75 8c 48 8b 9c 24 c0 01 00 00 48 81 c4
0x00007ff970cb73ef:   80 01 00 00 41 5f 41 5e 5f 5e 5d c3 48 8d 4c 24
0x00007ff970cb73ff:   48 e8 9b 58 9f ff 48 8b d8 48 8d 4c 24 30 e8 5e
0x00007ff970cb740f:   3d 0f 00 90 48 89 44 24 20 4c 8d 0d d1 61 33 00
0x00007ff970cb741f:   41 b8 aa 00 00 00 48 8d 15 74 62 33 00 48 8d 8c
0x00007ff970cb742f:   24 20 01 00 00 e8 e7 91 9e ff 90 4c 8b cb 4c 8d
0x00007ff970cb743f:   05 ec 61 33 00 48 8b d0 48 8d 4c 24 70 e8 3f 95
0x00007ff970cb744f:   9e ff 48 8d 15 90 f6 41 00 48 8d 4c 24 70 e8 78 


Stack slot to memory mapping:

stack at sp + 0 slots: 0x0 is null
stack at sp + 1 slots: 0x0 is null
stack at sp + 2 slots: 0x0000000000000004 is an unknown value
stack at sp + 3 slots: 0x0000000000000001 is an unknown value
stack at sp + 4 slots: 0x0000000000000001 is an unknown value
stack at sp + 5 slots: 0x0 is null
stack at sp + 6 slots: 0x0 is null
stack at sp + 7 slots: 0x0 is null


Compiled method (c1) 29348 2570   !   3       kotlin.coroutines.jvm.internal.BaseContinuationImpl::resumeWith (124 bytes)
 total in heap  [0x00000242c753fc10,0x00000242c7542788] = 11128
 relocation     [0x00000242c753fd70,0x00000242c7540028] = 696
 main code      [0x00000242c7540040,0x00000242c7541c78] = 7224
 stub code      [0x00000242c7541c78,0x00000242c7541d28] = 176
 oops           [0x00000242c7541d28,0x00000242c7541d48] = 32
 metadata       [0x00000242c7541d48,0x00000242c7541db0] = 104
 scopes data    [0x00000242c7541db0,0x00000242c75422a0] = 1264
 scopes pcs     [0x00000242c75422a0,0x00000242c7542710] = 1136
 dependencies   [0x00000242c7542710,0x00000242c7542718] = 8
 handler table  [0x00000242c7542718,0x00000242c7542730] = 24
 nul chk table  [0x00000242c7542730,0x00000242c7542788] = 88

[Constant Pool (empty)]

[MachCode]
[Entry Point]
  # {method} {0x000002431f4d4c80} 'resumeWith' '(Ljava/lang/Object;)V' in 'kotlin/coroutines/jvm/internal/BaseContinuationImpl'
  # this:     rdx:rdx   = 'kotlin/coroutines/jvm/internal/BaseContinuationImpl'
  # parm0:    r8:r8     = 'java/lang/Object'
  #           [sp+0x120]  (sp of caller)
  0x00000242c7540040: 448b 5208 | 49bb 0000 | 00de 4202 | 0000 4d03 | d34c 3bd0 

  0x00000242c7540054: ;   {runtime_call ic_miss_stub}
  0x00000242c7540054: 0f85 26e7 | 0907 660f | 1f44 0000 
[Verified Entry Point]
  0x00000242c7540060: e91b 7605 | 07ff ff55 | 4881 ec10 | 0100 0090 | 4181 7f20 | 2000 0000 

  0x00000242c7540078: ;   {runtime_call StubRoutines (final stubs)}
  0x00000242c7540078: 7405 e861 

  0x00000242c754007c: ;   {metadata(method data for {method} {0x000002431f4d4c80} 'resumeWith' '(Ljava/lang/Object;)V' in 'kotlin/coroutines/jvm/internal/BaseContinuationImpl')}
  0x00000242c754007c: 6408 0748 | be18 83dc | 2043 0200 | 008b becc | 0000 0083 | c702 89be | cc00 0000 | 81e7 fe07 
  0x00000242c754009c: 0000 85ff | 0f84 f916 | 0000 6690 | 4885 d275 

  0x00000242c75400ac: ;   {metadata(method data for {method} {0x000002431f4d4c80} 'resumeWith' '(Ljava/lang/Object;)V' in 'kotlin/coroutines/jvm/internal/BaseContinuationImpl')}
  0x00000242c75400ac: 1648 bb18 | 83dc 2043 | 0200 0080 | 8b09 0100 | 0001 e9e7 

  0x00000242c75400c0: ;   {metadata('kotlin/coroutines/Continuation')}
  0x00000242c75400c0: 0000 0048 | b818 2e08 | df42 0200 | 008b 5a08 | 49ba 0000 | 00de 4202 | 0000 4903 | da48 3b43 
  0x00000242c75400e0: 200f 841a | 0000 0048 | 3bd8 0f84 | 1100 0000 

  0x00000242c75400f0: ;   {runtime_call slow_subtype_check Runtime1 stub}
  0x00000242c75400f0: 5350 e809 | ea15 075b | 5b85 db0f | 848d 0000 

  0x00000242c7540100: ;   {metadata(method data for {method} {0x000002431f4d4c80} 'resumeWith' '(Ljava/lang/Object;)V' in 'kotlin/coroutines/jvm/internal/BaseContinuationImpl')}
  0x00000242c7540100: 0048 bb18 | 83dc 2043 | 0200 008b | 4208 49ba | 0000 00de | 4202 0000 | 4903 c248 | 3b83 2001 
  0x00000242c7540120: 0000 750d | 4883 8328 | 0100 0001 | e979 0000 | 0048 3b83 | 3001 0000 | 750d 4883 | 8338 0100 
  0x00000242c7540140: 0001 e963 | 0000 0048 | 83bb 2001 | 0000 0075 | 1748 8983 | 2001 0000 | 48c7 8328 | 0100 0001 
  0x00000242c7540160: 0000 00e9 | 4200 0000 | 4883 bb30 | 0100 0000 | 7517 4889 | 8330 0100 | 0048 c783 | 3801 0000 
  0x00000242c7540180: 0100 0000 | e921 0000 | 00e9 1c00 

  0x00000242c754018c: ;   {metadata(method data for {method} {0x000002431f4d4c80} 'resumeWith' '(Ljava/lang/Object;)V' in 'kotlin/coroutines/jvm/internal/BaseContinuationImpl')}
  0x00000242c754018c: 0000 48bb | 1883 dc20 | 4302 0000 | 4883 ab10 | 0100 0001 | e91b 1600 | 00e9 0000 | 0000 488b 
  0x00000242c75401ac: ;   {metadata(method data for {method} {0x000002431f4d4c80} 'resumeWith' '(Ljava/lang/Object;)V' in 'kotlin/coroutines/jvm/internal/BaseContinuationImpl')}
  0x00000242c75401ac: f248 bf18 | 83dc 2043 | 0200 0048 | 8387 4801 

  0x00000242c75401bc: ;   {metadata(method data for {method} {0x000002431f4fcad0} 'probeCoroutineResumed' '(Lkotlin/coroutines/Continuation;)V' in 'kotlin/coroutines/jvm/internal/DebugProbesKt')}
  0x00000242c75401bc: 0000 0148 | bf88 7edc | 2043 0200 | 008b 9fcc | 0000 0083 | c302 899f | cc00 0000 | 81e3 feff 
  0x00000242c75401dc: 1f00 85db | 0f84 e315 

  0x00000242c75401e4: ;   {metadata(method data for {method} {0x000002431f4fcad0} 'probeCoroutineResumed' '(Lkotlin/coroutines/Continuation;)V' in 'kotlin/coroutines/jvm/internal/DebugProbesKt')}
  0x00000242c75401e4: 0000 48bf | 887e dc20 | 4302 0000 | 4883 8710 | 0100 0001 

  0x00000242c75401f8: ;   {metadata(method data for {method} {0x000002431f415410} 'checkNotNullParameter' '(Ljava/lang/Object;Ljava/lang/String;)V' in 'kotlin/jvm/internal/Intrinsics')}
  0x00000242c75401f8: 48bf b0c3 | 5b1f 4302 | 0000 8b9f | cc00 0000 | 83c3 0289 | 9fcc 0000 | 0081 e3fe | ff1f 0085 
  0x00000242c7540218: db0f 84cb | 1500 0048 

  0x00000242c7540220: ;   {metadata(method data for {method} {0x000002431f415410} 'checkNotNullParameter' '(Ljava/lang/Object;Ljava/lang/String;)V' in 'kotlin/jvm/internal/Intrinsics')}
  0x00000242c7540220: 85f6 48be | b0c3 5b1f | 4302 0000 | 48c7 c720 | 0100 0074 | 0748 c7c7 | 1001 0000 | 488b 1c3e 
  0x00000242c7540240: 488d 5b01 | 4889 1c3e | 0f84 a60d | 0000 4885 

  0x00000242c7540250: ;   {metadata(method data for {method} {0x000002431f4d4c80} 'resumeWith' '(Ljava/lang/Object;)V' in 'kotlin/coroutines/jvm/internal/BaseContinuationImpl')}
  0x00000242c7540250: d275 1648 | bf18 83dc | 2043 0200 | 0080 8f51 | 0100 0001 | e9cd 0000 

  0x00000242c7540268: ;   {metadata('kotlin/coroutines/jvm/internal/BaseContinuationImpl')}
  0x00000242c7540268: 0048 bb18 | 3208 df42 | 0200 008b | 7a08 49ba | 0000 00de | 4202 0000 | 4903 fa48 | 3b5f 380f 
  0x00000242c7540288: 858d 0000 

  0x00000242c754028c: ;   {metadata(method data for {method} {0x000002431f4d4c80} 'resumeWith' '(Ljava/lang/Object;)V' in 'kotlin/coroutines/jvm/internal/BaseContinuationImpl')}
  0x00000242c754028c: 0048 bf18 | 83dc 2043 | 0200 008b | 5a08 49ba | 0000 00de | 4202 0000 | 4903 da48 | 3b9f 6801 
  0x00000242c75402ac: 0000 750d | 4883 8770 | 0100 0001 | e979 0000 | 0048 3b9f | 7801 0000 | 750d 4883 | 8780 0100 
  0x00000242c75402cc: 0001 e963 | 0000 0048 | 83bf 6801 | 0000 0075 | 1748 899f | 6801 0000 | 48c7 8770 | 0100 0001 
  0x00000242c75402ec: 0000 00e9 | 4200 0000 | 4883 bf78 | 0100 0000 | 7517 4889 | 9f78 0100 | 0048 c787 | 8001 0000 
  0x00000242c754030c: 0100 0000 | e921 0000 | 00e9 1c00 

  0x00000242c7540318: ;   {metadata(method data for {method} {0x000002431f4d4c80} 'resumeWith' '(Ljava/lang/Object;)V' in 'kotlin/coroutines/jvm/internal/BaseContinuationImpl')}
  0x00000242c7540318: 0000 48bf | 1883 dc20 | 4302 0000 | 4883 af58 | 0100 0001 | e9da 1400 | 00e9 0000 | 0000 488b 
  0x00000242c7540338: f28b 7e0c | 48c1 e703 | 4889 bc24 | b000 0000 

  0x00000242c7540348: ;   {metadata(method data for {method} {0x000002431f4d4c80} 'resumeWith' '(Ljava/lang/Object;)V' in 'kotlin/coroutines/jvm/internal/BaseContinuationImpl')}
  0x00000242c7540348: 48ba 1883 | dc20 4302 | 0000 4883 | 8290 0100 

  0x00000242c7540358: ;   {metadata(method data for {method} {0x000002431f4143c8} 'checkNotNull' '(Ljava/lang/Object;)V' in 'kotlin/jvm/internal/Intrinsics')}
  0x00000242c7540358: 0001 48ba | e05c 3520 | 4302 0000 | 8b9a cc00 | 0000 83c3 | 0289 9acc | 0000 0081 | e3fe ff1f 
  0x00000242c7540378: 0085 db0f | 8498 1400 | 0048 85ff 

  0x00000242c7540384: ;   {metadata(method data for {method} {0x000002431f4143c8} 'checkNotNull' '(Ljava/lang/Object;)V' in 'kotlin/jvm/internal/Intrinsics')}
  0x00000242c7540384: 48ba e05c | 3520 4302 | 0000 48c7 | c320 0100 | 0074 0748 | c7c3 1001 | 0000 488b | 041a 488d 
  0x00000242c75403a4: 4001 4889 | 041a 0f84 | 5c0a 0000 

  0x00000242c75403b0: ;   {metadata(method data for {method} {0x000002431f4d4c80} 'resumeWith' '(Ljava/lang/Object;)V' in 'kotlin/coroutines/jvm/internal/BaseContinuationImpl')}
  0x00000242c75403b0: 488b d648 | bb18 83dc | 2043 0200 | 008b 5208 | 49ba 0000 | 00de 4202 | 0000 4903 | d248 3b93 
  0x00000242c75403d0: b001 0000 | 750d 4883 | 83b8 0100 | 0001 e960 | 0000 0048 | 3b93 c001 | 0000 750d | 4883 83c8 
  0x00000242c75403f0: 0100 0001 | e94a 0000 | 0048 83bb | b001 0000 | 0075 1748 | 8993 b001 | 0000 48c7 | 83b8 0100 
  0x00000242c7540410: 0001 0000 | 00e9 2900 | 0000 4883 | bbc0 0100 | 0000 7517 | 4889 93c0 | 0100 0048 | c783 c801 
  0x00000242c7540430: 0000 0100 | 0000 e908 | 0000 0048 | 8383 a001 | 0000 0148 | 8bd6 4889 | b424 a800 | 0000 0f1f 
  0x00000242c7540450: 8000 0000 | 0048 b8ff | ffff ffff 

  0x00000242c754045c: ;   {virtual_call}
  0x00000242c754045c: ffff ffe8 

  0x00000242c7540460: ; ImmutableOopMap {[168]=Oop [176]=Oop }
                      ;*invokevirtual invokeSuspend {reexecute=0 rethrow=0 return_oop=0}
                      ; - kotlin.coroutines.jvm.internal.BaseContinuationImpl::resumeWith@40 (line 34)
  0x00000242c7540460: c475 1607 

  0x00000242c7540464: ;   {other}
  0x00000242c7540464: 0f1f 8400 | 5408 0000 

  0x00000242c754046c: ;   {metadata(method data for {method} {0x000002431f4d4c80} 'resumeWith' '(Ljava/lang/Object;)V' in 'kotlin/coroutines/jvm/internal/BaseContinuationImpl')}
  0x00000242c754046c: 48ba 1883 | dc20 4302 | 0000 4883 | 82d8 0100 

  0x00000242c754047c: ;   {metadata(method data for {method} {0x000002431f4fab88} 'getCOROUTINE_SUSPENDED' '()Ljava/lang/Object;' in 'kotlin/coroutines/intrinsics/IntrinsicsKt__IntrinsicsKt')}
  0x00000242c754047c: 0001 48ba | d801 6120 | 4302 0000 | 8bb2 cc00 | 0000 83c6 | 0289 b2cc | 0000 0081 | e6fe ff1f 
  0x00000242c754049c: 0085 f60f | 8495 1300 

  0x00000242c75404a4: ;   {oop(a 'kotlin/coroutines/intrinsics/CoroutineSingletons'{0x00000007fff3a550})}
  0x00000242c75404a4: 0049 ba50 | a5f3 ff07 | 0000 0049 

  0x00000242c75404b0: ;   {metadata(method data for {method} {0x000002431f4d4c80} 'resumeWith' '(Ljava/lang/Object;)V' in 'kotlin/coroutines/jvm/internal/BaseContinuationImpl')}
  0x00000242c75404b0: 3bc2 48ba | 1883 dc20 | 4302 0000 | 48c7 c6f8 | 0100 0074 | 0748 c7c6 | e801 0000 | 488b 3c32 
  0x00000242c75404d0: 488d 7f01 | 4889 3c32 | 0f84 140e 

  0x00000242c75404dc: ;   {metadata(method data for {method} {0x000002431f4d4c80} 'resumeWith' '(Ljava/lang/Object;)V' in 'kotlin/coroutines/jvm/internal/BaseContinuationImpl')}
  0x00000242c75404dc: 0000 48ba | 1883 dc20 | 4302 0000 | 4883 8208 | 0200 0001 

  0x00000242c75404f0: ;   {metadata(method data for {method} {0x000002431f50cf08} 'constructor-impl' '(Ljava/lang/Object;)Ljava/lang/Object;' in 'kotlin/Result')}
  0x00000242c75404f0: 48ba 5005 | d820 4302 | 0000 8bb2 | cc00 0000 | 83c6 0289 | b2cc 0000 | 0081 e6fe | ff1f 0085 
  0x00000242c7540510: f60f 8444 

  0x00000242c7540514: ;   {metadata(method data for {method} {0x000002431f4d4c80} 'resumeWith' '(Ljava/lang/Object;)V' in 'kotlin/coroutines/jvm/internal/BaseContinuationImpl')}
  0x00000242c7540514: 1300 0048 | ba18 83dc | 2043 0200 | 00ff 8218 | 0200 00e9 | 5002 0000 | 498b 87f8 | 0400 004d 
  0x00000242c7540534: 33d2 4d89 | 97f8 0400 | 004d 33d2 | 4d89 9700 

  0x00000242c7540544: ;   {metadata(method data for {method} {0x000002431f4d4c80} 'resumeWith' '(Ljava/lang/Object;)V' in 'kotlin/coroutines/jvm/internal/BaseContinuationImpl')}
  0x00000242c7540544: 0500 0048 | ba18 83dc | 2043 0200 | 0048 8382 | 3002 0000 

  0x00000242c7540558: ;   {metadata(method data for {method} {0x000002431f5209e8} 'createFailure' '(Ljava/lang/Throwable;)Ljava/lang/Object;' in 'kotlin/ResultKt')}
  0x00000242c7540558: 0148 baa8 | 86dc 2043 | 0200 008b | b2cc 0000 | 0083 c602 | 89b2 cc00 | 0000 81e6 | feff 1f00 
  0x00000242c7540578: 85f6 0f84 | fc12 0000 

  0x00000242c7540580: ;   {metadata(method data for {method} {0x000002431f5209e8} 'createFailure' '(Ljava/lang/Throwable;)Ljava/lang/Object;' in 'kotlin/ResultKt')}
  0x00000242c7540580: 48ba a886 | dc20 4302 | 0000 4883 | 8210 0100 

  0x00000242c7540590: ;   {metadata(method data for {method} {0x000002431f415410} 'checkNotNullParameter' '(Ljava/lang/Object;Ljava/lang/String;)V' in 'kotlin/jvm/internal/Intrinsics')}
  0x00000242c7540590: 0001 48ba | b0c3 5b1f | 4302 0000 | 8bb2 cc00 | 0000 83c6 | 0289 b2cc | 0000 0081 | e6fe ff1f 
  0x00000242c75405b0: 0085 f60f | 84e4 1200 | 0048 85c0 

  0x00000242c75405bc: ;   {metadata(method data for {method} {0x000002431f415410} 'checkNotNullParameter' '(Ljava/lang/Object;Ljava/lang/String;)V' in 'kotlin/jvm/internal/Intrinsics')}
  0x00000242c75405bc: 48ba b0c3 | 5b1f 4302 | 0000 48c7 | c620 0100 | 0074 0748 | c7c6 1001 | 0000 488b | 3c32 488d 
  0x00000242c75405dc: 7f01 4889 | 3c32 0f84 | 0406 0000 

  0x00000242c75405e8: ;   {metadata('kotlin/Result$Failure')}
  0x00000242c75405e8: 48ba 48ea | 08df 4202 | 0000 488b | d849 8b87 | b801 0000 | 488d 7810 | 493b bfc8 | 0100 000f 
  0x00000242c7540608: 87b1 1200 | 0049 89bf | b801 0000 | 48c7 0001 | 0000 0048 | 8bca 49ba | 0000 00de | 4202 0000 
  0x00000242c7540628: 492b ca89 | 4808 4833 | c989 480c | 4833 c948 

  0x00000242c7540638: ;   {metadata(method data for {method} {0x000002431f5209e8} 'createFailure' '(Ljava/lang/Throwable;)Ljava/lang/Object;' in 'kotlin/ResultKt')}
  0x00000242c7540638: 8bd0 48be | a886 dc20 | 4302 0000 | 4883 8620 | 0100 0001 

  0x00000242c754064c: ;   {metadata(method data for {method} {0x000002431f50ee40} '<init>' '(Ljava/lang/Throwable;)V' in 'kotlin/Result$Failure')}
  0x00000242c754064c: 48ba 1888 | dc20 4302 | 0000 8bb2 | cc00 0000 | 83c6 0289 | b2cc 0000 | 0081 e6fe | ff1f 0085 
  0x00000242c754066c: f60f 8458 

  0x00000242c7540670: ;   {metadata(method data for {method} {0x000002431f50ee40} '<init>' '(Ljava/lang/Throwable;)V' in 'kotlin/Result$Failure')}
  0x00000242c7540670: 1200 0048 | ba18 88dc | 2043 0200 | 0048 8382 | 1001 0000 

  0x00000242c7540684: ;   {metadata(method data for {method} {0x000002431f415410} 'checkNotNullParameter' '(Ljava/lang/Object;Ljava/lang/String;)V' in 'kotlin/jvm/internal/Intrinsics')}
  0x00000242c7540684: 0148 bab0 | c35b 1f43 | 0200 008b | b2cc 0000 | 0083 c602 | 89b2 cc00 | 0000 81e6 | feff 1f00 
  0x00000242c75406a4: 85f6 0f84 | 4012 0000 

  0x00000242c75406ac: ;   {metadata(method data for {method} {0x000002431f415410} 'checkNotNullParameter' '(Ljava/lang/Object;Ljava/lang/String;)V' in 'kotlin/jvm/internal/Intrinsics')}
  0x00000242c75406ac: 4885 db48 | bab0 c35b | 1f43 0200 | 0048 c7c6 | 2001 0000 | 7407 48c7 | c610 0100 | 0048 8b3c 
  0x00000242c75406cc: 3248 8d7f | 0148 893c | 320f 84ec | 0200 0048 

  0x00000242c75406dc: ;   {metadata(method data for {method} {0x000002431f50ee40} '<init>' '(Ljava/lang/Throwable;)V' in 'kotlin/Result$Failure')}
  0x00000242c75406dc: 8bd0 48be | 1888 dc20 | 4302 0000 | 4883 8620 | 0100 0001 

  0x00000242c75406f0: ;   {metadata(method data for {method} {0x00000242de476650} '<init>' '()V' in 'java/lang/Object')}
  0x00000242c75406f0: 48ba 5068 | 001f 4302 | 0000 8bb2 | cc00 0000 | 83c6 0289 | b2cc 0000 | 0081 e6fe | ff1f 0085 
  0x00000242c7540710: f60f 84f6 | 1100 0041 | 0fbe 5740 | 85d2 0f85 | 0a12 0000 | 4c8b d349 | c1ea 0344 | 8950 0c48 
  0x00000242c7540730: 8bd0 4833 | d348 c1ea | 1548 83fa | 000f 850a 

  0x00000242c7540740: ;   {metadata(method data for {method} {0x000002431f4d4c80} 'resumeWith' '(Ljava/lang/Object;)V' in 'kotlin/coroutines/jvm/internal/BaseContinuationImpl')}
  0x00000242c7540740: 1200 0048 | ba18 83dc | 2043 0200 | 0048 8382 | 4002 0000 

  0x00000242c7540754: ;   {metadata(method data for {method} {0x000002431f50cf08} 'constructor-impl' '(Ljava/lang/Object;)Ljava/lang/Object;' in 'kotlin/Result')}
  0x00000242c7540754: 0148 ba50 | 05d8 2043 | 0200 008b | b2cc 0000 | 0083 c602 | 89b2 cc00 | 0000 81e6 | feff 1f00 
  0x00000242c7540774: 85f6 0f84 | e911 0000 | 4889 8424 | b800 0000 | 488b b424 | a800 0000 

  0x00000242c754078c: ;   {metadata(method data for {method} {0x000002431f4d4c80} 'resumeWith' '(Ljava/lang/Object;)V' in 'kotlin/coroutines/jvm/internal/BaseContinuationImpl')}
  0x00000242c754078c: 48ba 1883 | dc20 4302 | 0000 8b76 | 0849 ba00 | 0000 de42 | 0200 0049 | 03f2 483b | b260 0200 
  0x00000242c75407ac: 0075 0d48 | 8382 6802 | 0000 01e9 | 6000 0000 | 483b b270 | 0200 0075 | 0d48 8382 | 7802 0000 
  0x00000242c75407cc: 01e9 4a00 | 0000 4883 | ba60 0200 | 0000 7517 | 4889 b260 | 0200 0048 | c782 6802 | 0000 0100 
  0x00000242c75407ec: 0000 e929 | 0000 0048 | 83ba 7002 | 0000 0075 | 1748 89b2 | 7002 0000 | 48c7 8278 | 0200 0001 
  0x00000242c754080c: 0000 00e9 | 0800 0000 | 4883 8250 | 0200 0001 | 488b 9424 | a800 0000 | 9048 b8ff | ffff ffff 
  0x00000242c754082c: ;   {virtual_call}
  0x00000242c754082c: ffff ffe8 

  0x00000242c7540830: ; ImmutableOopMap {[176]=Oop [184]=Oop }
                      ;*invokevirtual releaseIntercepted {reexecute=0 rethrow=0 return_oop=0}
                      ; - kotlin.coroutines.jvm.internal.BaseContinuationImpl::resumeWith@90 (line 40)
  0x00000242c7540830: 3c6b 1607 

  0x00000242c7540834: ;   {other}
  0x00000242c7540834: 0f1f 8400 | 240c 0001 | 488b bc24 | b000 0000 | 4885 ff75 

  0x00000242c7540848: ;   {metadata(method data for {method} {0x000002431f4d4c80} 'resumeWith' '(Ljava/lang/Object;)V' in 'kotlin/coroutines/jvm/internal/BaseContinuationImpl')}
  0x00000242c7540848: 1648 b818 | 83dc 2043 | 0200 0080 | 8881 0200 | 0001 e9cd 

  0x00000242c754085c: ;   {metadata('kotlin/coroutines/jvm/internal/BaseContinuationImpl')}
  0x00000242c754085c: 0000 0048 | b918 3208 | df42 0200 | 008b 4708 | 49ba 0000 | 00de 4202 | 0000 4903 | c248 3b48 
  0x00000242c754087c: 380f 858d 

  0x00000242c7540880: ;   {metadata(method data for {method} {0x000002431f4d4c80} 'resumeWith' '(Ljava/lang/Object;)V' in 'kotlin/coroutines/jvm/internal/BaseContinuationImpl')}
  0x00000242c7540880: 0000 0048 | b818 83dc | 2043 0200 | 008b 4f08 | 49ba 0000 | 00de 4202 | 0000 4903 | ca48 3b88 
  0x00000242c75408a0: 9802 0000 | 750d 4883 | 80a0 0200 | 0001 e97e | 0000 0048 | 3b88 a802 | 0000 750d | 4883 80b0 
  0x00000242c75408c0: 0200 0001 | e968 0000 | 0048 83b8 | 9802 0000 | 0075 1748 | 8988 9802 | 0000 48c7 | 80a0 0200 
  0x00000242c75408e0: 0001 0000 | 00e9 4700 | 0000 4883 | b8a8 0200 | 0000 7517 | 4889 88a8 | 0200 0048 | c780 b002 
  0x00000242c7540900: 0000 0100 | 0000 e926 | 0000 00e9 | 2100 0000 

  0x00000242c7540910: ;   {metadata(method data for {method} {0x000002431f4d4c80} 'resumeWith' '(Ljava/lang/Object;)V' in 'kotlin/coroutines/jvm/internal/BaseContinuationImpl')}
  0x00000242c7540910: 48b8 1883 | dc20 4302 | 0000 4883 | a888 0200 | 0001 e905 | 0000 00e9 | 0500 0000 | 4833 d2eb 
  0x00000242c7540930: 0748 c7c2 | 0100 0000 

  0x00000242c7540938: ;   {metadata(method data for {method} {0x000002431f4d4c80} 'resumeWith' '(Ljava/lang/Object;)V' in 'kotlin/coroutines/jvm/internal/BaseContinuationImpl')}
  0x00000242c7540938: 85d2 48ba | 1883 dc20 | 4302 0000 | 48c7 c6c0 | 0200 0074 | 0748 c7c6 | d002 0000 | 488b 0432 
  0x00000242c7540958: 488d 4001 | 4889 0432 | 0f84 b608 

  0x00000242c7540964: ;   {metadata(method data for {method} {0x000002431f4d4c80} 'resumeWith' '(Ljava/lang/Object;)V' in 'kotlin/coroutines/jvm/internal/BaseContinuationImpl')}
  0x00000242c7540964: 0000 48ba | 1883 dc20 | 4302 0000 | ff82 e002 

  0x00000242c7540974: ;   {metadata(method data for {method} {0x000002431f4d4c80} 'resumeWith' '(Ljava/lang/Object;)V' in 'kotlin/coroutines/jvm/internal/BaseContinuationImpl')}
  0x00000242c7540974: 0000 48ba | 1883 dc20 | 4302 0000 | 8bb2 d000 | 0000 83c6 | 0289 b2d0 | 0000 0081 | e6fe 3f00 
  0x00000242c7540994: 0085 f60f | 84e9 0f00 | 004d 8b97 

  0x00000242c75409a0: ; ImmutableOopMap {rdi=Oop [176]=Oop [184]=Oop }
                      ;*goto {reexecute=1 rethrow=0 return_oop=0}
                      ; - (reexecute) kotlin.coroutines.jvm.internal.BaseContinuationImpl::resumeWith@121 (line 30)
  0x00000242c75409a0: 5004 0000 

  0x00000242c75409a4: ;   {poll}
  0x00000242c75409a4: 4185 0248 | ba18 83dc | 2043 0200 | 00ff 8230 | 0300 004c | 8b84 24b8 | 0000 0048 | 8bd7 e9e1 
  0x00000242c75409c4: f6ff ff48 | 8984 24c8 | 0000 0048 | 899c 24d0 

  0x00000242c75409d4: ;   {metadata(method data for {method} {0x000002431f415410} 'checkNotNullParameter' '(Ljava/lang/Object;Ljava/lang/String;)V' in 'kotlin/jvm/internal/Intrinsics')}
  0x00000242c75409d4: 0000 0048 | bab0 c35b | 1f43 0200 | 0048 8382 | 3001 0000 

  0x00000242c75409e8: ;   {metadata(method data for {method} {0x000002431f415590} 'throwParameterIsNullNPE' '(Ljava/lang/String;)V' in 'kotlin/jvm/internal/Intrinsics')}
  0x00000242c75409e8: 0148 ba38 | c55b 1f43 | 0200 008b | b2cc 0000 | 0083 c602 | 89b2 cc00 | 0000 81e6 | feff 1f00 
  0x00000242c7540a08: 85f6 0f84 | 970f 0000 

  0x00000242c7540a10: ;   {no_reloc}
  0x00000242c7540a10: e9c2 0f00 | 0000 0000 | 0000 498b | 87b8 0100 | 0048 8d78 | 3049 3bbf | c801 0000 | 0f87 af0f 
  0x00000242c7540a30: 0000 4989 | bfb8 0100 | 0048 c700 | 0100 0000 | 488b ca49 | ba00 0000 | de42 0200 | 0049 2bca 
  0x00000242c7540a50: 8948 0848 | 33c9 8948 | 0c48 33c9 | 4889 4810 | 4889 4818 | 4889 4820 | 4889 4828 

  0x00000242c7540a6c: ;   {metadata(method data for {method} {0x000002431f415590} 'throwParameterIsNullNPE' '(Ljava/lang/String;)V' in 'kotlin/jvm/internal/Intrinsics')}
  0x00000242c7540a6c: 48ba 38c5 | 5b1f 4302 | 0000 4883 | 8210 0100 

  0x00000242c7540a7c: ;   {oop("exception"{0x000000070173c330})}
  0x00000242c7540a7c: 0001 48ba | 30c3 7301 | 0700 0000 | 4889 8424 | c000 0000 | 0f1f 8000 

  0x00000242c7540a94: ;   {static_call}
  0x00000242c7540a94: 0000 00e8 

  0x00000242c7540a98: ; ImmutableOopMap {[168]=Oop [176]=Oop [192]=Oop [200]=Oop [208]=Oop }
                      ;*invokestatic createParameterIsNullExceptionMessage {reexecute=0 rethrow=0 return_oop=0}
                      ; - kotlin.jvm.internal.Intrinsics::throwParameterIsNullNPE@5 (line 140)
                      ; - kotlin.jvm.internal.Intrinsics::checkNotNullParameter@5 (line 131)
                      ; - kotlin.Result$Failure::<init>@3
                      ; - kotlin.ResultKt::createFailure@11 (line 122)
                      ; - kotlin.coroutines.jvm.internal.BaseContinuationImpl::resumeWith@76 (line 38)
  0x00000242c7540a98: e4e5 0907 

  0x00000242c7540a9c: ;   {other}
  0x00000242c7540a9c: 0f1f 8400 | 8c0e 0003 | 4c8b 8424 | c000 0000 

  0x00000242c7540aac: ;   {metadata(method data for {method} {0x000002431f415590} 'throwParameterIsNullNPE' '(Ljava/lang/String;)V' in 'kotlin/jvm/internal/Intrinsics')}
  0x00000242c7540aac: 48ba 38c5 | 5b1f 4302 | 0000 4883 | 8220 0100 | 0001 4c8b | c048 8b94 | 24c0 0000 | 0066 0f1f 
  0x00000242c7540acc: ;   {optimized virtual_call}
  0x00000242c7540acc: 4400 00e8 

  0x00000242c7540ad0: ; ImmutableOopMap {[168]=Oop [176]=Oop [192]=Oop [200]=Oop [208]=Oop }
                      ;*invokespecial <init> {reexecute=0 rethrow=0 return_oop=0}
                      ; - kotlin.jvm.internal.Intrinsics::throwParameterIsNullNPE@8 (line 140)
                      ; - kotlin.jvm.internal.Intrinsics::checkNotNullParameter@5 (line 131)
                      ; - kotlin.Result$Failure::<init>@3
                      ; - kotlin.ResultKt::createFailure@11 (line 122)
                      ; - kotlin.coroutines.jvm.internal.BaseContinuationImpl::resumeWith@76 (line 38)
  0x00000242c7540ad0: acdf 0907 

  0x00000242c7540ad4: ;   {other}
  0x00000242c7540ad4: 0f1f 8400 | c40e 0004 

  0x00000242c7540adc: ;   {metadata(method data for {method} {0x000002431f415590} 'throwParameterIsNullNPE' '(Ljava/lang/String;)V' in 'kotlin/jvm/internal/Intrinsics')}
  0x00000242c7540adc: 48ba 38c5 | 5b1f 4302 | 0000 4883 | 8230 0100 

  0x00000242c7540aec: ;   {metadata(method data for {method} {0x000002431f4164f8} 'sanitizeStackTrace' '(Ljava/lang/Throwable;)Ljava/lang/Throwable;' in 'kotlin/jvm/internal/Intrinsics')}
  0x00000242c7540aec: 0001 48ba | 18cc 5b1f | 4302 0000 | 8bb2 cc00 | 0000 83c6 | 0289 b2cc | 0000 0081 | e6fe ff1f 
  0x00000242c7540b0c: 0085 f60f | 84d9 0e00 

  0x00000242c7540b14: ;   {oop(a 'java/lang/Class'{0x00000007017088b8} = 'kotlin/jvm/internal/Intrinsics')}
  0x00000242c7540b14: 0048 bab8 | 8870 0107 | 0000 0048 

  0x00000242c7540b20: ;   {metadata(method data for {method} {0x000002431f4164f8} 'sanitizeStackTrace' '(Ljava/lang/Throwable;)Ljava/lang/Throwable;' in 'kotlin/jvm/internal/Intrinsics')}
  0x00000242c7540b20: 8bf2 48bf | 18cc 5b1f | 4302 0000 | 4883 8710 | 0100 0001 

  0x00000242c7540b34: ;   {metadata(method data for {method} {0x00000242de46b368} 'getName' '()Ljava/lang/String;' in 'java/lang/Class')}
  0x00000242c7540b34: 48be e87c | 031f 4302 | 0000 8bbe | cc00 0000 | 83c7 0289 | becc 0000 | 0081 e7fe | ff1f 0085 
  0x00000242c7540b54: ff0f 84b4 | 0e00 008b | 522c 48c1 | e203 4885 

  0x00000242c7540b64: ;   {metadata(method data for {method} {0x00000242de46b368} 'getName' '()Ljava/lang/String;' in 'java/lang/Class')}
  0x00000242c7540b64: d248 bee8 | 7c03 1f43 | 0200 0048 | c7c7 1001 | 0000 7407 | 48c7 c720 | 0100 0048 | 8b1c 3e48 
  0x00000242c7540b84: 8d5b 0148 | 891c 3e0f | 8418 0000 

  0x00000242c7540b90: ;   {metadata(method data for {method} {0x00000242de46b368} 'getName' '()Ljava/lang/String;' in 'java/lang/Class')}
  0x00000242c7540b90: 0048 bee8 | 7c03 1f43 | 0200 00ff | 8630 0100 | 0048 8bf2 | e936 0000 

  0x00000242c7540ba8: ;   {oop(a 'java/lang/Class'{0x00000007017088b8} = 'kotlin/jvm/internal/Intrinsics')}
  0x00000242c7540ba8: 0048 bab8 | 8870 0107 | 0000 0048 

  0x00000242c7540bb4: ;   {metadata(method data for {method} {0x00000242de46b368} 'getName' '()Ljava/lang/String;' in 'java/lang/Class')}
  0x00000242c7540bb4: 8bf2 48bf | e87c 031f | 4302 0000 | 4883 8748 | 0100 0001 | 0f1f 8000 

  0x00000242c7540bcc: ;   {optimized virtual_call}
  0x00000242c7540bcc: 0000 00e8 

  0x00000242c7540bd0: ; ImmutableOopMap {[168]=Oop [176]=Oop [192]=Oop [200]=Oop [208]=Oop }
                      ;*invokevirtual initClassName {reexecute=0 rethrow=0 return_oop=0}
                      ; - java.lang.Class::getName@14 (line 950)
                      ; - kotlin.jvm.internal.Intrinsics::sanitizeStackTrace@3 (line 253)
                      ; - kotlin.jvm.internal.Intrinsics::throwParameterIsNullNPE@11 (line 140)
                      ; - kotlin.jvm.internal.Intrinsics::checkNotNullParameter@5 (line 131)
                      ; - kotlin.Result$Failure::<init>@3
                      ; - kotlin.ResultKt::createFailure@11 (line 122)
                      ; - kotlin.coroutines.jvm.internal.BaseContinuationImpl::resumeWith@76 (line 38)
  0x00000242c7540bd0: acde 0907 

  0x00000242c7540bd4: ;   {other}
  0x00000242c7540bd4: 0f1f 8400 | c40f 0005 | 488b f048 | 8b84 24c0 | 0000 00e9 | 7a0a 0000 | 4889 8424 | d000 0000 
  0x00000242c7540bf4: ;   {metadata(method data for {method} {0x000002431f415410} 'checkNotNullParameter' '(Ljava/lang/Object;Ljava/lang/String;)V' in 'kotlin/jvm/internal/Intrinsics')}
  0x00000242c7540bf4: 48ba b0c3 | 5b1f 4302 | 0000 4883 | 8230 0100 

  0x00000242c7540c04: ;   {metadata(method data for {method} {0x000002431f415590} 'throwParameterIsNullNPE' '(Ljava/lang/String;)V' in 'kotlin/jvm/internal/Intrinsics')}
  0x00000242c7540c04: 0001 48ba | 38c5 5b1f | 4302 0000 | 8bb2 cc00 | 0000 83c6 | 0289 b2cc | 0000 0081 | e6fe ff1f 
  0x00000242c7540c24: 0085 f60f | 8408 0e00 | 0066 6690 

  0x00000242c7540c30: ;   {no_reloc}
  0x00000242c7540c30: e930 0e00 | 0000 0000 | 0000 498b | 87b8 0100 | 0048 8d78 | 3049 3bbf | c801 0000 | 0f87 1d0e 
  0x00000242c7540c50: 0000 4989 | bfb8 0100 | 0048 c700 | 0100 0000 | 488b ca49 | ba00 0000 | de42 0200 | 0049 2bca 
  0x00000242c7540c70: 8948 0848 | 33c9 8948 | 0c48 33c9 | 4889 4810 | 4889 4818 | 4889 4820 | 4889 4828 

  0x00000242c7540c8c: ;   {metadata(method data for {method} {0x000002431f415590} 'throwParameterIsNullNPE' '(Ljava/lang/String;)V' in 'kotlin/jvm/internal/Intrinsics')}
  0x00000242c7540c8c: 48ba 38c5 | 5b1f 4302 | 0000 4883 | 8210 0100 

  0x00000242c7540c9c: ;   {oop("exception"{0x000000070173c330})}
  0x00000242c7540c9c: 0001 48ba | 30c3 7301 | 0700 0000 | 4889 8424 | d800 0000 | 0f1f 8000 

  0x00000242c7540cb4: ;   {static_call}
  0x00000242c7540cb4: 0000 00e8 

  0x00000242c7540cb8: ; ImmutableOopMap {[168]=Oop [176]=Oop [208]=Oop [216]=Oop }
                      ;*invokestatic createParameterIsNullExceptionMessage {reexecute=0 rethrow=0 return_oop=0}
                      ; - kotlin.jvm.internal.Intrinsics::throwParameterIsNullNPE@5 (line 140)
                      ; - kotlin.jvm.internal.Intrinsics::checkNotNullParameter@5 (line 131)
                      ; - kotlin.ResultKt::createFailure@3
                      ; - kotlin.coroutines.jvm.internal.BaseContinuationImpl::resumeWith@76 (line 38)
  0x00000242c7540cb8: c4e3 0907 

  0x00000242c7540cbc: ;   {other}
  0x00000242c7540cbc: 0f1f 8400 | ac10 0006 | 4c8b 8424 | d800 0000 

  0x00000242c7540ccc: ;   {metadata(method data for {method} {0x000002431f415590} 'throwParameterIsNullNPE' '(Ljava/lang/String;)V' in 'kotlin/jvm/internal/Intrinsics')}
  0x00000242c7540ccc: 48ba 38c5 | 5b1f 4302 | 0000 4883 | 8220 0100 | 0001 4c8b | c048 8b94 | 24d8 0000 | 0066 0f1f 
  0x00000242c7540cec: ;   {optimized virtual_call}
  0x00000242c7540cec: 4400 00e8 

  0x00000242c7540cf0: ; ImmutableOopMap {[168]=Oop [176]=Oop [208]=Oop [216]=Oop }
                      ;*invokespecial <init> {reexecute=0 rethrow=0 return_oop=0}
                      ; - kotlin.jvm.internal.Intrinsics::throwParameterIsNullNPE@8 (line 140)
                      ; - kotlin.jvm.internal.Intrinsics::checkNotNullParameter@5 (line 131)
                      ; - kotlin.ResultKt::createFailure@3
                      ; - kotlin.coroutines.jvm.internal.BaseContinuationImpl::resumeWith@76 (line 38)
  0x00000242c7540cf0: 8cdd 0907 

  0x00000242c7540cf4: ;   {other}
  0x00000242c7540cf4: 0f1f 8400 | e410 0007 

  0x00000242c7540cfc: ;   {metadata(method data for {method} {0x000002431f415590} 'throwParameterIsNullNPE' '(Ljava/lang/String;)V' in 'kotlin/jvm/internal/Intrinsics')}
  0x00000242c7540cfc: 48ba 38c5 | 5b1f 4302 | 0000 4883 | 8230 0100 

  0x00000242c7540d0c: ;   {metadata(method data for {method} {0x000002431f4164f8} 'sanitizeStackTrace' '(Ljava/lang/Throwable;)Ljava/lang/Throwable;' in 'kotlin/jvm/internal/Intrinsics')}
  0x00000242c7540d0c: 0001 48ba | 18cc 5b1f | 4302 0000 | 8bb2 cc00 | 0000 83c6 | 0289 b2cc | 0000 0081 | e6fe ff1f 
  0x00000242c7540d2c: 0085 f60f | 8447 0d00 

  0x00000242c7540d34: ;   {oop(a 'java/lang/Class'{0x00000007017088b8} = 'kotlin/jvm/internal/Intrinsics')}
  0x00000242c7540d34: 0048 bab8 | 8870 0107 | 0000 0048 

  0x00000242c7540d40: ;   {metadata(method data for {method} {0x000002431f4164f8} 'sanitizeStackTrace' '(Ljava/lang/Throwable;)Ljava/lang/Throwable;' in 'kotlin/jvm/internal/Intrinsics')}
  0x00000242c7540d40: 8bf2 48bf | 18cc 5b1f | 4302 0000 | 4883 8710 | 0100 0001 

  0x00000242c7540d54: ;   {metadata(method data for {method} {0x00000242de46b368} 'getName' '()Ljava/lang/String;' in 'java/lang/Class')}
  0x00000242c7540d54: 48be e87c | 031f 4302 | 0000 8bbe | cc00 0000 | 83c7 0289 | becc 0000 | 0081 e7fe | ff1f 0085 
  0x00000242c7540d74: ff0f 8422 | 0d00 008b | 522c 48c1 | e203 4885 

  0x00000242c7540d84: ;   {metadata(method data for {method} {0x00000242de46b368} 'getName' '()Ljava/lang/String;' in 'java/lang/Class')}
  0x00000242c7540d84: d248 bee8 | 7c03 1f43 | 0200 0048 | c7c7 1001 | 0000 7407 | 48c7 c720 | 0100 0048 | 8b1c 3e48 
  0x00000242c7540da4: 8d5b 0148 | 891c 3e0f | 8418 0000 

  0x00000242c7540db0: ;   {metadata(method data for {method} {0x00000242de46b368} 'getName' '()Ljava/lang/String;' in 'java/lang/Class')}
  0x00000242c7540db0: 0048 bee8 | 7c03 1f43 | 0200 00ff | 8630 0100 | 0048 8bf2 | e936 0000 

  0x00000242c7540dc8: ;   {oop(a 'java/lang/Class'{0x00000007017088b8} = 'kotlin/jvm/internal/Intrinsics')}
  0x00000242c7540dc8: 0048 bab8 | 8870 0107 | 0000 0048 

  0x00000242c7540dd4: ;   {metadata(method data for {method} {0x00000242de46b368} 'getName' '()Ljava/lang/String;' in 'java/lang/Class')}
  0x00000242c7540dd4: 8bf2 48bf | e87c 031f | 4302 0000 | 4883 8748 | 0100 0001 | 0f1f 8000 

  0x00000242c7540dec: ;   {optimized virtual_call}
  0x00000242c7540dec: 0000 00e8 

  0x00000242c7540df0: ; ImmutableOopMap {[168]=Oop [176]=Oop [208]=Oop [216]=Oop }
                      ;*invokevirtual initClassName {reexecute=0 rethrow=0 return_oop=0}
                      ; - java.lang.Class::getName@14 (line 950)
                      ; - kotlin.jvm.internal.Intrinsics::sanitizeStackTrace@3 (line 253)
                      ; - kotlin.jvm.internal.Intrinsics::throwParameterIsNullNPE@11 (line 140)
                      ; - kotlin.jvm.internal.Intrinsics::checkNotNullParameter@5 (line 131)
                      ; - kotlin.ResultKt::createFailure@3
                      ; - kotlin.coroutines.jvm.internal.BaseContinuationImpl::resumeWith@76 (line 38)
  0x00000242c7540df0: 8cdc 0907 

  0x00000242c7540df4: ;   {other}
  0x00000242c7540df4: 0f1f 8400 | e411 0008 | 488b f048 | 8b84 24d8 | 0000 00e9 | 4007 0000 | 4889 b424 | a800 0000 
  0x00000242c7540e14: 4c89 8424 | e800 0000 

  0x00000242c7540e1c: ;   {metadata(method data for {method} {0x000002431f4143c8} 'checkNotNull' '(Ljava/lang/Object;)V' in 'kotlin/jvm/internal/Intrinsics')}
  0x00000242c7540e1c: 48ba e05c | 3520 4302 | 0000 4883 | 8230 0100 

  0x00000242c7540e2c: ;   {metadata(method data for {method} {0x000002431f4146b0} 'throwJavaNpe' '()V' in 'kotlin/jvm/internal/Intrinsics')}
  0x00000242c7540e2c: 0001 48ba | 605e 3520 | 4302 0000 | 8bb2 cc00 | 0000 83c6 | 0289 b2cc | 0000 0081 | e6fe ff1f 
  0x00000242c7540e4c: 0085 f60f | 846e 0c00 | 0066 6690 

  0x00000242c7540e58: ;   {no_reloc}
  0x00000242c7540e58: e996 0c00 | 0000 0000 | 0000 498b | 87b8 0100 | 0048 8d78 | 3049 3bbf | c801 0000 | 0f87 830c 
  0x00000242c7540e78: 0000 4989 | bfb8 0100 | 0048 c700 | 0100 0000 | 488b ca49 | ba00 0000 | de42 0200 | 0049 2bca 
  0x00000242c7540e98: 8948 0848 | 33c9 8948 | 0c48 33c9 | 4889 4810 | 4889 4818 | 4889 4820 | 4889 4828 

  0x00000242c7540eb4: ;   {metadata(method data for {method} {0x000002431f4146b0} 'throwJavaNpe' '()V' in 'kotlin/jvm/internal/Intrinsics')}
  0x00000242c7540eb4: 488b d048 | be60 5e35 | 2043 0200 | 0048 8386 | 1001 0000 | 0148 8bd0 | 4889 8424 | e000 0000 
  0x00000242c7540ed4: ;   {optimized virtual_call}
  0x00000242c7540ed4: 6666 90e8 

  0x00000242c7540ed8: ; ImmutableOopMap {[168]=Oop [176]=Oop [224]=Oop [232]=Oop }
                      ;*invokespecial <init> {reexecute=0 rethrow=0 return_oop=0}
                      ; - kotlin.jvm.internal.Intrinsics::throwJavaNpe@4 (line 45)
                      ; - kotlin.jvm.internal.Intrinsics::checkNotNull@4 (line 25)
                      ; - kotlin.coroutines.jvm.internal.BaseContinuationImpl::resumeWith@31 (line 31)
  0x00000242c7540ed8: a4db 0907 

  0x00000242c7540edc: ;   {other}
  0x00000242c7540edc: 0f1f 8400 | cc12 0009 

  0x00000242c7540ee4: ;   {metadata(method data for {method} {0x000002431f4146b0} 'throwJavaNpe' '()V' in 'kotlin/jvm/internal/Intrinsics')}
  0x00000242c7540ee4: 48ba 605e | 3520 4302 | 0000 4883 | 8220 0100 

  0x00000242c7540ef4: ;   {metadata(method data for {method} {0x000002431f4164f8} 'sanitizeStackTrace' '(Ljava/lang/Throwable;)Ljava/lang/Throwable;' in 'kotlin/jvm/internal/Intrinsics')}
  0x00000242c7540ef4: 0001 48ba | 18cc 5b1f | 4302 0000 | 8bb2 cc00 | 0000 83c6 | 0289 b2cc | 0000 0081 | e6fe ff1f 
  0x00000242c7540f14: 0085 f60f | 84ed 0b00 

  0x00000242c7540f1c: ;   {oop(a 'java/lang/Class'{0x00000007017088b8} = 'kotlin/jvm/internal/Intrinsics')}
  0x00000242c7540f1c: 0048 bab8 | 8870 0107 | 0000 0048 

  0x00000242c7540f28: ;   {metadata(method data for {method} {0x000002431f4164f8} 'sanitizeStackTrace' '(Ljava/lang/Throwable;)Ljava/lang/Throwable;' in 'kotlin/jvm/internal/Intrinsics')}
  0x00000242c7540f28: 8bf2 48bf | 18cc 5b1f | 4302 0000 | 4883 8710 | 0100 0001 

  0x00000242c7540f3c: ;   {metadata(method data for {method} {0x00000242de46b368} 'getName' '()Ljava/lang/String;' in 'java/lang/Class')}
  0x00000242c7540f3c: 48be e87c | 031f 4302 | 0000 8bbe | cc00 0000 | 83c7 0289 | becc 0000 | 0081 e7fe | ff1f 0085 
  0x00000242c7540f5c: ff0f 84c8 | 0b00 008b | 522c 48c1 | e203 4885 

  0x00000242c7540f6c: ;   {metadata(method data for {method} {0x00000242de46b368} 'getName' '()Ljava/lang/String;' in 'java/lang/Class')}
  0x00000242c7540f6c: d248 bee8 | 7c03 1f43 | 0200 0048 | c7c7 1001 | 0000 7407 | 48c7 c720 | 0100 0048 | 8b1c 3e48 
  0x00000242c7540f8c: 8d5b 0148 | 891c 3e0f | 8418 0000 

  0x00000242c7540f98: ;   {metadata(method data for {method} {0x00000242de46b368} 'getName' '()Ljava/lang/String;' in 'java/lang/Class')}
  0x00000242c7540f98: 0048 bee8 | 7c03 1f43 | 0200 00ff | 8630 0100 | 0048 8bf2 | e936 0000 

  0x00000242c7540fb0: ;   {oop(a 'java/lang/Class'{0x00000007017088b8} = 'kotlin/jvm/internal/Intrinsics')}
  0x00000242c7540fb0: 0048 bab8 | 8870 0107 | 0000 0048 

  0x00000242c7540fbc: ;   {metadata(method data for {method} {0x00000242de46b368} 'getName' '()Ljava/lang/String;' in 'java/lang/Class')}
  0x00000242c7540fbc: 8bf2 48bf | e87c 031f | 4302 0000 | 4883 8748 | 0100 0001 | 0f1f 8000 

  0x00000242c7540fd4: ;   {optimized virtual_call}
  0x00000242c7540fd4: 0000 00e8 

  0x00000242c7540fd8: ; ImmutableOopMap {[168]=Oop [176]=Oop [224]=Oop [232]=Oop }
                      ;*invokevirtual initClassName {reexecute=0 rethrow=0 return_oop=0}
                      ; - java.lang.Class::getName@14 (line 950)
                      ; - kotlin.jvm.internal.Intrinsics::sanitizeStackTrace@3 (line 253)
                      ; - kotlin.jvm.internal.Intrinsics::throwJavaNpe@7 (line 45)
                      ; - kotlin.jvm.internal.Intrinsics::checkNotNull@4 (line 25)
                      ; - kotlin.coroutines.jvm.internal.BaseContinuationImpl::resumeWith@31 (line 31)
  0x00000242c7540fd8: a4da 0907 

  0x00000242c7540fdc: ;   {other}
  0x00000242c7540fdc: 0f1f 8400 | cc13 000a | 488b f048 | 8b84 24e0 | 0000 00e9 | 3804 0000 | 4c89 8424 | e800 0000 
  0x00000242c7540ffc: 4889 9424 | f800 0000 

  0x00000242c7541004: ;   {metadata(method data for {method} {0x000002431f415410} 'checkNotNullParameter' '(Ljava/lang/Object;Ljava/lang/String;)V' in 'kotlin/jvm/internal/Intrinsics')}
  0x00000242c7541004: 48be b0c3 | 5b1f 4302 | 0000 4883 | 8630 0100 

  0x00000242c7541014: ;   {metadata(method data for {method} {0x000002431f415590} 'throwParameterIsNullNPE' '(Ljava/lang/String;)V' in 'kotlin/jvm/internal/Intrinsics')}
  0x00000242c7541014: 0001 48be | 38c5 5b1f | 4302 0000 | 8bbe cc00 | 0000 83c7 | 0289 becc | 0000 0081 | e7fe ff1f 
  0x00000242c7541034: 0085 ff0f | 8414 0b00 | 0066 6690 

  0x00000242c7541040: ;   {no_reloc}
  0x00000242c7541040: e93c 0b00 | 0000 0000 | 0000 498b | 87b8 0100 | 0048 8d78 | 3049 3bbf | c801 0000 | 0f87 290b 
  0x00000242c7541060: 0000 4989 | bfb8 0100 | 0048 c700 | 0100 0000 | 488b ca49 | ba00 0000 | de42 0200 | 0049 2bca 
  0x00000242c7541080: 8948 0848 | 33c9 8948 | 0c48 33c9 | 4889 4810 | 4889 4818 | 4889 4820 | 4889 4828 

  0x00000242c754109c: ;   {metadata(method data for {method} {0x000002431f415590} 'throwParameterIsNullNPE' '(Ljava/lang/String;)V' in 'kotlin/jvm/internal/Intrinsics')}
  0x00000242c754109c: 48ba 38c5 | 5b1f 4302 | 0000 4883 | 8210 0100 

  0x00000242c75410ac: ;   {oop("frame"{0x00000007ffc443d0})}
  0x00000242c75410ac: 0001 48ba | d043 c4ff | 0700 0000 | 4889 8424 | f000 0000 | 0f1f 8000 

  0x00000242c75410c4: ;   {static_call}
  0x00000242c75410c4: 0000 00e8 

  0x00000242c75410c8: ; ImmutableOopMap {[232]=Oop [240]=Oop [248]=Oop }
                      ;*invokestatic createParameterIsNullExceptionMessage {reexecute=0 rethrow=0 return_oop=0}
                      ; - kotlin.jvm.internal.Intrinsics::throwParameterIsNullNPE@5 (line 140)
                      ; - kotlin.jvm.internal.Intrinsics::checkNotNullParameter@5 (line 131)
                      ; - kotlin.coroutines.jvm.internal.DebugProbesKt::probeCoroutineResumed@3
                      ; - kotlin.coroutines.jvm.internal.BaseContinuationImpl::resumeWith@13 (line 29)
  0x00000242c75410c8: b4df 0907 

  0x00000242c75410cc: ;   {other}
  0x00000242c75410cc: 0f1f 8400 | bc14 000b | 4c8b 8424 | f000 0000 

  0x00000242c75410dc: ;   {metadata(method data for {method} {0x000002431f415590} 'throwParameterIsNullNPE' '(Ljava/lang/String;)V' in 'kotlin/jvm/internal/Intrinsics')}
  0x00000242c75410dc: 48ba 38c5 | 5b1f 4302 | 0000 4883 | 8220 0100 | 0001 4c8b | c048 8b94 | 24f0 0000 | 0066 0f1f 
  0x00000242c75410fc: ;   {optimized virtual_call}
  0x00000242c75410fc: 4400 00e8 

  0x00000242c7541100: ; ImmutableOopMap {[232]=Oop [240]=Oop [248]=Oop }
                      ;*invokespecial <init> {reexecute=0 rethrow=0 return_oop=0}
                      ; - kotlin.jvm.internal.Intrinsics::throwParameterIsNullNPE@8 (line 140)
                      ; - kotlin.jvm.internal.Intrinsics::checkNotNullParameter@5 (line 131)
                      ; - kotlin.coroutines.jvm.internal.DebugProbesKt::probeCoroutineResumed@3
                      ; - kotlin.coroutines.jvm.internal.BaseContinuationImpl::resumeWith@13 (line 29)
  0x00000242c7541100: 7cd9 0907 

  0x00000242c7541104: ;   {other}
  0x00000242c7541104: 0f1f 8400 | f414 000c 

  0x00000242c754110c: ;   {metadata(method data for {method} {0x000002431f415590} 'throwParameterIsNullNPE' '(Ljava/lang/String;)V' in 'kotlin/jvm/internal/Intrinsics')}
  0x00000242c754110c: 48ba 38c5 | 5b1f 4302 | 0000 4883 | 8230 0100 

  0x00000242c754111c: ;   {metadata(method data for {method} {0x000002431f4164f8} 'sanitizeStackTrace' '(Ljava/lang/Throwable;)Ljava/lang/Throwable;' in 'kotlin/jvm/internal/Intrinsics')}
  0x00000242c754111c: 0001 48ba | 18cc 5b1f | 4302 0000 | 8bb2 cc00 | 0000 83c6 | 0289 b2cc | 0000 0081 | e6fe ff1f 
  0x00000242c754113c: 0085 f60f | 8453 0a00 

  0x00000242c7541144: ;   {oop(a 'java/lang/Class'{0x00000007017088b8} = 'kotlin/jvm/internal/Intrinsics')}
  0x00000242c7541144: 0048 bab8 | 8870 0107 | 0000 0048 

  0x00000242c7541150: ;   {metadata(method data for {method} {0x000002431f4164f8} 'sanitizeStackTrace' '(Ljava/lang/Throwable;)Ljava/lang/Throwable;' in 'kotlin/jvm/internal/Intrinsics')}
  0x00000242c7541150: 8bf2 48bf | 18cc 5b1f | 4302 0000 | 4883 8710 | 0100 0001 

  0x00000242c7541164: ;   {metadata(method data for {method} {0x00000242de46b368} 'getName' '()Ljava/lang/String;' in 'java/lang/Class')}
  0x00000242c7541164: 48be e87c | 031f 4302 | 0000 8bbe | cc00 0000 | 83c7 0289 | becc 0000 | 0081 e7fe | ff1f 0085 
  0x00000242c7541184: ff0f 842e | 0a00 008b | 522c 48c1 | e203 4885 

  0x00000242c7541194: ;   {metadata(method data for {method} {0x00000242de46b368} 'getName' '()Ljava/lang/String;' in 'java/lang/Class')}
  0x00000242c7541194: d248 bee8 | 7c03 1f43 | 0200 0048 | c7c7 1001 | 0000 7407 | 48c7 c720 | 0100 0048 | 8b1c 3e48 
  0x00000242c75411b4: 8d5b 0148 | 891c 3e0f | 8418 0000 

  0x00000242c75411c0: ;   {metadata(method data for {method} {0x00000242de46b368} 'getName' '()Ljava/lang/String;' in 'java/lang/Class')}
  0x00000242c75411c0: 0048 bee8 | 7c03 1f43 | 0200 00ff | 8630 0100 | 0048 8bf2 | e936 0000 

  0x00000242c75411d8: ;   {oop(a 'java/lang/Class'{0x00000007017088b8} = 'kotlin/jvm/internal/Intrinsics')}
  0x00000242c75411d8: 0048 bab8 | 8870 0107 | 0000 0048 

  0x00000242c75411e4: ;   {metadata(method data for {method} {0x00000242de46b368} 'getName' '()Ljava/lang/String;' in 'java/lang/Class')}
  0x00000242c75411e4: 8bf2 48bf | e87c 031f | 4302 0000 | 4883 8748 | 0100 0001 | 0f1f 8000 

  0x00000242c75411fc: ;   {optimized virtual_call}
  0x00000242c75411fc: 0000 00e8 

  0x00000242c7541200: ; ImmutableOopMap {[232]=Oop [240]=Oop [248]=Oop }
                      ;*invokevirtual initClassName {reexecute=0 rethrow=0 return_oop=0}
                      ; - java.lang.Class::getName@14 (line 950)
                      ; - kotlin.jvm.internal.Intrinsics::sanitizeStackTrace@3 (line 253)
                      ; - kotlin.jvm.internal.Intrinsics::throwParameterIsNullNPE@11 (line 140)
                      ; - kotlin.jvm.internal.Intrinsics::checkNotNullParameter@5 (line 131)
                      ; - kotlin.coroutines.jvm.internal.DebugProbesKt::probeCoroutineResumed@3
                      ; - kotlin.coroutines.jvm.internal.BaseContinuationImpl::resumeWith@13 (line 29)
  0x00000242c7541200: 7cd8 0907 

  0x00000242c7541204: ;   {other}
  0x00000242c7541204: 0f1f 8400 | f415 000d | 488b f048 | 8b84 24f0 | 0000 00e9 | ec00 0000 | 488b 8424 | b800 0000 
  0x00000242c7541224: ; implicit exception: dispatches to 0x00000242c7541bdf
  0x00000242c7541224: 483b 074c 

  0x00000242c7541228: ;   {metadata(method data for {method} {0x000002431f4d4c80} 'resumeWith' '(Ljava/lang/Object;)V' in 'kotlin/coroutines/jvm/internal/BaseContinuationImpl')}
  0x00000242c7541228: 8bc7 48ba | 1883 dc20 | 4302 0000 | 458b 4008 | 49ba 0000 | 00de 4202 | 0000 4d03 | c24c 3b82 
  0x00000242c7541248: 0803 0000 | 750d 4883 | 8210 0300 | 0001 e960 | 0000 004c | 3b82 1803 | 0000 750d | 4883 8220 
  0x00000242c7541268: 0300 0001 | e94a 0000 | 0048 83ba | 0803 0000 | 0075 174c | 8982 0803 | 0000 48c7 | 8210 0300 
  0x00000242c7541288: 0001 0000 | 00e9 2900 | 0000 4883 | ba18 0300 | 0000 7517 | 4c89 8218 | 0300 0048 | c782 2003 
  0x00000242c75412a8: 0000 0100 | 0000 e908 | 0000 0048 | 8382 f802 | 0000 014c | 8bc0 488b | d70f 1f40 | 0048 b850 
  0x00000242c75412c8: e19e 2e43 

  0x00000242c75412cc: ;   {virtual_call}
  0x00000242c75412cc: 0200 00e8 

  0x00000242c75412d0: ; ImmutableOopMap {}
                      ;*invokeinterface resumeWith {reexecute=0 rethrow=0 return_oop=0}
                      ; - kotlin.coroutines.jvm.internal.BaseContinuationImpl::resumeWith@114 (line 47)
  0x00000242c75412d0: cc60 1607 

  0x00000242c75412d4: ;   {other}
  0x00000242c75412d4: 0f1f 8400 | c416 000e | 4881 c410 | 0100 005d 

  0x00000242c75412e4: ;   {poll_return}
  0x00000242c75412e4: 493b a748 | 0400 000f | 87f3 0800 | 00c3 4881 | c410 0100 

  0x00000242c75412f8: ;   {poll_return}
  0x00000242c75412f8: 005d 493b | a748 0400 | 000f 87f3 | 0800 00c3 

  0x00000242c7541308: ;   {metadata(method data for {method} {0x000002431f4164f8} 'sanitizeStackTrace' '(Ljava/lang/Throwable;)Ljava/lang/Throwable;' in 'kotlin/jvm/internal/Intrinsics')}
  0x00000242c7541308: 48ba 18cc | 5b1f 4302 | 0000 4883 | 8248 0100 | 0001 488b | d04c 8bc6 | 0f1f 8000 

  0x00000242c7541324: ;   {static_call}
  0x00000242c7541324: 0000 00e8 

  0x00000242c7541328: ; ImmutableOopMap {[232]=Oop [248]=Oop }
                      ;*invokestatic sanitizeStackTrace {reexecute=0 rethrow=0 return_oop=0}
                      ; - kotlin.jvm.internal.Intrinsics::sanitizeStackTrace@6 (line 253)
                      ; - kotlin.jvm.internal.Intrinsics::throwParameterIsNullNPE@11 (line 140)
                      ; - kotlin.jvm.internal.Intrinsics::checkNotNullParameter@5 (line 131)
                      ; - kotlin.coroutines.jvm.internal.DebugProbesKt::probeCoroutineResumed@3
                      ; - kotlin.coroutines.jvm.internal.BaseContinuationImpl::resumeWith@13 (line 29)
  0x00000242c7541328: 54dd 0907 

  0x00000242c754132c: ;   {other}
  0x00000242c754132c: 0f1f 8400 | 1c17 000f | 488b 9424 | f800 0000 | 4885 c075 

  0x00000242c7541340: ;   {metadata(method data for {method} {0x000002431f415590} 'throwParameterIsNullNPE' '(Ljava/lang/String;)V' in 'kotlin/jvm/internal/Intrinsics')}
  0x00000242c7541340: 1648 be38 | c55b 1f43 | 0200 0080 | 8e39 0100 | 0001 e9cd 

  0x00000242c7541354: ;   {metadata('java/lang/NullPointerException')}
  0x00000242c7541354: 0000 0048 | bf88 cd06 | de42 0200 | 008b 7008 | 49ba 0000 | 00de 4202 | 0000 4903 | f248 3b7e 
  0x00000242c7541374: 500f 858d 

  0x00000242c7541378: ;   {metadata(method data for {method} {0x000002431f415590} 'throwParameterIsNullNPE' '(Ljava/lang/String;)V' in 'kotlin/jvm/internal/Intrinsics')}
  0x00000242c7541378: 0000 0048 | be38 c55b | 1f43 0200 | 008b 7808 | 49ba 0000 | 00de 4202 | 0000 4903 | fa48 3bbe 
  0x00000242c7541398: 5001 0000 | 750d 4883 | 8658 0100 | 0001 e979 | 0000 0048 | 3bbe 6001 | 0000 750d | 4883 8668 
  0x00000242c75413b8: 0100 0001 | e963 0000 | 0048 83be | 5001 0000 | 0075 1748 | 89be 5001 | 0000 48c7 | 8658 0100 
  0x00000242c75413d8: 0001 0000 | 00e9 4200 | 0000 4883 | be60 0100 | 0000 7517 | 4889 be60 | 0100 0048 | c786 6801 
  0x00000242c75413f8: 0000 0100 | 0000 e921 | 0000 00e9 | 1c00 0000 

  0x00000242c7541408: ;   {metadata(method data for {method} {0x000002431f415590} 'throwParameterIsNullNPE' '(Ljava/lang/String;)V' in 'kotlin/jvm/internal/Intrinsics')}
  0x00000242c7541408: 48be 38c5 | 5b1f 4302 | 0000 4883 | ae40 0100 | 0001 e9f1 | 0700 00e9 | 0000 0000 

  0x00000242c7541424: ; implicit exception: dispatches to 0x00000242c7541c19
  0x00000242c7541424: 483b 00e9 | 3908 0000 

  0x00000242c754142c: ;   {metadata(method data for {method} {0x000002431f4164f8} 'sanitizeStackTrace' '(Ljava/lang/Throwable;)Ljava/lang/Throwable;' in 'kotlin/jvm/internal/Intrinsics')}
  0x00000242c754142c: 48ba 18cc | 5b1f 4302 | 0000 4883 | 8248 0100 | 0001 488b | d04c 8bc6 

  0x00000242c7541444: ;   {static_call}
  0x00000242c7541444: 6666 90e8 

  0x00000242c7541448: ; ImmutableOopMap {[168]=Oop [176]=Oop [232]=Oop }
                      ;*invokestatic sanitizeStackTrace {reexecute=0 rethrow=0 return_oop=0}
                      ; - kotlin.jvm.internal.Intrinsics::sanitizeStackTrace@6 (line 253)
                      ; - kotlin.jvm.internal.Intrinsics::throwJavaNpe@7 (line 45)
                      ; - kotlin.jvm.internal.Intrinsics::checkNotNull@4 (line 25)
                      ; - kotlin.coroutines.jvm.internal.BaseContinuationImpl::resumeWith@31 (line 31)
  0x00000242c7541448: 34dc 0907 

  0x00000242c754144c: ;   {other}
  0x00000242c754144c: 0f1f 8400 | 3c18 0010 | 4c8b 8424 | e800 0000 | 4885 c075 

  0x00000242c7541460: ;   {metadata(method data for {method} {0x000002431f4146b0} 'throwJavaNpe' '()V' in 'kotlin/jvm/internal/Intrinsics')}
  0x00000242c7541460: 1648 be60 | 5e35 2043 | 0200 0080 | 8e29 0100 | 0001 e9cd 

  0x00000242c7541474: ;   {metadata('java/lang/NullPointerException')}
  0x00000242c7541474: 0000 0048 | bf88 cd06 | de42 0200 | 008b 7008 | 49ba 0000 | 00de 4202 | 0000 4903 | f248 3b7e 
  0x00000242c7541494: 500f 858d 

  0x00000242c7541498: ;   {metadata(method data for {method} {0x000002431f4146b0} 'throwJavaNpe' '()V' in 'kotlin/jvm/internal/Intrinsics')}
  0x00000242c7541498: 0000 0048 | be60 5e35 | 2043 0200 | 008b 7808 | 49ba 0000 | 00de 4202 | 0000 4903 | fa48 3bbe 
  0x00000242c75414b8: 4001 0000 | 750d 4883 | 8648 0100 | 0001 e979 | 0000 0048 | 3bbe 5001 | 0000 750d | 4883 8658 
  0x00000242c75414d8: 0100 0001 | e963 0000 | 0048 83be | 4001 0000 | 0075 1748 | 89be 4001 | 0000 48c7 | 8648 0100 
  0x00000242c75414f8: 0001 0000 | 00e9 4200 | 0000 4883 | be50 0100 | 0000 7517 | 4889 be50 | 0100 0048 | c786 5801 
  0x00000242c7541518: 0000 0100 | 0000 e921 | 0000 00e9 | 1c00 0000 

  0x00000242c7541528: ;   {metadata(method data for {method} {0x000002431f4146b0} 'throwJavaNpe' '()V' in 'kotlin/jvm/internal/Intrinsics')}
  0x00000242c7541528: 48be 605e | 3520 4302 | 0000 4883 | ae30 0100 | 0001 e9df | 0600 00e9 | 0000 0000 

  0x00000242c7541544: ; implicit exception: dispatches to 0x00000242c7541c27
  0x00000242c7541544: 483b 00e9 | 1907 0000 

  0x00000242c754154c: ;   {metadata(method data for {method} {0x000002431f4164f8} 'sanitizeStackTrace' '(Ljava/lang/Throwable;)Ljava/lang/Throwable;' in 'kotlin/jvm/internal/Intrinsics')}
  0x00000242c754154c: 48ba 18cc | 5b1f 4302 | 0000 4883 | 8248 0100 | 0001 488b | d04c 8bc6 

  0x00000242c7541564: ;   {static_call}
  0x00000242c7541564: 6666 90e8 

  0x00000242c7541568: ; ImmutableOopMap {[168]=Oop [176]=Oop [208]=Oop }
                      ;*invokestatic sanitizeStackTrace {reexecute=0 rethrow=0 return_oop=0}
                      ; - kotlin.jvm.internal.Intrinsics::sanitizeStackTrace@6 (line 253)
                      ; - kotlin.jvm.internal.Intrinsics::throwParameterIsNullNPE@11 (line 140)
                      ; - kotlin.jvm.internal.Intrinsics::checkNotNullParameter@5 (line 131)
                      ; - kotlin.ResultKt::createFailure@3
                      ; - kotlin.coroutines.jvm.internal.BaseContinuationImpl::resumeWith@76 (line 38)
  0x00000242c7541568: 14db 0907 

  0x00000242c754156c: ;   {other}
  0x00000242c754156c: 0f1f 8400 | 5c19 0011 | 4885 c075 

  0x00000242c7541578: ;   {metadata(method data for {method} {0x000002431f415590} 'throwParameterIsNullNPE' '(Ljava/lang/String;)V' in 'kotlin/jvm/internal/Intrinsics')}
  0x00000242c7541578: 1749 b838 | c55b 1f43 | 0200 0041 | 8088 3901 | 0000 01e9 | ce00 0000 

  0x00000242c7541590: ;   {metadata('java/lang/NullPointerException')}
  0x00000242c7541590: 48be 88cd | 06de 4202 | 0000 448b | 4008 49ba | 0000 00de | 4202 0000 | 4d03 c249 | 3b70 500f 
  0x00000242c75415b0: 858d 0000 

  0x00000242c75415b4: ;   {metadata(method data for {method} {0x000002431f415590} 'throwParameterIsNullNPE' '(Ljava/lang/String;)V' in 'kotlin/jvm/internal/Intrinsics')}
  0x00000242c75415b4: 0049 b838 | c55b 1f43 | 0200 008b | 7008 49ba | 0000 00de | 4202 0000 | 4903 f249 | 3bb0 5001 
  0x00000242c75415d4: 0000 750d | 4983 8058 | 0100 0001 | e979 0000 | 0049 3bb0 | 6001 0000 | 750d 4983 | 8068 0100 
  0x00000242c75415f4: 0001 e963 | 0000 0049 | 83b8 5001 | 0000 0075 | 1749 89b0 | 5001 0000 | 49c7 8058 | 0100 0001 
  0x00000242c7541614: 0000 00e9 | 4200 0000 | 4983 b860 | 0100 0000 | 7517 4989 | b060 0100 | 0049 c780 | 6801 0000 
  0x00000242c7541634: 0100 0000 | e921 0000 | 00e9 1c00 

  0x00000242c7541640: ;   {metadata(method data for {method} {0x000002431f415590} 'throwParameterIsNullNPE' '(Ljava/lang/String;)V' in 'kotlin/jvm/internal/Intrinsics')}
  0x00000242c7541640: 0000 49b8 | 38c5 5b1f | 4302 0000 | 4983 a840 | 0100 0001 | e9d3 0500 | 00e9 0000 | 0000 483b 
  0x00000242c7541660: 00e9 ff05 

  0x00000242c7541664: ;   {metadata(method data for {method} {0x000002431f4164f8} 'sanitizeStackTrace' '(Ljava/lang/Throwable;)Ljava/lang/Throwable;' in 'kotlin/jvm/internal/Intrinsics')}
  0x00000242c7541664: 0000 48ba | 18cc 5b1f | 4302 0000 | 4883 8248 | 0100 0001 | 488b d04c 

  0x00000242c754167c: ;   {static_call}
  0x00000242c754167c: 8bc6 90e8 

  0x00000242c7541680: ; ImmutableOopMap {[168]=Oop [176]=Oop [200]=Oop [208]=Oop }
                      ;*invokestatic sanitizeStackTrace {reexecute=0 rethrow=0 return_oop=0}
                      ; - kotlin.jvm.internal.Intrinsics::sanitizeStackTrace@6 (line 253)
                      ; - kotlin.jvm.internal.Intrinsics::throwParameterIsNullNPE@11 (line 140)
                      ; - kotlin.jvm.internal.Intrinsics::checkNotNullParameter@5 (line 131)
                      ; - kotlin.Result$Failure::<init>@3
                      ; - kotlin.ResultKt::createFailure@11 (line 122)
                      ; - kotlin.coroutines.jvm.internal.BaseContinuationImpl::resumeWith@76 (line 38)
  0x00000242c7541680: fcd9 0907 

  0x00000242c7541684: ;   {other}
  0x00000242c7541684: 0f1f 8400 | 741a 0012 | 488b 9c24 | c800 0000 | 488b b424 | d000 0000 | 488b bc24 | b000 0000 
  0x00000242c75416a4: 488b 9424 | a800 0000 | 4885 c075 

  0x00000242c75416b0: ;   {metadata(method data for {method} {0x000002431f415590} 'throwParameterIsNullNPE' '(Ljava/lang/String;)V' in 'kotlin/jvm/internal/Intrinsics')}
  0x00000242c75416b0: 1749 b838 | c55b 1f43 | 0200 0041 | 8088 3901 | 0000 01e9 | cf00 0000 

  0x00000242c75416c8: ;   {metadata('java/lang/NullPointerException')}
  0x00000242c75416c8: 49b9 88cd | 06de 4202 | 0000 448b | 4008 49ba | 0000 00de | 4202 0000 | 4d03 c24d | 3b48 500f 
  0x00000242c75416e8: 858e 0000 

  0x00000242c75416ec: ;   {metadata(method data for {method} {0x000002431f415590} 'throwParameterIsNullNPE' '(Ljava/lang/String;)V' in 'kotlin/jvm/internal/Intrinsics')}
  0x00000242c75416ec: 0049 b838 | c55b 1f43 | 0200 0044 | 8b48 0849 | ba00 0000 | de42 0200 | 004d 03ca | 4d3b 8850 
  0x00000242c754170c: 0100 0075 | 0d49 8380 | 5801 0000 | 01e9 7900 | 0000 4d3b | 8860 0100 | 0075 0d49 | 8380 6801 
  0x00000242c754172c: 0000 01e9 | 6300 0000 | 4983 b850 | 0100 0000 | 7517 4d89 | 8850 0100 | 0049 c780 | 5801 0000 
  0x00000242c754174c: 0100 0000 | e942 0000 | 0049 83b8 | 6001 0000 | 0075 174d | 8988 6001 | 0000 49c7 | 8068 0100 
  0x00000242c754176c: 0001 0000 | 00e9 2100 | 0000 e91c 

  0x00000242c7541778: ;   {metadata(method data for {method} {0x000002431f415590} 'throwParameterIsNullNPE' '(Ljava/lang/String;)V' in 'kotlin/jvm/internal/Intrinsics')}
  0x00000242c7541778: 0000 0049 | b838 c55b | 1f43 0200 | 0049 83a8 | 4001 0000 | 01e9 a804 | 0000 e900 | 0000 0048 
  0x00000242c7541798: 3b00 e9c6 

  0x00000242c754179c: ;   {metadata({method} {0x000002431f4d4c80} 'resumeWith' '(Ljava/lang/Object;)V' in 'kotlin/coroutines/jvm/internal/BaseContinuationImpl')}
  0x00000242c754179c: 0400 0049 | ba78 4c4d | 1f43 0200 | 004c 8954 | 2408 48c7 | 0424 ffff 

  0x00000242c75417b4: ;   {runtime_call counter_overflow Runtime1 stub}
  0x00000242c75417b4: ffff e8c5 

  0x00000242c75417b8: ; ImmutableOopMap {rdx=Oop r8=Oop }
                      ;*synchronization entry
                      ; - kotlin.coroutines.jvm.internal.BaseContinuationImpl::resumeWith@-1 (line 24)
  0x00000242c75417b8: 0216 07e9 | e6e8 ffff | 4889 1424 

  0x00000242c75417c4: ;   {runtime_call throw_class_cast_exception Runtime1 stub}
  0x00000242c75417c4: e837 cd15 

  0x00000242c75417c8: ; ImmutableOopMap {r8=Oop rdx=Oop }
                      ;*checkcast {reexecute=0 rethrow=0 return_oop=0}
                      ; - kotlin.coroutines.jvm.internal.BaseContinuationImpl::resumeWith@10 (line 29)
                      ;   {metadata({method} {0x000002431f4fcad0} 'probeCoroutineResumed' '(Lkotlin/coroutines/Continuation;)V' in 'kotlin/coroutines/jvm/internal/DebugProbesKt')}
  0x00000242c75417c8: 0749 bac8 | ca4f 1f43 | 0200 004c | 8954 2408 | 48c7 0424 | ffff ffff 

  0x00000242c75417e0: ;   {runtime_call counter_overflow Runtime1 stub}
  0x00000242c75417e0: e89b 0216 

  0x00000242c75417e4: ; ImmutableOopMap {r8=Oop rdx=Oop rsi=Oop }
                      ;*synchronization entry
                      ; - kotlin.coroutines.jvm.internal.DebugProbesKt::probeCoroutineResumed@-1
                      ; - kotlin.coroutines.jvm.internal.BaseContinuationImpl::resumeWith@13 (line 29)
  0x00000242c75417e4: 07e9 fce9 

  0x00000242c75417e8: ;   {metadata({method} {0x000002431f415410} 'checkNotNullParameter' '(Ljava/lang/Object;Ljava/lang/String;)V' in 'kotlin/jvm/internal/Intrinsics')}
  0x00000242c75417e8: ffff 49ba | 0854 411f | 4302 0000 | 4c89 5424 | 0848 c704 | 24ff ffff 

  0x00000242c7541800: ;   {runtime_call counter_overflow Runtime1 stub}
  0x00000242c7541800: ffe8 7a02 

  0x00000242c7541804: ; ImmutableOopMap {r8=Oop rdx=Oop rsi=Oop }
                      ;*synchronization entry
                      ; - kotlin.jvm.internal.Intrinsics::checkNotNullParameter@-1 (line 130)
                      ; - kotlin.coroutines.jvm.internal.DebugProbesKt::probeCoroutineResumed@3
                      ; - kotlin.coroutines.jvm.internal.BaseContinuationImpl::resumeWith@13 (line 29)
  0x00000242c7541804: 1607 e914 | eaff ff48 

  0x00000242c754180c: ;   {runtime_call throw_class_cast_exception Runtime1 stub}
  0x00000242c754180c: 8914 24e8 

  0x00000242c7541810: ; ImmutableOopMap {r8=Oop }
                      ;*checkcast {reexecute=0 rethrow=0 return_oop=0}
                      ; - kotlin.coroutines.jvm.internal.BaseContinuationImpl::resumeWith@17 (line 30)
  0x00000242c7541810: eccc 1507 

  0x00000242c7541814: ;   {runtime_call throw_null_pointer_exception Runtime1 stub}
  0x00000242c7541814: e8e7 9415 

  0x00000242c7541818: ; ImmutableOopMap {r8=Oop rsi=Oop }
                      ;*getfield completion {reexecute=1 rethrow=0 return_oop=0}
                      ; - (reexecute) kotlin.coroutines.jvm.internal.BaseContinuationImpl::resumeWith@27 (line 31)
                      ;   {metadata({method} {0x000002431f4143c8} 'checkNotNull' '(Ljava/lang/Object;)V' in 'kotlin/jvm/internal/Intrinsics')}
  0x00000242c7541818: 0749 bac0 | 4341 1f43 | 0200 004c | 8954 2408 | 48c7 0424 | ffff ffff 

  0x00000242c7541830: ;   {runtime_call counter_overflow Runtime1 stub}
  0x00000242c7541830: e84b 0216 

  0x00000242c7541834: ; ImmutableOopMap {r8=Oop rsi=Oop rdi=Oop [176]=Oop }
                      ;*synchronization entry
                      ; - kotlin.jvm.internal.Intrinsics::checkNotNull@-1 (line 24)
                      ; - kotlin.coroutines.jvm.internal.BaseContinuationImpl::resumeWith@31 (line 31)
  0x00000242c7541834: 07e9 47eb 

  0x00000242c7541838: ;   {metadata({method} {0x000002431f4fab88} 'getCOROUTINE_SUSPENDED' '()Ljava/lang/Object;' in 'kotlin/coroutines/intrinsics/IntrinsicsKt__IntrinsicsKt')}
  0x00000242c7541838: ffff 49ba | 80ab 4f1f | 4302 0000 | 4c89 5424 | 0848 c704 | 24ff ffff 

  0x00000242c7541850: ;   {runtime_call counter_overflow Runtime1 stub}
  0x00000242c7541850: ffe8 2a02 

  0x00000242c7541854: ; ImmutableOopMap {rax=Oop [168]=Oop [176]=Oop }
                      ;*synchronization entry
                      ; - kotlin.coroutines.intrinsics.IntrinsicsKt__IntrinsicsKt::getCOROUTINE_SUSPENDED@-1 (line 57)
                      ; - kotlin.coroutines.jvm.internal.BaseContinuationImpl::resumeWith@47 (line 35)
  0x00000242c7541854: 1607 e94a 

  0x00000242c7541858: ;   {metadata({method} {0x000002431f50cf08} 'constructor-impl' '(Ljava/lang/Object;)Ljava/lang/Object;' in 'kotlin/Result')}
  0x00000242c7541858: ecff ff49 | ba00 cf50 | 1f43 0200 | 004c 8954 | 2408 48c7 | 0424 ffff 

  0x00000242c7541870: ;   {runtime_call counter_overflow Runtime1 stub}
  0x00000242c7541870: ffff e809 

  0x00000242c7541874: ; ImmutableOopMap {rax=Oop [168]=Oop [176]=Oop }
                      ;*synchronization entry
                      ; - kotlin.Result::constructor-impl@-1
                      ; - kotlin.coroutines.jvm.internal.BaseContinuationImpl::resumeWith@60 (line 36)
  0x00000242c7541874: 0216 07e9 | 9bec ffff 

  0x00000242c754187c: ;   {metadata({method} {0x000002431f5209e8} 'createFailure' '(Ljava/lang/Throwable;)Ljava/lang/Object;' in 'kotlin/ResultKt')}
  0x00000242c754187c: 49ba e009 | 521f 4302 | 0000 4c89 | 5424 0848 | c704 24ff 

  0x00000242c7541890: ;   {runtime_call counter_overflow Runtime1 stub}
  0x00000242c7541890: ffff ffe8 

  0x00000242c7541894: ; ImmutableOopMap {rax=Oop [168]=Oop [176]=Oop }
                      ;*synchronization entry
                      ; - kotlin.ResultKt::createFailure@-1
                      ; - kotlin.coroutines.jvm.internal.BaseContinuationImpl::resumeWith@76 (line 38)
  0x00000242c7541894: e801 1607 | e9e3 ecff 

  0x00000242c754189c: ;   {metadata({method} {0x000002431f415410} 'checkNotNullParameter' '(Ljava/lang/Object;Ljava/lang/String;)V' in 'kotlin/jvm/internal/Intrinsics')}
  0x00000242c754189c: ff49 ba08 | 5441 1f43 | 0200 004c | 8954 2408 | 48c7 0424 | ffff ffff 

  0x00000242c75418b4: ;   {runtime_call counter_overflow Runtime1 stub}
  0x00000242c75418b4: e8c7 0116 

  0x00000242c75418b8: ; ImmutableOopMap {rax=Oop [168]=Oop [176]=Oop }
                      ;*synchronization entry
                      ; - kotlin.jvm.internal.Intrinsics::checkNotNullParameter@-1 (line 130)
                      ; - kotlin.ResultKt::createFailure@3
                      ; - kotlin.coroutines.jvm.internal.BaseContinuationImpl::resumeWith@76 (line 38)
  0x00000242c75418b8: 07e9 fbec | ffff 488b 

  0x00000242c75418c0: ;   {runtime_call fast_new_instance Runtime1 stub}
  0x00000242c75418c0: d2e8 3aa9 

  0x00000242c75418c4: ; ImmutableOopMap {rbx=Oop [168]=Oop [176]=Oop }
                      ;*new {reexecute=0 rethrow=0 return_oop=0}
                      ; - kotlin.ResultKt::createFailure@6 (line 122)
                      ; - kotlin.coroutines.jvm.internal.BaseContinuationImpl::resumeWith@76 (line 38)
  0x00000242c75418c4: 1507 e96c 

  0x00000242c75418c8: ;   {metadata({method} {0x000002431f50ee40} '<init>' '(Ljava/lang/Throwable;)V' in 'kotlin/Result$Failure')}
  0x00000242c75418c8: edff ff49 | ba38 ee50 | 1f43 0200 | 004c 8954 | 2408 48c7 | 0424 ffff 

  0x00000242c75418e0: ;   {runtime_call counter_overflow Runtime1 stub}
  0x00000242c75418e0: ffff e899 

  0x00000242c75418e4: ; ImmutableOopMap {rbx=Oop rax=Oop [168]=Oop [176]=Oop }
                      ;*synchronization entry
                      ; - kotlin.Result$Failure::<init>@-1
                      ; - kotlin.ResultKt::createFailure@11 (line 122)
                      ; - kotlin.coroutines.jvm.internal.BaseContinuationImpl::resumeWith@76 (line 38)
  0x00000242c75418e4: 0116 07e9 | 87ed ffff 

  0x00000242c75418ec: ;   {metadata({method} {0x000002431f415410} 'checkNotNullParameter' '(Ljava/lang/Object;Ljava/lang/String;)V' in 'kotlin/jvm/internal/Intrinsics')}
  0x00000242c75418ec: 49ba 0854 | 411f 4302 | 0000 4c89 | 5424 0848 | c704 24ff 

  0x00000242c7541900: ;   {runtime_call counter_overflow Runtime1 stub}
  0x00000242c7541900: ffff ffe8 

  0x00000242c7541904: ; ImmutableOopMap {rbx=Oop rax=Oop [168]=Oop [176]=Oop }
                      ;*synchronization entry
                      ; - kotlin.jvm.internal.Intrinsics::checkNotNullParameter@-1 (line 130)
                      ; - kotlin.Result$Failure::<init>@3
                      ; - kotlin.ResultKt::createFailure@11 (line 122)
                      ; - kotlin.coroutines.jvm.internal.BaseContinuationImpl::resumeWith@76 (line 38)
  0x00000242c7541904: 7801 1607 | e99f edff 

  0x00000242c754190c: ;   {metadata({method} {0x00000242de476650} '<init>' '()V' in 'java/lang/Object')}
  0x00000242c754190c: ff49 ba48 | 6647 de42 | 0200 004c | 8954 2408 | 48c7 0424 | ffff ffff 

  0x00000242c7541924: ;   {runtime_call counter_overflow Runtime1 stub}
  0x00000242c7541924: e857 0116 

  0x00000242c7541928: ; ImmutableOopMap {rbx=Oop rax=Oop [168]=Oop [176]=Oop }
                      ;*synchronization entry
                      ; - java.lang.Object::<init>@-1 (line 45)
                      ; - kotlin.Result$Failure::<init>@7 (line 105)
                      ; - kotlin.ResultKt::createFailure@11 (line 122)
                      ; - kotlin.coroutines.jvm.internal.BaseContinuationImpl::resumeWith@76 (line 38)
  0x00000242c7541928: 07e9 e9ed | ffff 8b50 | 0c48 c1e2 | 0348 83fa | 000f 84e5 | edff ff48 

  0x00000242c7541940: ;   {runtime_call g1_pre_barrier_slow}
  0x00000242c7541940: 8914 24e8 | b80b 1607 | e9d7 edff | ff48 83fb | 000f 84ec | edff ff48 

  0x00000242c7541958: ;   {runtime_call g1_post_barrier_slow}
  0x00000242c7541958: 8904 24e8 | a00e 1607 | e9de edff 

  0x00000242c7541964: ;   {metadata({method} {0x000002431f50cf08} 'constructor-impl' '(Ljava/lang/Object;)Ljava/lang/Object;' in 'kotlin/Result')}
  0x00000242c7541964: ff49 ba00 | cf50 1f43 | 0200 004c | 8954 2408 | 48c7 0424 | ffff ffff 

  0x00000242c754197c: ;   {runtime_call counter_overflow Runtime1 stub}
  0x00000242c754197c: e8ff 0016 

  0x00000242c7541980: ; ImmutableOopMap {rax=Oop [168]=Oop [176]=Oop }
                      ;*synchronization entry
                      ; - kotlin.Result::constructor-impl@-1
                      ; - kotlin.coroutines.jvm.internal.BaseContinuationImpl::resumeWith@79 (line 38)
  0x00000242c7541980: 07e9 f6ed 

  0x00000242c7541984: ;   {metadata({method} {0x000002431f4d4c80} 'resumeWith' '(Ljava/lang/Object;)V' in 'kotlin/coroutines/jvm/internal/BaseContinuationImpl')}
  0x00000242c7541984: ffff 49ba | 784c 4d1f | 4302 0000 | 4c89 5424 | 0848 c704 | 2479 0000 

  0x00000242c754199c: ;   {runtime_call counter_overflow Runtime1 stub}
  0x00000242c754199c: 00e8 de00 

  0x00000242c75419a0: ; ImmutableOopMap {rdi=Oop [176]=Oop [184]=Oop }
                      ;*goto {reexecute=1 rethrow=0 return_oop=0}
                      ; - (reexecute) kotlin.coroutines.jvm.internal.BaseContinuationImpl::resumeWith@121 (line 30)
  0x00000242c75419a0: 1607 e9f6 

  0x00000242c75419a4: ;   {metadata({method} {0x000002431f415590} 'throwParameterIsNullNPE' '(Ljava/lang/String;)V' in 'kotlin/jvm/internal/Intrinsics')}
  0x00000242c75419a4: efff ff49 | ba88 5541 | 1f43 0200 | 004c 8954 | 2408 48c7 | 0424 ffff 

  0x00000242c75419bc: ;   {runtime_call counter_overflow Runtime1 stub}
  0x00000242c75419bc: ffff e8bd 

  0x00000242c75419c0: ; ImmutableOopMap {[168]=Oop [176]=Oop [200]=Oop [208]=Oop }
                      ;*synchronization entry
                      ; - kotlin.jvm.internal.Intrinsics::throwParameterIsNullNPE@-1 (line 140)
                      ; - kotlin.jvm.internal.Intrinsics::checkNotNullParameter@5 (line 131)
                      ; - kotlin.Result$Failure::<init>@3
                      ; - kotlin.ResultKt::createFailure@11 (line 122)
                      ; - kotlin.coroutines.jvm.internal.BaseContinuationImpl::resumeWith@76 (line 38)
  0x00000242c75419c0: 0016 07e9 | 48f0 ffff 

  0x00000242c75419c8: ;   {metadata(nullptr)}
  0x00000242c75419c8: 48ba 0000 | 0000 0000 | 0000 b800 

  0x00000242c75419d4: ;   {runtime_call load_klass_patching Runtime1 stub}
  0x00000242c75419d4: 0f05 0ae8 

  0x00000242c75419d8: ; ImmutableOopMap {[168]=Oop [176]=Oop [200]=Oop [208]=Oop }
                      ;*new {reexecute=1 rethrow=0 return_oop=0}
                      ; - (reexecute) kotlin.jvm.internal.Intrinsics::throwParameterIsNullNPE@0 (line 140)
                      ; - kotlin.jvm.internal.Intrinsics::checkNotNullParameter@5 (line 131)
                      ; - kotlin.Result$Failure::<init>@3
                      ; - kotlin.ResultKt::createFailure@11 (line 122)
                      ; - kotlin.coroutines.jvm.internal.BaseContinuationImpl::resumeWith@76 (line 38)
  0x00000242c75419d8: a4eb 1507 | e92f f0ff | ff48 8bd2 

  0x00000242c75419e4: ;   {runtime_call fast_new_instance Runtime1 stub}
  0x00000242c75419e4: e817 a815 

  0x00000242c75419e8: ; ImmutableOopMap {[168]=Oop [176]=Oop [200]=Oop [208]=Oop }
                      ;*new {reexecute=0 rethrow=0 return_oop=0}
                      ; - kotlin.jvm.internal.Intrinsics::throwParameterIsNullNPE@0 (line 140)
                      ; - kotlin.jvm.internal.Intrinsics::checkNotNullParameter@5 (line 131)
                      ; - kotlin.Result$Failure::<init>@3
                      ; - kotlin.ResultKt::createFailure@11 (line 122)
                      ; - kotlin.coroutines.jvm.internal.BaseContinuationImpl::resumeWith@76 (line 38)
  0x00000242c75419e8: 07e9 7ef0 

  0x00000242c75419ec: ;   {metadata({method} {0x000002431f4164f8} 'sanitizeStackTrace' '(Ljava/lang/Throwable;)Ljava/lang/Throwable;' in 'kotlin/jvm/internal/Intrinsics')}
  0x00000242c75419ec: ffff 49ba | f064 411f | 4302 0000 | 4c89 5424 | 0848 c704 | 24ff ffff 

  0x00000242c7541a04: ;   {runtime_call counter_overflow Runtime1 stub}
  0x00000242c7541a04: ffe8 7600 

  0x00000242c7541a08: ; ImmutableOopMap {[168]=Oop [176]=Oop [192]=Oop [200]=Oop [208]=Oop }
                      ;*synchronization entry
                      ; - kotlin.jvm.internal.Intrinsics::sanitizeStackTrace@-1 (line 253)
                      ; - kotlin.jvm.internal.Intrinsics::throwParameterIsNullNPE@11 (line 140)
                      ; - kotlin.jvm.internal.Intrinsics::checkNotNullParameter@5 (line 131)
                      ; - kotlin.Result$Failure::<init>@3
                      ; - kotlin.ResultKt::createFailure@11 (line 122)
                      ; - kotlin.coroutines.jvm.internal.BaseContinuationImpl::resumeWith@76 (line 38)
  0x00000242c7541a08: 1607 e906 

  0x00000242c7541a0c: ;   {metadata({method} {0x00000242de46b368} 'getName' '()Ljava/lang/String;' in 'java/lang/Class')}
  0x00000242c7541a0c: f1ff ff49 | ba60 b346 | de42 0200 | 004c 8954 | 2408 48c7 | 0424 ffff 

  0x00000242c7541a24: ;   {runtime_call counter_overflow Runtime1 stub}
  0x00000242c7541a24: ffff e855 

  0x00000242c7541a28: ; ImmutableOopMap {rdx=Oop [168]=Oop [176]=Oop [192]=Oop [200]=Oop [208]=Oop }
                      ;*synchronization entry
                      ; - java.lang.Class::getName@-1 (line 949)
                      ; - kotlin.jvm.internal.Intrinsics::sanitizeStackTrace@3 (line 253)
                      ; - kotlin.jvm.internal.Intrinsics::throwParameterIsNullNPE@11 (line 140)
                      ; - kotlin.jvm.internal.Intrinsics::checkNotNullParameter@5 (line 131)
                      ; - kotlin.Result$Failure::<init>@3
                      ; - kotlin.ResultKt::createFailure@11 (line 122)
                      ; - kotlin.coroutines.jvm.internal.BaseContinuationImpl::resumeWith@76 (line 38)
  0x00000242c7541a28: 0016 07e9 | 2bf1 ffff 

  0x00000242c7541a30: ;   {runtime_call throw_null_pointer_exception Runtime1 stub}
  0x00000242c7541a30: e8cb 9215 

  0x00000242c7541a34: ; ImmutableOopMap {[168]=Oop [176]=Oop [192]=Oop [200]=Oop [208]=Oop }
                      ;*getfield name {reexecute=1 rethrow=0 return_oop=0}
                      ; - (reexecute) java.lang.Class::getName@1 (line 949)
                      ; - kotlin.jvm.internal.Intrinsics::sanitizeStackTrace@3 (line 253)
                      ; - kotlin.jvm.internal.Intrinsics::throwParameterIsNullNPE@11 (line 140)
                      ; - kotlin.jvm.internal.Intrinsics::checkNotNullParameter@5 (line 131)
                      ; - kotlin.Result$Failure::<init>@3
                      ; - kotlin.ResultKt::createFailure@11 (line 122)
                      ; - kotlin.coroutines.jvm.internal.BaseContinuationImpl::resumeWith@76 (line 38)
                      ;   {metadata({method} {0x000002431f415590} 'throwParameterIsNullNPE' '(Ljava/lang/String;)V' in 'kotlin/jvm/internal/Intrinsics')}
  0x00000242c7541a34: 0749 ba88 | 5541 1f43 | 0200 004c | 8954 2408 | 48c7 0424 | ffff ffff 

  0x00000242c7541a4c: ;   {runtime_call counter_overflow Runtime1 stub}
  0x00000242c7541a4c: e82f 0016 

  0x00000242c7541a50: ; ImmutableOopMap {[168]=Oop [176]=Oop [208]=Oop }
                      ;*synchronization entry
                      ; - kotlin.jvm.internal.Intrinsics::throwParameterIsNullNPE@-1 (line 140)
                      ; - kotlin.jvm.internal.Intrinsics::checkNotNullParameter@5 (line 131)
                      ; - kotlin.ResultKt::createFailure@3
                      ; - kotlin.coroutines.jvm.internal.BaseContinuationImpl::resumeWith@76 (line 38)
  0x00000242c7541a50: 07e9 d7f1 

  0x00000242c7541a54: ;   {metadata(nullptr)}
  0x00000242c7541a54: ffff 48ba | 0000 0000 | 0000 0000 | b800 0f05 

  0x00000242c7541a64: ;   {runtime_call load_klass_patching Runtime1 stub}
  0x00000242c7541a64: 0ae8 16eb 

  0x00000242c7541a68: ; ImmutableOopMap {[168]=Oop [176]=Oop [208]=Oop }
                      ;*new {reexecute=1 rethrow=0 return_oop=0}
                      ; - (reexecute) kotlin.jvm.internal.Intrinsics::throwParameterIsNullNPE@0 (line 140)
                      ; - kotlin.jvm.internal.Intrinsics::checkNotNullParameter@5 (line 131)
                      ; - kotlin.ResultKt::createFailure@3
                      ; - kotlin.coroutines.jvm.internal.BaseContinuationImpl::resumeWith@76 (line 38)
  0x00000242c7541a68: 1507 e9c1 | f1ff ff48 

  0x00000242c7541a70: ;   {runtime_call fast_new_instance Runtime1 stub}
  0x00000242c7541a70: 8bd2 e889 

  0x00000242c7541a74: ; ImmutableOopMap {[168]=Oop [176]=Oop [208]=Oop }
                      ;*new {reexecute=0 rethrow=0 return_oop=0}
                      ; - kotlin.jvm.internal.Intrinsics::throwParameterIsNullNPE@0 (line 140)
                      ; - kotlin.jvm.internal.Intrinsics::checkNotNullParameter@5 (line 131)
                      ; - kotlin.ResultKt::createFailure@3
                      ; - kotlin.coroutines.jvm.internal.BaseContinuationImpl::resumeWith@76 (line 38)
  0x00000242c7541a74: a715 07e9 | 10f2 ffff 

  0x00000242c7541a7c: ;   {metadata({method} {0x000002431f4164f8} 'sanitizeStackTrace' '(Ljava/lang/Throwable;)Ljava/lang/Throwable;' in 'kotlin/jvm/internal/Intrinsics')}
  0x00000242c7541a7c: 49ba f064 | 411f 4302 | 0000 4c89 | 5424 0848 | c704 24ff 

  0x00000242c7541a90: ;   {runtime_call counter_overflow Runtime1 stub}
  0x00000242c7541a90: ffff ffe8 

  0x00000242c7541a94: ; ImmutableOopMap {[168]=Oop [176]=Oop [208]=Oop [216]=Oop }
                      ;*synchronization entry
                      ; - kotlin.jvm.internal.Intrinsics::sanitizeStackTrace@-1 (line 253)
                      ; - kotlin.jvm.internal.Intrinsics::throwParameterIsNullNPE@11 (line 140)
                      ; - kotlin.jvm.internal.Intrinsics::checkNotNullParameter@5 (line 131)
                      ; - kotlin.ResultKt::createFailure@3
                      ; - kotlin.coroutines.jvm.internal.BaseContinuationImpl::resumeWith@76 (line 38)
  0x00000242c7541a94: e8ff 1507 | e998 f2ff 

  0x00000242c7541a9c: ;   {metadata({method} {0x00000242de46b368} 'getName' '()Ljava/lang/String;' in 'java/lang/Class')}
  0x00000242c7541a9c: ff49 ba60 | b346 de42 | 0200 004c | 8954 2408 | 48c7 0424 | ffff ffff 

  0x00000242c7541ab4: ;   {runtime_call counter_overflow Runtime1 stub}
  0x00000242c7541ab4: e8c7 ff15 

  0x00000242c7541ab8: ; ImmutableOopMap {rdx=Oop [168]=Oop [176]=Oop [208]=Oop [216]=Oop }
                      ;*synchronization entry
                      ; - java.lang.Class::getName@-1 (line 949)
                      ; - kotlin.jvm.internal.Intrinsics::sanitizeStackTrace@3 (line 253)
                      ; - kotlin.jvm.internal.Intrinsics::throwParameterIsNullNPE@11 (line 140)
                      ; - kotlin.jvm.internal.Intrinsics::checkNotNullParameter@5 (line 131)
                      ; - kotlin.ResultKt::createFailure@3
                      ; - kotlin.coroutines.jvm.internal.BaseContinuationImpl::resumeWith@76 (line 38)
  0x00000242c7541ab8: 07e9 bdf2 

  0x00000242c7541abc: ;   {runtime_call throw_null_pointer_exception Runtime1 stub}
  0x00000242c7541abc: ffff e83d 

  0x00000242c7541ac0: ; ImmutableOopMap {[168]=Oop [176]=Oop [208]=Oop [216]=Oop }
                      ;*getfield name {reexecute=1 rethrow=0 return_oop=0}
                      ; - (reexecute) java.lang.Class::getName@1 (line 949)
                      ; - kotlin.jvm.internal.Intrinsics::sanitizeStackTrace@3 (line 253)
                      ; - kotlin.jvm.internal.Intrinsics::throwParameterIsNullNPE@11 (line 140)
                      ; - kotlin.jvm.internal.Intrinsics::checkNotNullParameter@5 (line 131)
                      ; - kotlin.ResultKt::createFailure@3
                      ; - kotlin.coroutines.jvm.internal.BaseContinuationImpl::resumeWith@76 (line 38)
                      ;   {metadata({method} {0x000002431f4146b0} 'throwJavaNpe' '()V' in 'kotlin/jvm/internal/Intrinsics')}
  0x00000242c7541ac0: 9215 0749 | baa8 4641 | 1f43 0200 | 004c 8954 | 2408 48c7 | 0424 ffff 

  0x00000242c7541ad8: ;   {runtime_call counter_overflow Runtime1 stub}
  0x00000242c7541ad8: ffff e8a1 

  0x00000242c7541adc: ; ImmutableOopMap {[168]=Oop [176]=Oop [232]=Oop }
                      ;*synchronization entry
                      ; - kotlin.jvm.internal.Intrinsics::throwJavaNpe@-1 (line 45)
                      ; - kotlin.jvm.internal.Intrinsics::checkNotNull@4 (line 25)
                      ; - kotlin.coroutines.jvm.internal.BaseContinuationImpl::resumeWith@31 (line 31)
  0x00000242c7541adc: ff15 07e9 | 71f3 ffff 

  0x00000242c7541ae4: ;   {metadata(nullptr)}
  0x00000242c7541ae4: 48ba 0000 | 0000 0000 | 0000 b800 

  0x00000242c7541af0: ;   {runtime_call load_klass_patching Runtime1 stub}
  0x00000242c7541af0: 0f05 0ae8 

  0x00000242c7541af4: ; ImmutableOopMap {[168]=Oop [176]=Oop [232]=Oop }
                      ;*new {reexecute=1 rethrow=0 return_oop=0}
                      ; - (reexecute) kotlin.jvm.internal.Intrinsics::throwJavaNpe@0 (line 45)
                      ; - kotlin.jvm.internal.Intrinsics::checkNotNull@4 (line 25)
                      ; - kotlin.coroutines.jvm.internal.BaseContinuationImpl::resumeWith@31 (line 31)
  0x00000242c7541af4: 88ea 1507 | e95b f3ff | ff48 8bd2 

  0x00000242c7541b00: ;   {runtime_call fast_new_instance Runtime1 stub}
  0x00000242c7541b00: e8fb a615 

  0x00000242c7541b04: ; ImmutableOopMap {[168]=Oop [176]=Oop [232]=Oop }
                      ;*new {reexecute=0 rethrow=0 return_oop=0}
                      ; - kotlin.jvm.internal.Intrinsics::throwJavaNpe@0 (line 45)
                      ; - kotlin.jvm.internal.Intrinsics::checkNotNull@4 (line 25)
                      ; - kotlin.coroutines.jvm.internal.BaseContinuationImpl::resumeWith@31 (line 31)
  0x00000242c7541b04: 07e9 aaf3 

  0x00000242c7541b08: ;   {metadata({method} {0x000002431f4164f8} 'sanitizeStackTrace' '(Ljava/lang/Throwable;)Ljava/lang/Throwable;' in 'kotlin/jvm/internal/Intrinsics')}
  0x00000242c7541b08: ffff 49ba | f064 411f | 4302 0000 | 4c89 5424 | 0848 c704 | 24ff ffff 

  0x00000242c7541b20: ;   {runtime_call counter_overflow Runtime1 stub}
  0x00000242c7541b20: ffe8 5aff 

  0x00000242c7541b24: ; ImmutableOopMap {[168]=Oop [176]=Oop [224]=Oop [232]=Oop }
                      ;*synchronization entry
                      ; - kotlin.jvm.internal.Intrinsics::sanitizeStackTrace@-1 (line 253)
                      ; - kotlin.jvm.internal.Intrinsics::throwJavaNpe@7 (line 45)
                      ; - kotlin.jvm.internal.Intrinsics::checkNotNull@4 (line 25)
                      ; - kotlin.coroutines.jvm.internal.BaseContinuationImpl::resumeWith@31 (line 31)
  0x00000242c7541b24: 1507 e9f2 

  0x00000242c7541b28: ;   {metadata({method} {0x00000242de46b368} 'getName' '()Ljava/lang/String;' in 'java/lang/Class')}
  0x00000242c7541b28: f3ff ff49 | ba60 b346 | de42 0200 | 004c 8954 | 2408 48c7 | 0424 ffff 

  0x00000242c7541b40: ;   {runtime_call counter_overflow Runtime1 stub}
  0x00000242c7541b40: ffff e839 

  0x00000242c7541b44: ; ImmutableOopMap {rdx=Oop [168]=Oop [176]=Oop [224]=Oop [232]=Oop }
                      ;*synchronization entry
                      ; - java.lang.Class::getName@-1 (line 949)
                      ; - kotlin.jvm.internal.Intrinsics::sanitizeStackTrace@3 (line 253)
                      ; - kotlin.jvm.internal.Intrinsics::throwJavaNpe@7 (line 45)
                      ; - kotlin.jvm.internal.Intrinsics::checkNotNull@4 (line 25)
                      ; - kotlin.coroutines.jvm.internal.BaseContinuationImpl::resumeWith@31 (line 31)
  0x00000242c7541b44: ff15 07e9 | 17f4 ffff 

  0x00000242c7541b4c: ;   {runtime_call throw_null_pointer_exception Runtime1 stub}
  0x00000242c7541b4c: e8af 9115 

  0x00000242c7541b50: ; ImmutableOopMap {[168]=Oop [176]=Oop [224]=Oop [232]=Oop }
                      ;*getfield name {reexecute=1 rethrow=0 return_oop=0}
                      ; - (reexecute) java.lang.Class::getName@1 (line 949)
                      ; - kotlin.jvm.internal.Intrinsics::sanitizeStackTrace@3 (line 253)
                      ; - kotlin.jvm.internal.Intrinsics::throwJavaNpe@7 (line 45)
                      ; - kotlin.jvm.internal.Intrinsics::checkNotNull@4 (line 25)
                      ; - kotlin.coroutines.jvm.internal.BaseContinuationImpl::resumeWith@31 (line 31)
                      ;   {metadata({method} {0x000002431f415590} 'throwParameterIsNullNPE' '(Ljava/lang/String;)V' in 'kotlin/jvm/internal/Intrinsics')}
  0x00000242c7541b50: 0749 ba88 | 5541 1f43 | 0200 004c | 8954 2408 | 48c7 0424 | ffff ffff 

  0x00000242c7541b68: ;   {runtime_call counter_overflow Runtime1 stub}
  0x00000242c7541b68: e813 ff15 

  0x00000242c7541b6c: ; ImmutableOopMap {[232]=Oop [248]=Oop }
                      ;*synchronization entry
                      ; - kotlin.jvm.internal.Intrinsics::throwParameterIsNullNPE@-1 (line 140)
                      ; - kotlin.jvm.internal.Intrinsics::checkNotNullParameter@5 (line 131)
                      ; - kotlin.coroutines.jvm.internal.DebugProbesKt::probeCoroutineResumed@3
                      ; - kotlin.coroutines.jvm.internal.BaseContinuationImpl::resumeWith@13 (line 29)
  0x00000242c7541b6c: 07e9 cbf4 

  0x00000242c7541b70: ;   {metadata(nullptr)}
  0x00000242c7541b70: ffff 48ba | 0000 0000 | 0000 0000 | b800 0f05 

  0x00000242c7541b80: ;   {runtime_call load_klass_patching Runtime1 stub}
  0x00000242c7541b80: 0ae8 fae9 

  0x00000242c7541b84: ; ImmutableOopMap {[232]=Oop [248]=Oop }
                      ;*new {reexecute=1 rethrow=0 return_oop=0}
                      ; - (reexecute) kotlin.jvm.internal.Intrinsics::throwParameterIsNullNPE@0 (line 140)
                      ; - kotlin.jvm.internal.Intrinsics::checkNotNullParameter@5 (line 131)
                      ; - kotlin.coroutines.jvm.internal.DebugProbesKt::probeCoroutineResumed@3
                      ; - kotlin.coroutines.jvm.internal.BaseContinuationImpl::resumeWith@13 (line 29)
  0x00000242c7541b84: 1507 e9b5 | f4ff ff48 

  0x00000242c7541b8c: ;   {runtime_call fast_new_instance Runtime1 stub}
  0x00000242c7541b8c: 8bd2 e86d 

  0x00000242c7541b90: ; ImmutableOopMap {[232]=Oop [248]=Oop }
                      ;*new {reexecute=0 rethrow=0 return_oop=0}
                      ; - kotlin.jvm.internal.Intrinsics::throwParameterIsNullNPE@0 (line 140)
                      ; - kotlin.jvm.internal.Intrinsics::checkNotNullParameter@5 (line 131)
                      ; - kotlin.coroutines.jvm.internal.DebugProbesKt::probeCoroutineResumed@3
                      ; - kotlin.coroutines.jvm.internal.BaseContinuationImpl::resumeWith@13 (line 29)
  0x00000242c7541b90: a615 07e9 | 04f5 ffff 

  0x00000242c7541b98: ;   {metadata({method} {0x000002431f4164f8} 'sanitizeStackTrace' '(Ljava/lang/Throwable;)Ljava/lang/Throwable;' in 'kotlin/jvm/internal/Intrinsics')}
  0x00000242c7541b98: 49ba f064 | 411f 4302 | 0000 4c89 | 5424 0848 | c704 24ff 

  0x00000242c7541bac: ;   {runtime_call counter_overflow Runtime1 stub}
  0x00000242c7541bac: ffff ffe8 

  0x00000242c7541bb0: ; ImmutableOopMap {[232]=Oop [240]=Oop [248]=Oop }
                      ;*synchronization entry
                      ; - kotlin.jvm.internal.Intrinsics::sanitizeStackTrace@-1 (line 253)
                      ; - kotlin.jvm.internal.Intrinsics::throwParameterIsNullNPE@11 (line 140)
                      ; - kotlin.jvm.internal.Intrinsics::checkNotNullParameter@5 (line 131)
                      ; - kotlin.coroutines.jvm.internal.DebugProbesKt::probeCoroutineResumed@3
                      ; - kotlin.coroutines.jvm.internal.BaseContinuationImpl::resumeWith@13 (line 29)
  0x00000242c7541bb0: ccfe 1507 | e98c f5ff 

  0x00000242c7541bb8: ;   {metadata({method} {0x00000242de46b368} 'getName' '()Ljava/lang/String;' in 'java/lang/Class')}
  0x00000242c7541bb8: ff49 ba60 | b346 de42 | 0200 004c | 8954 2408 | 48c7 0424 | ffff ffff 

  0x00000242c7541bd0: ;   {runtime_call counter_overflow Runtime1 stub}
  0x00000242c7541bd0: e8ab fe15 

  0x00000242c7541bd4: ; ImmutableOopMap {rdx=Oop [232]=Oop [240]=Oop [248]=Oop }
                      ;*synchronization entry
                      ; - java.lang.Class::getName@-1 (line 949)
                      ; - kotlin.jvm.internal.Intrinsics::sanitizeStackTrace@3 (line 253)
                      ; - kotlin.jvm.internal.Intrinsics::throwParameterIsNullNPE@11 (line 140)
                      ; - kotlin.jvm.internal.Intrinsics::checkNotNullParameter@5 (line 131)
                      ; - kotlin.coroutines.jvm.internal.DebugProbesKt::probeCoroutineResumed@3
                      ; - kotlin.coroutines.jvm.internal.BaseContinuationImpl::resumeWith@13 (line 29)
  0x00000242c7541bd4: 07e9 b1f5 

  0x00000242c7541bd8: ;   {runtime_call throw_null_pointer_exception Runtime1 stub}
  0x00000242c7541bd8: ffff e821 

  0x00000242c7541bdc: ; ImmutableOopMap {[232]=Oop [240]=Oop [248]=Oop }
                      ;*getfield name {reexecute=1 rethrow=0 return_oop=0}
                      ; - (reexecute) java.lang.Class::getName@1 (line 949)
                      ; - kotlin.jvm.internal.Intrinsics::sanitizeStackTrace@3 (line 253)
                      ; - kotlin.jvm.internal.Intrinsics::throwParameterIsNullNPE@11 (line 140)
                      ; - kotlin.jvm.internal.Intrinsics::checkNotNullParameter@5 (line 131)
                      ; - kotlin.coroutines.jvm.internal.DebugProbesKt::probeCoroutineResumed@3
                      ; - kotlin.coroutines.jvm.internal.BaseContinuationImpl::resumeWith@13 (line 29)
                      ;   {runtime_call throw_null_pointer_exception Runtime1 stub}
  0x00000242c7541bdc: 9115 07e8 

  0x00000242c7541be0: ; ImmutableOopMap {rax=Oop rdi=Oop [176]=Oop }
                      ;*invokeinterface resumeWith {reexecute=0 rethrow=0 return_oop=0}
                      ; - kotlin.coroutines.jvm.internal.BaseContinuationImpl::resumeWith@114 (line 47)
  0x00000242c7541be0: 1c91 1507 

  0x00000242c7541be4: ;   {internal_word}
  0x00000242c7541be4: 49ba e412 | 54c7 4202 | 0000 4d89 | 9760 0400 

  0x00000242c7541bf4: ;   {runtime_call SafepointBlob}
  0x00000242c7541bf4: 00e9 8638 

  0x00000242c7541bf8: ;   {internal_word}
  0x00000242c7541bf8: 0a07 49ba | fa12 54c7 | 4202 0000 | 4d89 9760 

  0x00000242c7541c08: ;   {runtime_call SafepointBlob}
  0x00000242c7541c08: 0400 00e9 | 7038 0a07 | 4889 0424 

  0x00000242c7541c14: ;   {runtime_call throw_class_cast_exception Runtime1 stub}
  0x00000242c7541c14: e8e7 c815 

  0x00000242c7541c18: ; ImmutableOopMap {rdx=Oop [232]=Oop }
                      ;*checkcast {reexecute=0 rethrow=0 return_oop=0}
                      ; - kotlin.jvm.internal.Intrinsics::throwParameterIsNullNPE@14 (line 140)
                      ; - kotlin.jvm.internal.Intrinsics::checkNotNullParameter@5 (line 131)
                      ; - kotlin.coroutines.jvm.internal.DebugProbesKt::probeCoroutineResumed@3
                      ; - kotlin.coroutines.jvm.internal.BaseContinuationImpl::resumeWith@13 (line 29)
                      ;   {runtime_call throw_null_pointer_exception Runtime1 stub}
  0x00000242c7541c18: 07e8 e290 

  0x00000242c7541c1c: ; ImmutableOopMap {rdx=Oop rax=Oop [232]=Oop }
                      ;*athrow {reexecute=1 rethrow=0 return_oop=0}
                      ; - (reexecute) kotlin.jvm.internal.Intrinsics::throwParameterIsNullNPE@17 (line 140)
                      ; - kotlin.jvm.internal.Intrinsics::checkNotNullParameter@5 (line 131)
                      ; - kotlin.coroutines.jvm.internal.DebugProbesKt::probeCoroutineResumed@3
                      ; - kotlin.coroutines.jvm.internal.BaseContinuationImpl::resumeWith@13 (line 29)
  0x00000242c7541c1c: 1507 4889 

  0x00000242c7541c20: ;   {runtime_call throw_class_cast_exception Runtime1 stub}
  0x00000242c7541c20: 0424 e8d9 

  0x00000242c7541c24: ; ImmutableOopMap {r8=Oop [168]=Oop [176]=Oop }
                      ;*checkcast {reexecute=0 rethrow=0 return_oop=0}
                      ; - kotlin.jvm.internal.Intrinsics::throwJavaNpe@10 (line 45)
                      ; - kotlin.jvm.internal.Intrinsics::checkNotNull@4 (line 25)
                      ; - kotlin.coroutines.jvm.internal.BaseContinuationImpl::resumeWith@31 (line 31)
                      ;   {runtime_call throw_null_pointer_exception Runtime1 stub}
  0x00000242c7541c24: c815 07e8 

  0x00000242c7541c28: ; ImmutableOopMap {r8=Oop rax=Oop [168]=Oop [176]=Oop }
                      ;*athrow {reexecute=1 rethrow=0 return_oop=0}
                      ; - (reexecute) kotlin.jvm.internal.Intrinsics::throwJavaNpe@13 (line 45)
                      ; - kotlin.jvm.internal.Intrinsics::checkNotNull@4 (line 25)
                      ; - kotlin.coroutines.jvm.internal.BaseContinuationImpl::resumeWith@31 (line 31)
  0x00000242c7541c28: d490 1507 | 4889 0424 

  0x00000242c7541c30: ;   {runtime_call throw_class_cast_exception Runtime1 stub}
  0x00000242c7541c30: e8cb c815 

  0x00000242c7541c34: ; ImmutableOopMap {[168]=Oop [176]=Oop [208]=Oop }
                      ;*checkcast {reexecute=0 rethrow=0 return_oop=0}
                      ; - kotlin.jvm.internal.Intrinsics::throwParameterIsNullNPE@14 (line 140)
                      ; - kotlin.jvm.internal.Intrinsics::checkNotNullParameter@5 (line 131)
                      ; - kotlin.ResultKt::createFailure@3
                      ; - kotlin.coroutines.jvm.internal.BaseContinuationImpl::resumeWith@76 (line 38)
                      ;   {runtime_call throw_null_pointer_exception Runtime1 stub}
  0x00000242c7541c34: 07e8 c690 

  0x00000242c7541c38: ; ImmutableOopMap {rax=Oop [168]=Oop [176]=Oop [208]=Oop }
                      ;*athrow {reexecute=1 rethrow=0 return_oop=0}
                      ; - (reexecute) kotlin.jvm.internal.Intrinsics::throwParameterIsNullNPE@17 (line 140)
                      ; - kotlin.jvm.internal.Intrinsics::checkNotNullParameter@5 (line 131)
                      ; - kotlin.ResultKt::createFailure@3
                      ; - kotlin.coroutines.jvm.internal.BaseContinuationImpl::resumeWith@76 (line 38)
  0x00000242c7541c38: 1507 4889 

  0x00000242c7541c3c: ;   {runtime_call throw_class_cast_exception Runtime1 stub}
  0x00000242c7541c3c: 0424 e8bd 

  0x00000242c7541c40: ; ImmutableOopMap {rsi=Oop rdi=Oop rbx=Oop rdx=Oop [176]=Oop }
                      ;*checkcast {reexecute=0 rethrow=0 return_oop=0}
                      ; - kotlin.jvm.internal.Intrinsics::throwParameterIsNullNPE@14 (line 140)
                      ; - kotlin.jvm.internal.Intrinsics::checkNotNullParameter@5 (line 131)
                      ; - kotlin.Result$Failure::<init>@3
                      ; - kotlin.ResultKt::createFailure@11 (line 122)
                      ; - kotlin.coroutines.jvm.internal.BaseContinuationImpl::resumeWith@76 (line 38)
                      ;   {runtime_call throw_null_pointer_exception Runtime1 stub}
  0x00000242c7541c40: c815 07e8 

  0x00000242c7541c44: ; ImmutableOopMap {rsi=Oop rdi=Oop rbx=Oop rdx=Oop rax=Oop [176]=Oop }
                      ;*athrow {reexecute=1 rethrow=0 return_oop=0}
                      ; - (reexecute) kotlin.jvm.internal.Intrinsics::throwParameterIsNullNPE@17 (line 140)
                      ; - kotlin.jvm.internal.Intrinsics::checkNotNullParameter@5 (line 131)
                      ; - kotlin.Result$Failure::<init>@3
                      ; - kotlin.ResultKt::createFailure@11 (line 122)
                      ; - kotlin.coroutines.jvm.internal.BaseContinuationImpl::resumeWith@76 (line 38)
  0x00000242c7541c44: b890 1507 | 498b 87f8 | 0400 0049 | c787 f804 | 0000 0000 | 0000 49c7 | 8700 0500 | 0000 0000 
  0x00000242c7541c64: 0048 81c4 | 1001 0000 

  0x00000242c7541c6c: ;   {runtime_call unwind_exception Runtime1 stub}
  0x00000242c7541c6c: 5de9 8e75 | 1507 f4f4 | f4f4 f4f4 
[Stub Code]
  0x00000242c7541c78: ;   {no_reloc}
  0x00000242c7541c78: 0f1f 4400 

  0x00000242c7541c7c: ;   {static_stub}
  0x00000242c7541c7c: 0048 bb00 | 0000 0000 

  0x00000242c7541c84: ;   {runtime_call nmethod}
  0x00000242c7541c84: 0000 00e9 | fbff ffff 

  0x00000242c7541c8c: ;   {static_stub}
  0x00000242c7541c8c: 9048 bb00 | 0000 0000 

  0x00000242c7541c94: ;   {runtime_call nmethod}
  0x00000242c7541c94: 0000 00e9 | fbff ffff 

  0x00000242c7541c9c: ;   {static_stub}
  0x00000242c7541c9c: 9048 bb00 | 0000 0000 

  0x00000242c7541ca4: ;   {runtime_call nmethod}
  0x00000242c7541ca4: 0000 00e9 | fbff ffff 

  0x00000242c7541cac: ;   {static_stub}
  0x00000242c7541cac: 48bb 0000 | 0000 0000 

  0x00000242c7541cb4: ;   {runtime_call nmethod}
  0x00000242c7541cb4: 0000 e9fb 

  0x00000242c7541cb8: ;   {static_stub}
  0x00000242c7541cb8: ffff ff48 | bb00 0000 | 0000 0000 

  0x00000242c7541cc4: ;   {runtime_call nmethod}
  0x00000242c7541cc4: 00e9 fbff 

  0x00000242c7541cc8: ;   {static_stub}
  0x00000242c7541cc8: ffff 48bb | 0000 0000 | 0000 0000 

  0x00000242c7541cd4: ;   {runtime_call nmethod}
  0x00000242c7541cd4: e9fb ffff 

  0x00000242c7541cd8: ;   {static_stub}
  0x00000242c7541cd8: ff48 bb00 | 0000 0000 

  0x00000242c7541ce0: ;   {runtime_call nmethod}
  0x00000242c7541ce0: 0000 00e9 | fbff ffff 

  0x00000242c7541ce8: ;   {static_stub}
  0x00000242c7541ce8: 48bb 0000 | 0000 0000 

  0x00000242c7541cf0: ;   {runtime_call nmethod}
  0x00000242c7541cf0: 0000 e9fb 

  0x00000242c7541cf4: ;   {runtime_call handle_exception_from_callee Runtime1 stub}
  0x00000242c7541cf4: ffff ffe8 | 04c2 1507 

  0x00000242c7541cfc: ;   {external_word}
  0x00000242c7541cfc: 48b9 789b | e171 f97f | 0000 4883 

  0x00000242c7541d08: ;   {runtime_call}
  0x00000242c7541d08: e4f0 48b8 | d0e6 a371 | f97f 0000 

  0x00000242c7541d14: ;   {section_word}
  0x00000242c7541d14: ffd0 f449 | ba17 1d54 | c742 0200 

  0x00000242c7541d20: ;   {runtime_call DeoptimizationBlob}
  0x00000242c7541d20: 0041 52e9 | f829 0a07 
[/MachCode]


Compiled method (c1) 29781 2582   !   3       kotlinx.coroutines.DispatchedTask::run (387 bytes)
 total in heap  [0x00000242c7547a10,0x00000242c754cdd8] = 21448
 relocation     [0x00000242c7547b70,0x00000242c7548090] = 1312
 main code      [0x00000242c75480a0,0x00000242c754b128] = 12424
 stub code      [0x00000242c754b128,0x00000242c754b2f8] = 464
 oops           [0x00000242c754b2f8,0x00000242c754b318] = 32
 metadata       [0x00000242c754b318,0x00000242c754b3a8] = 144
 scopes data    [0x00000242c754b3a8,0x00000242c754bd10] = 2408
 scopes pcs     [0x00000242c754bd10,0x00000242c754c4a0] = 1936
 dependencies   [0x00000242c754c4a0,0x00000242c754c4b0] = 16
 handler table  [0x00000242c754c4b0,0x00000242c754cd48] = 2200
 nul chk table  [0x00000242c754cd48,0x00000242c754cdd8] = 144

[Constant Pool (empty)]

[MachCode]
[Entry Point]
  # {method} {0x000002431f5013b0} 'run' '()V' in 'kotlinx/coroutines/DispatchedTask'
  #           [sp+0x180]  (sp of caller)
  0x00000242c75480a0: 448b 5208 | 49bb 0000 | 00de 4202 | 0000 4d03 | d34c 3bd0 

  0x00000242c75480b4: ;   {runtime_call ic_miss_stub}
  0x00000242c75480b4: 0f85 c666 | 0907 660f | 1f44 0000 
[Verified Entry Point]
  0x00000242c75480c0: e9bb f504 | 07ff ff55 | 4881 ec70 | 0100 0090 | 4181 7f20 | 2000 0000 

  0x00000242c75480d8: ;   {runtime_call StubRoutines (final stubs)}
  0x00000242c75480d8: 7405 e801 | e407 0748 | 8994 24b0 

  0x00000242c75480e4: ;   {metadata(method data for {method} {0x000002431f5013b0} 'run' '()V' in 'kotlinx/coroutines/DispatchedTask')}
  0x00000242c75480e4: 0000 0048 | beb8 95dc | 2043 0200 | 008b becc | 0000 0083 | c702 89be | cc00 0000 | 81e7 fe07 
  0x00000242c7548104: 0000 85ff | 0f84 8c29 

  0x00000242c754810c: ;   {metadata(method data for {method} {0x000002431f5013b0} 'run' '()V' in 'kotlinx/coroutines/DispatchedTask')}
  0x00000242c754810c: 0000 48be | b895 dc20 | 4302 0000 | 4883 8610 | 0100 0001 

  0x00000242c7548120: ;   {metadata(method data for {method} {0x000002431f4de438} 'getASSERTIONS_ENABLED' '()Z' in 'kotlinx/coroutines/DebugKt')}
  0x00000242c7548120: 48be f067 | 5e20 4302 | 0000 8bbe | cc00 0000 | 83c7 0289 | becc 0000 | 0081 e7fe | ff1f 0085 
  0x00000242c7548140: ff0f 8474 

  0x00000242c7548144: ;   {metadata(method data for {method} {0x000002431f5013b0} 'run' '()V' in 'kotlinx/coroutines/DispatchedTask')}
  0x00000242c7548144: 2900 0048 | beb8 95dc | 2043 0200 | 00ff 8620 | 0100 0048 

  0x00000242c7548158: ;   {metadata(method data for {method} {0x000002431f5013b0} 'run' '()V' in 'kotlinx/coroutines/DispatchedTask')}
  0x00000242c7548158: 8bf2 48bf | b895 dc20 | 4302 0000 | 8b76 0849 | ba00 0000 | de42 0200 | 0049 03f2 | 483b b7b8 
  0x00000242c7548178: 0100 0075 | 0d48 8387 | c001 0000 | 01e9 6000 | 0000 483b | b7c8 0100 | 0075 0d48 | 8387 d001 
  0x00000242c7548198: 0000 01e9 | 4a00 0000 | 4883 bfb8 | 0100 0000 | 7517 4889 | b7b8 0100 | 0048 c787 | c001 0000 
  0x00000242c75481b8: 0100 0000 | e929 0000 | 0048 83bf | c801 0000 | 0075 1748 | 89b7 c801 | 0000 48c7 | 87d0 0100 
  0x00000242c75481d8: 0001 0000 | 00e9 0800 | 0000 4883 | 87a8 0100 | 0001 488b | f248 8bd6 | 0f1f 4400 | 0048 b8ff 
  0x00000242c75481f8: ffff ffff 

  0x00000242c75481fc: ;   {virtual_call}
  0x00000242c75481fc: ffff ffe8 

  0x00000242c7548200: ; ImmutableOopMap {[176]=Oop }
                      ;*invokevirtual getDelegate$kotlinx_coroutines_core {reexecute=0 rethrow=0 return_oop=0}
                      ; - kotlinx.coroutines.DispatchedTask::run@34 (line 80)
  0x00000242c7548200: a4f9 1507 

  0x00000242c7548204: ;   {other}
  0x00000242c7548204: 0f1f 8400 | f407 0000 | 4889 8424 | b800 0000 

  0x00000242c7548214: ;   {metadata(method data for {method} {0x000002431f5013b0} 'run' '()V' in 'kotlinx/coroutines/DispatchedTask')}
  0x00000242c7548214: 48ba b895 | dc20 4302 | 0000 4883 | 82e0 0100 

  0x00000242c7548224: ;   {metadata(method data for {method} {0x000002431f414498} 'checkNotNull' '(Ljava/lang/Object;Ljava/lang/String;)V' in 'kotlin/jvm/internal/Intrinsics')}
  0x00000242c7548224: 0001 48ba | 78cd ed1f | 4302 0000 | 8bb2 cc00 | 0000 83c6 | 0289 b2cc | 0000 0081 | e6fe ff1f 
  0x00000242c7548244: 0085 f60f | 848f 2800 | 0048 85c0 

  0x00000242c7548250: ;   {metadata(method data for {method} {0x000002431f414498} 'checkNotNull' '(Ljava/lang/Object;Ljava/lang/String;)V' in 'kotlin/jvm/internal/Intrinsics')}
  0x00000242c7548250: 48ba 78cd | ed1f 4302 | 0000 48c7 | c610 0100 | 0075 0748 | c7c6 2001 | 0000 488b | 3c32 488d 
  0x00000242c7548270: 7f01 4889 | 3c32 0f85 | e001 0000 

  0x00000242c754827c: ;   {metadata(method data for {method} {0x000002431f414498} 'checkNotNull' '(Ljava/lang/Object;Ljava/lang/String;)V' in 'kotlin/jvm/internal/Intrinsics')}
  0x00000242c754827c: 48ba 78cd | ed1f 4302 | 0000 4883 | 8230 0100 

  0x00000242c754828c: ;   {metadata(method data for {method} {0x000002431f414768} 'throwJavaNpe' '(Ljava/lang/String;)V' in 'kotlin/jvm/internal/Intrinsics')}
  0x00000242c754828c: 0001 48ba | 00cf ed1f | 4302 0000 | 8bb2 cc00 | 0000 83c6 | 0289 b2cc | 0000 0081 | e6fe ff1f 
  0x00000242c75482ac: 0085 f60f | 8448 2800 | 0066 6690 

  0x00000242c75482b8: ;   {no_reloc}
  0x00000242c75482b8: e970 2800 | 0000 0000 | 0000 498b | 87b8 0100 | 0048 8d78 | 3049 3bbf | c801 0000 | 0f87 5d28 
  0x00000242c75482d8: 0000 4989 | bfb8 0100 | 0048 c700 | 0100 0000 | 488b ca49 | ba00 0000 | de42 0200 | 0049 2bca 
  0x00000242c75482f8: 8948 0848 | 33c9 8948 | 0c48 33c9 | 4889 4810 | 4889 4818 | 4889 4820 | 4889 4828 

  0x00000242c7548314: ;   {metadata(method data for {method} {0x000002431f414768} 'throwJavaNpe' '(Ljava/lang/String;)V' in 'kotlin/jvm/internal/Intrinsics')}
  0x00000242c7548314: 4c8b c048 | ba00 cfed | 1f43 0200 | 0048 8382 | 1001 0000 

  0x00000242c7548328: ;   {oop("null cannot be cast to non-null type kotlinx.coroutines.internal.DispatchedContinuation<T of kotlinx.coroutines.DispatchedTask>"{0x00000007ffc443e8})}
  0x00000242c7548328: 0149 b8e8 | 43c4 ff07 | 0000 0048 | 8bd0 4889 | 8424 c000 

  0x00000242c754833c: ;   {optimized virtual_call}
  0x00000242c754833c: 0000 90e8 

  0x00000242c7548340: ; ImmutableOopMap {[176]=Oop [184]=Oop [192]=Oop }
                      ;*invokespecial <init> {reexecute=0 rethrow=0 return_oop=0}
                      ; - kotlin.jvm.internal.Intrinsics::throwJavaNpe@5 (line 50)
                      ; - kotlin.jvm.internal.Intrinsics::checkNotNull@5 (line 31)
                      ; - kotlinx.coroutines.DispatchedTask::run@40 (line 80)
  0x00000242c7548340: 3c67 0907 

  0x00000242c7548344: ;   {other}
  0x00000242c7548344: 0f1f 8400 | 3409 0001 

  0x00000242c754834c: ;   {metadata(method data for {method} {0x000002431f414768} 'throwJavaNpe' '(Ljava/lang/String;)V' in 'kotlin/jvm/internal/Intrinsics')}
  0x00000242c754834c: 48ba 00cf | ed1f 4302 | 0000 4883 | 8220 0100 

  0x00000242c754835c: ;   {metadata(method data for {method} {0x000002431f4164f8} 'sanitizeStackTrace' '(Ljava/lang/Throwable;)Ljava/lang/Throwable;' in 'kotlin/jvm/internal/Intrinsics')}
  0x00000242c754835c: 0001 48ba | 18cc 5b1f | 4302 0000 | 8bb2 cc00 | 0000 83c6 | 0289 b2cc | 0000 0081 | e6fe ff1f 
  0x00000242c754837c: 0085 f60f | 84bf 2700 

  0x00000242c7548384: ;   {oop(a 'java/lang/Class'{0x00000007017088b8} = 'kotlin/jvm/internal/Intrinsics')}
  0x00000242c7548384: 0048 bab8 | 8870 0107 | 0000 0048 

  0x00000242c7548390: ;   {metadata(method data for {method} {0x000002431f4164f8} 'sanitizeStackTrace' '(Ljava/lang/Throwable;)Ljava/lang/Throwable;' in 'kotlin/jvm/internal/Intrinsics')}
  0x00000242c7548390: 8bf2 48bf | 18cc 5b1f | 4302 0000 | 4883 8710 | 0100 0001 

  0x00000242c75483a4: ;   {metadata(method data for {method} {0x00000242de46b368} 'getName' '()Ljava/lang/String;' in 'java/lang/Class')}
  0x00000242c75483a4: 48be e87c | 031f 4302 | 0000 8bbe | cc00 0000 | 83c7 0289 | becc 0000 | 0081 e7fe | ff1f 0085 
  0x00000242c75483c4: ff0f 849a | 2700 008b | 522c 48c1 | e203 4885 

  0x00000242c75483d4: ;   {metadata(method data for {method} {0x00000242de46b368} 'getName' '()Ljava/lang/String;' in 'java/lang/Class')}
  0x00000242c75483d4: d248 bee8 | 7c03 1f43 | 0200 0048 | c7c7 1001 | 0000 7407 | 48c7 c720 | 0100 0048 | 8b1c 3e48 
  0x00000242c75483f4: 8d5b 0148 | 891c 3e0f | 8418 0000 

  0x00000242c7548400: ;   {metadata(method data for {method} {0x00000242de46b368} 'getName' '()Ljava/lang/String;' in 'java/lang/Class')}
  0x00000242c7548400: 0048 bee8 | 7c03 1f43 | 0200 00ff | 8630 0100 | 0048 8bf2 | e936 0000 

  0x00000242c7548418: ;   {oop(a 'java/lang/Class'{0x00000007017088b8} = 'kotlin/jvm/internal/Intrinsics')}
  0x00000242c7548418: 0048 bab8 | 8870 0107 | 0000 0048 

  0x00000242c7548424: ;   {metadata(method data for {method} {0x00000242de46b368} 'getName' '()Ljava/lang/String;' in 'java/lang/Class')}
  0x00000242c7548424: 8bf2 48bf | e87c 031f | 4302 0000 | 4883 8748 | 0100 0001 | 0f1f 8000 

  0x00000242c754843c: ;   {optimized virtual_call}
  0x00000242c754843c: 0000 00e8 

  0x00000242c7548440: ; ImmutableOopMap {[176]=Oop [184]=Oop [192]=Oop }
                      ;*invokevirtual initClassName {reexecute=0 rethrow=0 return_oop=0}
                      ; - java.lang.Class::getName@14 (line 950)
                      ; - kotlin.jvm.internal.Intrinsics::sanitizeStackTrace@3 (line 253)
                      ; - kotlin.jvm.internal.Intrinsics::throwJavaNpe@8 (line 50)
                      ; - kotlin.jvm.internal.Intrinsics::checkNotNull@5 (line 31)
                      ; - kotlinx.coroutines.DispatchedTask::run@40 (line 80)
  0x00000242c7548440: 3c66 0907 

  0x00000242c7548444: ;   {other}
  0x00000242c7548444: 0f1f 8400 | 340a 0002 | 488b f048 | 8b84 24c0 | 0000 00e9 | 3022 0000 | 4885 c075 

  0x00000242c7548460: ;   {metadata(method data for {method} {0x000002431f5013b0} 'run' '()V' in 'kotlinx/coroutines/DispatchedTask')}
  0x00000242c7548460: 1648 bfb8 | 95dc 2043 | 0200 0080 | 8fe9 0100 | 0001 e9cc 

  0x00000242c7548474: ;   {metadata('kotlinx/coroutines/internal/DispatchedContinuation')}
  0x00000242c7548474: 0000 0048 | bba8 d008 | df42 0200 | 008b 7008 | 49ba 0000 | 00de 4202 | 0000 4903 | f248 3bde 
  0x00000242c7548494: 0f85 8d00 

  0x00000242c7548498: ;   {metadata(method data for {method} {0x000002431f5013b0} 'run' '()V' in 'kotlinx/coroutines/DispatchedTask')}
  0x00000242c7548498: 0000 48bf | b895 dc20 | 4302 0000 | 8b58 0849 | ba00 0000 | de42 0200 | 0049 03da | 483b 9f00 
  0x00000242c75484b8: 0200 0075 | 0d48 8387 | 0802 0000 | 01e9 7900 | 0000 483b | 9f10 0200 | 0075 0d48 | 8387 1802 
  0x00000242c75484d8: 0000 01e9 | 6300 0000 | 4883 bf00 | 0200 0000 | 7517 4889 | 9f00 0200 | 0048 c787 | 0802 0000 
  0x00000242c75484f8: 0100 0000 | e942 0000 | 0048 83bf | 1002 0000 | 0075 1748 | 899f 1002 | 0000 48c7 | 8718 0200 
  0x00000242c7548518: 0001 0000 | 00e9 2100 | 0000 e91c 

  0x00000242c7548524: ;   {metadata(method data for {method} {0x000002431f5013b0} 'run' '()V' in 'kotlinx/coroutines/DispatchedTask')}
  0x00000242c7548524: 0000 0048 | bfb8 95dc | 2043 0200 | 0048 83af | f001 0000 | 01e9 4d26 | 0000 e900 | 0000 0048 
  0x00000242c7548544: 8bd0 8b72 | 2048 c1e6 | 038b 7a28 | 48c1 e703 

  0x00000242c7548554: ; implicit exception: dispatches to 0x00000242c754ab99
  0x00000242c7548554: 483b 0648 

  0x00000242c7548558: ;   {metadata(method data for {method} {0x000002431f5013b0} 'run' '()V' in 'kotlinx/coroutines/DispatchedTask')}
  0x00000242c7548558: 8bd6 48bb | b895 dc20 | 4302 0000 | 8b52 0849 | ba00 0000 | de42 0200 | 0049 03d2 | 483b 9338 
  0x00000242c7548578: 0200 0075 | 0d48 8383 | 4002 0000 | 01e9 6000 | 0000 483b | 9348 0200 | 0075 0d48 | 8383 5002 
  0x00000242c7548598: 0000 01e9 | 4a00 0000 | 4883 bb38 | 0200 0000 | 7517 4889 | 9338 0200 | 0048 c783 | 4002 0000 
  0x00000242c75485b8: 0100 0000 | e929 0000 | 0048 83bb | 4802 0000 | 0075 1748 | 8993 4802 | 0000 48c7 | 8350 0200 
  0x00000242c75485d8: 0001 0000 | 00e9 0800 | 0000 4883 | 8328 0200 | 0001 488b | d648 89b4 | 24d0 0000 | 0048 89bc 
  0x00000242c75485f8: 24c8 0000 | 0048 b8b0 | 0a73 2e43 

  0x00000242c7548604: ;   {virtual_call}
  0x00000242c7548604: 0200 00e8 

  0x00000242c7548608: ; ImmutableOopMap {[176]=Oop [200]=Oop [208]=Oop }
                      ;*invokeinterface getContext {reexecute=0 rethrow=0 return_oop=0}
                      ; - kotlinx.coroutines.DispatchedTask::run@61 (line 222)
  0x00000242c7548608: 4cf2 1507 

  0x00000242c754860c: ;   {other}
  0x00000242c754860c: 0f1f 8400 | fc0b 0003 

  0x00000242c7548614: ;   {metadata(method data for {method} {0x000002431f5013b0} 'run' '()V' in 'kotlinx/coroutines/DispatchedTask')}
  0x00000242c7548614: 48ba b895 | dc20 4302 | 0000 4883 | 8260 0200 | 0001 488b | d04c 8b84 | 24c8 0000 | 0048 8984 
  0x00000242c7548634: 24d8 0000 | 0066 0f1f 

  0x00000242c754863c: ;   {static_call}
  0x00000242c754863c: 4400 00e8 

  0x00000242c7548640: ; ImmutableOopMap {[176]=Oop [208]=Oop [216]=Oop }
                      ;*invokestatic updateThreadContext {reexecute=0 rethrow=0 return_oop=0}
                      ; - kotlinx.coroutines.DispatchedTask::run@71 (line 223)
  0x00000242c7548640: dcbe 8207 

  0x00000242c7548644: ;   {other}
  0x00000242c7548644: 0f1f 8400 | 340c 0004 

  0x00000242c754864c: ;   {oop(a 'kotlinx/coroutines/internal/Symbol'{0x00000007fff3a648})}
  0x00000242c754864c: 49ba 48a6 | f3ff 0700 | 0000 493b 

  0x00000242c7548658: ;   {metadata(method data for {method} {0x000002431f5013b0} 'run' '()V' in 'kotlinx/coroutines/DispatchedTask')}
  0x00000242c7548658: c248 bab8 | 95dc 2043 | 0200 0049 | c7c0 7002 | 0000 7407 | 49c7 c080 | 0200 004e | 8b0c 024d 
  0x00000242c7548678: 8d49 014e | 890c 020f | 8454 0000 

  0x00000242c7548684: ;   {metadata(method data for {method} {0x000002431f5013b0} 'run' '()V' in 'kotlinx/coroutines/DispatchedTask')}
  0x00000242c7548684: 0048 bab8 | 95dc 2043 | 0200 0048 | 8382 9002 | 0000 0148 | 8b94 24d0 | 0000 004c | 8b84 24d8 
  0x00000242c75486a4: 0000 004c | 8bc8 4889 | 8424 e000 | 0000 0f1f 

  0x00000242c75486b4: ;   {static_call}
  0x00000242c75486b4: 4400 00e8 

  0x00000242c75486b8: ; ImmutableOopMap {[176]=Oop [208]=Oop [216]=Oop [224]=Oop }
                      ;*invokestatic updateUndispatchedCompletion {reexecute=0 rethrow=0 return_oop=0}
                      ; - kotlinx.coroutines.DispatchedTask::run@89 (line 226)
  0x00000242c75486b8: c469 0907 

  0x00000242c75486bc: ;   {other}
  0x00000242c75486bc: 0f1f 8400 | ac0c 0005 

  0x00000242c75486c4: ;   {metadata(method data for {method} {0x000002431f5013b0} 'run' '()V' in 'kotlinx/coroutines/DispatchedTask')}
  0x00000242c75486c4: 48ba b895 | dc20 4302 | 0000 ff82 | a002 0000 | e912 0000 | 0048 8984 | 24e0 0000 

  0x00000242c75486e0: ;   {oop(nullptr)}
  0x00000242c75486e0: 0048 b800 | 0000 0000 | 0000 0048 | 8984 24e8 | 0000 0048 | 8bb4 24d0 

  0x00000242c75486f8: ;   {metadata(method data for {method} {0x000002431f5013b0} 'run' '()V' in 'kotlinx/coroutines/DispatchedTask')}
  0x00000242c75486f8: 0000 0048 | bab8 95dc | 2043 0200 | 008b 7608 | 49ba 0000 | 00de 4202 | 0000 4903 | f248 3bb2 
  0x00000242c7548718: c802 0000 | 750d 4883 | 82d0 0200 | 0001 e960 | 0000 0048 | 3bb2 d802 | 0000 750d | 4883 82e0 
  0x00000242c7548738: 0200 0001 | e94a 0000 | 0048 83ba | c802 0000 | 0075 1748 | 89b2 c802 | 0000 48c7 | 82d0 0200 
  0x00000242c7548758: 0001 0000 | 00e9 2900 | 0000 4883 | bad8 0200 | 0000 7517 | 4889 b2d8 | 0200 0048 | c782 e002 
  0x00000242c7548778: 0000 0100 | 0000 e908 | 0000 0048 | 8382 b802 | 0000 0148 | 8b94 24d0 | 0000 0066 | 9048 b810 
  0x00000242c7548798: 0e73 2e43 

  0x00000242c754879c: ;   {virtual_call}
  0x00000242c754879c: 0200 00e8 

  0x00000242c75487a0: ; ImmutableOopMap {[176]=Oop [208]=Oop [216]=Oop [224]=Oop [232]=Oop }
                      ;*invokeinterface getContext {reexecute=0 rethrow=0 return_oop=0}
                      ; - kotlinx.coroutines.DispatchedTask::run@103 (line 83)
  0x00000242c75487a0: b4f0 1507 

  0x00000242c75487a4: ;   {other}
  0x00000242c75487a4: 0f1f 8400 | 940d 0006 | 488b 9424 | b000 0000 

  0x00000242c75487b4: ;   {metadata(method data for {method} {0x000002431f5013b0} 'run' '()V' in 'kotlinx/coroutines/DispatchedTask')}
  0x00000242c75487b4: 48be b895 | dc20 4302 | 0000 8b52 | 0849 ba00 | 0000 de42 | 0200 0049 | 03d2 483b | 9600 0300 
  0x00000242c75487d4: 0075 0d48 | 8386 0803 | 0000 01e9 | 6000 0000 | 483b 9610 | 0300 0075 | 0d48 8386 | 1803 0000 
  0x00000242c75487f4: 01e9 4a00 | 0000 4883 | be00 0300 | 0000 7517 | 4889 9600 | 0300 0048 | c786 0803 | 0000 0100 
  0x00000242c7548814: 0000 e929 | 0000 0048 | 83be 1003 | 0000 0075 | 1748 8996 | 1003 0000 | 48c7 8618 | 0300 0001 
  0x00000242c7548834: 0000 00e9 | 0800 0000 | 4883 86f0 | 0200 0001 | 488b 9424 | b000 0000 | 4889 8424 | f000 0000 
  0x00000242c7548854: 9048 b8ff | ffff ffff 

  0x00000242c754885c: ;   {virtual_call}
  0x00000242c754885c: ffff ffe8 

  0x00000242c7548860: ; ImmutableOopMap {[176]=Oop [208]=Oop [216]=Oop [224]=Oop [232]=Oop [240]=Oop }
                      ;*invokevirtual takeState$kotlinx_coroutines_core {reexecute=0 rethrow=0 return_oop=0}
                      ; - kotlinx.coroutines.DispatchedTask::run@111 (line 84)
  0x00000242c7548860: 14f3 1507 

  0x00000242c7548864: ;   {other}
  0x00000242c7548864: 0f1f 8400 | 540e 0007 | 4889 8424 | f800 0000 | 488b 9424 | b000 0000 

  0x00000242c754887c: ;   {metadata(method data for {method} {0x000002431f5013b0} 'run' '()V' in 'kotlinx/coroutines/DispatchedTask')}
  0x00000242c754887c: 49b8 b895 | dc20 4302 | 0000 8b52 | 0849 ba00 | 0000 de42 | 0200 0049 | 03d2 493b | 9038 0300 
  0x00000242c754889c: 0075 0d49 | 8380 4003 | 0000 01e9 | 6000 0000 | 493b 9048 | 0300 0075 | 0d49 8380 | 5003 0000 
  0x00000242c75488bc: 01e9 4a00 | 0000 4983 | b838 0300 | 0000 7517 | 4989 9038 | 0300 0049 | c780 4003 | 0000 0100 
  0x00000242c75488dc: 0000 e929 | 0000 0049 | 83b8 4803 | 0000 0075 | 1749 8990 | 4803 0000 | 49c7 8050 | 0300 0001 
  0x00000242c75488fc: 0000 00e9 | 0800 0000 | 4983 8028 | 0300 0001 | 4c8b c048 | 8b94 24b0 | 0000 0066 | 0f1f 4400 
  0x00000242c754891c: 0048 b8ff | ffff ffff 

  0x00000242c7548924: ;   {virtual_call}
  0x00000242c7548924: ffff ffe8 

  0x00000242c7548928: ; ImmutableOopMap {[176]=Oop [208]=Oop [216]=Oop [224]=Oop [232]=Oop [240]=Oop [248]=Oop }
                      ;*invokevirtual getExceptionalResult$kotlinx_coroutines_core {reexecute=0 rethrow=0 return_oop=0}
                      ; - kotlinx.coroutines.DispatchedTask::run@119 (line 85)
  0x00000242c7548928: 44ea 1507 

  0x00000242c754892c: ;   {other}
  0x00000242c754892c: 0f1f 8400 | 1c0f 0008 | 4889 8424 | 0001 0000 

  0x00000242c754893c: ;   {metadata(method data for {method} {0x000002431f5013b0} 'run' '()V' in 'kotlinx/coroutines/DispatchedTask')}
  0x00000242c754893c: 4885 c049 | b8b8 95dc | 2043 0200 | 0048 c7c2 | 6003 0000 | 7507 48c7 | c270 0300 | 0049 8b34 
  0x00000242c754895c: 1048 8d76 | 0149 8934 | 1048 8b94 | 24b0 0000 | 000f 85f2 | 0000 0044 

  0x00000242c7548974: ;   {metadata(method data for {method} {0x000002431f5013b0} 'run' '()V' in 'kotlinx/coroutines/DispatchedTask')}
  0x00000242c7548974: 8b42 1848 | beb8 95dc | 2043 0200 | 0048 8386 | 8003 0000 

  0x00000242c7548988: ;   {metadata(method data for {method} {0x000002431f51b7b8} 'isCancellableMode' '(I)Z' in 'kotlinx/coroutines/DispatchedTaskKt')}
  0x00000242c7548988: 0148 be48 | f6d7 2043 | 0200 008b | becc 0000 | 0083 c702 | 89be cc00 | 0000 81e7 | feff 1f00 
  0x00000242c75489a8: 85ff 0f84 | ee21 0000 | 4183 f801 

  0x00000242c75489b4: ;   {metadata(method data for {method} {0x000002431f51b7b8} 'isCancellableMode' '(I)Z' in 'kotlinx/coroutines/DispatchedTaskKt')}
  0x00000242c75489b4: 48be 48f6 | d720 4302 | 0000 48c7 | c710 0100 | 0074 0748 | c7c7 2001 | 0000 488b | 1c3e 488d 
  0x00000242c75489d4: 5b01 4889 | 1c3e 0f84 | 3000 0000 | 4183 f802 

  0x00000242c75489e4: ;   {metadata(method data for {method} {0x000002431f51b7b8} 'isCancellableMode' '(I)Z' in 'kotlinx/coroutines/DispatchedTaskKt')}
  0x00000242c75489e4: 49b8 48f6 | d720 4302 | 0000 48c7 | c630 0100 | 0075 0748 | c7c6 4001 | 0000 498b | 3c30 488d 
  0x00000242c7548a04: 7f01 4989 | 3c30 0f85 | 1c00 0000 

  0x00000242c7548a10: ;   {metadata(method data for {method} {0x000002431f51b7b8} 'isCancellableMode' '(I)Z' in 'kotlinx/coroutines/DispatchedTaskKt')}
  0x00000242c7548a10: 49b8 48f6 | d720 4302 | 0000 41ff | 8050 0100 | 0041 b801 | 0000 00e9 | 0600 0000 | 41b8 0000 
  0x00000242c7548a30: 0000 4183 | e001 4585 

  0x00000242c7548a38: ;   {metadata(method data for {method} {0x000002431f5013b0} 'run' '()V' in 'kotlinx/coroutines/DispatchedTask')}
  0x00000242c7548a38: c049 b8b8 | 95dc 2043 | 0200 0048 | c7c6 a003 | 0000 7507 | 48c7 c690 | 0300 0049 | 8b3c 3048 
  0x00000242c7548a58: 8d7f 0149 | 893c 300f | 850f 0000 

  0x00000242c7548a64: ;   {oop(nullptr)}
  0x00000242c7548a64: 0048 be00 | 0000 0000 | 0000 00e9 | e001 0000 | 488b 8424 | f000 0000 

  0x00000242c7548a7c: ; implicit exception: dispatches to 0x00000242c754abbf
  0x00000242c7548a7c: 483b 004c 

  0x00000242c7548a80: ;   {metadata(method data for {method} {0x000002431f5013b0} 'run' '()V' in 'kotlinx/coroutines/DispatchedTask')}
  0x00000242c7548a80: 8bc0 48bf | b895 dc20 | 4302 0000 | 458b 4008 | 49ba 0000 | 00de 4202 | 0000 4d03 | c24c 3b87 
  0x00000242c7548aa0: f803 0000 | 750d 4883 | 8700 0400 | 0001 e960 | 0000 004c | 3b87 0804 | 0000 750d | 4883 8710 
  0x00000242c7548ac0: 0400 0001 | e94a 0000 | 0048 83bf | f803 0000 | 0075 174c | 8987 f803 | 0000 48c7 | 8700 0400 
  0x00000242c7548ae0: 0001 0000 | 00e9 2900 | 0000 4883 | bf08 0400 | 0000 7517 | 4c89 8708 | 0400 0048 | c787 1004 
  0x00000242c7548b00: 0000 0100 | 0000 e908 | 0000 0048 | 8387 e803 

  0x00000242c7548b10: ;   {oop(a 'kotlinx/coroutines/Job$Key'{0x00000007ffc44400})}
  0x00000242c7548b10: 0000 0149 | b800 44c4 | ff07 0000 | 0048 8bd0 | 0f1f 4400 | 0048 b840 | 7d08 df42 

  0x00000242c7548b2c: ;   {virtual_call}
  0x00000242c7548b2c: 0200 00e8 

  0x00000242c7548b30: ; ImmutableOopMap {[176]=Oop [208]=Oop [216]=Oop [224]=Oop [232]=Oop [248]=Oop [256]=Oop }
                      ;*invokeinterface get {reexecute=0 rethrow=0 return_oop=0}
                      ; - kotlinx.coroutines.DispatchedTask::run@147 (line 91)
  0x00000242c7548b30: 0c1c 7807 

  0x00000242c7548b34: ;   {other}
  0x00000242c7548b34: 0f1f 8400 | 2411 0009 | 4885 c075 

  0x00000242c7548b40: ;   {metadata(method data for {method} {0x000002431f5013b0} 'run' '()V' in 'kotlinx/coroutines/DispatchedTask')}
  0x00000242c7548b40: 1648 bfb8 | 95dc 2043 | 0200 0080 | 8f19 0400 | 0001 e9e7 

  0x00000242c7548b54: ;   {metadata('kotlinx/coroutines/Job')}
  0x00000242c7548b54: 0000 0048 | bb18 5608 | df42 0200 | 008b 7808 | 49ba 0000 | 00de 4202 | 0000 4903 | fa48 3b5f 
  0x00000242c7548b74: 200f 841a | 0000 0048 | 3bfb 0f84 | 1100 0000 

  0x00000242c7548b84: ;   {runtime_call slow_subtype_check Runtime1 stub}
  0x00000242c7548b84: 5753 e875 | 5f15 075f | 5f85 ff0f | 848d 0000 

  0x00000242c7548b94: ;   {metadata(method data for {method} {0x000002431f5013b0} 'run' '()V' in 'kotlinx/coroutines/DispatchedTask')}
  0x00000242c7548b94: 0048 bfb8 | 95dc 2043 | 0200 008b | 5808 49ba | 0000 00de | 4202 0000 | 4903 da48 | 3b9f 3004 
  0x00000242c7548bb4: 0000 750d | 4883 8738 | 0400 0001 | e979 0000 | 0048 3b9f | 4004 0000 | 750d 4883 | 8748 0400 
  0x00000242c7548bd4: 0001 e963 | 0000 0048 | 83bf 3004 | 0000 0075 | 1748 899f | 3004 0000 | 48c7 8738 | 0400 0001 
  0x00000242c7548bf4: 0000 00e9 | 4200 0000 | 4883 bf40 | 0400 0000 | 7517 4889 | 9f40 0400 | 0048 c787 | 4804 0000 
  0x00000242c7548c14: 0100 0000 | e921 0000 | 00e9 1c00 

  0x00000242c7548c20: ;   {metadata(method data for {method} {0x000002431f5013b0} 'run' '()V' in 'kotlinx/coroutines/DispatchedTask')}
  0x00000242c7548c20: 0000 48bf | b895 dc20 | 4302 0000 | 4883 af20 | 0400 0001 | e98b 1f00 | 00e9 0000 | 0000 488b 
  0x00000242c7548c40: ;   {metadata(method data for {method} {0x000002431f5013b0} 'run' '()V' in 'kotlinx/coroutines/DispatchedTask')}
  0x00000242c7548c40: d048 beb8 | 95dc 2043 | 0200 00ff | 8658 0400 | 0048 8bf2 

  0x00000242c7548c54: ;   {metadata(method data for {method} {0x000002431f5013b0} 'run' '()V' in 'kotlinx/coroutines/DispatchedTask')}
  0x00000242c7548c54: 4885 f648 | bab8 95dc | 2043 0200 | 0048 c7c7 | 7004 0000 | 7407 48c7 | c780 0400 | 0048 8b1c 
  0x00000242c7548c74: 3a48 8d5b | 0148 891c | 3a0f 84e7 | 0000 0048 | 3b06 488b 

  0x00000242c7548c88: ;   {metadata(method data for {method} {0x000002431f5013b0} 'run' '()V' in 'kotlinx/coroutines/DispatchedTask')}
  0x00000242c7548c88: d648 bfb8 | 95dc 2043 | 0200 008b | 5208 49ba | 0000 00de | 4202 0000 | 4903 d248 | 3b97 a004 
  0x00000242c7548ca8: 0000 750d | 4883 87a8 | 0400 0001 | e960 0000 | 0048 3b97 | b004 0000 | 750d 4883 | 87b8 0400 
  0x00000242c7548cc8: 0001 e94a | 0000 0048 | 83bf a004 | 0000 0075 | 1748 8997 | a004 0000 | 48c7 87a8 | 0400 0001 
  0x00000242c7548ce8: 0000 00e9 | 2900 0000 | 4883 bfb0 | 0400 0000 | 7517 4889 | 97b0 0400 | 0048 c787 | b804 0000 
  0x00000242c7548d08: 0100 0000 | e908 0000 | 0048 8387 | 9004 0000 | 0148 8bd6 | 4889 b424 | 0801 0000 | 9048 b840 
  0x00000242c7548d28: d39e 2e43 

  0x00000242c7548d2c: ;   {virtual_call}
  0x00000242c7548d2c: 0200 00e8 

  0x00000242c7548d30: ; ImmutableOopMap {[176]=Oop [208]=Oop [216]=Oop [224]=Oop [232]=Oop [248]=Oop [256]=Oop [264]=Oop }
                      ;*invokeinterface isActive {reexecute=0 rethrow=0 return_oop=0}
                      ; - kotlinx.coroutines.DispatchedTask::run@168 (line 92)
  0x00000242c7548d30: a4ee 1507 

  0x00000242c7548d34: ;   {other}
  0x00000242c7548d34: 0f1f 8400 | 2413 000a 

  0x00000242c7548d3c: ;   {metadata(method data for {method} {0x000002431f5013b0} 'run' '()V' in 'kotlinx/coroutines/DispatchedTask')}
  0x00000242c7548d3c: 85c0 48ba | b895 dc20 | 4302 0000 | 48c7 c6d8 | 0400 0074 | 0748 c7c6 | c804 0000 | 488b 3c32 
  0x00000242c7548d5c: 488d 7f01 | 4889 3c32 | 0f84 3f09 | 0000 488b | 8424 0001 | 0000 4885 

  0x00000242c7548d74: ;   {metadata(method data for {method} {0x000002431f5013b0} 'run' '()V' in 'kotlinx/coroutines/DispatchedTask')}
  0x00000242c7548d74: c048 bab8 | 95dc 2043 | 0200 0048 | c7c6 5807 | 0000 7407 | 48c7 c668 | 0700 0048 | 8b3c 3248 
  0x00000242c7548d94: 8d7f 0148 | 893c 320f | 8449 0700 

  0x00000242c7548da0: ;   {metadata(method data for {method} {0x000002431f5013b0} 'run' '()V' in 'kotlinx/coroutines/DispatchedTask')}
  0x00000242c7548da0: 0048 bab8 | 95dc 2043 | 0200 0048 | 8382 7807 

  0x00000242c7548db0: ;   {metadata(method data for {method} {0x000002431f5209e8} 'createFailure' '(Ljava/lang/Throwable;)Ljava/lang/Object;' in 'kotlin/ResultKt')}
  0x00000242c7548db0: 0000 0148 | baa8 86dc | 2043 0200 | 008b b2cc | 0000 0083 | c602 89b2 | cc00 0000 | 81e6 feff 
  0x00000242c7548dd0: 1f00 85f6 | 0f84 f81d 

  0x00000242c7548dd8: ;   {metadata(method data for {method} {0x000002431f5209e8} 'createFailure' '(Ljava/lang/Throwable;)Ljava/lang/Object;' in 'kotlin/ResultKt')}
  0x00000242c7548dd8: 0000 48ba | a886 dc20 | 4302 0000 | 4883 8210 | 0100 0001 

  0x00000242c7548dec: ;   {metadata(method data for {method} {0x000002431f415410} 'checkNotNullParameter' '(Ljava/lang/Object;Ljava/lang/String;)V' in 'kotlin/jvm/internal/Intrinsics')}
  0x00000242c7548dec: 48ba b0c3 | 5b1f 4302 | 0000 8bb2 | cc00 0000 | 83c6 0289 | b2cc 0000 | 0081 e6fe | ff1f 0085 
  0x00000242c7548e0c: f60f 84e0 | 1d00 0048 

  0x00000242c7548e14: ;   {metadata(method data for {method} {0x000002431f415410} 'checkNotNullParameter' '(Ljava/lang/Object;Ljava/lang/String;)V' in 'kotlin/jvm/internal/Intrinsics')}
  0x00000242c7548e14: 85c0 48ba | b0c3 5b1f | 4302 0000 | 48c7 c610 | 0100 0075 | 0748 c7c6 | 2001 0000 | 488b 3c32 
  0x00000242c7548e34: 488d 7f01 | 4889 3c32 | 0f85 1a02 

  0x00000242c7548e40: ;   {metadata(method data for {method} {0x000002431f415410} 'checkNotNullParameter' '(Ljava/lang/Object;Ljava/lang/String;)V' in 'kotlin/jvm/internal/Intrinsics')}
  0x00000242c7548e40: 0000 48ba | b0c3 5b1f | 4302 0000 | 4883 8230 | 0100 0001 

  0x00000242c7548e54: ;   {metadata(method data for {method} {0x000002431f415590} 'throwParameterIsNullNPE' '(Ljava/lang/String;)V' in 'kotlin/jvm/internal/Intrinsics')}
  0x00000242c7548e54: 48ba 38c5 | 5b1f 4302 | 0000 8bb2 | cc00 0000 | 83c6 0289 | b2cc 0000 | 0081 e6fe | ff1f 0085 
  0x00000242c7548e74: f60f 8499 | 1d00 000f | 1f44 0000 

  0x00000242c7548e80: ;   {no_reloc}
  0x00000242c7548e80: e9bf 1d00 | 0000 0000 | 0000 498b | 87b8 0100 | 0048 8d78 | 3049 3bbf | c801 0000 | 0f87 ac1d 
  0x00000242c7548ea0: 0000 4989 | bfb8 0100 | 0048 c700 | 0100 0000 | 488b ca49 | ba00 0000 | de42 0200 | 0049 2bca 
  0x00000242c7548ec0: 8948 0848 | 33c9 8948 | 0c48 33c9 | 4889 4810 | 4889 4818 | 4889 4820 | 4889 4828 

  0x00000242c7548edc: ;   {metadata(method data for {method} {0x000002431f415590} 'throwParameterIsNullNPE' '(Ljava/lang/String;)V' in 'kotlin/jvm/internal/Intrinsics')}
  0x00000242c7548edc: 48ba 38c5 | 5b1f 4302 | 0000 4883 | 8210 0100 

  0x00000242c7548eec: ;   {oop("exception"{0x000000070173c330})}
  0x00000242c7548eec: 0001 48ba | 30c3 7301 | 0700 0000 | 4889 8424 | 1001 0000 | 0f1f 8000 

  0x00000242c7548f04: ;   {static_call}
  0x00000242c7548f04: 0000 00e8 

  0x00000242c7548f08: ; ImmutableOopMap {[176]=Oop [208]=Oop [216]=Oop [224]=Oop [232]=Oop [256]=Oop [272]=Oop }
                      ;*invokestatic createParameterIsNullExceptionMessage {reexecute=0 rethrow=0 return_oop=0}
                      ; - kotlin.jvm.internal.Intrinsics::throwParameterIsNullNPE@5 (line 140)
                      ; - kotlin.jvm.internal.Intrinsics::checkNotNullParameter@5 (line 131)
                      ; - kotlin.ResultKt::createFailure@3
                      ; - kotlinx.coroutines.DispatchedTask::run@273 (line 98)
  0x00000242c7548f08: 7461 0907 

  0x00000242c7548f0c: ;   {other}
  0x00000242c7548f0c: 0f1f 8400 | fc14 000b | 4c8b 8424 | 1001 0000 

  0x00000242c7548f1c: ;   {metadata(method data for {method} {0x000002431f415590} 'throwParameterIsNullNPE' '(Ljava/lang/String;)V' in 'kotlin/jvm/internal/Intrinsics')}
  0x00000242c7548f1c: 48ba 38c5 | 5b1f 4302 | 0000 4883 | 8220 0100 | 0001 4c8b | c048 8b94 | 2410 0100 | 0066 0f1f 
  0x00000242c7548f3c: ;   {optimized virtual_call}
  0x00000242c7548f3c: 4400 00e8 

  0x00000242c7548f40: ; ImmutableOopMap {[176]=Oop [208]=Oop [216]=Oop [224]=Oop [232]=Oop [256]=Oop [272]=Oop }
                      ;*invokespecial <init> {reexecute=0 rethrow=0 return_oop=0}
                      ; - kotlin.jvm.internal.Intrinsics::throwParameterIsNullNPE@8 (line 140)
                      ; - kotlin.jvm.internal.Intrinsics::checkNotNullParameter@5 (line 131)
                      ; - kotlin.ResultKt::createFailure@3
                      ; - kotlinx.coroutines.DispatchedTask::run@273 (line 98)
  0x00000242c7548f40: 3c5b 0907 

  0x00000242c7548f44: ;   {other}
  0x00000242c7548f44: 0f1f 8400 | 3415 000c 

  0x00000242c7548f4c: ;   {metadata(method data for {method} {0x000002431f415590} 'throwParameterIsNullNPE' '(Ljava/lang/String;)V' in 'kotlin/jvm/internal/Intrinsics')}
  0x00000242c7548f4c: 48ba 38c5 | 5b1f 4302 | 0000 4883 | 8230 0100 

  0x00000242c7548f5c: ;   {metadata(method data for {method} {0x000002431f4164f8} 'sanitizeStackTrace' '(Ljava/lang/Throwable;)Ljava/lang/Throwable;' in 'kotlin/jvm/internal/Intrinsics')}
  0x00000242c7548f5c: 0001 48ba | 18cc 5b1f | 4302 0000 | 8bb2 cc00 | 0000 83c6 | 0289 b2cc | 0000 0081 | e6fe ff1f 
  0x00000242c7548f7c: 0085 f60f | 84d6 1c00 

  0x00000242c7548f84: ;   {oop(a 'java/lang/Class'{0x00000007017088b8} = 'kotlin/jvm/internal/Intrinsics')}
  0x00000242c7548f84: 0048 bab8 | 8870 0107 | 0000 0048 

  0x00000242c7548f90: ;   {metadata(method data for {method} {0x000002431f4164f8} 'sanitizeStackTrace' '(Ljava/lang/Throwable;)Ljava/lang/Throwable;' in 'kotlin/jvm/internal/Intrinsics')}
  0x00000242c7548f90: 8bf2 48bf | 18cc 5b1f | 4302 0000 | 4883 8710 | 0100 0001 

  0x00000242c7548fa4: ;   {metadata(method data for {method} {0x00000242de46b368} 'getName' '()Ljava/lang/String;' in 'java/lang/Class')}
  0x00000242c7548fa4: 48be e87c | 031f 4302 | 0000 8bbe | cc00 0000 | 83c7 0289 | becc 0000 | 0081 e7fe | ff1f 0085 
  0x00000242c7548fc4: ff0f 84b1 | 1c00 008b | 522c 48c1 | e203 4885 

  0x00000242c7548fd4: ;   {metadata(method data for {method} {0x00000242de46b368} 'getName' '()Ljava/lang/String;' in 'java/lang/Class')}
  0x00000242c7548fd4: d248 bee8 | 7c03 1f43 | 0200 0048 | c7c7 1001 | 0000 7407 | 48c7 c720 | 0100 0048 | 8b1c 3e48 
  0x00000242c7548ff4: 8d5b 0148 | 891c 3e0f | 8418 0000 

  0x00000242c7549000: ;   {metadata(method data for {method} {0x00000242de46b368} 'getName' '()Ljava/lang/String;' in 'java/lang/Class')}
  0x00000242c7549000: 0048 bee8 | 7c03 1f43 | 0200 00ff | 8630 0100 | 0048 8bf2 | e936 0000 

  0x00000242c7549018: ;   {oop(a 'java/lang/Class'{0x00000007017088b8} = 'kotlin/jvm/internal/Intrinsics')}
  0x00000242c7549018: 0048 bab8 | 8870 0107 | 0000 0048 

  0x00000242c7549024: ;   {metadata(method data for {method} {0x00000242de46b368} 'getName' '()Ljava/lang/String;' in 'java/lang/Class')}
  0x00000242c7549024: 8bf2 48bf | e87c 031f | 4302 0000 | 4883 8748 | 0100 0001 | 0f1f 8000 

  0x00000242c754903c: ;   {optimized virtual_call}
  0x00000242c754903c: 0000 00e8 

  0x00000242c7549040: ; ImmutableOopMap {[176]=Oop [208]=Oop [216]=Oop [224]=Oop [232]=Oop [256]=Oop [272]=Oop }
                      ;*invokevirtual initClassName {reexecute=0 rethrow=0 return_oop=0}
                      ; - java.lang.Class::getName@14 (line 950)
                      ; - kotlin.jvm.internal.Intrinsics::sanitizeStackTrace@3 (line 253)
                      ; - kotlin.jvm.internal.Intrinsics::throwParameterIsNullNPE@11 (line 140)
                      ; - kotlin.jvm.internal.Intrinsics::checkNotNullParameter@5 (line 131)
                      ; - kotlin.ResultKt::createFailure@3
                      ; - kotlinx.coroutines.DispatchedTask::run@273 (line 98)
  0x00000242c7549040: 3c5a 0907 

  0x00000242c7549044: ;   {other}
  0x00000242c7549044: 0f1f 8400 | 3416 000d | 488b f048 | 8b84 2410 | 0100 00e9 | 0314 0000 

  0x00000242c754905c: ;   {metadata('kotlin/Result$Failure')}
  0x00000242c754905c: 48ba 48ea | 08df 4202 | 0000 488b | d849 8b87 | b801 0000 | 488d 7810 | 493b bfc8 | 0100 000f 
  0x00000242c754907c: 8721 1c00 | 0049 89bf | b801 0000 | 48c7 0001 | 0000 0048 | 8bca 49ba | 0000 00de | 4202 0000 
  0x00000242c754909c: 492b ca89 | 4808 4833 | c989 480c | 4833 c948 | 8984 2420 | 0100 0048 

  0x00000242c75490b4: ;   {metadata(method data for {method} {0x000002431f5209e8} 'createFailure' '(Ljava/lang/Throwable;)Ljava/lang/Object;' in 'kotlin/ResultKt')}
  0x00000242c75490b4: 8bd0 48be | a886 dc20 | 4302 0000 | 4883 8620 | 0100 0001 

  0x00000242c75490c8: ;   {metadata(method data for {method} {0x000002431f50ee40} '<init>' '(Ljava/lang/Throwable;)V' in 'kotlin/Result$Failure')}
  0x00000242c75490c8: 48ba 1888 | dc20 4302 | 0000 8bb2 | cc00 0000 | 83c6 0289 | b2cc 0000 | 0081 e6fe | ff1f 0085 
  0x00000242c75490e8: f60f 84c0 

  0x00000242c75490ec: ;   {metadata(method data for {method} {0x000002431f50ee40} '<init>' '(Ljava/lang/Throwable;)V' in 'kotlin/Result$Failure')}
  0x00000242c75490ec: 1b00 0048 | ba18 88dc | 2043 0200 | 0048 8382 | 1001 0000 

  0x00000242c7549100: ;   {metadata(method data for {method} {0x000002431f415410} 'checkNotNullParameter' '(Ljava/lang/Object;Ljava/lang/String;)V' in 'kotlin/jvm/internal/Intrinsics')}
  0x00000242c7549100: 0148 bab0 | c35b 1f43 | 0200 008b | b2cc 0000 | 0083 c602 | 89b2 cc00 | 0000 81e6 | feff 1f00 
  0x00000242c7549120: 85f6 0f84 | a81b 0000 

  0x00000242c7549128: ;   {metadata(method data for {method} {0x000002431f415410} 'checkNotNullParameter' '(Ljava/lang/Object;Ljava/lang/String;)V' in 'kotlin/jvm/internal/Intrinsics')}
  0x00000242c7549128: 4885 db48 | bab0 c35b | 1f43 0200 | 0048 c7c6 | 1001 0000 | 7507 48c7 | c620 0100 | 0048 8b3c 
  0x00000242c7549148: 3248 8d7f | 0148 893c | 320f 8515 

  0x00000242c7549154: ;   {metadata(method data for {method} {0x000002431f415410} 'checkNotNullParameter' '(Ljava/lang/Object;Ljava/lang/String;)V' in 'kotlin/jvm/internal/Intrinsics')}
  0x00000242c7549154: 0200 0048 | bab0 c35b | 1f43 0200 | 0048 8382 | 3001 0000 

  0x00000242c7549168: ;   {metadata(method data for {method} {0x000002431f415590} 'throwParameterIsNullNPE' '(Ljava/lang/String;)V' in 'kotlin/jvm/internal/Intrinsics')}
  0x00000242c7549168: 0148 ba38 | c55b 1f43 | 0200 008b | b2cc 0000 | 0083 c602 | 89b2 cc00 | 0000 81e6 | feff 1f00 
  0x00000242c7549188: 85f6 0f84 | 611b 0000 

  0x00000242c7549190: ;   {no_reloc}
  0x00000242c7549190: e98c 1b00 | 0000 0000 | 0000 498b | 87b8 0100 | 0048 8d78 | 3049 3bbf | c801 0000 | 0f87 791b 
  0x00000242c75491b0: 0000 4989 | bfb8 0100 | 0048 c700 | 0100 0000 | 488b ca49 | ba00 0000 | de42 0200 | 0049 2bca 
  0x00000242c75491d0: 8948 0848 | 33c9 8948 | 0c48 33c9 | 4889 4810 | 4889 4818 | 4889 4820 | 4889 4828 

  0x00000242c75491ec: ;   {metadata(method data for {method} {0x000002431f415590} 'throwParameterIsNullNPE' '(Ljava/lang/String;)V' in 'kotlin/jvm/internal/Intrinsics')}
  0x00000242c75491ec: 48ba 38c5 | 5b1f 4302 | 0000 4883 | 8210 0100 

  0x00000242c75491fc: ;   {oop("exception"{0x000000070173c330})}
  0x00000242c75491fc: 0001 48ba | 30c3 7301 | 0700 0000 | 4889 8424 | 1801 0000 | 0f1f 8000 

  0x00000242c7549214: ;   {static_call}
  0x00000242c7549214: 0000 00e8 

  0x00000242c7549218: ; ImmutableOopMap {[176]=Oop [208]=Oop [216]=Oop [224]=Oop [232]=Oop [256]=Oop [280]=Oop [288]=Oop }
                      ;*invokestatic createParameterIsNullExceptionMessage {reexecute=0 rethrow=0 return_oop=0}
                      ; - kotlin.jvm.internal.Intrinsics::throwParameterIsNullNPE@5 (line 140)
                      ; - kotlin.jvm.internal.Intrinsics::checkNotNullParameter@5 (line 131)
                      ; - kotlin.Result$Failure::<init>@3
                      ; - kotlin.ResultKt::createFailure@11 (line 122)
                      ; - kotlinx.coroutines.DispatchedTask::run@273 (line 98)
  0x00000242c7549218: 645e 0907 

  0x00000242c754921c: ;   {other}
  0x00000242c754921c: 0f1f 8400 | 0c18 000e | 4c8b 8424 | 1801 0000 

  0x00000242c754922c: ;   {metadata(method data for {method} {0x000002431f415590} 'throwParameterIsNullNPE' '(Ljava/lang/String;)V' in 'kotlin/jvm/internal/Intrinsics')}
  0x00000242c754922c: 48ba 38c5 | 5b1f 4302 | 0000 4883 | 8220 0100 | 0001 4c8b | c048 8b94 | 2418 0100 | 0066 0f1f 
  0x00000242c754924c: ;   {optimized virtual_call}
  0x00000242c754924c: 4400 00e8 

  0x00000242c7549250: ; ImmutableOopMap {[176]=Oop [208]=Oop [216]=Oop [224]=Oop [232]=Oop [256]=Oop [280]=Oop [288]=Oop }
                      ;*invokespecial <init> {reexecute=0 rethrow=0 return_oop=0}
                      ; - kotlin.jvm.internal.Intrinsics::throwParameterIsNullNPE@8 (line 140)
                      ; - kotlin.jvm.internal.Intrinsics::checkNotNullParameter@5 (line 131)
                      ; - kotlin.Result$Failure::<init>@3
                      ; - kotlin.ResultKt::createFailure@11 (line 122)
                      ; - kotlinx.coroutines.DispatchedTask::run@273 (line 98)
  0x00000242c7549250: 2c58 0907 

  0x00000242c7549254: ;   {other}
  0x00000242c7549254: 0f1f 8400 | 4418 000f 

  0x00000242c754925c: ;   {metadata(method data for {method} {0x000002431f415590} 'throwParameterIsNullNPE' '(Ljava/lang/String;)V' in 'kotlin/jvm/internal/Intrinsics')}
  0x00000242c754925c: 48ba 38c5 | 5b1f 4302 | 0000 4883 | 8230 0100 

  0x00000242c754926c: ;   {metadata(method data for {method} {0x000002431f4164f8} 'sanitizeStackTrace' '(Ljava/lang/Throwable;)Ljava/lang/Throwable;' in 'kotlin/jvm/internal/Intrinsics')}
  0x00000242c754926c: 0001 48ba | 18cc 5b1f | 4302 0000 | 8bb2 cc00 | 0000 83c6 | 0289 b2cc | 0000 0081 | e6fe ff1f 
  0x00000242c754928c: 0085 f60f | 84a3 1a00 

  0x00000242c7549294: ;   {oop(a 'java/lang/Class'{0x00000007017088b8} = 'kotlin/jvm/internal/Intrinsics')}
  0x00000242c7549294: 0048 bab8 | 8870 0107 | 0000 0048 

  0x00000242c75492a0: ;   {metadata(method data for {method} {0x000002431f4164f8} 'sanitizeStackTrace' '(Ljava/lang/Throwable;)Ljava/lang/Throwable;' in 'kotlin/jvm/internal/Intrinsics')}
  0x00000242c75492a0: 8bf2 48bf | 18cc 5b1f | 4302 0000 | 4883 8710 | 0100 0001 

  0x00000242c75492b4: ;   {metadata(method data for {method} {0x00000242de46b368} 'getName' '()Ljava/lang/String;' in 'java/lang/Class')}
  0x00000242c75492b4: 48be e87c | 031f 4302 | 0000 8bbe | cc00 0000 | 83c7 0289 | becc 0000 | 0081 e7fe | ff1f 0085 
  0x00000242c75492d4: ff0f 847e | 1a00 008b | 522c 48c1 | e203 4885 

  0x00000242c75492e4: ;   {metadata(method data for {method} {0x00000242de46b368} 'getName' '()Ljava/lang/String;' in 'java/lang/Class')}
  0x00000242c75492e4: d248 bee8 | 7c03 1f43 | 0200 0048 | c7c7 1001 | 0000 7407 | 48c7 c720 | 0100 0048 | 8b1c 3e48 
  0x00000242c7549304: 8d5b 0148 | 891c 3e0f | 8418 0000 

  0x00000242c7549310: ;   {metadata(method data for {method} {0x00000242de46b368} 'getName' '()Ljava/lang/String;' in 'java/lang/Class')}
  0x00000242c7549310: 0048 bee8 | 7c03 1f43 | 0200 00ff | 8630 0100 | 0048 8bf2 | e936 0000 

  0x00000242c7549328: ;   {oop(a 'java/lang/Class'{0x00000007017088b8} = 'kotlin/jvm/internal/Intrinsics')}
  0x00000242c7549328: 0048 bab8 | 8870 0107 | 0000 0048 

  0x00000242c7549334: ;   {metadata(method data for {method} {0x00000242de46b368} 'getName' '()Ljava/lang/String;' in 'java/lang/Class')}
  0x00000242c7549334: 8bf2 48bf | e87c 031f | 4302 0000 | 4883 8748 | 0100 0001 | 0f1f 8000 

  0x00000242c754934c: ;   {optimized virtual_call}
  0x00000242c754934c: 0000 00e8 

  0x00000242c7549350: ; ImmutableOopMap {[176]=Oop [208]=Oop [216]=Oop [224]=Oop [232]=Oop [256]=Oop [280]=Oop [288]=Oop }
                      ;*invokevirtual initClassName {reexecute=0 rethrow=0 return_oop=0}
                      ; - java.lang.Class::getName@14 (line 950)
                      ; - kotlin.jvm.internal.Intrinsics::sanitizeStackTrace@3 (line 253)
                      ; - kotlin.jvm.internal.Intrinsics::throwParameterIsNullNPE@11 (line 140)
                      ; - kotlin.jvm.internal.Intrinsics::checkNotNullParameter@5 (line 131)
                      ; - kotlin.Result$Failure::<init>@3
                      ; - kotlin.ResultKt::createFailure@11 (line 122)
                      ; - kotlinx.coroutines.DispatchedTask::run@273 (line 98)
  0x00000242c7549350: 2c57 0907 

  0x00000242c7549354: ;   {other}
  0x00000242c7549354: 0f1f 8400 | 4419 0010 | 488b f048 | 8b84 2418 | 0100 00e9 | cb0f 0000 | 488b fb4c 

  0x00000242c7549370: ;   {metadata(method data for {method} {0x000002431f50ee40} '<init>' '(Ljava/lang/Throwable;)V' in 'kotlin/Result$Failure')}
  0x00000242c7549370: 8bc0 48ba | 1888 dc20 | 4302 0000 | 4883 8220 | 0100 0001 

  0x00000242c7549384: ;   {metadata(method data for {method} {0x00000242de476650} '<init>' '()V' in 'java/lang/Object')}
  0x00000242c7549384: 49b8 5068 | 001f 4302 | 0000 418b | 90cc 0000 | 0083 c202 | 4189 90cc | 0000 0081 | e2fe ff1f 
  0x00000242c75493a4: 0085 d20f | 84d2 1900 | 0045 0fbe | 4740 4585 | c00f 85e5 | 1900 004c | 8bd7 49c1 | ea03 4489 
  0x00000242c75493c4: 500c 4c8b | c04c 33c7 | 49c1 e815 | 4983 f800 | 0f85 e619 

  0x00000242c75493d8: ;   {metadata(method data for {method} {0x000002431f5013b0} 'run' '()V' in 'kotlinx/coroutines/DispatchedTask')}
  0x00000242c75493d8: 0000 49b8 | b895 dc20 | 4302 0000 | 4983 8088 | 0700 0001 

  0x00000242c75493ec: ;   {metadata(method data for {method} {0x000002431f50cf08} 'constructor-impl' '(Ljava/lang/Object;)Ljava/lang/Object;' in 'kotlin/Result')}
  0x00000242c75493ec: 49b8 5005 | d820 4302 | 0000 418b | 90cc 0000 | 0083 c202 | 4189 90cc | 0000 0081 | e2fe ff1f 
  0x00000242c754940c: 0085 d20f | 84c3 1900 | 0048 8bb4 | 24d0 0000 

  0x00000242c754941c: ;   {metadata(method data for {method} {0x000002431f5013b0} 'run' '()V' in 'kotlinx/coroutines/DispatchedTask')}
  0x00000242c754941c: 0049 b8b8 | 95dc 2043 | 0200 008b | 7608 49ba | 0000 00de | 4202 0000 | 4903 f249 | 3bb0 a807 
  0x00000242c754943c: 0000 750d | 4983 80b0 | 0700 0001 | e960 0000 | 0049 3bb0 | b807 0000 | 750d 4983 | 80c0 0700 
  0x00000242c754945c: 0001 e94a | 0000 0049 | 83b8 a807 | 0000 0075 | 1749 89b0 | a807 0000 | 49c7 80b0 | 0700 0001 
  0x00000242c754947c: 0000 00e9 | 2900 0000 | 4983 b8b8 | 0700 0000 | 7517 4989 | b0b8 0700 | 0049 c780 | c007 0000 
  0x00000242c754949c: 0100 0000 | e908 0000 | 0049 8380 | 9807 0000 | 014c 8bc0 | 488b 9424 | d000 0000 | 0f1f 4400 
  0x00000242c75494bc: 0048 b800 | af66 2343 

  0x00000242c75494c4: ;   {virtual_call}
  0x00000242c75494c4: 0200 00e8 

  0x00000242c75494c8: ; ImmutableOopMap {[176]=Oop [216]=Oop [224]=Oop [232]=Oop }
                      ;*invokeinterface resumeWith {reexecute=0 rethrow=0 return_oop=0}
                      ; - kotlinx.coroutines.DispatchedTask::run@279 (line 98)
  0x00000242c75494c8: d4de 1507 

  0x00000242c75494cc: ;   {other}
  0x00000242c75494cc: 0f1f 8400 | bc1a 0011 

  0x00000242c75494d4: ;   {metadata(method data for {method} {0x000002431f5013b0} 'run' '()V' in 'kotlinx/coroutines/DispatchedTask')}
  0x00000242c75494d4: 49b8 b895 | dc20 4302 | 0000 41ff | 80d0 0700 | 00e9 120b | 0000 488b | 9424 b000 

  0x00000242c75494f0: ;   {metadata(method data for {method} {0x000002431f5013b0} 'run' '()V' in 'kotlinx/coroutines/DispatchedTask')}
  0x00000242c75494f0: 0000 49b8 | b895 dc20 | 4302 0000 | 8b52 0849 | ba00 0000 | de42 0200 | 0049 03d2 | 493b 90f8 
  0x00000242c7549510: 0700 0075 | 0d49 8380 | 0008 0000 | 01e9 6000 | 0000 493b | 9008 0800 | 0075 0d49 | 8380 1008 
  0x00000242c7549530: 0000 01e9 | 4a00 0000 | 4983 b8f8 | 0700 0000 | 7517 4989 | 90f8 0700 | 0049 c780 | 0008 0000 
  0x00000242c7549550: 0100 0000 | e929 0000 | 0049 83b8 | 0808 0000 | 0075 1749 | 8990 0808 | 0000 49c7 | 8010 0800 
  0x00000242c7549570: 0001 0000 | 00e9 0800 | 0000 4983 | 80e8 0700 | 0001 4c8b | 8424 f800 | 0000 488b | 9424 b000 
  0x00000242c7549590: 0000 6666 | 9048 b8ff | ffff ffff 

  0x00000242c754959c: ;   {virtual_call}
  0x00000242c754959c: ffff ffe8 

  0x00000242c75495a0: ; ImmutableOopMap {[176]=Oop [208]=Oop [216]=Oop [224]=Oop [232]=Oop }
                      ;*invokevirtual getSuccessfulResult$kotlinx_coroutines_core {reexecute=0 rethrow=0 return_oop=0}
                      ; - kotlinx.coroutines.DispatchedTask::run@295 (line 100)
  0x00000242c75495a0: 84e4 1507 

  0x00000242c75495a4: ;   {other}
  0x00000242c75495a4: 0f1f 8400 | 941b 0012 

  0x00000242c75495ac: ;   {metadata(method data for {method} {0x000002431f5013b0} 'run' '()V' in 'kotlinx/coroutines/DispatchedTask')}
  0x00000242c75495ac: 49b8 b895 | dc20 4302 | 0000 4983 | 8020 0800 

  0x00000242c75495bc: ;   {metadata(method data for {method} {0x000002431f50cf08} 'constructor-impl' '(Ljava/lang/Object;)Ljava/lang/Object;' in 'kotlin/Result')}
  0x00000242c75495bc: 0001 49b8 | 5005 d820 | 4302 0000 | 418b 90cc | 0000 0083 | c202 4189 | 90cc 0000 | 0081 e2fe 
  0x00000242c75495dc: ff1f 0085 | d20f 8412 | 1800 0048 | 8bb4 24d0 

  0x00000242c75495ec: ;   {metadata(method data for {method} {0x000002431f5013b0} 'run' '()V' in 'kotlinx/coroutines/DispatchedTask')}
  0x00000242c75495ec: 0000 0049 | b8b8 95dc | 2043 0200 | 008b 7608 | 49ba 0000 | 00de 4202 | 0000 4903 | f249 3bb0 
  0x00000242c754960c: 4008 0000 | 750d 4983 | 8048 0800 | 0001 e960 | 0000 0049 | 3bb0 5008 | 0000 750d | 4983 8058 
  0x00000242c754962c: 0800 0001 | e94a 0000 | 0049 83b8 | 4008 0000 | 0075 1749 | 89b0 4008 | 0000 49c7 | 8048 0800 
  0x00000242c754964c: 0001 0000 | 00e9 2900 | 0000 4983 | b850 0800 | 0000 7517 | 4989 b050 | 0800 0049 | c780 5808 
  0x00000242c754966c: 0000 0100 | 0000 e908 | 0000 0049 | 8380 3008 | 0000 014c | 8bc0 488b | 9424 d000 | 0000 6666 
  0x00000242c754968c: 9048 b8a0 | 1473 2e43 

  0x00000242c7549694: ;   {virtual_call}
  0x00000242c7549694: 0200 00e8 

  0x00000242c7549698: ; ImmutableOopMap {[176]=Oop [216]=Oop [224]=Oop [232]=Oop }
                      ;*invokeinterface resumeWith {reexecute=0 rethrow=0 return_oop=0}
                      ; - kotlinx.coroutines.DispatchedTask::run@301 (line 100)
  0x00000242c7549698: 04dd 1507 

  0x00000242c754969c: ;   {other}
  0x00000242c754969c: 0f1f 8400 | 8c1c 0013 | e953 0900 | 0048 8bb4 | 2408 0100 | 0048 85f6 | 0f84 2900 

  0x00000242c75496b8: ;   {metadata('kotlinx/coroutines/JobSupport')}
  0x00000242c75496b8: 0000 48b9 | 185c 08df | 4202 0000 | 8b5e 0849 | ba00 0000 | de42 0200 | 0049 03da | 483b 4b38 
  0x00000242c75496d8: 0f85 3c17 | 0000 e900 | 0000 0048 | 8bd6 488b 

  0x00000242c75496e8: ;   {metadata(method data for {method} {0x000002431f5013b0} 'run' '()V' in 'kotlinx/coroutines/DispatchedTask')}
  0x00000242c75496e8: d648 bfb8 | 95dc 2043 | 0200 008b | 5208 49ba | 0000 00de | 4202 0000 | 4903 d248 | 3b97 f804 
  0x00000242c7549708: 0000 750d | 4883 8700 | 0500 0001 | e960 0000 | 0048 3b97 | 0805 0000 | 750d 4883 | 8710 0500 
  0x00000242c7549728: 0001 e94a | 0000 0048 | 83bf f804 | 0000 0075 | 1748 8997 | f804 0000 | 48c7 8700 | 0500 0001 
  0x00000242c7549748: 0000 00e9 | 2900 0000 | 4883 bf08 | 0500 0000 | 7517 4889 | 9708 0500 | 0048 c787 | 1005 0000 
  0x00000242c7549768: 0100 0000 | e908 0000 | 0048 8387 | e804 0000 | 0148 8bd6 

  0x00000242c754977c: ;   {optimized virtual_call}
  0x00000242c754977c: 6666 90e8 

  0x00000242c7549780: ; ImmutableOopMap {[176]=Oop [208]=Oop [216]=Oop [224]=Oop [232]=Oop [248]=Oop }
                      ;*invokeinterface getCancellationException {reexecute=0 rethrow=0 return_oop=0}
                      ; - kotlinx.coroutines.DispatchedTask::run@178 (line 93)
  0x00000242c7549780: 491a 0000 

  0x00000242c7549784: ;   {other}
  0x00000242c7549784: 0f1f 8400 | 741d 0014 | 4889 8424 | 2801 0000 | 488b 9424 | b000 0000 

  0x00000242c754979c: ;   {metadata(method data for {method} {0x000002431f5013b0} 'run' '()V' in 'kotlinx/coroutines/DispatchedTask')}
  0x00000242c754979c: 49b8 b895 | dc20 4302 | 0000 8b52 | 0849 ba00 | 0000 de42 | 0200 0049 | 03d2 493b | 9068 0500 
  0x00000242c75497bc: 0075 0d49 | 8380 7005 | 0000 01e9 | 6000 0000 | 493b 9078 | 0500 0075 | 0d49 8380 | 8005 0000 
  0x00000242c75497dc: 01e9 4a00 | 0000 4983 | b868 0500 | 0000 7517 | 4989 9068 | 0500 0049 | c780 7005 | 0000 0100 
  0x00000242c75497fc: 0000 e929 | 0000 0049 | 83b8 7805 | 0000 0075 | 1749 8990 | 7805 0000 | 49c7 8080 | 0500 0001 
  0x00000242c754981c: 0000 00e9 | 0800 0000 | 4983 8058 | 0500 0001 | 4c8b 8424 | f800 0000 | 4c8b c848 | 8b94 24b0 
  0x00000242c754983c: 0000 0066 | 0f1f 4400 | 0048 b8ff | ffff ffff 

  0x00000242c754984c: ;   {virtual_call}
  0x00000242c754984c: ffff ffe8 

  0x00000242c7549850: ; ImmutableOopMap {[176]=Oop [208]=Oop [216]=Oop [224]=Oop [232]=Oop [296]=Oop }
                      ;*invokevirtual cancelCompletedResult$kotlinx_coroutines_core {reexecute=0 rethrow=0 return_oop=0}
                      ; - kotlinx.coroutines.DispatchedTask::run@193 (line 94)
  0x00000242c7549850: 2cde 1507 

  0x00000242c7549854: ;   {other}
  0x00000242c7549854: 0f1f 8400 | 441e 0015 

  0x00000242c754985c: ;   {metadata(method data for {method} {0x000002431f5013b0} 'run' '()V' in 'kotlinx/coroutines/DispatchedTask')}
  0x00000242c754985c: 48ba b895 | dc20 4302 | 0000 4883 | 8290 0500 

  0x00000242c754986c: ;   {metadata(method data for {method} {0x000002431f4de568} 'getRECOVER_STACK_TRACES' '()Z' in 'kotlinx/coroutines/DebugKt')}
  0x00000242c754986c: 0001 48ba | 30af dc20 | 4302 0000 | 8bb2 cc00 | 0000 83c6 | 0289 b2cc | 0000 0081 | e6fe ff1f 
  0x00000242c754988c: 0085 f60f | 848a 1500 

  0x00000242c7549894: ;   {metadata(method data for {method} {0x000002431f5013b0} 'run' '()V' in 'kotlinx/coroutines/DispatchedTask')}
  0x00000242c7549894: 0048 bab8 | 95dc 2043 | 0200 00ff | 82a0 0500 

  0x00000242c75498a4: ;   {metadata(method data for {method} {0x000002431f5013b0} 'run' '()V' in 'kotlinx/coroutines/DispatchedTask')}
  0x00000242c75498a4: 0048 bab8 | 95dc 2043 | 0200 00ff | 8250 0600 | 0048 8b84 | 2428 0100 

  0x00000242c75498bc: ;   {metadata(method data for {method} {0x000002431f5013b0} 'run' '()V' in 'kotlinx/coroutines/DispatchedTask')}
  0x00000242c75498bc: 0048 bab8 | 95dc 2043 | 0200 0048 | 8382 e806 

  0x00000242c75498cc: ;   {metadata(method data for {method} {0x000002431f5209e8} 'createFailure' '(Ljava/lang/Throwable;)Ljava/lang/Object;' in 'kotlin/ResultKt')}
  0x00000242c75498cc: 0000 0148 | baa8 86dc | 2043 0200 | 008b b2cc | 0000 0083 | c602 89b2 | cc00 0000 | 81e6 feff 
  0x00000242c75498ec: 1f00 85f6 | 0f84 4a15 

  0x00000242c75498f4: ;   {metadata(method data for {method} {0x000002431f5209e8} 'createFailure' '(Ljava/lang/Throwable;)Ljava/lang/Object;' in 'kotlin/ResultKt')}
  0x00000242c75498f4: 0000 48ba | a886 dc20 | 4302 0000 | 4883 8210 | 0100 0001 

  0x00000242c7549908: ;   {metadata(method data for {method} {0x000002431f415410} 'checkNotNullParameter' '(Ljava/lang/Object;Ljava/lang/String;)V' in 'kotlin/jvm/internal/Intrinsics')}
  0x00000242c7549908: 48ba b0c3 | 5b1f 4302 | 0000 8bb2 | cc00 0000 | 83c6 0289 | b2cc 0000 | 0081 e6fe | ff1f 0085 
  0x00000242c7549928: f60f 8432 | 1500 0048 

  0x00000242c7549930: ;   {metadata(method data for {method} {0x000002431f415410} 'checkNotNullParameter' '(Ljava/lang/Object;Ljava/lang/String;)V' in 'kotlin/jvm/internal/Intrinsics')}
  0x00000242c7549930: 85c0 48ba | b0c3 5b1f | 4302 0000 | 48c7 c610 | 0100 0075 | 0748 c7c6 | 2001 0000 | 488b 3c32 
  0x00000242c7549950: 488d 7f01 | 4889 3c32 | 0f85 1602 

  0x00000242c754995c: ;   {metadata(method data for {method} {0x000002431f415410} 'checkNotNullParameter' '(Ljava/lang/Object;Ljava/lang/String;)V' in 'kotlin/jvm/internal/Intrinsics')}
  0x00000242c754995c: 0000 48ba | b0c3 5b1f | 4302 0000 | 4883 8230 | 0100 0001 

  0x00000242c7549970: ;   {metadata(method data for {method} {0x000002431f415590} 'throwParameterIsNullNPE' '(Ljava/lang/String;)V' in 'kotlin/jvm/internal/Intrinsics')}
  0x00000242c7549970: 48ba 38c5 | 5b1f 4302 | 0000 8bb2 | cc00 0000 | 83c6 0289 | b2cc 0000 | 0081 e6fe | ff1f 0085 
  0x00000242c7549990: f60f 84eb | 1400 0090 

  0x00000242c7549998: ;   {no_reloc}
  0x00000242c7549998: e915 1500 | 0000 0000 | 0000 498b | 87b8 0100 | 0048 8d78 | 3049 3bbf | c801 0000 | 0f87 0215 
  0x00000242c75499b8: 0000 4989 | bfb8 0100 | 0048 c700 | 0100 0000 | 488b ca49 | ba00 0000 | de42 0200 | 0049 2bca 
  0x00000242c75499d8: 8948 0848 | 33c9 8948 | 0c48 33c9 | 4889 4810 | 4889 4818 | 4889 4820 | 4889 4828 

  0x00000242c75499f4: ;   {metadata(method data for {method} {0x000002431f415590} 'throwParameterIsNullNPE' '(Ljava/lang/String;)V' in 'kotlin/jvm/internal/Intrinsics')}
  0x00000242c75499f4: 48ba 38c5 | 5b1f 4302 | 0000 4883 | 8210 0100 

  0x00000242c7549a04: ;   {oop("exception"{0x000000070173c330})}
  0x00000242c7549a04: 0001 48ba | 30c3 7301 | 0700 0000 | 4889 8424 | 3001 0000 | 0f1f 8000 

  0x00000242c7549a1c: ;   {static_call}
  0x00000242c7549a1c: 0000 00e8 

  0x00000242c7549a20: ; ImmutableOopMap {[176]=Oop [208]=Oop [216]=Oop [224]=Oop [232]=Oop [296]=Oop [304]=Oop }
                      ;*invokestatic createParameterIsNullExceptionMessage {reexecute=0 rethrow=0 return_oop=0}
                      ; - kotlin.jvm.internal.Intrinsics::throwParameterIsNullNPE@5 (line 140)
                      ; - kotlin.jvm.internal.Intrinsics::checkNotNullParameter@5 (line 131)
                      ; - kotlin.ResultKt::createFailure@3
                      ; - kotlinx.coroutines.DispatchedTask::run@246 (line 232)
  0x00000242c7549a20: 5c56 0907 

  0x00000242c7549a24: ;   {other}
  0x00000242c7549a24: 0f1f 8400 | 1420 0016 | 4c8b 8424 | 3001 0000 

  0x00000242c7549a34: ;   {metadata(method data for {method} {0x000002431f415590} 'throwParameterIsNullNPE' '(Ljava/lang/String;)V' in 'kotlin/jvm/internal/Intrinsics')}
  0x00000242c7549a34: 48ba 38c5 | 5b1f 4302 | 0000 4883 | 8220 0100 | 0001 4c8b | c048 8b94 | 2430 0100 | 0066 0f1f 
  0x00000242c7549a54: ;   {optimized virtual_call}
  0x00000242c7549a54: 4400 00e8 

  0x00000242c7549a58: ; ImmutableOopMap {[176]=Oop [208]=Oop [216]=Oop [224]=Oop [232]=Oop [296]=Oop [304]=Oop }
                      ;*invokespecial <init> {reexecute=0 rethrow=0 return_oop=0}
                      ; - kotlin.jvm.internal.Intrinsics::throwParameterIsNullNPE@8 (line 140)
                      ; - kotlin.jvm.internal.Intrinsics::checkNotNullParameter@5 (line 131)
                      ; - kotlin.ResultKt::createFailure@3
                      ; - kotlinx.coroutines.DispatchedTask::run@246 (line 232)
  0x00000242c7549a58: 2450 0907 

  0x00000242c7549a5c: ;   {other}
  0x00000242c7549a5c: 0f1f 8400 | 4c20 0017 

  0x00000242c7549a64: ;   {metadata(method data for {method} {0x000002431f415590} 'throwParameterIsNullNPE' '(Ljava/lang/String;)V' in 'kotlin/jvm/internal/Intrinsics')}
  0x00000242c7549a64: 48ba 38c5 | 5b1f 4302 | 0000 4883 | 8230 0100 

  0x00000242c7549a74: ;   {metadata(method data for {method} {0x000002431f4164f8} 'sanitizeStackTrace' '(Ljava/lang/Throwable;)Ljava/lang/Throwable;' in 'kotlin/jvm/internal/Intrinsics')}
  0x00000242c7549a74: 0001 48ba | 18cc 5b1f | 4302 0000 | 8bb2 cc00 | 0000 83c6 | 0289 b2cc | 0000 0081 | e6fe ff1f 
  0x00000242c7549a94: 0085 f60f | 842c 1400 

  0x00000242c7549a9c: ;   {oop(a 'java/lang/Class'{0x00000007017088b8} = 'kotlin/jvm/internal/Intrinsics')}
  0x00000242c7549a9c: 0048 bab8 | 8870 0107 | 0000 0048 

  0x00000242c7549aa8: ;   {metadata(method data for {method} {0x000002431f4164f8} 'sanitizeStackTrace' '(Ljava/lang/Throwable;)Ljava/lang/Throwable;' in 'kotlin/jvm/internal/Intrinsics')}
  0x00000242c7549aa8: 8bf2 48bf | 18cc 5b1f | 4302 0000 | 4883 8710 | 0100 0001 

  0x00000242c7549abc: ;   {metadata(method data for {method} {0x00000242de46b368} 'getName' '()Ljava/lang/String;' in 'java/lang/Class')}
  0x00000242c7549abc: 48be e87c | 031f 4302 | 0000 8bbe | cc00 0000 | 83c7 0289 | becc 0000 | 0081 e7fe | ff1f 0085 
  0x00000242c7549adc: ff0f 8407 | 1400 008b | 522c 48c1 | e203 4885 

  0x00000242c7549aec: ;   {metadata(method data for {method} {0x00000242de46b368} 'getName' '()Ljava/lang/String;' in 'java/lang/Class')}
  0x00000242c7549aec: d248 bee8 | 7c03 1f43 | 0200 0048 | c7c7 1001 | 0000 7407 | 48c7 c720 | 0100 0048 | 8b1c 3e48 
  0x00000242c7549b0c: 8d5b 0148 | 891c 3e0f | 8418 0000 

  0x00000242c7549b18: ;   {metadata(method data for {method} {0x00000242de46b368} 'getName' '()Ljava/lang/String;' in 'java/lang/Class')}
  0x00000242c7549b18: 0048 bee8 | 7c03 1f43 | 0200 00ff | 8630 0100 | 0048 8bf2 | e936 0000 

  0x00000242c7549b30: ;   {oop(a 'java/lang/Class'{0x00000007017088b8} = 'kotlin/jvm/internal/Intrinsics')}
  0x00000242c7549b30: 0048 bab8 | 8870 0107 | 0000 0048 

  0x00000242c7549b3c: ;   {metadata(method data for {method} {0x00000242de46b368} 'getName' '()Ljava/lang/String;' in 'java/lang/Class')}
  0x00000242c7549b3c: 8bf2 48bf | e87c 031f | 4302 0000 | 4883 8748 | 0100 0001 | 0f1f 8000 

  0x00000242c7549b54: ;   {optimized virtual_call}
  0x00000242c7549b54: 0000 00e8 

  0x00000242c7549b58: ; ImmutableOopMap {[176]=Oop [208]=Oop [216]=Oop [224]=Oop [232]=Oop [296]=Oop [304]=Oop }
                      ;*invokevirtual initClassName {reexecute=0 rethrow=0 return_oop=0}
                      ; - java.lang.Class::getName@14 (line 950)
                      ; - kotlin.jvm.internal.Intrinsics::sanitizeStackTrace@3 (line 253)
                      ; - kotlin.jvm.internal.Intrinsics::throwParameterIsNullNPE@11 (line 140)
                      ; - kotlin.jvm.internal.Intrinsics::checkNotNullParameter@5 (line 131)
                      ; - kotlin.ResultKt::createFailure@3
                      ; - kotlinx.coroutines.DispatchedTask::run@246 (line 232)
  0x00000242c7549b58: 244f 0907 

  0x00000242c7549b5c: ;   {other}
  0x00000242c7549b5c: 0f1f 8400 | 4c21 0018 | 488b f048 | 8b84 2430 | 0100 00e9 | 9b06 0000 

  0x00000242c7549b74: ;   {metadata('kotlin/Result$Failure')}
  0x00000242c7549b74: 48ba 48ea | 08df 4202 | 0000 488b | d849 8b87 | b801 0000 | 488d 7810 | 493b bfc8 | 0100 000f 
  0x00000242c7549b94: 8777 1300 | 0049 89bf | b801 0000 | 48c7 0001 | 0000 0048 | 8bca 49ba | 0000 00de | 4202 0000 
  0x00000242c7549bb4: 492b ca89 | 4808 4833 | c989 480c | 4833 c948 | 8984 2440 | 0100 0048 

  0x00000242c7549bcc: ;   {metadata(method data for {method} {0x000002431f5209e8} 'createFailure' '(Ljava/lang/Throwable;)Ljava/lang/Object;' in 'kotlin/ResultKt')}
  0x00000242c7549bcc: 8bd0 48be | a886 dc20 | 4302 0000 | 4883 8620 | 0100 0001 

  0x00000242c7549be0: ;   {metadata(method data for {method} {0x000002431f50ee40} '<init>' '(Ljava/lang/Throwable;)V' in 'kotlin/Result$Failure')}
  0x00000242c7549be0: 48ba 1888 | dc20 4302 | 0000 8bb2 | cc00 0000 | 83c6 0289 | b2cc 0000 | 0081 e6fe | ff1f 0085 
  0x00000242c7549c00: f60f 8416 

  0x00000242c7549c04: ;   {metadata(method data for {method} {0x000002431f50ee40} '<init>' '(Ljava/lang/Throwable;)V' in 'kotlin/Result$Failure')}
  0x00000242c7549c04: 1300 0048 | ba18 88dc | 2043 0200 | 0048 8382 | 1001 0000 

  0x00000242c7549c18: ;   {metadata(method data for {method} {0x000002431f415410} 'checkNotNullParameter' '(Ljava/lang/Object;Ljava/lang/String;)V' in 'kotlin/jvm/internal/Intrinsics')}
  0x00000242c7549c18: 0148 bab0 | c35b 1f43 | 0200 008b | b2cc 0000 | 0083 c602 | 89b2 cc00 | 0000 81e6 | feff 1f00 
  0x00000242c7549c38: 85f6 0f84 | fe12 0000 

  0x00000242c7549c40: ;   {metadata(method data for {method} {0x000002431f415410} 'checkNotNullParameter' '(Ljava/lang/Object;Ljava/lang/String;)V' in 'kotlin/jvm/internal/Intrinsics')}
  0x00000242c7549c40: 4885 db48 | bab0 c35b | 1f43 0200 | 0048 c7c6 | 1001 0000 | 7507 48c7 | c620 0100 | 0048 8b3c 
  0x00000242c7549c60: 3248 8d7f | 0148 893c | 320f 8515 

  0x00000242c7549c6c: ;   {metadata(method data for {method} {0x000002431f415410} 'checkNotNullParameter' '(Ljava/lang/Object;Ljava/lang/String;)V' in 'kotlin/jvm/internal/Intrinsics')}
  0x00000242c7549c6c: 0200 0048 | bab0 c35b | 1f43 0200 | 0048 8382 | 3001 0000 

  0x00000242c7549c80: ;   {metadata(method data for {method} {0x000002431f415590} 'throwParameterIsNullNPE' '(Ljava/lang/String;)V' in 'kotlin/jvm/internal/Intrinsics')}
  0x00000242c7549c80: 0148 ba38 | c55b 1f43 | 0200 008b | b2cc 0000 | 0083 c602 | 89b2 cc00 | 0000 81e6 | feff 1f00 
  0x00000242c7549ca0: 85f6 0f84 | b712 0000 

  0x00000242c7549ca8: ;   {no_reloc}
  0x00000242c7549ca8: e9e2 1200 | 0000 0000 | 0000 498b | 87b8 0100 | 0048 8d78 | 3049 3bbf | c801 0000 | 0f87 cf12 
  0x00000242c7549cc8: 0000 4989 | bfb8 0100 | 0048 c700 | 0100 0000 | 488b ca49 | ba00 0000 | de42 0200 | 0049 2bca 
  0x00000242c7549ce8: 8948 0848 | 33c9 8948 | 0c48 33c9 | 4889 4810 | 4889 4818 | 4889 4820 | 4889 4828 

  0x00000242c7549d04: ;   {metadata(method data for {method} {0x000002431f415590} 'throwParameterIsNullNPE' '(Ljava/lang/String;)V' in 'kotlin/jvm/internal/Intrinsics')}
  0x00000242c7549d04: 48ba 38c5 | 5b1f 4302 | 0000 4883 | 8210 0100 

  0x00000242c7549d14: ;   {oop("exception"{0x000000070173c330})}
  0x00000242c7549d14: 0001 48ba | 30c3 7301 | 0700 0000 | 4889 8424 | 3801 0000 | 0f1f 8000 

  0x00000242c7549d2c: ;   {static_call}
  0x00000242c7549d2c: 0000 00e8 

  0x00000242c7549d30: ; ImmutableOopMap {[176]=Oop [208]=Oop [216]=Oop [224]=Oop [232]=Oop [296]=Oop [312]=Oop [320]=Oop }
                      ;*invokestatic createParameterIsNullExceptionMessage {reexecute=0 rethrow=0 return_oop=0}
                      ; - kotlin.jvm.internal.Intrinsics::throwParameterIsNullNPE@5 (line 140)
                      ; - kotlin.jvm.internal.Intrinsics::checkNotNullParameter@5 (line 131)
                      ; - kotlin.Result$Failure::<init>@3
                      ; - kotlin.ResultKt::createFailure@11 (line 122)
                      ; - kotlinx.coroutines.DispatchedTask::run@246 (line 232)
  0x00000242c7549d30: 4c53 0907 

  0x00000242c7549d34: ;   {other}
  0x00000242c7549d34: 0f1f 8400 | 2423 0019 | 4c8b 8424 | 3801 0000 

  0x00000242c7549d44: ;   {metadata(method data for {method} {0x000002431f415590} 'throwParameterIsNullNPE' '(Ljava/lang/String;)V' in 'kotlin/jvm/internal/Intrinsics')}
  0x00000242c7549d44: 48ba 38c5 | 5b1f 4302 | 0000 4883 | 8220 0100 | 0001 4c8b | c048 8b94 | 2438 0100 | 0066 0f1f 
  0x00000242c7549d64: ;   {optimized virtual_call}
  0x00000242c7549d64: 4400 00e8 

  0x00000242c7549d68: ; ImmutableOopMap {[176]=Oop [208]=Oop [216]=Oop [224]=Oop [232]=Oop [296]=Oop [312]=Oop [320]=Oop }
                      ;*invokespecial <init> {reexecute=0 rethrow=0 return_oop=0}
                      ; - kotlin.jvm.internal.Intrinsics::throwParameterIsNullNPE@8 (line 140)
                      ; - kotlin.jvm.internal.Intrinsics::checkNotNullParameter@5 (line 131)
                      ; - kotlin.Result$Failure::<init>@3
                      ; - kotlin.ResultKt::createFailure@11 (line 122)
                      ; - kotlinx.coroutines.DispatchedTask::run@246 (line 232)
  0x00000242c7549d68: 144d 0907 

  0x00000242c7549d6c: ;   {other}
  0x00000242c7549d6c: 0f1f 8400 | 5c23 001a 

  0x00000242c7549d74: ;   {metadata(method data for {method} {0x000002431f415590} 'throwParameterIsNullNPE' '(Ljava/lang/String;)V' in 'kotlin/jvm/internal/Intrinsics')}
  0x00000242c7549d74: 48ba 38c5 | 5b1f 4302 | 0000 4883 | 8230 0100 

  0x00000242c7549d84: ;   {metadata(method data for {method} {0x000002431f4164f8} 'sanitizeStackTrace' '(Ljava/lang/Throwable;)Ljava/lang/Throwable;' in 'kotlin/jvm/internal/Intrinsics')}
  0x00000242c7549d84: 0001 48ba | 18cc 5b1f | 4302 0000 | 8bb2 cc00 | 0000 83c6 | 0289 b2cc | 0000 0081 | e6fe ff1f 
  0x00000242c7549da4: 0085 f60f | 84f9 1100 

  0x00000242c7549dac: ;   {oop(a 'java/lang/Class'{0x00000007017088b8} = 'kotlin/jvm/internal/Intrinsics')}
  0x00000242c7549dac: 0048 bab8 | 8870 0107 | 0000 0048 

  0x00000242c7549db8: ;   {metadata(method data for {method} {0x000002431f4164f8} 'sanitizeStackTrace' '(Ljava/lang/Throwable;)Ljava/lang/Throwable;' in 'kotlin/jvm/internal/Intrinsics')}
  0x00000242c7549db8: 8bf2 48bf | 18cc 5b1f | 4302 0000 | 4883 8710 | 0100 0001 

  0x00000242c7549dcc: ;   {metadata(method data for {method} {0x00000242de46b368} 'getName' '()Ljava/lang/String;' in 'java/lang/Class')}
  0x00000242c7549dcc: 48be e87c | 031f 4302 | 0000 8bbe | cc00 0000 | 83c7 0289 | becc 0000 | 0081 e7fe | ff1f 0085 
  0x00000242c7549dec: ff0f 84d4 | 1100 008b | 522c 48c1 | e203 4885 

  0x00000242c7549dfc: ;   {metadata(method data for {method} {0x00000242de46b368} 'getName' '()Ljava/lang/String;' in 'java/lang/Class')}
  0x00000242c7549dfc: d248 bee8 | 7c03 1f43 | 0200 0048 | c7c7 1001 | 0000 7407 | 48c7 c720 | 0100 0048 | 8b1c 3e48 
  0x00000242c7549e1c: 8d5b 0148 | 891c 3e0f | 8418 0000 

  0x00000242c7549e28: ;   {metadata(method data for {method} {0x00000242de46b368} 'getName' '()Ljava/lang/String;' in 'java/lang/Class')}
  0x00000242c7549e28: 0048 bee8 | 7c03 1f43 | 0200 00ff | 8630 0100 | 0048 8bf2 | e936 0000 

  0x00000242c7549e40: ;   {oop(a 'java/lang/Class'{0x00000007017088b8} = 'kotlin/jvm/internal/Intrinsics')}
  0x00000242c7549e40: 0048 bab8 | 8870 0107 | 0000 0048 

  0x00000242c7549e4c: ;   {metadata(method data for {method} {0x00000242de46b368} 'getName' '()Ljava/lang/String;' in 'java/lang/Class')}
  0x00000242c7549e4c: 8bf2 48bf | e87c 031f | 4302 0000 | 4883 8748 | 0100 0001 | 0f1f 8000 

  0x00000242c7549e64: ;   {optimized virtual_call}
  0x00000242c7549e64: 0000 00e8 

  0x00000242c7549e68: ; ImmutableOopMap {[176]=Oop [208]=Oop [216]=Oop [224]=Oop [232]=Oop [296]=Oop [312]=Oop [320]=Oop }
                      ;*invokevirtual initClassName {reexecute=0 rethrow=0 return_oop=0}
                      ; - java.lang.Class::getName@14 (line 950)
                      ; - kotlin.jvm.internal.Intrinsics::sanitizeStackTrace@3 (line 253)
                      ; - kotlin.jvm.internal.Intrinsics::throwParameterIsNullNPE@11 (line 140)
                      ; - kotlin.jvm.internal.Intrinsics::checkNotNullParameter@5 (line 131)
                      ; - kotlin.Result$Failure::<init>@3
                      ; - kotlin.ResultKt::createFailure@11 (line 122)
                      ; - kotlinx.coroutines.DispatchedTask::run@246 (line 232)
  0x00000242c7549e68: 144c 0907 

  0x00000242c7549e6c: ;   {other}
  0x00000242c7549e6c: 0f1f 8400 | 5c24 001b | 488b f048 | 8b84 2438 | 0100 00e9 | 5e02 0000 | 488b fb4c 

  0x00000242c7549e88: ;   {metadata(method data for {method} {0x000002431f50ee40} '<init>' '(Ljava/lang/Throwable;)V' in 'kotlin/Result$Failure')}
  0x00000242c7549e88: 8bc0 48ba | 1888 dc20 | 4302 0000 | 4883 8220 | 0100 0001 

  0x00000242c7549e9c: ;   {metadata(method data for {method} {0x00000242de476650} '<init>' '()V' in 'java/lang/Object')}
  0x00000242c7549e9c: 49b8 5068 | 001f 4302 | 0000 418b | 90cc 0000 | 0083 c202 | 4189 90cc | 0000 0081 | e2fe ff1f 
  0x00000242c7549ebc: 0085 d20f | 8428 1100 | 0045 0fbe | 4740 4585 | c00f 853b | 1100 004c | 8bd7 49c1 | ea03 4489 
  0x00000242c7549edc: 500c 4c8b | c04c 33c7 | 49c1 e815 | 4983 f800 | 0f85 3c11 

  0x00000242c7549ef0: ;   {metadata(method data for {method} {0x000002431f5013b0} 'run' '()V' in 'kotlinx/coroutines/DispatchedTask')}
  0x00000242c7549ef0: 0000 49b8 | b895 dc20 | 4302 0000 | 4983 80f8 | 0600 0001 

  0x00000242c7549f04: ;   {metadata(method data for {method} {0x000002431f50cf08} 'constructor-impl' '(Ljava/lang/Object;)Ljava/lang/Object;' in 'kotlin/Result')}
  0x00000242c7549f04: 49b8 5005 | d820 4302 | 0000 418b | 90cc 0000 | 0083 c202 | 4189 90cc | 0000 0081 | e2fe ff1f 
  0x00000242c7549f24: 0085 d20f | 8419 1100 | 0048 8bb4 | 24d0 0000 

  0x00000242c7549f34: ;   {metadata(method data for {method} {0x000002431f5013b0} 'run' '()V' in 'kotlinx/coroutines/DispatchedTask')}
  0x00000242c7549f34: 0049 b8b8 | 95dc 2043 | 0200 008b | 7608 49ba | 0000 00de | 4202 0000 | 4903 f249 | 3bb0 1807 
  0x00000242c7549f54: 0000 750d | 4983 8020 | 0700 0001 | e960 0000 | 0049 3bb0 | 2807 0000 | 750d 4983 | 8030 0700 
  0x00000242c7549f74: 0001 e94a | 0000 0049 | 83b8 1807 | 0000 0075 | 1749 89b0 | 1807 0000 | 49c7 8020 | 0700 0001 
  0x00000242c7549f94: 0000 00e9 | 2900 0000 | 4983 b828 | 0700 0000 | 7517 4989 | b028 0700 | 0049 c780 | 3007 0000 
  0x00000242c7549fb4: 0100 0000 | e908 0000 | 0049 8380 | 0807 0000 | 014c 8bc0 | 488b 9424 | d000 0000 | 0f1f 4400 
  0x00000242c7549fd4: 0048 b8d0 | ae66 2343 

  0x00000242c7549fdc: ;   {virtual_call}
  0x00000242c7549fdc: 0200 00e8 

  0x00000242c7549fe0: ; ImmutableOopMap {[176]=Oop [216]=Oop [224]=Oop [232]=Oop }
                      ;*invokeinterface resumeWith {reexecute=0 rethrow=0 return_oop=0}
                      ; - kotlinx.coroutines.DispatchedTask::run@252 (line 232)
  0x00000242c7549fe0: bcd3 1507 

  0x00000242c7549fe4: ;   {other}
  0x00000242c7549fe4: 0f1f 8400 | d425 001c 

  0x00000242c7549fec: ;   {metadata(method data for {method} {0x000002431f5013b0} 'run' '()V' in 'kotlinx/coroutines/DispatchedTask')}
  0x00000242c7549fec: 48ba b895 | dc20 4302 | 0000 ff82 | 4007 0000 | 488b 8424 | e800 0000 

  0x00000242c754a004: ;   {metadata(method data for {method} {0x000002431f5013b0} 'run' '()V' in 'kotlinx/coroutines/DispatchedTask')}
  0x00000242c754a004: 4885 c048 | bab8 95dc | 2043 0200 | 0048 c7c6 | 6808 0000 | 7407 48c7 | c678 0800 | 0048 8b3c 
  0x00000242c754a024: 3248 8d7f | 0148 893c | 320f 8457 | 0000 0048 | 3b00 488b 

  0x00000242c754a038: ;   {metadata(method data for {method} {0x000002431f5013b0} 'run' '()V' in 'kotlinx/coroutines/DispatchedTask')}
  0x00000242c754a038: d048 beb8 | 95dc 2043 | 0200 0048 | 8386 8808 | 0000 0148 

  0x00000242c754a04c: ;   {optimized virtual_call}
  0x00000242c754a04c: 8bd0 90e8 

  0x00000242c754a050: ; ImmutableOopMap {[176]=Oop [216]=Oop [224]=Oop }
                      ;*invokevirtual clearThreadContext {reexecute=0 rethrow=0 return_oop=0}
                      ; - kotlinx.coroutines.DispatchedTask::run@319 (line 236)
  0x00000242c754a050: 2c4a 0907 

  0x00000242c754a054: ;   {other}
  0x00000242c754a054: 0f1f 8400 | 4426 001d 

  0x00000242c754a05c: ;   {metadata(method data for {method} {0x000002431f5013b0} 'run' '()V' in 'kotlinx/coroutines/DispatchedTask')}
  0x00000242c754a05c: 85c0 48ba | b895 dc20 | 4302 0000 | 49c7 c0c0 | 0800 0074 | 0749 c7c0 | d008 0000 | 4a8b 3402 
  0x00000242c754a07c: 488d 7601 | 4a89 3402 | 0f84 3200 

  0x00000242c754a088: ;   {metadata(method data for {method} {0x000002431f5013b0} 'run' '()V' in 'kotlinx/coroutines/DispatchedTask')}
  0x00000242c754a088: 0000 48ba | b895 dc20 | 4302 0000 | 4883 82e0 | 0800 0001 | 488b 9424 | d800 0000 | 4c8b 8424 
  0x00000242c754a0a8: e000 0000 

  0x00000242c754a0ac: ;   {static_call}
  0x00000242c754a0ac: 6666 90e8 

  0x00000242c754a0b0: ; ImmutableOopMap {[176]=Oop }
                      ;*invokestatic restoreThreadContext {reexecute=0 rethrow=0 return_oop=0}
                      ; - kotlinx.coroutines.DispatchedTask::run@329 (line 237)
  0x00000242c754a0b0: 6c8f 8207 

  0x00000242c754a0b4: ;   {other}
  0x00000242c754a0b4: 0f1f 8400 | a426 001e 

  0x00000242c754a0bc: ;   {metadata(method data for {method} {0x000002431f5013b0} 'run' '()V' in 'kotlinx/coroutines/DispatchedTask')}
  0x00000242c754a0bc: 48ba b895 | dc20 4302 | 0000 ff82 | f008 0000 | 4881 c470 | 0100 005d 

  0x00000242c754a0d4: ;   {poll_return}
  0x00000242c754a0d4: 493b a748 | 0400 000f | 878b 0f00 

  0x00000242c754a0e0: ;   {metadata(method data for {method} {0x000002431f4164f8} 'sanitizeStackTrace' '(Ljava/lang/Throwable;)Ljava/lang/Throwable;' in 'kotlin/jvm/internal/Intrinsics')}
  0x00000242c754a0e0: 00c3 48ba | 18cc 5b1f | 4302 0000 | 4883 8248 | 0100 0001 | 488b d04c | 8bc6 0f1f 

  0x00000242c754a0fc: ;   {static_call}
  0x00000242c754a0fc: 4400 00e8 

  0x00000242c754a100: ; ImmutableOopMap {[176]=Oop [208]=Oop [216]=Oop [224]=Oop [232]=Oop [296]=Oop [320]=Oop }
                      ;*invokestatic sanitizeStackTrace {reexecute=0 rethrow=0 return_oop=0}
                      ; - kotlin.jvm.internal.Intrinsics::sanitizeStackTrace@6 (line 253)
                      ; - kotlin.jvm.internal.Intrinsics::throwParameterIsNullNPE@11 (line 140)
                      ; - kotlin.jvm.internal.Intrinsics::checkNotNullParameter@5 (line 131)
                      ; - kotlin.Result$Failure::<init>@3
                      ; - kotlin.ResultKt::createFailure@11 (line 122)
                      ; - kotlinx.coroutines.DispatchedTask::run@246 (line 232)
  0x00000242c754a100: 7c4f 0907 

  0x00000242c754a104: ;   {other}
  0x00000242c754a104: 0f1f 8400 | f426 001f | 4c8b 8424 | 4001 0000 | 4885 c075 

  0x00000242c754a118: ;   {metadata(method data for {method} {0x000002431f415590} 'throwParameterIsNullNPE' '(Ljava/lang/String;)V' in 'kotlin/jvm/internal/Intrinsics')}
  0x00000242c754a118: 1648 be38 | c55b 1f43 | 0200 0080 | 8e39 0100 | 0001 e9cd 

  0x00000242c754a12c: ;   {metadata('java/lang/NullPointerException')}
  0x00000242c754a12c: 0000 0048 | bf88 cd06 | de42 0200 | 008b 7008 | 49ba 0000 | 00de 4202 | 0000 4903 | f248 3b7e 
  0x00000242c754a14c: 500f 858d 

  0x00000242c754a150: ;   {metadata(method data for {method} {0x000002431f415590} 'throwParameterIsNullNPE' '(Ljava/lang/String;)V' in 'kotlin/jvm/internal/Intrinsics')}
  0x00000242c754a150: 0000 0048 | be38 c55b | 1f43 0200 | 008b 7808 | 49ba 0000 | 00de 4202 | 0000 4903 | fa48 3bbe 
  0x00000242c754a170: 5001 0000 | 750d 4883 | 8658 0100 | 0001 e979 | 0000 0048 | 3bbe 6001 | 0000 750d | 4883 8668 
  0x00000242c754a190: 0100 0001 | e963 0000 | 0048 83be | 5001 0000 | 0075 1748 | 89be 5001 | 0000 48c7 | 8658 0100 
  0x00000242c754a1b0: 0001 0000 | 00e9 4200 | 0000 4883 | be60 0100 | 0000 7517 | 4889 be60 | 0100 0048 | c786 6801 
  0x00000242c754a1d0: 0000 0100 | 0000 e921 | 0000 00e9 | 1c00 0000 

  0x00000242c754a1e0: ;   {metadata(method data for {method} {0x000002431f415590} 'throwParameterIsNullNPE' '(Ljava/lang/String;)V' in 'kotlin/jvm/internal/Intrinsics')}
  0x00000242c754a1e0: 48be 38c5 | 5b1f 4302 | 0000 4883 | ae40 0100 | 0001 e98b | 0e00 00e9 | 0000 0000 

  0x00000242c754a1fc: ; implicit exception: dispatches to 0x00000242c754b08b
                      ; ImmutableOopMap {r8=Oop rax=Oop [176]=Oop [208]=Oop [216]=Oop [224]=Oop [232]=Oop [296]=Oop [320]=Oop }
                      ;*athrow {reexecute=1 rethrow=0 return_oop=0}
                      ; - (reexecute) kotlin.jvm.internal.Intrinsics::throwParameterIsNullNPE@17 (line 140)
                      ; - kotlin.jvm.internal.Intrinsics::checkNotNullParameter@5 (line 131)
                      ; - kotlin.Result$Failure::<init>@3
                      ; - kotlin.ResultKt::createFailure@11 (line 122)
                      ; - kotlinx.coroutines.DispatchedTask::run@246 (line 232)
                      ;   {section_word}
  0x00000242c754a1fc: 483b 0048 | baff a154 | c742 0200 

  0x00000242c754a208: ;   {runtime_call handle_exception_nofpu Runtime1 stub}
  0x00000242c754a208: 00e8 f236 

  0x00000242c754a20c: ;   {metadata(method data for {method} {0x000002431f4164f8} 'sanitizeStackTrace' '(Ljava/lang/Throwable;)Ljava/lang/Throwable;' in 'kotlin/jvm/internal/Intrinsics')}
  0x00000242c754a20c: 1507 9048 | ba18 cc5b | 1f43 0200 | 0048 8382 | 4801 0000 | 0148 8bd0 

  0x00000242c754a224: ;   {static_call}
  0x00000242c754a224: 4c8b c6e8 

  0x00000242c754a228: ; ImmutableOopMap {[176]=Oop [208]=Oop [216]=Oop [224]=Oop [232]=Oop [296]=Oop }
                      ;*invokestatic sanitizeStackTrace {reexecute=0 rethrow=0 return_oop=0}
                      ; - kotlin.jvm.internal.Intrinsics::sanitizeStackTrace@6 (line 253)
                      ; - kotlin.jvm.internal.Intrinsics::throwParameterIsNullNPE@11 (line 140)
                      ; - kotlin.jvm.internal.Intrinsics::checkNotNullParameter@5 (line 131)
                      ; - kotlin.ResultKt::createFailure@3
                      ; - kotlinx.coroutines.DispatchedTask::run@246 (line 232)
  0x00000242c754a228: 544e 0907 

  0x00000242c754a22c: ;   {other}
  0x00000242c754a22c: 0f1f 8400 | 1c28 0021 | 4c8b 8424 | 2801 0000 | 4885 c075 

  0x00000242c754a240: ;   {metadata(method data for {method} {0x000002431f415590} 'throwParameterIsNullNPE' '(Ljava/lang/String;)V' in 'kotlin/jvm/internal/Intrinsics')}
  0x00000242c754a240: 1648 be38 | c55b 1f43 | 0200 0080 | 8e39 0100 | 0001 e9cd 

  0x00000242c754a254: ;   {metadata('java/lang/NullPointerException')}
  0x00000242c754a254: 0000 0048 | bf88 cd06 | de42 0200 | 008b 7008 | 49ba 0000 | 00de 4202 | 0000 4903 | f248 3b7e 
  0x00000242c754a274: 500f 858d 

  0x00000242c754a278: ;   {metadata(method data for {method} {0x000002431f415590} 'throwParameterIsNullNPE' '(Ljava/lang/String;)V' in 'kotlin/jvm/internal/Intrinsics')}
  0x00000242c754a278: 0000 0048 | be38 c55b | 1f43 0200 | 008b 7808 | 49ba 0000 | 00de 4202 | 0000 4903 | fa48 3bbe 
  0x00000242c754a298: 5001 0000 | 750d 4883 | 8658 0100 | 0001 e979 | 0000 0048 | 3bbe 6001 | 0000 750d | 4883 8668 
  0x00000242c754a2b8: 0100 0001 | e963 0000 | 0048 83be | 5001 0000 | 0075 1748 | 89be 5001 | 0000 48c7 | 8658 0100 
  0x00000242c754a2d8: 0001 0000 | 00e9 4200 | 0000 4883 | be60 0100 | 0000 7517 | 4889 be60 | 0100 0048 | c786 6801 
  0x00000242c754a2f8: 0000 0100 | 0000 e921 | 0000 00e9 | 1c00 0000 

  0x00000242c754a308: ;   {metadata(method data for {method} {0x000002431f415590} 'throwParameterIsNullNPE' '(Ljava/lang/String;)V' in 'kotlin/jvm/internal/Intrinsics')}
  0x00000242c754a308: 48be 38c5 | 5b1f 4302 | 0000 4883 | ae40 0100 | 0001 e971 | 0d00 00e9 | 0000 0000 

  0x00000242c754a324: ; implicit exception: dispatches to 0x00000242c754b099
                      ; ImmutableOopMap {r8=Oop rax=Oop [176]=Oop [208]=Oop [216]=Oop [224]=Oop [232]=Oop [296]=Oop }
                      ;*athrow {reexecute=1 rethrow=0 return_oop=0}
                      ; - (reexecute) kotlin.jvm.internal.Intrinsics::throwParameterIsNullNPE@17 (line 140)
                      ; - kotlin.jvm.internal.Intrinsics::checkNotNullParameter@5 (line 131)
                      ; - kotlin.ResultKt::createFailure@3
                      ; - kotlinx.coroutines.DispatchedTask::run@246 (line 232)
                      ;   {section_word}
  0x00000242c754a324: 483b 0048 | ba27 a354 | c742 0200 

  0x00000242c754a330: ;   {runtime_call handle_exception_nofpu Runtime1 stub}
  0x00000242c754a330: 00e8 ca35 

  0x00000242c754a334: ;   {metadata(method data for {method} {0x000002431f4164f8} 'sanitizeStackTrace' '(Ljava/lang/Throwable;)Ljava/lang/Throwable;' in 'kotlin/jvm/internal/Intrinsics')}
  0x00000242c754a334: 1507 9048 | ba18 cc5b | 1f43 0200 | 0048 8382 | 4801 0000 | 0148 8bd0 

  0x00000242c754a34c: ;   {static_call}
  0x00000242c754a34c: 4c8b c6e8 

  0x00000242c754a350: ; ImmutableOopMap {[176]=Oop [208]=Oop [216]=Oop [224]=Oop [232]=Oop [256]=Oop [288]=Oop }
                      ;*invokestatic sanitizeStackTrace {reexecute=0 rethrow=0 return_oop=0}
                      ; - kotlin.jvm.internal.Intrinsics::sanitizeStackTrace@6 (line 253)
                      ; - kotlin.jvm.internal.Intrinsics::throwParameterIsNullNPE@11 (line 140)
                      ; - kotlin.jvm.internal.Intrinsics::checkNotNullParameter@5 (line 131)
                      ; - kotlin.Result$Failure::<init>@3
                      ; - kotlin.ResultKt::createFailure@11 (line 122)
                      ; - kotlinx.coroutines.DispatchedTask::run@273 (line 98)
  0x00000242c754a350: 2c4d 0907 

  0x00000242c754a354: ;   {other}
  0x00000242c754a354: 0f1f 8400 | 4429 0023 | 4c8b 8424 | 2001 0000 | 4885 c075 

  0x00000242c754a368: ;   {metadata(method data for {method} {0x000002431f415590} 'throwParameterIsNullNPE' '(Ljava/lang/String;)V' in 'kotlin/jvm/internal/Intrinsics')}
  0x00000242c754a368: 1648 be38 | c55b 1f43 | 0200 0080 | 8e39 0100 | 0001 e9cd 

  0x00000242c754a37c: ;   {metadata('java/lang/NullPointerException')}
  0x00000242c754a37c: 0000 0048 | bf88 cd06 | de42 0200 | 008b 7008 | 49ba 0000 | 00de 4202 | 0000 4903 | f248 3b7e 
  0x00000242c754a39c: 500f 858d 

  0x00000242c754a3a0: ;   {metadata(method data for {method} {0x000002431f415590} 'throwParameterIsNullNPE' '(Ljava/lang/String;)V' in 'kotlin/jvm/internal/Intrinsics')}
  0x00000242c754a3a0: 0000 0048 | be38 c55b | 1f43 0200 | 008b 7808 | 49ba 0000 | 00de 4202 | 0000 4903 | fa48 3bbe 
  0x00000242c754a3c0: 5001 0000 | 750d 4883 | 8658 0100 | 0001 e979 | 0000 0048 | 3bbe 6001 | 0000 750d | 4883 8668 
  0x00000242c754a3e0: 0100 0001 | e963 0000 | 0048 83be | 5001 0000 | 0075 1748 | 89be 5001 | 0000 48c7 | 8658 0100 
  0x00000242c754a400: 0001 0000 | 00e9 4200 | 0000 4883 | be60 0100 | 0000 7517 | 4889 be60 | 0100 0048 | c786 6801 
  0x00000242c754a420: 0000 0100 | 0000 e921 | 0000 00e9 | 1c00 0000 

  0x00000242c754a430: ;   {metadata(method data for {method} {0x000002431f415590} 'throwParameterIsNullNPE' '(Ljava/lang/String;)V' in 'kotlin/jvm/internal/Intrinsics')}
  0x00000242c754a430: 48be 38c5 | 5b1f 4302 | 0000 4883 | ae40 0100 | 0001 e957 | 0c00 00e9 | 0000 0000 

  0x00000242c754a44c: ; implicit exception: dispatches to 0x00000242c754b0a7
                      ; ImmutableOopMap {r8=Oop rax=Oop [176]=Oop [208]=Oop [216]=Oop [224]=Oop [232]=Oop [256]=Oop [288]=Oop }
                      ;*athrow {reexecute=1 rethrow=0 return_oop=0}
                      ; - (reexecute) kotlin.jvm.internal.Intrinsics::throwParameterIsNullNPE@17 (line 140)
                      ; - kotlin.jvm.internal.Intrinsics::checkNotNullParameter@5 (line 131)
                      ; - kotlin.Result$Failure::<init>@3
                      ; - kotlin.ResultKt::createFailure@11 (line 122)
                      ; - kotlinx.coroutines.DispatchedTask::run@273 (line 98)
                      ;   {section_word}
  0x00000242c754a44c: 483b 0048 | ba4f a454 | c742 0200 

  0x00000242c754a458: ;   {runtime_call handle_exception_nofpu Runtime1 stub}
  0x00000242c754a458: 00e8 a234 

  0x00000242c754a45c: ;   {metadata(method data for {method} {0x000002431f4164f8} 'sanitizeStackTrace' '(Ljava/lang/Throwable;)Ljava/lang/Throwable;' in 'kotlin/jvm/internal/Intrinsics')}
  0x00000242c754a45c: 1507 9048 | ba18 cc5b | 1f43 0200 | 0048 8382 | 4801 0000 | 0148 8bd0 

  0x00000242c754a474: ;   {static_call}
  0x00000242c754a474: 4c8b c6e8 

  0x00000242c754a478: ; ImmutableOopMap {[176]=Oop [208]=Oop [216]=Oop [224]=Oop [232]=Oop [256]=Oop }
                      ;*invokestatic sanitizeStackTrace {reexecute=0 rethrow=0 return_oop=0}
                      ; - kotlin.jvm.internal.Intrinsics::sanitizeStackTrace@6 (line 253)
                      ; - kotlin.jvm.internal.Intrinsics::throwParameterIsNullNPE@11 (line 140)
                      ; - kotlin.jvm.internal.Intrinsics::checkNotNullParameter@5 (line 131)
                      ; - kotlin.ResultKt::createFailure@3
                      ; - kotlinx.coroutines.DispatchedTask::run@273 (line 98)
  0x00000242c754a478: 044c 0907 

  0x00000242c754a47c: ;   {other}
  0x00000242c754a47c: 0f1f 8400 | 6c2a 0025 | 488b b424 | 0001 0000 | 488b bc24 | d000 0000 | 4885 c075 

  0x00000242c754a498: ;   {metadata(method data for {method} {0x000002431f415590} 'throwParameterIsNullNPE' '(Ljava/lang/String;)V' in 'kotlin/jvm/internal/Intrinsics')}
  0x00000242c754a498: 1648 bb38 | c55b 1f43 | 0200 0080 | 8b39 0100 | 0001 e9cd 

  0x00000242c754a4ac: ;   {metadata('java/lang/NullPointerException')}
  0x00000242c754a4ac: 0000 0048 | b988 cd06 | de42 0200 | 008b 5808 | 49ba 0000 | 00de 4202 | 0000 4903 | da48 3b4b 
  0x00000242c754a4cc: 500f 858d 

  0x00000242c754a4d0: ;   {metadata(method data for {method} {0x000002431f415590} 'throwParameterIsNullNPE' '(Ljava/lang/String;)V' in 'kotlin/jvm/internal/Intrinsics')}
  0x00000242c754a4d0: 0000 0048 | bb38 c55b | 1f43 0200 | 008b 4808 | 49ba 0000 | 00de 4202 | 0000 4903 | ca48 3b8b 
  0x00000242c754a4f0: 5001 0000 | 750d 4883 | 8358 0100 | 0001 e979 | 0000 0048 | 3b8b 6001 | 0000 750d | 4883 8368 
  0x00000242c754a510: 0100 0001 | e963 0000 | 0048 83bb | 5001 0000 | 0075 1748 | 898b 5001 | 0000 48c7 | 8358 0100 
  0x00000242c754a530: 0001 0000 | 00e9 4200 | 0000 4883 | bb60 0100 | 0000 7517 | 4889 8b60 | 0100 0048 | c783 6801 
  0x00000242c754a550: 0000 0100 | 0000 e921 | 0000 00e9 | 1c00 0000 

  0x00000242c754a560: ;   {metadata(method data for {method} {0x000002431f415590} 'throwParameterIsNullNPE' '(Ljava/lang/String;)V' in 'kotlin/jvm/internal/Intrinsics')}
  0x00000242c754a560: 48bb 38c5 | 5b1f 4302 | 0000 4883 | ab40 0100 | 0001 e935 | 0b00 00e9 | 0000 0000 

  0x00000242c754a57c: ; implicit exception: dispatches to 0x00000242c754b0b5
                      ; ImmutableOopMap {rdi=Oop rsi=Oop rax=Oop [176]=Oop [216]=Oop [224]=Oop [232]=Oop [256]=Oop }
                      ;*athrow {reexecute=1 rethrow=0 return_oop=0}
                      ; - (reexecute) kotlin.jvm.internal.Intrinsics::throwParameterIsNullNPE@17 (line 140)
                      ; - kotlin.jvm.internal.Intrinsics::checkNotNullParameter@5 (line 131)
                      ; - kotlin.ResultKt::createFailure@3
                      ; - kotlinx.coroutines.DispatchedTask::run@273 (line 98)
                      ;   {section_word}
  0x00000242c754a57c: 483b 0048 | ba7f a554 | c742 0200 

  0x00000242c754a588: ;   {runtime_call handle_exception_nofpu Runtime1 stub}
  0x00000242c754a588: 00e8 7233 | 1507 9049 | 8b87 f804 | 0000 4d33 | d24d 8997 | f804 0000 | 4d33 d24d | 8997 0005 
  0x00000242c754a5a8: 0000 488b | 9424 e800 | 0000 4885 

  0x00000242c754a5b4: ;   {metadata(method data for {method} {0x000002431f5013b0} 'run' '()V' in 'kotlinx/coroutines/DispatchedTask')}
  0x00000242c754a5b4: d248 beb8 | 95dc 2043 | 0200 0048 | c7c7 0809 | 0000 7407 | 48c7 c718 | 0900 0048 | 8b1c 3e48 
  0x00000242c754a5d4: 8d5b 0148 | 891c 3e48 | 8984 2448 | 0100 000f | 8459 0000 | 0048 3b02 

  0x00000242c754a5ec: ;   {metadata(method data for {method} {0x000002431f5013b0} 'run' '()V' in 'kotlinx/coroutines/DispatchedTask')}
  0x00000242c754a5ec: 488b f248 | bfb8 95dc | 2043 0200 | 0048 8387 | 2809 0000 | 0166 0f1f 

  0x00000242c754a604: ;   {optimized virtual_call}
  0x00000242c754a604: 4400 00e8 

  0x00000242c754a608: ; ImmutableOopMap {[176]=Oop [216]=Oop [224]=Oop [328]=Oop }
                      ;*invokevirtual clearThreadContext {reexecute=0 rethrow=0 return_oop=0}
                      ; - kotlinx.coroutines.DispatchedTask::run@344 (line 236)
  0x00000242c754a608: 7444 0907 

  0x00000242c754a60c: ;   {other}
  0x00000242c754a60c: 0f1f 8400 | fc2b 0027 

  0x00000242c754a614: ;   {metadata(method data for {method} {0x000002431f5013b0} 'run' '()V' in 'kotlinx/coroutines/DispatchedTask')}
  0x00000242c754a614: 85c0 48ba | b895 dc20 | 4302 0000 | 49c7 c060 | 0900 0074 | 0749 c7c0 | 7009 0000 | 4a8b 3402 
  0x00000242c754a634: 488d 7601 | 4a89 3402 | 0f84 3200 | 0000 4c8b | 8424 e000 | 0000 488b | 8424 d800 

  0x00000242c754a650: ;   {metadata(method data for {method} {0x000002431f5013b0} 'run' '()V' in 'kotlinx/coroutines/DispatchedTask')}
  0x00000242c754a650: 0000 48ba | b895 dc20 | 4302 0000 | 4883 8280 | 0900 0001 

  0x00000242c754a664: ;   {static_call}
  0x00000242c754a664: 488b d0e8 

  0x00000242c754a668: ; ImmutableOopMap {[176]=Oop [328]=Oop }
                      ;*invokestatic restoreThreadContext {reexecute=0 rethrow=0 return_oop=0}
                      ; - kotlinx.coroutines.DispatchedTask::run@354 (line 237)
  0x00000242c754a668: 144a 0907 

  0x00000242c754a66c: ;   {other}
  0x00000242c754a66c: 0f1f 8400 | 5c2c 0028 | 488b 8424 

  0x00000242c754a678: ; ImmutableOopMap {rax=Oop [176]=Oop }
                      ;*athrow {reexecute=1 rethrow=0 return_oop=0}
                      ; - (reexecute) kotlinx.coroutines.DispatchedTask::run@359 (line 237)
  0x00000242c754a678: 4801 0000 

  0x00000242c754a67c: ;   {section_word}
  0x00000242c754a67c: 48ba 7ca6 | 54c7 4202 

  0x00000242c754a684: ;   {runtime_call handle_exception_nofpu Runtime1 stub}
  0x00000242c754a684: 0000 e875 | 3215 0790 

  0x00000242c754a68c: ;   {metadata(method data for {method} {0x000002431f4164f8} 'sanitizeStackTrace' '(Ljava/lang/Throwable;)Ljava/lang/Throwable;' in 'kotlin/jvm/internal/Intrinsics')}
  0x00000242c754a68c: 48ba 18cc | 5b1f 4302 | 0000 4883 | 8248 0100 | 0001 488b | d04c 8bc6 

  0x00000242c754a6a4: ;   {static_call}
  0x00000242c754a6a4: 6666 90e8 

  0x00000242c754a6a8: ; ImmutableOopMap {[176]=Oop [184]=Oop }
                      ;*invokestatic sanitizeStackTrace {reexecute=0 rethrow=0 return_oop=0}
                      ; - kotlin.jvm.internal.Intrinsics::sanitizeStackTrace@6 (line 253)
                      ; - kotlin.jvm.internal.Intrinsics::throwJavaNpe@8 (line 50)
                      ; - kotlin.jvm.internal.Intrinsics::checkNotNull@5 (line 31)
                      ; - kotlinx.coroutines.DispatchedTask::run@40 (line 80)
  0x00000242c754a6a8: d449 0907 

  0x00000242c754a6ac: ;   {other}
  0x00000242c754a6ac: 0f1f 8400 | 9c2c 002a | 4c8b 8424 | b800 0000 | 4885 c075 

  0x00000242c754a6c0: ;   {metadata(method data for {method} {0x000002431f414768} 'throwJavaNpe' '(Ljava/lang/String;)V' in 'kotlin/jvm/internal/Intrinsics')}
  0x00000242c754a6c0: 1648 be00 | cfed 1f43 | 0200 0080 | 8e29 0100 | 0001 e9cd 

  0x00000242c754a6d4: ;   {metadata('java/lang/NullPointerException')}
  0x00000242c754a6d4: 0000 0048 | bf88 cd06 | de42 0200 | 008b 7008 | 49ba 0000 | 00de 4202 | 0000 4903 | f248 3b7e 
  0x00000242c754a6f4: 500f 858d 

  0x00000242c754a6f8: ;   {metadata(method data for {method} {0x000002431f414768} 'throwJavaNpe' '(Ljava/lang/String;)V' in 'kotlin/jvm/internal/Intrinsics')}
  0x00000242c754a6f8: 0000 0048 | be00 cfed | 1f43 0200 | 008b 7808 | 49ba 0000 | 00de 4202 | 0000 4903 | fa48 3bbe 
  0x00000242c754a718: 4001 0000 | 750d 4883 | 8648 0100 | 0001 e979 | 0000 0048 | 3bbe 5001 | 0000 750d | 4883 8658 
  0x00000242c754a738: 0100 0001 | e963 0000 | 0048 83be | 4001 0000 | 0075 1748 | 89be 4001 | 0000 48c7 | 8648 0100 
  0x00000242c754a758: 0001 0000 | 00e9 4200 | 0000 4883 | be50 0100 | 0000 7517 | 4889 be50 | 0100 0048 | c786 5801 
  0x00000242c754a778: 0000 0100 | 0000 e921 | 0000 00e9 | 1c00 0000 

  0x00000242c754a788: ;   {metadata(method data for {method} {0x000002431f414768} 'throwJavaNpe' '(Ljava/lang/String;)V' in 'kotlin/jvm/internal/Intrinsics')}
  0x00000242c754a788: 48be 00cf | ed1f 4302 | 0000 4883 | ae30 0100 | 0001 e920 | 0900 00e9 | 0000 0000 

  0x00000242c754a7a4: ; implicit exception: dispatches to 0x00000242c754b0c8
                      ; ImmutableOopMap {r8=Oop rax=Oop [176]=Oop [184]=Oop }
                      ;*athrow {reexecute=1 rethrow=0 return_oop=0}
                      ; - (reexecute) kotlin.jvm.internal.Intrinsics::throwJavaNpe@14 (line 50)
                      ; - kotlin.jvm.internal.Intrinsics::checkNotNull@5 (line 31)
                      ; - kotlinx.coroutines.DispatchedTask::run@40 (line 80)
                      ;   {section_word}
  0x00000242c754a7a4: 483b 0048 | baa7 a754 | c742 0200 

  0x00000242c754a7b0: ;   {runtime_call handle_exception_nofpu Runtime1 stub}
  0x00000242c754a7b0: 00e8 4a31 | 1507 9049 | 8b87 f804 | 0000 4d33 | d24d 8997 | f804 0000 | 4d33 d24d | 8997 0005 
  0x00000242c754a7d0: 0000 488b | 9424 b000 

  0x00000242c754a7d8: ;   {metadata(method data for {method} {0x000002431f5013b0} 'run' '()V' in 'kotlinx/coroutines/DispatchedTask')}
  0x00000242c754a7d8: 0000 49b8 | b895 dc20 | 4302 0000 | 4983 8060 | 0a00 0001 | 4c8b c048 | 8b94 24b0 

  0x00000242c754a7f4: ;   {optimized virtual_call}
  0x00000242c754a7f4: 0000 00e8 

  0x00000242c754a7f8: ; ImmutableOopMap {}
                      ;*invokevirtual handleFatalException$kotlinx_coroutines_core {reexecute=0 rethrow=0 return_oop=0}
                      ; - kotlinx.coroutines.DispatchedTask::run@383 (line 107)
  0x00000242c754a7f8: 8442 0907 

  0x00000242c754a7fc: ;   {other}
  0x00000242c754a7fc: 0f1f 8400 | ec2d 002c | 4881 c470 | 0100 005d 

  0x00000242c754a80c: ;   {poll_return}
  0x00000242c754a80c: 493b a748 | 0400 000f | 87b4 0800 | 00c3 488b | 9424 b000 | 0000 498b | 87f8 0400 | 004d 33d2 
  0x00000242c754a82c: 4d89 97f8 | 0400 004d | 33d2 4d89 | 9700 0500 | 0048 8bf2 

  0x00000242c754a840: ;   {metadata(method data for {method} {0x000002431f5013b0} 'run' '()V' in 'kotlinx/coroutines/DispatchedTask')}
  0x00000242c754a840: 48bf b895 | dc20 4302 | 0000 8b76 | 0849 ba00 | 0000 de42 | 0200 0049 | 03f2 483b | b7a0 0900 
  0x00000242c754a860: 0075 0d48 | 8387 a809 | 0000 01e9 | 6000 0000 | 483b b7b0 | 0900 0075 | 0d48 8387 | b809 0000 
  0x00000242c754a880: 01e9 4a00 | 0000 4883 | bfa0 0900 | 0000 7517 | 4889 b7a0 | 0900 0048 | c787 a809 | 0000 0100 
  0x00000242c754a8a0: 0000 e929 | 0000 0048 | 83bf b009 | 0000 0075 | 1748 89b7 | b009 0000 | 48c7 87b8 | 0900 0001 
  0x00000242c754a8c0: 0000 00e9 | 0800 0000 | 4883 8790 | 0900 0001 | 4889 8424 | 5001 0000 | 0f1f 4400 | 0048 b8ff 
  0x00000242c754a8e0: ffff ffff 

  0x00000242c754a8e4: ;   {virtual_call}
  0x00000242c754a8e4: ffff ffe8 

  0x00000242c754a8e8: ; ImmutableOopMap {[336]=Oop }
                      ;*invokevirtual getDelegate$kotlinx_coroutines_core {reexecute=0 rethrow=0 return_oop=0}
                      ; - kotlinx.coroutines.DispatchedTask::run@362 (line 105)
  0x00000242c754a8e8: 9444 0907 

  0x00000242c754a8ec: ;   {other}
  0x00000242c754a8ec: 0f1f 8400 | dc2e 002d 

  0x00000242c754a8f4: ; implicit exception: dispatches to 0x00000242c754b0e3
  0x00000242c754a8f4: 483b 0048 

  0x00000242c754a8f8: ;   {metadata(method data for {method} {0x000002431f5013b0} 'run' '()V' in 'kotlinx/coroutines/DispatchedTask')}
  0x00000242c754a8f8: 8bd0 48be | b895 dc20 | 4302 0000 | 8b52 0849 | ba00 0000 | de42 0200 | 0049 03d2 | 483b 96d8 
  0x00000242c754a918: 0900 0075 | 0d48 8386 | e009 0000 | 01e9 6000 | 0000 483b | 96e8 0900 | 0075 0d48 | 8386 f009 
  0x00000242c754a938: 0000 01e9 | 4a00 0000 | 4883 bed8 | 0900 0000 | 7517 4889 | 96d8 0900 | 0048 c786 | e009 0000 
  0x00000242c754a958: 0100 0000 | e929 0000 | 0048 83be | e809 0000 | 0075 1748 | 8996 e809 | 0000 48c7 | 86f0 0900 
  0x00000242c754a978: 0001 0000 | 00e9 0800 | 0000 4883 | 86c8 0900 | 0001 488b | d048 b8ff | ffff ffff 

  0x00000242c754a994: ;   {virtual_call}
  0x00000242c754a994: ffff ffe8 

  0x00000242c754a998: ; ImmutableOopMap {[336]=Oop }
                      ;*invokeinterface getContext {reexecute=0 rethrow=0 return_oop=0}
                      ; - kotlinx.coroutines.DispatchedTask::run@365 (line 105)
  0x00000242c754a998: e443 0907 

  0x00000242c754a99c: ;   {other}
  0x00000242c754a99c: 0f1f 8400 | 8c2f 002e | 488b 9424 | 5001 0000 

  0x00000242c754a9ac: ;   {metadata(method data for {method} {0x000002431f5013b0} 'run' '()V' in 'kotlinx/coroutines/DispatchedTask')}
  0x00000242c754a9ac: 48be b895 | dc20 4302 | 0000 8b52 | 0849 ba00 | 0000 de42 | 0200 0049 | 03d2 483b | 9610 0a00 
  0x00000242c754a9cc: 0075 0d48 | 8386 180a | 0000 01e9 | 6000 0000 | 483b 9620 | 0a00 0075 | 0d48 8386 | 280a 0000 
  0x00000242c754a9ec: 01e9 4a00 | 0000 4883 | be10 0a00 | 0000 7517 | 4889 9610 | 0a00 0048 | c786 180a | 0000 0100 
  0x00000242c754aa0c: 0000 e929 | 0000 0048 | 83be 200a | 0000 0075 | 1748 8996 | 200a 0000 | 48c7 8628 | 0a00 0001 
  0x00000242c754aa2c: 0000 00e9 | 0800 0000 | 4883 8600 | 0a00 0001 | 488b 9424 | 5001 0000 | 4889 8424 | 5801 0000 
  0x00000242c754aa4c: ;   {optimized virtual_call}
  0x00000242c754aa4c: 6666 90e8 

  0x00000242c754aa50: ; ImmutableOopMap {[344]=Oop }
                      ;*invokevirtual getCause {reexecute=0 rethrow=0 return_oop=0}
                      ; - kotlinx.coroutines.DispatchedTask::run@371 (line 105)
  0x00000242c754aa50: 2c40 0907 

  0x00000242c754aa54: ;   {other}
  0x00000242c754aa54: 0f1f 8400 | 4430 002f | 488b 9424 | 5801 0000 

  0x00000242c754aa64: ;   {static_call}
  0x00000242c754aa64: 4c8b c0e8 

  0x00000242c754aa68: ; ImmutableOopMap {}
                      ;*invokestatic handleCoroutineException {reexecute=0 rethrow=0 return_oop=0}
                      ; - kotlinx.coroutines.DispatchedTask::run@374 (line 105)
  0x00000242c754aa68: 1446 0907 

  0x00000242c754aa6c: ;   {other}
  0x00000242c754aa6c: 0f1f 8400 | 5c30 0030 

  0x00000242c754aa74: ;   {metadata(method data for {method} {0x000002431f5013b0} 'run' '()V' in 'kotlinx/coroutines/DispatchedTask')}
  0x00000242c754aa74: 48be b895 | dc20 4302 | 0000 ff86 | 480a 0000 | 4881 c470 | 0100 005d 

  0x00000242c754aa8c: ;   {poll_return}
  0x00000242c754aa8c: 493b a748 | 0400 000f | 874f 0600 

  0x00000242c754aa98: ;   {metadata({method} {0x000002431f5013b0} 'run' '()V' in 'kotlinx/coroutines/DispatchedTask')}
  0x00000242c754aa98: 00c3 49ba | a813 501f | 4302 0000 | 4c89 5424 | 0848 c704 | 24ff ffff 

  0x00000242c754aab0: ;   {runtime_call counter_overflow Runtime1 stub}
  0x00000242c754aab0: ffe8 ca6f 

  0x00000242c754aab4: ; ImmutableOopMap {rdx=Oop [176]=Oop }
                      ;*synchronization entry
                      ; - kotlinx.coroutines.DispatchedTask::run@-1 (line 78)
  0x00000242c754aab4: 1507 e953 

  0x00000242c754aab8: ;   {metadata({method} {0x000002431f4de438} 'getASSERTIONS_ENABLED' '()Z' in 'kotlinx/coroutines/DebugKt')}
  0x00000242c754aab8: d6ff ff49 | ba30 e44d | 1f43 0200 | 004c 8954 | 2408 48c7 | 0424 ffff 

  0x00000242c754aad0: ;   {runtime_call counter_overflow Runtime1 stub}
  0x00000242c754aad0: ffff e8a9 

  0x00000242c754aad4: ; ImmutableOopMap {rdx=Oop [176]=Oop }
                      ;*synchronization entry
                      ; - kotlinx.coroutines.DebugKt::getASSERTIONS_ENABLED@-1 (line 63)
                      ; - kotlinx.coroutines.DispatchedTask::run@0 (line 78)
  0x00000242c754aad4: 6f15 07e9 | 6bd6 ffff 

  0x00000242c754aadc: ;   {metadata({method} {0x000002431f414498} 'checkNotNull' '(Ljava/lang/Object;Ljava/lang/String;)V' in 'kotlin/jvm/internal/Intrinsics')}
  0x00000242c754aadc: 49ba 9044 | 411f 4302 | 0000 4c89 | 5424 0848 | c704 24ff 

  0x00000242c754aaf0: ;   {runtime_call counter_overflow Runtime1 stub}
  0x00000242c754aaf0: ffff ffe8 

  0x00000242c754aaf4: ; ImmutableOopMap {rax=Oop [176]=Oop [184]=Oop }
                      ;*synchronization entry
                      ; - kotlin.jvm.internal.Intrinsics::checkNotNull@-1 (line 30)
                      ; - kotlinx.coroutines.DispatchedTask::run@40 (line 80)
  0x00000242c754aaf4: 886f 1507 | e950 d7ff 

  0x00000242c754aafc: ;   {metadata({method} {0x000002431f414768} 'throwJavaNpe' '(Ljava/lang/String;)V' in 'kotlin/jvm/internal/Intrinsics')}
  0x00000242c754aafc: ff49 ba60 | 4741 1f43 | 0200 004c | 8954 2408 | 48c7 0424 | ffff ffff 

  0x00000242c754ab14: ;   {runtime_call counter_overflow Runtime1 stub}
  0x00000242c754ab14: e867 6f15 

  0x00000242c754ab18: ; ImmutableOopMap {[176]=Oop [184]=Oop }
                      ;*synchronization entry
                      ; - kotlin.jvm.internal.Intrinsics::throwJavaNpe@-1 (line 50)
                      ; - kotlin.jvm.internal.Intrinsics::checkNotNull@5 (line 31)
                      ; - kotlinx.coroutines.DispatchedTask::run@40 (line 80)
  0x00000242c754ab18: 07e9 97d7 

  0x00000242c754ab1c: ;   {metadata(nullptr)}
  0x00000242c754ab1c: ffff 48ba | 0000 0000 | 0000 0000 | b800 0f05 

  0x00000242c754ab2c: ;   {runtime_call load_klass_patching Runtime1 stub}
  0x00000242c754ab2c: 0ae8 4e5a 

  0x00000242c754ab30: ; ImmutableOopMap {[176]=Oop [184]=Oop }
                      ;*new {reexecute=1 rethrow=0 return_oop=0}
                      ; - (reexecute) kotlin.jvm.internal.Intrinsics::throwJavaNpe@0 (line 50)
                      ; - kotlin.jvm.internal.Intrinsics::checkNotNull@5 (line 31)
                      ; - kotlinx.coroutines.DispatchedTask::run@40 (line 80)
  0x00000242c754ab30: 1507 e981 | d7ff ff48 

  0x00000242c754ab38: ;   {runtime_call fast_new_instance Runtime1 stub}
  0x00000242c754ab38: 8bd2 e8c1 

  0x00000242c754ab3c: ; ImmutableOopMap {[176]=Oop [184]=Oop }
                      ;*new {reexecute=0 rethrow=0 return_oop=0}
                      ; - kotlin.jvm.internal.Intrinsics::throwJavaNpe@0 (line 50)
                      ; - kotlin.jvm.internal.Intrinsics::checkNotNull@5 (line 31)
                      ; - kotlinx.coroutines.DispatchedTask::run@40 (line 80)
  0x00000242c754ab3c: 1615 07e9 | d0d7 ffff 

  0x00000242c754ab44: ;   {metadata({method} {0x000002431f4164f8} 'sanitizeStackTrace' '(Ljava/lang/Throwable;)Ljava/lang/Throwable;' in 'kotlin/jvm/internal/Intrinsics')}
  0x00000242c754ab44: 49ba f064 | 411f 4302 | 0000 4c89 | 5424 0848 | c704 24ff 

  0x00000242c754ab58: ;   {runtime_call counter_overflow Runtime1 stub}
  0x00000242c754ab58: ffff ffe8 

  0x00000242c754ab5c: ; ImmutableOopMap {[176]=Oop [184]=Oop [192]=Oop }
                      ;*synchronization entry
                      ; - kotlin.jvm.internal.Intrinsics::sanitizeStackTrace@-1 (line 253)
                      ; - kotlin.jvm.internal.Intrinsics::throwJavaNpe@8 (line 50)
                      ; - kotlin.jvm.internal.Intrinsics::checkNotNull@5 (line 31)
                      ; - kotlinx.coroutines.DispatchedTask::run@40 (line 80)
  0x00000242c754ab5c: 206f 1507 | e920 d8ff 

  0x00000242c754ab64: ;   {metadata({method} {0x00000242de46b368} 'getName' '()Ljava/lang/String;' in 'java/lang/Class')}
  0x00000242c754ab64: ff49 ba60 | b346 de42 | 0200 004c | 8954 2408 | 48c7 0424 | ffff ffff 

  0x00000242c754ab7c: ;   {runtime_call counter_overflow Runtime1 stub}
  0x00000242c754ab7c: e8ff 6e15 

  0x00000242c754ab80: ; ImmutableOopMap {rdx=Oop [176]=Oop [184]=Oop [192]=Oop }
                      ;*synchronization entry
                      ; - java.lang.Class::getName@-1 (line 949)
                      ; - kotlin.jvm.internal.Intrinsics::sanitizeStackTrace@3 (line 253)
                      ; - kotlin.jvm.internal.Intrinsics::throwJavaNpe@8 (line 50)
                      ; - kotlin.jvm.internal.Intrinsics::checkNotNull@5 (line 31)
                      ; - kotlinx.coroutines.DispatchedTask::run@40 (line 80)
  0x00000242c754ab80: 07e9 45d8 

  0x00000242c754ab84: ;   {runtime_call throw_null_pointer_exception Runtime1 stub}
  0x00000242c754ab84: ffff e875 

  0x00000242c754ab88: ; ImmutableOopMap {[176]=Oop [184]=Oop [192]=Oop }
                      ;*getfield name {reexecute=1 rethrow=0 return_oop=0}
                      ; - (reexecute) java.lang.Class::getName@1 (line 949)
                      ; - kotlin.jvm.internal.Intrinsics::sanitizeStackTrace@3 (line 253)
                      ; - kotlin.jvm.internal.Intrinsics::throwJavaNpe@8 (line 50)
                      ; - kotlin.jvm.internal.Intrinsics::checkNotNull@5 (line 31)
                      ; - kotlinx.coroutines.DispatchedTask::run@40 (line 80)
  0x00000242c754ab88: 0115 0748 

  0x00000242c754ab8c: ;   {runtime_call throw_class_cast_exception Runtime1 stub}
  0x00000242c754ab8c: 8904 24e8 

  0x00000242c754ab90: ; ImmutableOopMap {[176]=Oop }
                      ;*checkcast {reexecute=0 rethrow=0 return_oop=0}
                      ; - kotlinx.coroutines.DispatchedTask::run@43 (line 80)
  0x00000242c754ab90: 6c39 1507 

  0x00000242c754ab94: ;   {runtime_call throw_null_pointer_exception Runtime1 stub}
  0x00000242c754ab94: e867 0115 

  0x00000242c754ab98: ; ImmutableOopMap {rdx=Oop [176]=Oop }
                      ;*getfield continuation {reexecute=1 rethrow=0 return_oop=0}
                      ; - (reexecute) kotlinx.coroutines.DispatchedTask::run@48 (line 81)
                      ;   {runtime_call throw_null_pointer_exception Runtime1 stub}
  0x00000242c754ab98: 07e8 6201 

  0x00000242c754ab9c: ; ImmutableOopMap {rsi=Oop rdi=Oop [176]=Oop }
                      ;*invokeinterface getContext {reexecute=0 rethrow=0 return_oop=0}
                      ; - kotlinx.coroutines.DispatchedTask::run@61 (line 222)
                      ;   {metadata({method} {0x000002431f51b7b8} 'isCancellableMode' '(I)Z' in 'kotlinx/coroutines/DispatchedTaskKt')}
  0x00000242c754ab9c: 1507 49ba | b0b7 511f | 4302 0000 | 4c89 5424 | 0848 c704 | 24ff ffff 

  0x00000242c754abb4: ;   {runtime_call counter_overflow Runtime1 stub}
  0x00000242c754abb4: ffe8 c66e 

  0x00000242c754abb8: ; ImmutableOopMap {rax=Oop rdx=Oop [176]=Oop [208]=Oop [216]=Oop [224]=Oop [232]=Oop [240]=Oop [248]=Oop [256]=Oop }
                      ;*synchronization entry
                      ; - kotlinx.coroutines.DispatchedTaskKt::isCancellableMode@-1 (line 43)
                      ; - kotlinx.coroutines.DispatchedTask::run@133 (line 91)
  0x00000242c754abb8: 1507 e9f1 

  0x00000242c754abbc: ;   {runtime_call throw_null_pointer_exception Runtime1 stub}
  0x00000242c754abbc: ddff ffe8 

  0x00000242c754abc0: ; ImmutableOopMap {rax=Oop [176]=Oop [208]=Oop [216]=Oop [224]=Oop [232]=Oop [248]=Oop [256]=Oop }
                      ;*invokeinterface get {reexecute=0 rethrow=0 return_oop=0}
                      ; - kotlinx.coroutines.DispatchedTask::run@147 (line 91)
  0x00000242c754abc0: 3c01 1507 | 4889 0424 

  0x00000242c754abc8: ;   {runtime_call throw_class_cast_exception Runtime1 stub}
  0x00000242c754abc8: e833 3915 

  0x00000242c754abcc: ; ImmutableOopMap {[176]=Oop [208]=Oop [216]=Oop [224]=Oop [232]=Oop [248]=Oop [256]=Oop }
                      ;*checkcast {reexecute=0 rethrow=0 return_oop=0}
                      ; - kotlinx.coroutines.DispatchedTask::run@152 (line 91)
                      ;   {runtime_call throw_null_pointer_exception Runtime1 stub}
  0x00000242c754abcc: 07e8 2e01 

  0x00000242c754abd0: ; ImmutableOopMap {rsi=Oop [176]=Oop [208]=Oop [216]=Oop [224]=Oop [232]=Oop [248]=Oop [256]=Oop }
                      ;*invokeinterface isActive {reexecute=0 rethrow=0 return_oop=0}
                      ; - kotlinx.coroutines.DispatchedTask::run@168 (line 92)
                      ;   {metadata({method} {0x000002431f5209e8} 'createFailure' '(Ljava/lang/Throwable;)Ljava/lang/Object;' in 'kotlin/ResultKt')}
  0x00000242c754abd0: 1507 49ba | e009 521f | 4302 0000 | 4c89 5424 | 0848 c704 | 24ff ffff 

  0x00000242c754abe8: ;   {runtime_call counter_overflow Runtime1 stub}
  0x00000242c754abe8: ffe8 926e 

  0x00000242c754abec: ; ImmutableOopMap {rax=Oop [176]=Oop [208]=Oop [216]=Oop [224]=Oop [232]=Oop [256]=Oop }
                      ;*synchronization entry
                      ; - kotlin.ResultKt::createFailure@-1
                      ; - kotlinx.coroutines.DispatchedTask::run@273 (line 98)
  0x00000242c754abec: 1507 e9e7 

  0x00000242c754abf0: ;   {metadata({method} {0x000002431f415410} 'checkNotNullParameter' '(Ljava/lang/Object;Ljava/lang/String;)V' in 'kotlin/jvm/internal/Intrinsics')}
  0x00000242c754abf0: e1ff ff49 | ba08 5441 | 1f43 0200 | 004c 8954 | 2408 48c7 | 0424 ffff 

  0x00000242c754ac08: ;   {runtime_call counter_overflow Runtime1 stub}
  0x00000242c754ac08: ffff e871 

  0x00000242c754ac0c: ; ImmutableOopMap {rax=Oop [176]=Oop [208]=Oop [216]=Oop [224]=Oop [232]=Oop [256]=Oop }
                      ;*synchronization entry
                      ; - kotlin.jvm.internal.Intrinsics::checkNotNullParameter@-1 (line 130)
                      ; - kotlin.ResultKt::createFailure@3
                      ; - kotlinx.coroutines.DispatchedTask::run@273 (line 98)
  0x00000242c754ac0c: 6e15 07e9 | ffe1 ffff 

  0x00000242c754ac14: ;   {metadata({method} {0x000002431f415590} 'throwParameterIsNullNPE' '(Ljava/lang/String;)V' in 'kotlin/jvm/internal/Intrinsics')}
  0x00000242c754ac14: 49ba 8855 | 411f 4302 | 0000 4c89 | 5424 0848 | c704 24ff 

  0x00000242c754ac28: ;   {runtime_call counter_overflow Runtime1 stub}
  0x00000242c754ac28: ffff ffe8 

  0x00000242c754ac2c: ; ImmutableOopMap {[176]=Oop [208]=Oop [216]=Oop [224]=Oop [232]=Oop [256]=Oop }
                      ;*synchronization entry
                      ; - kotlin.jvm.internal.Intrinsics::throwParameterIsNullNPE@-1 (line 140)
                      ; - kotlin.jvm.internal.Intrinsics::checkNotNullParameter@5 (line 131)
                      ; - kotlin.ResultKt::createFailure@3
                      ; - kotlinx.coroutines.DispatchedTask::run@273 (line 98)
  0x00000242c754ac2c: 506e 1507 | e946 e2ff 

  0x00000242c754ac34: ;   {metadata(nullptr)}
  0x00000242c754ac34: ff48 ba00 | 0000 0000 | 0000 00b8 | 000f 050a 

  0x00000242c754ac44: ;   {runtime_call load_klass_patching Runtime1 stub}
  0x00000242c754ac44: e837 5915 

  0x00000242c754ac48: ; ImmutableOopMap {[176]=Oop [208]=Oop [216]=Oop [224]=Oop [232]=Oop [256]=Oop }
                      ;*new {reexecute=1 rethrow=0 return_oop=0}
                      ; - (reexecute) kotlin.jvm.internal.Intrinsics::throwParameterIsNullNPE@0 (line 140)
                      ; - kotlin.jvm.internal.Intrinsics::checkNotNullParameter@5 (line 131)
                      ; - kotlin.ResultKt::createFailure@3
                      ; - kotlinx.coroutines.DispatchedTask::run@273 (line 98)
  0x00000242c754ac48: 07e9 32e2 | ffff 488b 

  0x00000242c754ac50: ;   {runtime_call fast_new_instance Runtime1 stub}
  0x00000242c754ac50: d2e8 aa15 

  0x00000242c754ac54: ; ImmutableOopMap {[176]=Oop [208]=Oop [216]=Oop [224]=Oop [232]=Oop [256]=Oop }
                      ;*new {reexecute=0 rethrow=0 return_oop=0}
                      ; - kotlin.jvm.internal.Intrinsics::throwParameterIsNullNPE@0 (line 140)
                      ; - kotlin.jvm.internal.Intrinsics::checkNotNullParameter@5 (line 131)
                      ; - kotlin.ResultKt::createFailure@3
                      ; - kotlinx.coroutines.DispatchedTask::run@273 (line 98)
  0x00000242c754ac54: 1507 e981 

  0x00000242c754ac58: ;   {metadata({method} {0x000002431f4164f8} 'sanitizeStackTrace' '(Ljava/lang/Throwable;)Ljava/lang/Throwable;' in 'kotlin/jvm/internal/Intrinsics')}
  0x00000242c754ac58: e2ff ff49 | baf0 6441 | 1f43 0200 | 004c 8954 | 2408 48c7 | 0424 ffff 

  0x00000242c754ac70: ;   {runtime_call counter_overflow Runtime1 stub}
  0x00000242c754ac70: ffff e809 

  0x00000242c754ac74: ; ImmutableOopMap {[176]=Oop [208]=Oop [216]=Oop [224]=Oop [232]=Oop [256]=Oop [272]=Oop }
                      ;*synchronization entry
                      ; - kotlin.jvm.internal.Intrinsics::sanitizeStackTrace@-1 (line 253)
                      ; - kotlin.jvm.internal.Intrinsics::throwParameterIsNullNPE@11 (line 140)
                      ; - kotlin.jvm.internal.Intrinsics::checkNotNullParameter@5 (line 131)
                      ; - kotlin.ResultKt::createFailure@3
                      ; - kotlinx.coroutines.DispatchedTask::run@273 (line 98)
  0x00000242c754ac74: 6e15 07e9 | 09e3 ffff 

  0x00000242c754ac7c: ;   {metadata({method} {0x00000242de46b368} 'getName' '()Ljava/lang/String;' in 'java/lang/Class')}
  0x00000242c754ac7c: 49ba 60b3 | 46de 4202 | 0000 4c89 | 5424 0848 | c704 24ff 

  0x00000242c754ac90: ;   {runtime_call counter_overflow Runtime1 stub}
  0x00000242c754ac90: ffff ffe8 

  0x00000242c754ac94: ; ImmutableOopMap {rdx=Oop [176]=Oop [208]=Oop [216]=Oop [224]=Oop [232]=Oop [256]=Oop [272]=Oop }
                      ;*synchronization entry
                      ; - java.lang.Class::getName@-1 (line 949)
                      ; - kotlin.jvm.internal.Intrinsics::sanitizeStackTrace@3 (line 253)
                      ; - kotlin.jvm.internal.Intrinsics::throwParameterIsNullNPE@11 (line 140)
                      ; - kotlin.jvm.internal.Intrinsics::checkNotNullParameter@5 (line 131)
                      ; - kotlin.ResultKt::createFailure@3
                      ; - kotlinx.coroutines.DispatchedTask::run@273 (line 98)
  0x00000242c754ac94: e86d 1507 | e92e e3ff 

  0x00000242c754ac9c: ;   {runtime_call throw_null_pointer_exception Runtime1 stub}
  0x00000242c754ac9c: ffe8 5e00 

  0x00000242c754aca0: ; ImmutableOopMap {[176]=Oop [208]=Oop [216]=Oop [224]=Oop [232]=Oop [256]=Oop [272]=Oop }
                      ;*getfield name {reexecute=1 rethrow=0 return_oop=0}
                      ; - (reexecute) java.lang.Class::getName@1 (line 949)
                      ; - kotlin.jvm.internal.Intrinsics::sanitizeStackTrace@3 (line 253)
                      ; - kotlin.jvm.internal.Intrinsics::throwParameterIsNullNPE@11 (line 140)
                      ; - kotlin.jvm.internal.Intrinsics::checkNotNullParameter@5 (line 131)
                      ; - kotlin.ResultKt::createFailure@3
                      ; - kotlinx.coroutines.DispatchedTask::run@273 (line 98)
  0x00000242c754aca0: 1507 488b 

  0x00000242c754aca4: ;   {runtime_call fast_new_instance Runtime1 stub}
  0x00000242c754aca4: d2e8 5615 

  0x00000242c754aca8: ; ImmutableOopMap {rbx=Oop [176]=Oop [208]=Oop [216]=Oop [224]=Oop [232]=Oop [256]=Oop }
                      ;*new {reexecute=0 rethrow=0 return_oop=0}
                      ; - kotlin.ResultKt::createFailure@6 (line 122)
                      ; - kotlinx.coroutines.DispatchedTask::run@273 (line 98)
  0x00000242c754aca8: 1507 e9fc 

  0x00000242c754acac: ;   {metadata({method} {0x000002431f50ee40} '<init>' '(Ljava/lang/Throwable;)V' in 'kotlin/Result$Failure')}
  0x00000242c754acac: e3ff ff49 | ba38 ee50 | 1f43 0200 | 004c 8954 | 2408 48c7 | 0424 ffff 

  0x00000242c754acc4: ;   {runtime_call counter_overflow Runtime1 stub}
  0x00000242c754acc4: ffff e8b5 

  0x00000242c754acc8: ; ImmutableOopMap {rbx=Oop rax=Oop [176]=Oop [208]=Oop [216]=Oop [224]=Oop [232]=Oop [256]=Oop [288]=Oop }
                      ;*synchronization entry
                      ; - kotlin.Result$Failure::<init>@-1
                      ; - kotlin.ResultKt::createFailure@11 (line 122)
                      ; - kotlinx.coroutines.DispatchedTask::run@273 (line 98)
  0x00000242c754acc8: 6d15 07e9 | 1fe4 ffff 

  0x00000242c754acd0: ;   {metadata({method} {0x000002431f415410} 'checkNotNullParameter' '(Ljava/lang/Object;Ljava/lang/String;)V' in 'kotlin/jvm/internal/Intrinsics')}
  0x00000242c754acd0: 49ba 0854 | 411f 4302 | 0000 4c89 | 5424 0848 | c704 24ff 

  0x00000242c754ace4: ;   {runtime_call counter_overflow Runtime1 stub}
  0x00000242c754ace4: ffff ffe8 

  0x00000242c754ace8: ; ImmutableOopMap {rbx=Oop rax=Oop [176]=Oop [208]=Oop [216]=Oop [224]=Oop [232]=Oop [256]=Oop [288]=Oop }
                      ;*synchronization entry
                      ; - kotlin.jvm.internal.Intrinsics::checkNotNullParameter@-1 (line 130)
                      ; - kotlin.Result$Failure::<init>@3
                      ; - kotlin.ResultKt::createFailure@11 (line 122)
                      ; - kotlinx.coroutines.DispatchedTask::run@273 (line 98)
  0x00000242c754ace8: 946d 1507 | e937 e4ff 

  0x00000242c754acf0: ;   {metadata({method} {0x000002431f415590} 'throwParameterIsNullNPE' '(Ljava/lang/String;)V' in 'kotlin/jvm/internal/Intrinsics')}
  0x00000242c754acf0: ff49 ba88 | 5541 1f43 | 0200 004c | 8954 2408 | 48c7 0424 | ffff ffff 

  0x00000242c754ad08: ;   {runtime_call counter_overflow Runtime1 stub}
  0x00000242c754ad08: e873 6d15 

  0x00000242c754ad0c: ; ImmutableOopMap {[176]=Oop [208]=Oop [216]=Oop [224]=Oop [232]=Oop [256]=Oop [288]=Oop }
                      ;*synchronization entry
                      ; - kotlin.jvm.internal.Intrinsics::throwParameterIsNullNPE@-1 (line 140)
                      ; - kotlin.jvm.internal.Intrinsics::checkNotNullParameter@5 (line 131)
                      ; - kotlin.Result$Failure::<init>@3
                      ; - kotlin.ResultKt::createFailure@11 (line 122)
                      ; - kotlinx.coroutines.DispatchedTask::run@273 (line 98)
  0x00000242c754ad0c: 07e9 7ee4 

  0x00000242c754ad10: ;   {metadata(nullptr)}
  0x00000242c754ad10: ffff 48ba | 0000 0000 | 0000 0000 | b800 0f05 

  0x00000242c754ad20: ;   {runtime_call load_klass_patching Runtime1 stub}
  0x00000242c754ad20: 0ae8 5a58 

  0x00000242c754ad24: ; ImmutableOopMap {[176]=Oop [208]=Oop [216]=Oop [224]=Oop [232]=Oop [256]=Oop [288]=Oop }
                      ;*new {reexecute=1 rethrow=0 return_oop=0}
                      ; - (reexecute) kotlin.jvm.internal.Intrinsics::throwParameterIsNullNPE@0 (line 140)
                      ; - kotlin.jvm.internal.Intrinsics::checkNotNullParameter@5 (line 131)
                      ; - kotlin.Result$Failure::<init>@3
                      ; - kotlin.ResultKt::createFailure@11 (line 122)
                      ; - kotlinx.coroutines.DispatchedTask::run@273 (line 98)
  0x00000242c754ad24: 1507 e965 | e4ff ff48 

  0x00000242c754ad2c: ;   {runtime_call fast_new_instance Runtime1 stub}
  0x00000242c754ad2c: 8bd2 e8cd 

  0x00000242c754ad30: ; ImmutableOopMap {[176]=Oop [208]=Oop [216]=Oop [224]=Oop [232]=Oop [256]=Oop [288]=Oop }
                      ;*new {reexecute=0 rethrow=0 return_oop=0}
                      ; - kotlin.jvm.internal.Intrinsics::throwParameterIsNullNPE@0 (line 140)
                      ; - kotlin.jvm.internal.Intrinsics::checkNotNullParameter@5 (line 131)
                      ; - kotlin.Result$Failure::<init>@3
                      ; - kotlin.ResultKt::createFailure@11 (line 122)
                      ; - kotlinx.coroutines.DispatchedTask::run@273 (line 98)
  0x00000242c754ad30: 1415 07e9 | b4e4 ffff 

  0x00000242c754ad38: ;   {metadata({method} {0x000002431f4164f8} 'sanitizeStackTrace' '(Ljava/lang/Throwable;)Ljava/lang/Throwable;' in 'kotlin/jvm/internal/Intrinsics')}
  0x00000242c754ad38: 49ba f064 | 411f 4302 | 0000 4c89 | 5424 0848 | c704 24ff 

  0x00000242c754ad4c: ;   {runtime_call counter_overflow Runtime1 stub}
  0x00000242c754ad4c: ffff ffe8 

  0x00000242c754ad50: ; ImmutableOopMap {[176]=Oop [208]=Oop [216]=Oop [224]=Oop [232]=Oop [256]=Oop [280]=Oop [288]=Oop }
                      ;*synchronization entry
                      ; - kotlin.jvm.internal.Intrinsics::sanitizeStackTrace@-1 (line 253)
                      ; - kotlin.jvm.internal.Intrinsics::throwParameterIsNullNPE@11 (line 140)
                      ; - kotlin.jvm.internal.Intrinsics::checkNotNullParameter@5 (line 131)
                      ; - kotlin.Result$Failure::<init>@3
                      ; - kotlin.ResultKt::createFailure@11 (line 122)
                      ; - kotlinx.coroutines.DispatchedTask::run@273 (line 98)
  0x00000242c754ad50: 2c6d 1507 | e93c e5ff 

  0x00000242c754ad58: ;   {metadata({method} {0x00000242de46b368} 'getName' '()Ljava/lang/String;' in 'java/lang/Class')}
  0x00000242c754ad58: ff49 ba60 | b346 de42 | 0200 004c | 8954 2408 | 48c7 0424 | ffff ffff 

  0x00000242c754ad70: ;   {runtime_call counter_overflow Runtime1 stub}
  0x00000242c754ad70: e80b 6d15 

  0x00000242c754ad74: ; ImmutableOopMap {rdx=Oop [176]=Oop [208]=Oop [216]=Oop [224]=Oop [232]=Oop [256]=Oop [280]=Oop [288]=Oop }
                      ;*synchronization entry
                      ; - java.lang.Class::getName@-1 (line 949)
                      ; - kotlin.jvm.internal.Intrinsics::sanitizeStackTrace@3 (line 253)
                      ; - kotlin.jvm.internal.Intrinsics::throwParameterIsNullNPE@11 (line 140)
                      ; - kotlin.jvm.internal.Intrinsics::checkNotNullParameter@5 (line 131)
                      ; - kotlin.Result$Failure::<init>@3
                      ; - kotlin.ResultKt::createFailure@11 (line 122)
                      ; - kotlinx.coroutines.DispatchedTask::run@273 (line 98)
  0x00000242c754ad74: 07e9 61e5 

  0x00000242c754ad78: ;   {runtime_call throw_null_pointer_exception Runtime1 stub}
  0x00000242c754ad78: ffff e881 

  0x00000242c754ad7c: ; ImmutableOopMap {[176]=Oop [208]=Oop [216]=Oop [224]=Oop [232]=Oop [256]=Oop [280]=Oop [288]=Oop }
                      ;*getfield name {reexecute=1 rethrow=0 return_oop=0}
                      ; - (reexecute) java.lang.Class::getName@1 (line 949)
                      ; - kotlin.jvm.internal.Intrinsics::sanitizeStackTrace@3 (line 253)
                      ; - kotlin.jvm.internal.Intrinsics::throwParameterIsNullNPE@11 (line 140)
                      ; - kotlin.jvm.internal.Intrinsics::checkNotNullParameter@5 (line 131)
                      ; - kotlin.Result$Failure::<init>@3
                      ; - kotlin.ResultKt::createFailure@11 (line 122)
                      ; - kotlinx.coroutines.DispatchedTask::run@273 (line 98)
                      ;   {metadata({method} {0x00000242de476650} '<init>' '()V' in 'java/lang/Object')}
  0x00000242c754ad7c: ff14 0749 | ba48 6647 | de42 0200 | 004c 8954 | 2408 48c7 | 0424 ffff 

  0x00000242c754ad94: ;   {runtime_call counter_overflow Runtime1 stub}
  0x00000242c754ad94: ffff e8e5 

  0x00000242c754ad98: ; ImmutableOopMap {rax=Oop rdi=Oop [176]=Oop [208]=Oop [216]=Oop [224]=Oop [232]=Oop [256]=Oop [288]=Oop }
                      ;*synchronization entry
                      ; - java.lang.Object::<init>@-1 (line 45)
                      ; - kotlin.Result$Failure::<init>@7 (line 105)
                      ; - kotlin.ResultKt::createFailure@11 (line 122)
                      ; - kotlinx.coroutines.DispatchedTask::run@273 (line 98)
  0x00000242c754ad98: 6c15 07e9 | 0de6 ffff | 448b 400c | 49c1 e003 | 4983 f800 | 0f84 09e6 | ffff 4c89 

  0x00000242c754adb4: ;   {runtime_call g1_pre_barrier_slow}
  0x00000242c754adb4: 0424 e845 | 7715 07e9 | fbe5 ffff | 4883 ff00 | 0f84 10e6 | ffff 4889 

  0x00000242c754adcc: ;   {runtime_call g1_post_barrier_slow}
  0x00000242c754adcc: 0424 e82d | 7a15 07e9 | 02e6 ffff 

  0x00000242c754add8: ;   {metadata({method} {0x000002431f50cf08} 'constructor-impl' '(Ljava/lang/Object;)Ljava/lang/Object;' in 'kotlin/Result')}
  0x00000242c754add8: 49ba 00cf | 501f 4302 | 0000 4c89 | 5424 0848 | c704 24ff 

  0x00000242c754adec: ;   {runtime_call counter_overflow Runtime1 stub}
  0x00000242c754adec: ffff ffe8 

  0x00000242c754adf0: ; ImmutableOopMap {rax=Oop [176]=Oop [208]=Oop [216]=Oop [224]=Oop [232]=Oop [288]=Oop }
                      ;*synchronization entry
                      ; - kotlin.Result::constructor-impl@-1
                      ; - kotlinx.coroutines.DispatchedTask::run@276 (line 98)
  0x00000242c754adf0: 8c6c 1507 | e91c e6ff 

  0x00000242c754adf8: ;   {metadata({method} {0x000002431f50cf08} 'constructor-impl' '(Ljava/lang/Object;)Ljava/lang/Object;' in 'kotlin/Result')}
  0x00000242c754adf8: ff49 ba00 | cf50 1f43 | 0200 004c | 8954 2408 | 48c7 0424 | ffff ffff 

  0x00000242c754ae10: ;   {runtime_call counter_overflow Runtime1 stub}
  0x00000242c754ae10: e86b 6c15 

  0x00000242c754ae14: ; ImmutableOopMap {rax=Oop [176]=Oop [208]=Oop [216]=Oop [224]=Oop [232]=Oop }
                      ;*synchronization entry
                      ; - kotlin.Result::constructor-impl@-1
                      ; - kotlinx.coroutines.DispatchedTask::run@298 (line 100)
  0x00000242c754ae14: 07e9 cde7 

  0x00000242c754ae18: ;   {runtime_call throw_incompatible_class_change_error Runtime1 stub}
  0x00000242c754ae18: ffff e8e1 

  0x00000242c754ae1c: ; ImmutableOopMap {rsi=Oop [176]=Oop [208]=Oop [216]=Oop [224]=Oop [232]=Oop [248]=Oop }
                      ;*invokeinterface getCancellationException {reexecute=0 rethrow=0 return_oop=0}
                      ; - kotlinx.coroutines.DispatchedTask::run@178 (line 93)
                      ;   {metadata({method} {0x000002431f4de568} 'getRECOVER_STACK_TRACES' '()Z' in 'kotlinx/coroutines/DebugKt')}
  0x00000242c754ae1c: 3915 0749 | ba60 e54d | 1f43 0200 | 004c 8954 | 2408 48c7 | 0424 ffff 

  0x00000242c754ae34: ;   {runtime_call counter_overflow Runtime1 stub}
  0x00000242c754ae34: ffff e845 

  0x00000242c754ae38: ; ImmutableOopMap {[176]=Oop [208]=Oop [216]=Oop [224]=Oop [232]=Oop [296]=Oop }
                      ;*synchronization entry
                      ; - kotlinx.coroutines.DebugKt::getRECOVER_STACK_TRACES@-1 (line 77)
                      ; - kotlinx.coroutines.DispatchedTask::run@211 (line 233)
  0x00000242c754ae38: 6c15 07e9 | 55ea ffff 

  0x00000242c754ae40: ;   {metadata({method} {0x000002431f5209e8} 'createFailure' '(Ljava/lang/Throwable;)Ljava/lang/Object;' in 'kotlin/ResultKt')}
  0x00000242c754ae40: 49ba e009 | 521f 4302 | 0000 4c89 | 5424 0848 | c704 24ff 

  0x00000242c754ae54: ;   {runtime_call counter_overflow Runtime1 stub}
  0x00000242c754ae54: ffff ffe8 

  0x00000242c754ae58: ; ImmutableOopMap {rax=Oop [176]=Oop [208]=Oop [216]=Oop [224]=Oop [232]=Oop [296]=Oop }
                      ;*synchronization entry
                      ; - kotlin.ResultKt::createFailure@-1
                      ; - kotlinx.coroutines.DispatchedTask::run@246 (line 232)
  0x00000242c754ae58: 246c 1507 | e995 eaff 

  0x00000242c754ae60: ;   {metadata({method} {0x000002431f415410} 'checkNotNullParameter' '(Ljava/lang/Object;Ljava/lang/String;)V' in 'kotlin/jvm/internal/Intrinsics')}
  0x00000242c754ae60: ff49 ba08 | 5441 1f43 | 0200 004c | 8954 2408 | 48c7 0424 | ffff ffff 

  0x00000242c754ae78: ;   {runtime_call counter_overflow Runtime1 stub}
  0x00000242c754ae78: e803 6c15 

  0x00000242c754ae7c: ; ImmutableOopMap {rax=Oop [176]=Oop [208]=Oop [216]=Oop [224]=Oop [232]=Oop [296]=Oop }
                      ;*synchronization entry
                      ; - kotlin.jvm.internal.Intrinsics::checkNotNullParameter@-1 (line 130)
                      ; - kotlin.ResultKt::createFailure@3
                      ; - kotlinx.coroutines.DispatchedTask::run@246 (line 232)
  0x00000242c754ae7c: 07e9 adea 

  0x00000242c754ae80: ;   {metadata({method} {0x000002431f415590} 'throwParameterIsNullNPE' '(Ljava/lang/String;)V' in 'kotlin/jvm/internal/Intrinsics')}
  0x00000242c754ae80: ffff 49ba | 8855 411f | 4302 0000 | 4c89 5424 | 0848 c704 | 24ff ffff 

  0x00000242c754ae98: ;   {runtime_call counter_overflow Runtime1 stub}
  0x00000242c754ae98: ffe8 e26b 

  0x00000242c754ae9c: ; ImmutableOopMap {[176]=Oop [208]=Oop [216]=Oop [224]=Oop [232]=Oop [296]=Oop }
                      ;*synchronization entry
                      ; - kotlin.jvm.internal.Intrinsics::throwParameterIsNullNPE@-1 (line 140)
                      ; - kotlin.jvm.internal.Intrinsics::checkNotNullParameter@5 (line 131)
                      ; - kotlin.ResultKt::createFailure@3
                      ; - kotlinx.coroutines.DispatchedTask::run@246 (line 232)
  0x00000242c754ae9c: 1507 e9f4 

  0x00000242c754aea0: ;   {metadata(nullptr)}
  0x00000242c754aea0: eaff ff48 | ba00 0000 | 0000 0000 | 00b8 000f 

  0x00000242c754aeb0: ;   {runtime_call load_klass_patching Runtime1 stub}
  0x00000242c754aeb0: 050a e8c9 

  0x00000242c754aeb4: ; ImmutableOopMap {[176]=Oop [208]=Oop [216]=Oop [224]=Oop [232]=Oop [296]=Oop }
                      ;*new {reexecute=1 rethrow=0 return_oop=0}
                      ; - (reexecute) kotlin.jvm.internal.Intrinsics::throwParameterIsNullNPE@0 (line 140)
                      ; - kotlin.jvm.internal.Intrinsics::checkNotNullParameter@5 (line 131)
                      ; - kotlin.ResultKt::createFailure@3
                      ; - kotlinx.coroutines.DispatchedTask::run@246 (line 232)
  0x00000242c754aeb4: 5615 07e9 | dcea ffff 

  0x00000242c754aebc: ;   {runtime_call fast_new_instance Runtime1 stub}
  0x00000242c754aebc: 488b d2e8 

  0x00000242c754aec0: ; ImmutableOopMap {[176]=Oop [208]=Oop [216]=Oop [224]=Oop [232]=Oop [296]=Oop }
                      ;*new {reexecute=0 rethrow=0 return_oop=0}
                      ; - kotlin.jvm.internal.Intrinsics::throwParameterIsNullNPE@0 (line 140)
                      ; - kotlin.jvm.internal.Intrinsics::checkNotNullParameter@5 (line 131)
                      ; - kotlin.ResultKt::createFailure@3
                      ; - kotlinx.coroutines.DispatchedTask::run@246 (line 232)
  0x00000242c754aec0: 3c13 1507 | e92b ebff 

  0x00000242c754aec8: ;   {metadata({method} {0x000002431f4164f8} 'sanitizeStackTrace' '(Ljava/lang/Throwable;)Ljava/lang/Throwable;' in 'kotlin/jvm/internal/Intrinsics')}
  0x00000242c754aec8: ff49 baf0 | 6441 1f43 | 0200 004c | 8954 2408 | 48c7 0424 | ffff ffff 

  0x00000242c754aee0: ;   {runtime_call counter_overflow Runtime1 stub}
  0x00000242c754aee0: e89b 6b15 

  0x00000242c754aee4: ; ImmutableOopMap {[176]=Oop [208]=Oop [216]=Oop [224]=Oop [232]=Oop [296]=Oop [304]=Oop }
                      ;*synchronization entry
                      ; - kotlin.jvm.internal.Intrinsics::sanitizeStackTrace@-1 (line 253)
                      ; - kotlin.jvm.internal.Intrinsics::throwParameterIsNullNPE@11 (line 140)
                      ; - kotlin.jvm.internal.Intrinsics::checkNotNullParameter@5 (line 131)
                      ; - kotlin.ResultKt::createFailure@3
                      ; - kotlinx.coroutines.DispatchedTask::run@246 (line 232)
  0x00000242c754aee4: 07e9 b3eb 

  0x00000242c754aee8: ;   {metadata({method} {0x00000242de46b368} 'getName' '()Ljava/lang/String;' in 'java/lang/Class')}
  0x00000242c754aee8: ffff 49ba | 60b3 46de | 4202 0000 | 4c89 5424 | 0848 c704 | 24ff ffff 

  0x00000242c754af00: ;   {runtime_call counter_overflow Runtime1 stub}
  0x00000242c754af00: ffe8 7a6b 

  0x00000242c754af04: ; ImmutableOopMap {rdx=Oop [176]=Oop [208]=Oop [216]=Oop [224]=Oop [232]=Oop [296]=Oop [304]=Oop }
                      ;*synchronization entry
                      ; - java.lang.Class::getName@-1 (line 949)
                      ; - kotlin.jvm.internal.Intrinsics::sanitizeStackTrace@3 (line 253)
                      ; - kotlin.jvm.internal.Intrinsics::throwParameterIsNullNPE@11 (line 140)
                      ; - kotlin.jvm.internal.Intrinsics::checkNotNullParameter@5 (line 131)
                      ; - kotlin.ResultKt::createFailure@3
                      ; - kotlinx.coroutines.DispatchedTask::run@246 (line 232)
  0x00000242c754af04: 1507 e9d8 

  0x00000242c754af08: ;   {runtime_call throw_null_pointer_exception Runtime1 stub}
  0x00000242c754af08: ebff ffe8 

  0x00000242c754af0c: ; ImmutableOopMap {[176]=Oop [208]=Oop [216]=Oop [224]=Oop [232]=Oop [296]=Oop [304]=Oop }
                      ;*getfield name {reexecute=1 rethrow=0 return_oop=0}
                      ; - (reexecute) java.lang.Class::getName@1 (line 949)
                      ; - kotlin.jvm.internal.Intrinsics::sanitizeStackTrace@3 (line 253)
                      ; - kotlin.jvm.internal.Intrinsics::throwParameterIsNullNPE@11 (line 140)
                      ; - kotlin.jvm.internal.Intrinsics::checkNotNullParameter@5 (line 131)
                      ; - kotlin.ResultKt::createFailure@3
                      ; - kotlinx.coroutines.DispatchedTask::run@246 (line 232)
  0x00000242c754af0c: f0fd 1407 

  0x00000242c754af10: ;   {runtime_call fast_new_instance Runtime1 stub}
  0x00000242c754af10: 488b d2e8 

  0x00000242c754af14: ; ImmutableOopMap {rbx=Oop [176]=Oop [208]=Oop [216]=Oop [224]=Oop [232]=Oop [296]=Oop }
                      ;*new {reexecute=0 rethrow=0 return_oop=0}
                      ; - kotlin.ResultKt::createFailure@6 (line 122)
                      ; - kotlinx.coroutines.DispatchedTask::run@246 (line 232)
  0x00000242c754af14: e812 1507 | e9a6 ecff 

  0x00000242c754af1c: ;   {metadata({method} {0x000002431f50ee40} '<init>' '(Ljava/lang/Throwable;)V' in 'kotlin/Result$Failure')}
  0x00000242c754af1c: ff49 ba38 | ee50 1f43 | 0200 004c | 8954 2408 | 48c7 0424 | ffff ffff 

  0x00000242c754af34: ;   {runtime_call counter_overflow Runtime1 stub}
  0x00000242c754af34: e847 6b15 

  0x00000242c754af38: ; ImmutableOopMap {rbx=Oop rax=Oop [176]=Oop [208]=Oop [216]=Oop [224]=Oop [232]=Oop [296]=Oop [320]=Oop }
                      ;*synchronization entry
                      ; - kotlin.Result$Failure::<init>@-1
                      ; - kotlin.ResultKt::createFailure@11 (line 122)
                      ; - kotlinx.coroutines.DispatchedTask::run@246 (line 232)
  0x00000242c754af38: 07e9 c9ec 

  0x00000242c754af3c: ;   {metadata({method} {0x000002431f415410} 'checkNotNullParameter' '(Ljava/lang/Object;Ljava/lang/String;)V' in 'kotlin/jvm/internal/Intrinsics')}
  0x00000242c754af3c: ffff 49ba | 0854 411f | 4302 0000 | 4c89 5424 | 0848 c704 | 24ff ffff 

  0x00000242c754af54: ;   {runtime_call counter_overflow Runtime1 stub}
  0x00000242c754af54: ffe8 266b 

  0x00000242c754af58: ; ImmutableOopMap {rbx=Oop rax=Oop [176]=Oop [208]=Oop [216]=Oop [224]=Oop [232]=Oop [296]=Oop [320]=Oop }
                      ;*synchronization entry
                      ; - kotlin.jvm.internal.Intrinsics::checkNotNullParameter@-1 (line 130)
                      ; - kotlin.Result$Failure::<init>@3
                      ; - kotlin.ResultKt::createFailure@11 (line 122)
                      ; - kotlinx.coroutines.DispatchedTask::run@246 (line 232)
  0x00000242c754af58: 1507 e9e1 

  0x00000242c754af5c: ;   {metadata({method} {0x000002431f415590} 'throwParameterIsNullNPE' '(Ljava/lang/String;)V' in 'kotlin/jvm/internal/Intrinsics')}
  0x00000242c754af5c: ecff ff49 | ba88 5541 | 1f43 0200 | 004c 8954 | 2408 48c7 | 0424 ffff 

  0x00000242c754af74: ;   {runtime_call counter_overflow Runtime1 stub}
  0x00000242c754af74: ffff e805 

  0x00000242c754af78: ; ImmutableOopMap {[176]=Oop [208]=Oop [216]=Oop [224]=Oop [232]=Oop [296]=Oop [320]=Oop }
                      ;*synchronization entry
                      ; - kotlin.jvm.internal.Intrinsics::throwParameterIsNullNPE@-1 (line 140)
                      ; - kotlin.jvm.internal.Intrinsics::checkNotNullParameter@5 (line 131)
                      ; - kotlin.Result$Failure::<init>@3
                      ; - kotlin.ResultKt::createFailure@11 (line 122)
                      ; - kotlinx.coroutines.DispatchedTask::run@246 (line 232)
  0x00000242c754af78: 6b15 07e9 | 28ed ffff 

  0x00000242c754af80: ;   {metadata(nullptr)}
  0x00000242c754af80: 48ba 0000 | 0000 0000 | 0000 b800 

  0x00000242c754af8c: ;   {runtime_call load_klass_patching Runtime1 stub}
  0x00000242c754af8c: 0f05 0ae8 

  0x00000242c754af90: ; ImmutableOopMap {[176]=Oop [208]=Oop [216]=Oop [224]=Oop [232]=Oop [296]=Oop [320]=Oop }
                      ;*new {reexecute=1 rethrow=0 return_oop=0}
                      ; - (reexecute) kotlin.jvm.internal.Intrinsics::throwParameterIsNullNPE@0 (line 140)
                      ; - kotlin.jvm.internal.Intrinsics::checkNotNullParameter@5 (line 131)
                      ; - kotlin.Result$Failure::<init>@3
                      ; - kotlin.ResultKt::createFailure@11 (line 122)
                      ; - kotlinx.coroutines.DispatchedTask::run@246 (line 232)
  0x00000242c754af90: ec55 1507 | e90f edff | ff48 8bd2 

  0x00000242c754af9c: ;   {runtime_call fast_new_instance Runtime1 stub}
  0x00000242c754af9c: e85f 1215 

  0x00000242c754afa0: ; ImmutableOopMap {[176]=Oop [208]=Oop [216]=Oop [224]=Oop [232]=Oop [296]=Oop [320]=Oop }
                      ;*new {reexecute=0 rethrow=0 return_oop=0}
                      ; - kotlin.jvm.internal.Intrinsics::throwParameterIsNullNPE@0 (line 140)
                      ; - kotlin.jvm.internal.Intrinsics::checkNotNullParameter@5 (line 131)
                      ; - kotlin.Result$Failure::<init>@3
                      ; - kotlin.ResultKt::createFailure@11 (line 122)
                      ; - kotlinx.coroutines.DispatchedTask::run@246 (line 232)
  0x00000242c754afa0: 07e9 5eed 

  0x00000242c754afa4: ;   {metadata({method} {0x000002431f4164f8} 'sanitizeStackTrace' '(Ljava/lang/Throwable;)Ljava/lang/Throwable;' in 'kotlin/jvm/internal/Intrinsics')}
  0x00000242c754afa4: ffff 49ba | f064 411f | 4302 0000 | 4c89 5424 | 0848 c704 | 24ff ffff 

  0x00000242c754afbc: ;   {runtime_call counter_overflow Runtime1 stub}
  0x00000242c754afbc: ffe8 be6a 

  0x00000242c754afc0: ; ImmutableOopMap {[176]=Oop [208]=Oop [216]=Oop [224]=Oop [232]=Oop [296]=Oop [312]=Oop [320]=Oop }
                      ;*synchronization entry
                      ; - kotlin.jvm.internal.Intrinsics::sanitizeStackTrace@-1 (line 253)
                      ; - kotlin.jvm.internal.Intrinsics::throwParameterIsNullNPE@11 (line 140)
                      ; - kotlin.jvm.internal.Intrinsics::checkNotNullParameter@5 (line 131)
                      ; - kotlin.Result$Failure::<init>@3
                      ; - kotlin.ResultKt::createFailure@11 (line 122)
                      ; - kotlinx.coroutines.DispatchedTask::run@246 (line 232)
  0x00000242c754afc0: 1507 e9e6 

  0x00000242c754afc4: ;   {metadata({method} {0x00000242de46b368} 'getName' '()Ljava/lang/String;' in 'java/lang/Class')}
  0x00000242c754afc4: edff ff49 | ba60 b346 | de42 0200 | 004c 8954 | 2408 48c7 | 0424 ffff 

  0x00000242c754afdc: ;   {runtime_call counter_overflow Runtime1 stub}
  0x00000242c754afdc: ffff e89d 

  0x00000242c754afe0: ; ImmutableOopMap {rdx=Oop [176]=Oop [208]=Oop [216]=Oop [224]=Oop [232]=Oop [296]=Oop [312]=Oop [320]=Oop }
                      ;*synchronization entry
                      ; - java.lang.Class::getName@-1 (line 949)
                      ; - kotlin.jvm.internal.Intrinsics::sanitizeStackTrace@3 (line 253)
                      ; - kotlin.jvm.internal.Intrinsics::throwParameterIsNullNPE@11 (line 140)
                      ; - kotlin.jvm.internal.Intrinsics::checkNotNullParameter@5 (line 131)
                      ; - kotlin.Result$Failure::<init>@3
                      ; - kotlin.ResultKt::createFailure@11 (line 122)
                      ; - kotlinx.coroutines.DispatchedTask::run@246 (line 232)
  0x00000242c754afe0: 6a15 07e9 | 0bee ffff 

  0x00000242c754afe8: ;   {runtime_call throw_null_pointer_exception Runtime1 stub}
  0x00000242c754afe8: e813 fd14 

  0x00000242c754afec: ; ImmutableOopMap {[176]=Oop [208]=Oop [216]=Oop [224]=Oop [232]=Oop [296]=Oop [312]=Oop [320]=Oop }
                      ;*getfield name {reexecute=1 rethrow=0 return_oop=0}
                      ; - (reexecute) java.lang.Class::getName@1 (line 949)
                      ; - kotlin.jvm.internal.Intrinsics::sanitizeStackTrace@3 (line 253)
                      ; - kotlin.jvm.internal.Intrinsics::throwParameterIsNullNPE@11 (line 140)
                      ; - kotlin.jvm.internal.Intrinsics::checkNotNullParameter@5 (line 131)
                      ; - kotlin.Result$Failure::<init>@3
                      ; - kotlin.ResultKt::createFailure@11 (line 122)
                      ; - kotlinx.coroutines.DispatchedTask::run@246 (line 232)
                      ;   {metadata({method} {0x00000242de476650} '<init>' '()V' in 'java/lang/Object')}
  0x00000242c754afec: 0749 ba48 | 6647 de42 | 0200 004c | 8954 2408 | 48c7 0424 | ffff ffff 

  0x00000242c754b004: ;   {runtime_call counter_overflow Runtime1 stub}
  0x00000242c754b004: e877 6a15 

  0x00000242c754b008: ; ImmutableOopMap {rdi=Oop rax=Oop [176]=Oop [208]=Oop [216]=Oop [224]=Oop [232]=Oop [296]=Oop [320]=Oop }
                      ;*synchronization entry
                      ; - java.lang.Object::<init>@-1 (line 45)
                      ; - kotlin.Result$Failure::<init>@7 (line 105)
                      ; - kotlin.ResultKt::createFailure@11 (line 122)
                      ; - kotlinx.coroutines.DispatchedTask::run@246 (line 232)
  0x00000242c754b008: 07e9 b7ee | ffff 448b | 400c 49c1 | e003 4983 | f800 0f84 | b3ee ffff | 4c89 0424 

  0x00000242c754b024: ;   {runtime_call g1_pre_barrier_slow}
  0x00000242c754b024: e8d7 7415 | 07e9 a5ee | ffff 4883 | ff00 0f84 | baee ffff | 4889 0424 

  0x00000242c754b03c: ;   {runtime_call g1_post_barrier_slow}
  0x00000242c754b03c: e8bf 7715 | 07e9 acee 

  0x00000242c754b044: ;   {metadata({method} {0x000002431f50cf08} 'constructor-impl' '(Ljava/lang/Object;)Ljava/lang/Object;' in 'kotlin/Result')}
  0x00000242c754b044: ffff 49ba | 00cf 501f | 4302 0000 | 4c89 5424 | 0848 c704 | 24ff ffff 

  0x00000242c754b05c: ;   {runtime_call counter_overflow Runtime1 stub}
  0x00000242c754b05c: ffe8 1e6a 

  0x00000242c754b060: ; ImmutableOopMap {rax=Oop [176]=Oop [208]=Oop [216]=Oop [224]=Oop [232]=Oop [320]=Oop }
                      ;*synchronization entry
                      ; - kotlin.Result::constructor-impl@-1
                      ; - kotlinx.coroutines.DispatchedTask::run@249 (line 232)
  0x00000242c754b060: 1507 e9c6 

  0x00000242c754b064: ;   {runtime_call throw_null_pointer_exception Runtime1 stub}
  0x00000242c754b064: eeff ffe8 

  0x00000242c754b068: ; ImmutableOopMap {rax=Oop [176]=Oop [216]=Oop [224]=Oop }
                      ;*invokevirtual clearThreadContext {reexecute=0 rethrow=0 return_oop=0}
                      ; - kotlinx.coroutines.DispatchedTask::run@319 (line 236)
  0x00000242c754b068: 94fc 1407 

  0x00000242c754b06c: ;   {internal_word}
  0x00000242c754b06c: 49ba d4a0 | 54c7 4202 | 0000 4d89 | 9760 0400 

  0x00000242c754b07c: ;   {runtime_call SafepointBlob}
  0x00000242c754b07c: 00e9 fea3 | 0907 4889 

  0x00000242c754b084: ;   {runtime_call throw_class_cast_exception Runtime1 stub}
  0x00000242c754b084: 0424 e875 

  0x00000242c754b088: ; ImmutableOopMap {r8=Oop [176]=Oop [208]=Oop [216]=Oop [224]=Oop [232]=Oop [296]=Oop [320]=Oop }
                      ;*checkcast {reexecute=0 rethrow=0 return_oop=0}
                      ; - kotlin.jvm.internal.Intrinsics::throwParameterIsNullNPE@14 (line 140)
                      ; - kotlin.jvm.internal.Intrinsics::checkNotNullParameter@5 (line 131)
                      ; - kotlin.Result$Failure::<init>@3
                      ; - kotlin.ResultKt::createFailure@11 (line 122)
                      ; - kotlinx.coroutines.DispatchedTask::run@246 (line 232)
                      ;   {runtime_call throw_null_pointer_exception Runtime1 stub}
  0x00000242c754b088: 3415 07e8 

  0x00000242c754b08c: ; ImmutableOopMap {r8=Oop rax=Oop [176]=Oop [208]=Oop [216]=Oop [224]=Oop [232]=Oop [296]=Oop [320]=Oop }
                      ;*athrow {reexecute=1 rethrow=0 return_oop=0}
                      ; - (reexecute) kotlin.jvm.internal.Intrinsics::throwParameterIsNullNPE@17 (line 140)
                      ; - kotlin.jvm.internal.Intrinsics::checkNotNullParameter@5 (line 131)
                      ; - kotlin.Result$Failure::<init>@3
                      ; - kotlin.ResultKt::createFailure@11 (line 122)
                      ; - kotlinx.coroutines.DispatchedTask::run@246 (line 232)
  0x00000242c754b08c: 70fc 1407 | 4889 0424 

  0x00000242c754b094: ;   {runtime_call throw_class_cast_exception Runtime1 stub}
  0x00000242c754b094: e867 3415 

  0x00000242c754b098: ; ImmutableOopMap {r8=Oop [176]=Oop [208]=Oop [216]=Oop [224]=Oop [232]=Oop [296]=Oop }
                      ;*checkcast {reexecute=0 rethrow=0 return_oop=0}
                      ; - kotlin.jvm.internal.Intrinsics::throwParameterIsNullNPE@14 (line 140)
                      ; - kotlin.jvm.internal.Intrinsics::checkNotNullParameter@5 (line 131)
                      ; - kotlin.ResultKt::createFailure@3
                      ; - kotlinx.coroutines.DispatchedTask::run@246 (line 232)
                      ;   {runtime_call throw_null_pointer_exception Runtime1 stub}
  0x00000242c754b098: 07e8 62fc 

  0x00000242c754b09c: ; ImmutableOopMap {r8=Oop rax=Oop [176]=Oop [208]=Oop [216]=Oop [224]=Oop [232]=Oop [296]=Oop }
                      ;*athrow {reexecute=1 rethrow=0 return_oop=0}
                      ; - (reexecute) kotlin.jvm.internal.Intrinsics::throwParameterIsNullNPE@17 (line 140)
                      ; - kotlin.jvm.internal.Intrinsics::checkNotNullParameter@5 (line 131)
                      ; - kotlin.ResultKt::createFailure@3
                      ; - kotlinx.coroutines.DispatchedTask::run@246 (line 232)
  0x00000242c754b09c: 1407 4889 

  0x00000242c754b0a0: ;   {runtime_call throw_class_cast_exception Runtime1 stub}
  0x00000242c754b0a0: 0424 e859 

  0x00000242c754b0a4: ; ImmutableOopMap {r8=Oop [176]=Oop [208]=Oop [216]=Oop [224]=Oop [232]=Oop [256]=Oop [288]=Oop }
                      ;*checkcast {reexecute=0 rethrow=0 return_oop=0}
                      ; - kotlin.jvm.internal.Intrinsics::throwParameterIsNullNPE@14 (line 140)
                      ; - kotlin.jvm.internal.Intrinsics::checkNotNullParameter@5 (line 131)
                      ; - kotlin.Result$Failure::<init>@3
                      ; - kotlin.ResultKt::createFailure@11 (line 122)
                      ; - kotlinx.coroutines.DispatchedTask::run@273 (line 98)
                      ;   {runtime_call throw_null_pointer_exception Runtime1 stub}
  0x00000242c754b0a4: 3415 07e8 

  0x00000242c754b0a8: ; ImmutableOopMap {r8=Oop rax=Oop [176]=Oop [208]=Oop [216]=Oop [224]=Oop [232]=Oop [256]=Oop [288]=Oop }
                      ;*athrow {reexecute=1 rethrow=0 return_oop=0}
                      ; - (reexecute) kotlin.jvm.internal.Intrinsics::throwParameterIsNullNPE@17 (line 140)
                      ; - kotlin.jvm.internal.Intrinsics::checkNotNullParameter@5 (line 131)
                      ; - kotlin.Result$Failure::<init>@3
                      ; - kotlin.ResultKt::createFailure@11 (line 122)
                      ; - kotlinx.coroutines.DispatchedTask::run@273 (line 98)
  0x00000242c754b0a8: 54fc 1407 | 4889 0424 

  0x00000242c754b0b0: ;   {runtime_call throw_class_cast_exception Runtime1 stub}
  0x00000242c754b0b0: e84b 3415 

  0x00000242c754b0b4: ; ImmutableOopMap {rdi=Oop rsi=Oop [176]=Oop [216]=Oop [224]=Oop [232]=Oop [256]=Oop }
                      ;*checkcast {reexecute=0 rethrow=0 return_oop=0}
                      ; - kotlin.jvm.internal.Intrinsics::throwParameterIsNullNPE@14 (line 140)
                      ; - kotlin.jvm.internal.Intrinsics::checkNotNullParameter@5 (line 131)
                      ; - kotlin.ResultKt::createFailure@3
                      ; - kotlinx.coroutines.DispatchedTask::run@273 (line 98)
                      ;   {runtime_call throw_null_pointer_exception Runtime1 stub}
  0x00000242c754b0b4: 07e8 46fc 

  0x00000242c754b0b8: ; ImmutableOopMap {rdi=Oop rsi=Oop rax=Oop [176]=Oop [216]=Oop [224]=Oop [232]=Oop [256]=Oop }
                      ;*athrow {reexecute=1 rethrow=0 return_oop=0}
                      ; - (reexecute) kotlin.jvm.internal.Intrinsics::throwParameterIsNullNPE@17 (line 140)
                      ; - kotlin.jvm.internal.Intrinsics::checkNotNullParameter@5 (line 131)
                      ; - kotlin.ResultKt::createFailure@3
                      ; - kotlinx.coroutines.DispatchedTask::run@273 (line 98)
                      ;   {runtime_call throw_null_pointer_exception Runtime1 stub}
  0x00000242c754b0b8: 1407 e841 

  0x00000242c754b0bc: ; ImmutableOopMap {rdx=Oop [176]=Oop [216]=Oop [224]=Oop [328]=Oop }
                      ;*invokevirtual clearThreadContext {reexecute=0 rethrow=0 return_oop=0}
                      ; - kotlinx.coroutines.DispatchedTask::run@344 (line 236)
  0x00000242c754b0bc: fc14 0748 

  0x00000242c754b0c0: ;   {runtime_call throw_class_cast_exception Runtime1 stub}
  0x00000242c754b0c0: 8904 24e8 

  0x00000242c754b0c4: ; ImmutableOopMap {r8=Oop [176]=Oop [184]=Oop }
                      ;*checkcast {reexecute=0 rethrow=0 return_oop=0}
                      ; - kotlin.jvm.internal.Intrinsics::throwJavaNpe@11 (line 50)
                      ; - kotlin.jvm.internal.Intrinsics::checkNotNull@5 (line 31)
                      ; - kotlinx.coroutines.DispatchedTask::run@40 (line 80)
  0x00000242c754b0c4: 3834 1507 

  0x00000242c754b0c8: ;   {runtime_call throw_null_pointer_exception Runtime1 stub}
  0x00000242c754b0c8: e833 fc14 

  0x00000242c754b0cc: ; ImmutableOopMap {r8=Oop rax=Oop [176]=Oop [184]=Oop }
                      ;*athrow {reexecute=1 rethrow=0 return_oop=0}
                      ; - (reexecute) kotlin.jvm.internal.Intrinsics::throwJavaNpe@14 (line 50)
                      ; - kotlin.jvm.internal.Intrinsics::checkNotNull@5 (line 31)
                      ; - kotlinx.coroutines.DispatchedTask::run@40 (line 80)
                      ;   {internal_word}
  0x00000242c754b0cc: 0749 ba0c | a854 c742 | 0200 004d | 8997 6004 

  0x00000242c754b0dc: ;   {runtime_call SafepointBlob}
  0x00000242c754b0dc: 0000 e99d 

  0x00000242c754b0e0: ;   {runtime_call throw_null_pointer_exception Runtime1 stub}
  0x00000242c754b0e0: a309 07e8 

  0x00000242c754b0e4: ; ImmutableOopMap {rax=Oop [336]=Oop }
                      ;*invokeinterface getContext {reexecute=0 rethrow=0 return_oop=0}
                      ; - kotlinx.coroutines.DispatchedTask::run@365 (line 105)
  0x00000242c754b0e4: 18fc 1407 

  0x00000242c754b0e8: ;   {internal_word}
  0x00000242c754b0e8: 49ba 8caa | 54c7 4202 | 0000 4d89 | 9760 0400 

  0x00000242c754b0f8: ;   {runtime_call SafepointBlob}
  0x00000242c754b0f8: 00e9 82a3 | 0907 498b | 87f8 0400 | 0049 c787 | f804 0000 | 0000 0000 | 49c7 8700 | 0500 0000 
  0x00000242c754b118: 0000 0048 | 81c4 7001 

  0x00000242c754b120: ;   {runtime_call unwind_exception Runtime1 stub}
  0x00000242c754b120: 0000 5de9 | d8e0 1407 
[Stub Code]
  0x00000242c754b128: ;   {no_reloc}
  0x00000242c754b128: 0f1f 4400 

  0x00000242c754b12c: ;   {static_stub}
  0x00000242c754b12c: 0048 bb00 | 0000 0000 

  0x00000242c754b134: ;   {runtime_call nmethod}
  0x00000242c754b134: 0000 00e9 | fbff ffff 

  0x00000242c754b13c: ;   {static_stub}
  0x00000242c754b13c: 9048 bb00 | 0000 0000 

  0x00000242c754b144: ;   {runtime_call nmethod}
  0x00000242c754b144: 0000 00e9 | fbff ffff 

  0x00000242c754b14c: ;   {static_stub}
  0x00000242c754b14c: 9048 bb00 | 0000 0000 

  0x00000242c754b154: ;   {runtime_call nmethod}
  0x00000242c754b154: 0000 00e9 | fbff ffff 

  0x00000242c754b15c: ;   {static_stub}
  0x00000242c754b15c: 9048 bb00 | 0000 0000 

  0x00000242c754b164: ;   {runtime_call nmethod}
  0x00000242c754b164: 0000 00e9 | fbff ffff 

  0x00000242c754b16c: ;   {static_stub}
  0x00000242c754b16c: 9048 bb00 | 0000 0000 

  0x00000242c754b174: ;   {runtime_call nmethod}
  0x00000242c754b174: 0000 00e9 | fbff ffff 

  0x00000242c754b17c: ;   {static_stub}
  0x00000242c754b17c: 9048 bb00 | 0000 0000 

  0x00000242c754b184: ;   {runtime_call nmethod}
  0x00000242c754b184: 0000 00e9 | fbff ffff 

  0x00000242c754b18c: ;   {static_stub}
  0x00000242c754b18c: 9048 bb00 | 0000 0000 

  0x00000242c754b194: ;   {runtime_call nmethod}
  0x00000242c754b194: 0000 00e9 | fbff ffff 

  0x00000242c754b19c: ;   {static_stub}
  0x00000242c754b19c: 9048 bb00 | 0000 0000 

  0x00000242c754b1a4: ;   {runtime_call nmethod}
  0x00000242c754b1a4: 0000 00e9 | fbff ffff 

  0x00000242c754b1ac: ;   {static_stub}
  0x00000242c754b1ac: 9048 bb00 | 0000 0000 

  0x00000242c754b1b4: ;   {runtime_call nmethod}
  0x00000242c754b1b4: 0000 00e9 | fbff ffff 

  0x00000242c754b1bc: ;   {static_stub}
  0x00000242c754b1bc: 9048 bb00 | 0000 0000 

  0x00000242c754b1c4: ;   {runtime_call nmethod}
  0x00000242c754b1c4: 0000 00e9 | fbff ffff 

  0x00000242c754b1cc: ;   {static_stub}
  0x00000242c754b1cc: 9048 bbb0 | d84e 1f43 

  0x00000242c754b1d4: ;   {runtime_call I2C/C2I adapters}
  0x00000242c754b1d4: 0200 00e9 | 8782 0907 

  0x00000242c754b1dc: ;   {static_stub}
  0x00000242c754b1dc: 9048 bb00 | 0000 0000 

  0x00000242c754b1e4: ;   {runtime_call nmethod}
  0x00000242c754b1e4: 0000 00e9 | fbff ffff 

  0x00000242c754b1ec: ;   {static_stub}
  0x00000242c754b1ec: 9048 bb00 | 0000 0000 

  0x00000242c754b1f4: ;   {runtime_call nmethod}
  0x00000242c754b1f4: 0000 00e9 | fbff ffff 

  0x00000242c754b1fc: ;   {static_stub}
  0x00000242c754b1fc: 9048 bb00 | 0000 0000 

  0x00000242c754b204: ;   {runtime_call nmethod}
  0x00000242c754b204: 0000 00e9 | fbff ffff 

  0x00000242c754b20c: ;   {static_stub}
  0x00000242c754b20c: 9048 bb00 | 0000 0000 

  0x00000242c754b214: ;   {runtime_call nmethod}
  0x00000242c754b214: 0000 00e9 | fbff ffff 

  0x00000242c754b21c: ;   {static_stub}
  0x00000242c754b21c: 9048 bb00 | 0000 0000 

  0x00000242c754b224: ;   {runtime_call nmethod}
  0x00000242c754b224: 0000 00e9 | fbff ffff 

  0x00000242c754b22c: ;   {static_stub}
  0x00000242c754b22c: 9048 bb00 | 0000 0000 

  0x00000242c754b234: ;   {runtime_call nmethod}
  0x00000242c754b234: 0000 00e9 | fbff ffff 

  0x00000242c754b23c: ;   {static_stub}
  0x00000242c754b23c: 48bb 0000 | 0000 0000 

  0x00000242c754b244: ;   {runtime_call nmethod}
  0x00000242c754b244: 0000 e9fb 

  0x00000242c754b248: ;   {static_stub}
  0x00000242c754b248: ffff ff48 | bb00 0000 | 0000 0000 

  0x00000242c754b254: ;   {runtime_call nmethod}
  0x00000242c754b254: 00e9 fbff 

  0x00000242c754b258: ;   {static_stub}
  0x00000242c754b258: ffff 48bb | 0000 0000 | 0000 0000 

  0x00000242c754b264: ;   {runtime_call nmethod}
  0x00000242c754b264: e9fb ffff 

  0x00000242c754b268: ;   {static_stub}
  0x00000242c754b268: ff48 bb00 | 0000 0000 

  0x00000242c754b270: ;   {runtime_call nmethod}
  0x00000242c754b270: 0000 00e9 | fbff ffff 

  0x00000242c754b278: ;   {static_stub}
  0x00000242c754b278: 48bb 0000 | 0000 0000 

  0x00000242c754b280: ;   {runtime_call nmethod}
  0x00000242c754b280: 0000 e9fb 

  0x00000242c754b284: ;   {static_stub}
  0x00000242c754b284: ffff ff48 | bb00 0000 | 0000 0000 

  0x00000242c754b290: ;   {runtime_call nmethod}
  0x00000242c754b290: 00e9 fbff 

  0x00000242c754b294: ;   {static_stub}
  0x00000242c754b294: ffff 48bb | 105e 501f | 4302 0000 

  0x00000242c754b2a0: ;   {runtime_call I2C/C2I adapters}
  0x00000242c754b2a0: e942 8d09 

  0x00000242c754b2a4: ;   {static_stub}
  0x00000242c754b2a4: 0748 bb00 | 0000 0000 

  0x00000242c754b2ac: ;   {runtime_call nmethod}
  0x00000242c754b2ac: 0000 00e9 | fbff ffff 

  0x00000242c754b2b4: ;   {static_stub}
  0x00000242c754b2b4: 48bb 0000 | 0000 0000 

  0x00000242c754b2bc: ;   {runtime_call nmethod}
  0x00000242c754b2bc: 0000 e9fb 

  0x00000242c754b2c0: ;   {runtime_call handle_exception_from_callee Runtime1 stub}
  0x00000242c754b2c0: ffff ffe8 | 382c 1507 

  0x00000242c754b2c8: ;   {external_word}
  0x00000242c754b2c8: 48b9 789b | e171 f97f | 0000 4883 

  0x00000242c754b2d4: ;   {runtime_call}
  0x00000242c754b2d4: e4f0 48b8 | d0e6 a371 | f97f 0000 

  0x00000242c754b2e0: ;   {section_word}
  0x00000242c754b2e0: ffd0 f449 | bae3 b254 | c742 0200 

  0x00000242c754b2ec: ;   {runtime_call DeoptimizationBlob}
  0x00000242c754b2ec: 0041 52e9 | 2c94 0907 | f4f4 f4f4 
[/MachCode]


Compiled method (c1) 30157 4166   !   3       kotlinx.coroutines.scheduling.CoroutineScheduler::runSafely (73 bytes)
 total in heap  [0x00000242c7166890,0x00000242c7168138] = 6312
 relocation     [0x00000242c71669f0,0x00000242c7166b48] = 344
 main code      [0x00000242c7166b60,0x00000242c7167b58] = 4088
 stub code      [0x00000242c7167b58,0x00000242c7167bf0] = 152
 oops           [0x00000242c7167bf0,0x00000242c7167bf8] = 8
 metadata       [0x00000242c7167bf8,0x00000242c7167c48] = 80
 scopes data    [0x00000242c7167c48,0x00000242c7167df8] = 432
 scopes pcs     [0x00000242c7167df8,0x00000242c7167fd8] = 480
 dependencies   [0x00000242c7167fd8,0x00000242c7167fe8] = 16
 handler table  [0x00000242c7167fe8,0x00000242c71680f0] = 264
 nul chk table  [0x00000242c71680f0,0x00000242c7168138] = 72

[Constant Pool (empty)]

[MachCode]
[Entry Point]
  # {method} {0x000002431f4ba810} 'runSafely' '(Lkotlinx/coroutines/scheduling/Task;)V' in 'kotlinx/coroutines/scheduling/CoroutineScheduler'
  # this:     rdx:rdx   = 'kotlinx/coroutines/scheduling/CoroutineScheduler'
  # parm0:    r8:r8     = 'kotlinx/coroutines/scheduling/Task'
  #           [sp+0xa0]  (sp of caller)
  0x00000242c7166b60: 448b 5208 | 49bb 0000 | 00de 4202 | 0000 4d03 | d34c 3bd0 

  0x00000242c7166b74: ;   {runtime_call ic_miss_stub}
  0x00000242c7166b74: 0f85 067c | 4707 660f | 1f44 0000 
[Verified Entry Point]
  0x00000242c7166b80: 8984 2400 | 80ff ff55 | 4881 ec90 | 0000 0090 | 4181 7f20 | 2000 0000 

  0x00000242c7166b98: ;   {runtime_call StubRoutines (final stubs)}
  0x00000242c7166b98: 7405 e841 

  0x00000242c7166b9c: ;   {metadata(method data for {method} {0x000002431f4ba810} 'runSafely' '(Lkotlinx/coroutines/scheduling/Task;)V' in 'kotlinx/coroutines/scheduling/CoroutineScheduler')}
  0x00000242c7166b9c: f945 0748 | be68 d004 | 2143 0200 | 008b becc | 0000 0083 | c702 89be | cc00 0000 | 81e7 fe07 
  0x00000242c7166bbc: 0000 85ff | 0f84 000d | 0000 493b | 0049 8bd0 

  0x00000242c7166bcc: ;   {metadata(method data for {method} {0x000002431f4ba810} 'runSafely' '(Lkotlinx/coroutines/scheduling/Task;)V' in 'kotlinx/coroutines/scheduling/CoroutineScheduler')}
  0x00000242c7166bcc: 48be 68d0 | 0421 4302 | 0000 8b52 | 0849 ba00 | 0000 de42 | 0200 0049 | 03d2 483b | 9620 0100 
  0x00000242c7166bec: 0075 0d48 | 8386 2801 | 0000 01e9 | 6000 0000 | 483b 9630 | 0100 0075 | 0d48 8386 | 3801 0000 
  0x00000242c7166c0c: 01e9 4a00 | 0000 4883 | be20 0100 | 0000 7517 | 4889 9620 | 0100 0048 | c786 2801 | 0000 0100 
  0x00000242c7166c2c: 0000 e929 | 0000 0048 | 83be 3001 | 0000 0075 | 1748 8996 | 3001 0000 | 48c7 8638 | 0100 0001 
  0x00000242c7166c4c: 0000 00e9 | 0800 0000 | 4883 8610 | 0100 0001 | 498b d066 | 0f1f 4400 | 0048 b8ff | ffff ffff 
  0x00000242c7166c6c: ;   {virtual_call}
  0x00000242c7166c6c: ffff ffe8 

  0x00000242c7166c70: ; ImmutableOopMap {}
                      ;*invokevirtual run {reexecute=0 rethrow=0 return_oop=0}
                      ; - kotlinx.coroutines.scheduling.CoroutineScheduler::runSafely@2 (line 586)
  0x00000242c7166c70: 1cfa 6f07 

  0x00000242c7166c74: ;   {other}
  0x00000242c7166c74: 0f1f 8400 | e403 0000 

  0x00000242c7166c7c: ;   {metadata(method data for {method} {0x000002431f4ba810} 'runSafely' '(Lkotlinx/coroutines/scheduling/Task;)V' in 'kotlinx/coroutines/scheduling/CoroutineScheduler')}
  0x00000242c7166c7c: 48ba 68d0 | 0421 4302 | 0000 4883 | 8248 0100 

  0x00000242c7166c8c: ;   {metadata(method data for {method} {0x000002431f50b068} 'access$getTimeSource$p' '()Lkotlinx/coroutines/AbstractTimeSource;' in 'kotlinx/coroutines/AbstractTimeSourceKt')}
  0x00000242c7166c8c: 0001 48ba | 3022 d520 | 4302 0000 | 8bb2 cc00 | 0000 83c6 | 0289 b2cc | 0000 0081 | e6fe ff1f 
  0x00000242c7166cac: 0085 f60f | 8437 0c00 

  0x00000242c7166cb4: ;   {oop(a 'java/lang/Class'{0x00000007ffcf9cd8} = 'kotlinx/coroutines/AbstractTimeSourceKt')}
  0x00000242c7166cb4: 0048 bad8 | 9ccf ff07 | 0000 008b | 5270 48c1 | e203 4885 

  0x00000242c7166cc8: ;   {metadata(method data for {method} {0x000002431f4ba810} 'runSafely' '(Lkotlinx/coroutines/scheduling/Task;)V' in 'kotlinx/coroutines/scheduling/CoroutineScheduler')}
  0x00000242c7166cc8: d248 be68 | d004 2143 | 0200 0048 | c7c7 5801 | 0000 7407 | 48c7 c768 | 0100 0048 | 8b1c 3e48 
  0x00000242c7166ce8: 8d5b 0148 | 891c 3e0f | 84db 0a00 | 0048 3b02 

  0x00000242c7166cf8: ;   {metadata(method data for {method} {0x000002431f4ba810} 'runSafely' '(Lkotlinx/coroutines/scheduling/Task;)V' in 'kotlinx/coroutines/scheduling/CoroutineScheduler')}
  0x00000242c7166cf8: 488b f248 | bf68 d004 | 2143 0200 | 008b 7608 | 49ba 0000 | 00de 4202 | 0000 4903 | f248 3bb7 
  0x00000242c7166d18: 8801 0000 | 750d 4883 | 8790 0100 | 0001 e960 | 0000 0048 | 3bb7 9801 | 0000 750d | 4883 87a0 
  0x00000242c7166d38: 0100 0001 | e94a 0000 | 0048 83bf | 8801 0000 | 0075 1748 | 89b7 8801 | 0000 48c7 | 8790 0100 
  0x00000242c7166d58: 0001 0000 | 00e9 2900 | 0000 4883 | bf98 0100 | 0000 7517 | 4889 b798 | 0100 0048 | c787 a001 
  0x00000242c7166d78: 0000 0100 | 0000 e908 | 0000 0048 | 8387 7801 | 0000 0166 | 9048 b8ff | ffff ffff 

  0x00000242c7166d94: ;   {virtual_call}
  0x00000242c7166d94: ffff ffe8 

  0x00000242c7166d98: ; ImmutableOopMap {}
                      ;*invokevirtual unTrackTask {reexecute=0 rethrow=0 return_oop=0}
                      ; - kotlinx.coroutines.scheduling.CoroutineScheduler::runSafely@12 (line 591)
  0x00000242c7166d98: e47f 4707 

  0x00000242c7166d9c: ;   {other}
  0x00000242c7166d9c: 0f1f 8400 | 0c05 0001 

  0x00000242c7166da4: ;   {metadata(method data for {method} {0x000002431f4ba810} 'runSafely' '(Lkotlinx/coroutines/scheduling/Task;)V' in 'kotlinx/coroutines/scheduling/CoroutineScheduler')}
  0x00000242c7166da4: 48b8 68d0 | 0421 4302 | 0000 ff80 | b001 0000 | e917 0a00 | 0049 8b87 | f804 0000 | 4d33 d24d 
  0x00000242c7166dc4: 8997 f804 | 0000 4d33 | d24d 8997 | 0005 0000 

  0x00000242c7166dd4: ;   {metadata(method data for {method} {0x000002431f4ba810} 'runSafely' '(Lkotlinx/coroutines/scheduling/Task;)V' in 'kotlinx/coroutines/scheduling/CoroutineScheduler')}
  0x00000242c7166dd4: 48ba 68d0 | 0421 4302 | 0000 4883 | 82e0 0100 | 0001 498b | 9780 0300 | 0048 8b32 | 4889 7424 
  0x00000242c7166df4: 6848 3b06 

  0x00000242c7166df8: ;   {metadata(method data for {method} {0x000002431f4ba810} 'runSafely' '(Lkotlinx/coroutines/scheduling/Task;)V' in 'kotlinx/coroutines/scheduling/CoroutineScheduler')}
  0x00000242c7166df8: 488b d648 | bf68 d004 | 2143 0200 | 008b 5208 | 49ba 0000 | 00de 4202 | 0000 4903 | d248 3b97 
  0x00000242c7166e18: 0002 0000 | 750d 4883 | 8708 0200 | 0001 e960 | 0000 0048 | 3b97 1002 | 0000 750d | 4883 8718 
  0x00000242c7166e38: 0200 0001 | e94a 0000 | 0048 83bf | 0002 0000 | 0075 1748 | 8997 0002 | 0000 48c7 | 8708 0200 
  0x00000242c7166e58: 0001 0000 | 00e9 2900 | 0000 4883 | bf10 0200 | 0000 7517 | 4889 9710 | 0200 0048 | c787 1802 
  0x00000242c7166e78: 0000 0100 | 0000 e908 | 0000 0048 | 8387 f001 

  0x00000242c7166e88: ;   {metadata(method data for {method} {0x00000242de017d70} 'getUncaughtExceptionHandler' '()Ljava/lang/Thread$UncaughtExceptionHandler;' in 'java/lang/Thread')}
  0x00000242c7166e88: 0000 0148 | bae0 c879 | 2043 0200 | 008b bacc | 0000 0083 | c702 89ba | cc00 0000 | 81e7 feff 
  0x00000242c7166ea8: 1f00 85ff | 0f84 650a | 0000 488b 

  0x00000242c7166eb4: ;   {metadata(method data for {method} {0x00000242de017d70} 'getUncaughtExceptionHandler' '()Ljava/lang/Thread$UncaughtExceptionHandler;' in 'java/lang/Thread')}
  0x00000242c7166eb4: d648 bfe0 | c879 2043 | 0200 008b | 5208 49ba | 0000 00de | 4202 0000 | 4903 d248 | 3b97 2001 
  0x00000242c7166ed4: 0000 750d | 4883 8728 | 0100 0001 | e960 0000 | 0048 3b97 | 3001 0000 | 750d 4883 | 8738 0100 
  0x00000242c7166ef4: 0001 e94a | 0000 0048 | 83bf 2001 | 0000 0075 | 1748 8997 | 2001 0000 | 48c7 8728 | 0100 0001 
  0x00000242c7166f14: 0000 00e9 | 2900 0000 | 4883 bf30 | 0100 0000 | 7517 4889 | 9730 0100 | 0048 c787 | 3801 0000 
  0x00000242c7166f34: 0100 0000 | e908 0000 | 0048 8387 | 1001 0000 

  0x00000242c7166f44: ;   {metadata(method data for {method} {0x00000242de017c68} 'isTerminated' '()Z' in 'java/lang/Thread')}
  0x00000242c7166f44: 0148 baf8 | ca79 2043 | 0200 008b | bacc 0000 | 0083 c702 | 89ba cc00 | 0000 81e7 | feff 1f00 
  0x00000242c7166f64: 85ff 0f84 | cc09 0000 

  0x00000242c7166f6c: ;   {metadata(method data for {method} {0x00000242de017c68} 'isTerminated' '()Z' in 'java/lang/Thread')}
  0x00000242c7166f6c: 488b d648 | bff8 ca79 | 2043 0200 | 008b 5208 | 49ba 0000 | 00de 4202 | 0000 4903 | d248 3b97 
  0x00000242c7166f8c: 2001 0000 | 750d 4883 | 8728 0100 | 0001 e960 | 0000 0048 | 3b97 3001 | 0000 750d | 4883 8738 
  0x00000242c7166fac: 0100 0001 | e94a 0000 | 0048 83bf | 2001 0000 | 0075 1748 | 8997 2001 | 0000 48c7 | 8728 0100 
  0x00000242c7166fcc: 0001 0000 | 00e9 2900 | 0000 4883 | bf30 0100 | 0000 7517 | 4889 9730 | 0100 0048 | c787 3801 
  0x00000242c7166fec: 0000 0100 | 0000 e908 | 0000 0048 | 8387 1001 

  0x00000242c7166ffc: ;   {metadata(method data for {method} {0x00000242de017cc0} 'threadState' '()Ljava/lang/Thread$State;' in 'java/lang/Thread')}
  0x00000242c7166ffc: 0000 0148 | bab8 cc79 | 2043 0200 | 008b bacc | 0000 0083 | c702 89ba | cc00 0000 | 81e7 feff 
  0x00000242c716701c: 1f00 85ff | 0f84 3309 | 0000 8b56 | 4848 c1e2 | 038b 5218 

  0x00000242c7167030: ;   {metadata(method data for {method} {0x00000242de017cc0} 'threadState' '()Ljava/lang/Thread$State;' in 'java/lang/Thread')}
  0x00000242c7167030: 48bf b8cc | 7920 4302 | 0000 4883 | 8710 0100 | 0001 4889 

  0x00000242c7167044: ;   {static_call}
  0x00000242c7167044: 4424 70e8 

  0x00000242c7167048: ; ImmutableOopMap {[104]=Oop [112]=Oop }
                      ;*invokestatic toThreadState {reexecute=0 rethrow=0 return_oop=0}
                      ; - java.lang.Thread::threadState@7 (line 2748)
                      ; - java.lang.Thread::isTerminated@1 (line 2755)
                      ; - java.lang.Thread::getUncaughtExceptionHandler@1 (line 2864)
                      ; - kotlinx.coroutines.scheduling.CoroutineScheduler::runSafely@28 (line 589)
  0x00000242c7167048: 3480 4707 

  0x00000242c716704c: ;   {other}
  0x00000242c716704c: 0f1f 8400 | bc07 0002 

  0x00000242c7167054: ;   {oop(a 'java/lang/Thread$State'{0x00000007019203b8})}
  0x00000242c7167054: 48ba b803 | 9201 0700 | 0000 483b 

  0x00000242c7167060: ;   {metadata(method data for {method} {0x00000242de017c68} 'isTerminated' '()Z' in 'java/lang/Thread')}
  0x00000242c7167060: c248 baf8 | ca79 2043 | 0200 0048 | c7c6 4801 | 0000 7507 | 48c7 c658 | 0100 0048 | 8b3c 3248 
  0x00000242c7167080: 8d7f 0148 | 893c 320f | 851a 0000 

  0x00000242c716708c: ;   {metadata(method data for {method} {0x00000242de017c68} 'isTerminated' '()Z' in 'java/lang/Thread')}
  0x00000242c716708c: 0048 baf8 | ca79 2043 | 0200 00ff | 8268 0100 | 00ba 0100 | 0000 e905 | 0000 00ba | 0000 0000 
  0x00000242c71670ac: 83e2 0185 

  0x00000242c71670b0: ;   {metadata(method data for {method} {0x00000242de017d70} 'getUncaughtExceptionHandler' '()Ljava/lang/Thread$UncaughtExceptionHandler;' in 'java/lang/Thread')}
  0x00000242c71670b0: d248 bae0 | c879 2043 | 0200 0048 | c7c6 4801 | 0000 7407 | 48c7 c658 | 0100 0048 | 8b3c 3248 
  0x00000242c71670d0: 8d7f 0148 | 893c 320f | 8414 0000 

  0x00000242c71670dc: ;   {oop(nullptr)}
  0x00000242c71670dc: 0048 be00 | 0000 0000 | 0000 004c | 8b44 2468 | e9bc 0400 | 0048 8b74 | 2468 8b56 | 6848 c1e2 
  0x00000242c71670fc: 0348 85d2 

  0x00000242c7167100: ;   {metadata(method data for {method} {0x00000242de017d70} 'getUncaughtExceptionHandler' '()Ljava/lang/Thread$UncaughtExceptionHandler;' in 'java/lang/Thread')}
  0x00000242c7167100: 48bf e0c8 | 7920 4302 | 0000 48c7 | c368 0100 | 0074 0748 | c7c3 7801 | 0000 488b | 041f 488d 
  0x00000242c7167120: 4001 4889 | 041f 0f84 | 1800 0000 

  0x00000242c716712c: ;   {metadata(method data for {method} {0x00000242de017d70} 'getUncaughtExceptionHandler' '()Ljava/lang/Thread$UncaughtExceptionHandler;' in 'java/lang/Thread')}
  0x00000242c716712c: 48bf e0c8 | 7920 4302 | 0000 ff87 | 8801 0000 | 4c8b c6e9 | 6604 0000 

  0x00000242c7167144: ;   {metadata(method data for {method} {0x00000242de017d70} 'getUncaughtExceptionHandler' '()Ljava/lang/Thread$UncaughtExceptionHandler;' in 'java/lang/Thread')}
  0x00000242c7167144: 488b d648 | bfe0 c879 | 2043 0200 | 0048 8387 | a001 0000 

  0x00000242c7167158: ;   {metadata(method data for {method} {0x00000242de430710} 'getThreadGroup' '()Ljava/lang/ThreadGroup;' in 'java/lang/Thread')}
  0x00000242c7167158: 0148 ba18 | d079 2043 | 0200 008b | bacc 0000 | 0083 c702 | 89ba cc00 | 0000 81e7 | feff 1f00 
  0x00000242c7167178: 85ff 0f84 | ff07 0000 

  0x00000242c7167180: ;   {metadata(method data for {method} {0x00000242de430710} 'getThreadGroup' '()Ljava/lang/ThreadGroup;' in 'java/lang/Thread')}
  0x00000242c7167180: 488b d648 | bf18 d079 | 2043 0200 | 008b 5208 | 49ba 0000 | 00de 4202 | 0000 4903 | d248 3b97 
  0x00000242c71671a0: 2001 0000 | 750d 4883 | 8728 0100 | 0001 e960 | 0000 0048 | 3b97 3001 | 0000 750d | 4883 8738 
  0x00000242c71671c0: 0100 0001 | e94a 0000 | 0048 83bf | 2001 0000 | 0075 1748 | 8997 2001 | 0000 48c7 | 8728 0100 
  0x00000242c71671e0: 0001 0000 | 00e9 2900 | 0000 4883 | bf30 0100 | 0000 7517 | 4889 9730 | 0100 0048 | c787 3801 
  0x00000242c7167200: 0000 0100 | 0000 e908 | 0000 0048 | 8387 1001 

  0x00000242c7167210: ;   {metadata(method data for {method} {0x00000242de017c68} 'isTerminated' '()Z' in 'java/lang/Thread')}
  0x00000242c7167210: 0000 0148 | baf8 ca79 | 2043 0200 | 008b bacc | 0000 0083 | c702 89ba | cc00 0000 | 81e7 feff 
  0x00000242c7167230: 1f00 85ff | 0f84 6607 | 0000 488b 

  0x00000242c716723c: ;   {metadata(method data for {method} {0x00000242de017c68} 'isTerminated' '()Z' in 'java/lang/Thread')}
  0x00000242c716723c: d648 bff8 | ca79 2043 | 0200 008b | 5208 49ba | 0000 00de | 4202 0000 | 4903 d248 | 3b97 2001 
  0x00000242c716725c: 0000 750d | 4883 8728 | 0100 0001 | e960 0000 | 0048 3b97 | 3001 0000 | 750d 4883 | 8738 0100 
  0x00000242c716727c: 0001 e94a | 0000 0048 | 83bf 2001 | 0000 0075 | 1748 8997 | 2001 0000 | 48c7 8728 | 0100 0001 
  0x00000242c716729c: 0000 00e9 | 2900 0000 | 4883 bf30 | 0100 0000 | 7517 4889 | 9730 0100 | 0048 c787 | 3801 0000 
  0x00000242c71672bc: 0100 0000 | e908 0000 | 0048 8387 | 1001 0000 

  0x00000242c71672cc: ;   {metadata(method data for {method} {0x00000242de017cc0} 'threadState' '()Ljava/lang/Thread$State;' in 'java/lang/Thread')}
  0x00000242c71672cc: 0148 bab8 | cc79 2043 | 0200 008b | bacc 0000 | 0083 c702 | 89ba cc00 | 0000 81e7 | feff 1f00 
  0x00000242c71672ec: 85ff 0f84 | cd06 0000 | 8b56 4848 | c1e2 038b 

  0x00000242c71672fc: ;   {metadata(method data for {method} {0x00000242de017cc0} 'threadState' '()Ljava/lang/Thread$State;' in 'java/lang/Thread')}
  0x00000242c71672fc: 5218 48bf | b8cc 7920 | 4302 0000 | 4883 8710 | 0100 0001 | 0f1f 8000 

  0x00000242c7167314: ;   {static_call}
  0x00000242c7167314: 0000 00e8 

  0x00000242c7167318: ; ImmutableOopMap {[104]=Oop [112]=Oop }
                      ;*invokestatic toThreadState {reexecute=0 rethrow=0 return_oop=0}
                      ; - java.lang.Thread::threadState@7 (line 2748)
                      ; - java.lang.Thread::isTerminated@1 (line 2755)
                      ; - java.lang.Thread::getThreadGroup@1 (line 1958)
                      ; - java.lang.Thread::getUncaughtExceptionHandler@23 (line 2869)
                      ; - kotlinx.coroutines.scheduling.CoroutineScheduler::runSafely@28 (line 589)
  0x00000242c7167318: 647d 4707 

  0x00000242c716731c: ;   {other}
  0x00000242c716731c: 0f1f 8400 | 8c0a 0003 

  0x00000242c7167324: ;   {oop(a 'java/lang/Thread$State'{0x00000007019203b8})}
  0x00000242c7167324: 49b8 b803 | 9201 0700 | 0000 493b 

  0x00000242c7167330: ;   {metadata(method data for {method} {0x00000242de017c68} 'isTerminated' '()Z' in 'java/lang/Thread')}
  0x00000242c7167330: c049 b8f8 | ca79 2043 | 0200 0049 | c7c1 4801 | 0000 7507 | 49c7 c158 | 0100 004b | 8b14 0848 
  0x00000242c7167350: 8d52 014b | 8914 080f | 851c 0000 

  0x00000242c716735c: ;   {metadata(method data for {method} {0x00000242de017c68} 'isTerminated' '()Z' in 'java/lang/Thread')}
  0x00000242c716735c: 0049 b8f8 | ca79 2043 | 0200 0041 | ff80 6801 | 0000 41b8 | 0100 0000 | e906 0000 | 0041 b800 
  0x00000242c716737c: 0000 0041 | 83e0 0145 

  0x00000242c7167384: ;   {metadata(method data for {method} {0x00000242de430710} 'getThreadGroup' '()Ljava/lang/ThreadGroup;' in 'java/lang/Thread')}
  0x00000242c7167384: 85c0 49b8 | 18d0 7920 | 4302 0000 | 49c7 c148 | 0100 0074 | 0749 c7c1 | 5801 0000 | 4b8b 1408 
  0x00000242c71673a4: 488d 5201 | 4b89 1408 | 0f84 1400 

  0x00000242c71673b0: ;   {oop(nullptr)}
  0x00000242c71673b0: 0000 48ba | 0000 0000 | 0000 0000 | 4c8b 4424 | 68e9 e401 | 0000 4c8b | 4424 6849 

  0x00000242c71673cc: ;   {metadata(method data for {method} {0x00000242de430710} 'getThreadGroup' '()Ljava/lang/ThreadGroup;' in 'java/lang/Thread')}
  0x00000242c71673cc: 8bf0 49b9 | 18d0 7920 | 4302 0000 | 4983 8168 | 0100 0001 

  0x00000242c71673e0: ;   {metadata(method data for {method} {0x00000242de430988} 'isVirtual' '()Z' in 'java/lang/Thread')}
  0x00000242c71673e0: 49b9 7016 | 0e1f 4302 | 0000 418b | 91cc 0000 | 0083 c202 | 4189 91cc | 0000 0081 | e2fe ff1f 
  0x00000242c7167400: 0085 d20f | 84de 0500 | 004d 85c0 

  0x00000242c716740c: ;   {metadata(method data for {method} {0x00000242de430988} 'isVirtual' '()Z' in 'java/lang/Thread')}
  0x00000242c716740c: 7516 48be | 7016 0e1f | 4302 0000 | 808e 0901 | 0000 01e9 | cf00 0000 

  0x00000242c7167424: ;   {metadata('java/lang/BaseVirtualThread')}
  0x00000242c7167424: 48bf b09d | 02de 4202 | 0000 418b | 7008 49ba | 0000 00de | 4202 0000 | 4903 f248 | 3b7e 400f 
  0x00000242c7167444: 858e 0000 

  0x00000242c7167448: ;   {metadata(method data for {method} {0x00000242de430988} 'isVirtual' '()Z' in 'java/lang/Thread')}
  0x00000242c7167448: 0048 be70 | 160e 1f43 | 0200 0041 | 8b78 0849 | ba00 0000 | de42 0200 | 0049 03fa | 483b be20 
  0x00000242c7167468: 0100 0075 | 0d48 8386 | 2801 0000 | 01e9 7e00 | 0000 483b | be30 0100 | 0075 0d48 | 8386 3801 
  0x00000242c7167488: 0000 01e9 | 6800 0000 | 4883 be20 | 0100 0000 | 7517 4889 | be20 0100 | 0048 c786 | 2801 0000 
  0x00000242c71674a8: 0100 0000 | e947 0000 | 0048 83be | 3001 0000 | 0075 1748 | 89be 3001 | 0000 48c7 | 8638 0100 
  0x00000242c71674c8: 0001 0000 | 00e9 2600 | 0000 e921 

  0x00000242c71674d4: ;   {metadata(method data for {method} {0x00000242de430988} 'isVirtual' '()Z' in 'java/lang/Thread')}
  0x00000242c71674d4: 0000 0048 | be70 160e | 1f43 0200 | 0048 83ae | 1001 0000 | 01e9 0500 | 0000 e905 | 0000 004d 
  0x00000242c71674f4: 33c9 eb07 | 49c7 c101 | 0000 0041 | 83e1 0145 

  0x00000242c7167504: ;   {metadata(method data for {method} {0x00000242de430710} 'getThreadGroup' '()Ljava/lang/ThreadGroup;' in 'java/lang/Thread')}
  0x00000242c7167504: 85c9 49b9 | 18d0 7920 | 4302 0000 | 48c7 c2a0 | 0100 0074 | 0748 c7c2 | b001 0000 | 498b 3411 
  0x00000242c7167524: 488d 7601 | 4989 3411 | 0f84 6500 

  0x00000242c7167530: ;   {metadata(method data for {method} {0x00000242de430710} 'getThreadGroup' '()Ljava/lang/ThreadGroup;' in 'java/lang/Thread')}
  0x00000242c7167530: 0000 49b9 | 18d0 7920 | 4302 0000 | 4983 81c0 | 0100 0001 

  0x00000242c7167544: ;   {metadata(method data for {method} {0x00000242de42ffc0} 'virtualThreadGroup' '()Ljava/lang/ThreadGroup;' in 'java/lang/Thread')}
  0x00000242c7167544: 49b9 0078 | 7020 4302 | 0000 418b | 91cc 0000 | 0083 c202 | 4189 91cc | 0000 0081 | e2fe ff1f 
  0x00000242c7167564: 0085 d20f | 849b 0400 | 0066 6690 

  0x00000242c7167570: ;   {no_reloc}
  0x00000242c7167570: e92c 0500 | 0000 0000 | 0000 458b | 4970 49c1 

  0x00000242c7167580: ;   {metadata(method data for {method} {0x00000242de430710} 'getThreadGroup' '()Ljava/lang/ThreadGroup;' in 'java/lang/Thread')}
  0x00000242c7167580: e103 48ba | 18d0 7920 | 4302 0000 | ff82 d001 | 0000 e910 | 0000 0045 | 8b48 4849 | c1e1 0345 
  0x00000242c71675a0: 8b49 2049 | c1e1 0349 | 8bd1 488b | f248 8b44 | 2470 4c8b | c848 8bd6 | 0f1f 4400 | 0048 b8ff 
  0x00000242c71675c0: ffff ffff 

  0x00000242c71675c4: ;   {virtual_call}
  0x00000242c71675c4: ffff ffe8 

  0x00000242c71675c8: ; ImmutableOopMap {}
                      ;*invokeinterface uncaughtException {reexecute=0 rethrow=0 return_oop=0}
                      ; - kotlinx.coroutines.scheduling.CoroutineScheduler::runSafely@33 (line 589)
  0x00000242c71675c8: b477 4707 

  0x00000242c71675cc: ;   {other}
  0x00000242c71675cc: 0f1f 8400 | 3c0d 0004 

  0x00000242c71675d4: ;   {metadata(method data for {method} {0x000002431f4ba810} 'runSafely' '(Lkotlinx/coroutines/scheduling/Task;)V' in 'kotlinx/coroutines/scheduling/CoroutineScheduler')}
  0x00000242c71675d4: 48ba 68d0 | 0421 4302 | 0000 4883 | 8260 0200 

  0x00000242c71675e4: ;   {metadata(method data for {method} {0x000002431f50b068} 'access$getTimeSource$p' '()Lkotlinx/coroutines/AbstractTimeSource;' in 'kotlinx/coroutines/AbstractTimeSourceKt')}
  0x00000242c71675e4: 0001 48ba | 3022 d520 | 4302 0000 | 8bb2 cc00 | 0000 83c6 | 0289 b2cc | 0000 0081 | e6fe ff1f 
  0x00000242c7167604: 0085 f60f | 84a3 0400 

  0x00000242c716760c: ;   {oop(a 'java/lang/Class'{0x00000007ffcf9cd8} = 'kotlinx/coroutines/AbstractTimeSourceKt')}
  0x00000242c716760c: 0048 bad8 | 9ccf ff07 | 0000 008b | 5270 48c1 | e203 4885 

  0x00000242c7167620: ;   {metadata(method data for {method} {0x000002431f4ba810} 'runSafely' '(Lkotlinx/coroutines/scheduling/Task;)V' in 'kotlinx/coroutines/scheduling/CoroutineScheduler')}
  0x00000242c7167620: d248 be68 | d004 2143 | 0200 0048 | c7c7 7002 | 0000 7407 | 48c7 c780 | 0200 0048 | 8b1c 3e48 
  0x00000242c7167640: 8d5b 0148 | 891c 3e0f | 845d 0100 | 0048 3b02 

  0x00000242c7167650: ;   {metadata(method data for {method} {0x000002431f4ba810} 'runSafely' '(Lkotlinx/coroutines/scheduling/Task;)V' in 'kotlinx/coroutines/scheduling/CoroutineScheduler')}
  0x00000242c7167650: 488b f248 | bf68 d004 | 2143 0200 | 008b 7608 | 49ba 0000 | 00de 4202 | 0000 4903 | f248 3bb7 
  0x00000242c7167670: a002 0000 | 750d 4883 | 87a8 0200 | 0001 e960 | 0000 0048 | 3bb7 b002 | 0000 750d | 4883 87b8 
  0x00000242c7167690: 0200 0001 | e94a 0000 | 0048 83bf | a002 0000 | 0075 1748 | 89b7 a002 | 0000 48c7 | 87a8 0200 
  0x00000242c71676b0: 0001 0000 | 00e9 2900 | 0000 4883 | bfb0 0200 | 0000 7517 | 4889 b7b0 | 0200 0048 | c787 b802 
  0x00000242c71676d0: 0000 0100 | 0000 e908 | 0000 0048 | 8387 9002 | 0000 0166 | 9048 b8ff | ffff ffff 

  0x00000242c71676ec: ;   {virtual_call}
  0x00000242c71676ec: ffff ffe8 

  0x00000242c71676f0: ; ImmutableOopMap {}
                      ;*invokevirtual unTrackTask {reexecute=0 rethrow=0 return_oop=0}
                      ; - kotlinx.coroutines.scheduling.CoroutineScheduler::runSafely@45 (line 591)
  0x00000242c71676f0: 8c76 4707 

  0x00000242c71676f4: ;   {other}
  0x00000242c71676f4: 0f1f 8400 | 640e 0005 

  0x00000242c71676fc: ;   {metadata(method data for {method} {0x000002431f4ba810} 'runSafely' '(Lkotlinx/coroutines/scheduling/Task;)V' in 'kotlinx/coroutines/scheduling/CoroutineScheduler')}
  0x00000242c71676fc: 48b8 68d0 | 0421 4302 | 0000 ff80 | c802 0000 | e999 0000 | 0049 8b87 | f804 0000 | 4d33 d24d 
  0x00000242c716771c: 8997 f804 | 0000 4d33 | d24d 8997 | 0005 0000 

  0x00000242c716772c: ;   {metadata(method data for {method} {0x000002431f4ba810} 'runSafely' '(Lkotlinx/coroutines/scheduling/Task;)V' in 'kotlinx/coroutines/scheduling/CoroutineScheduler')}
  0x00000242c716772c: 48ba 68d0 | 0421 4302 | 0000 4883 | 82f8 0200 

  0x00000242c716773c: ;   {metadata(method data for {method} {0x000002431f50b068} 'access$getTimeSource$p' '()Lkotlinx/coroutines/AbstractTimeSource;' in 'kotlinx/coroutines/AbstractTimeSourceKt')}
  0x00000242c716773c: 0001 48ba | 3022 d520 | 4302 0000 | 8bb2 cc00 | 0000 83c6 | 0289 b2cc | 0000 0081 | e6fe ff1f 
  0x00000242c716775c: 0085 f60f | 8471 0300 

  0x00000242c7167764: ;   {oop(a 'java/lang/Class'{0x00000007ffcf9cd8} = 'kotlinx/coroutines/AbstractTimeSourceKt')}
  0x00000242c7167764: 0048 bad8 | 9ccf ff07 | 0000 008b | 5270 48c1 | e203 4885 

  0x00000242c7167778: ;   {metadata(method data for {method} {0x000002431f4ba810} 'runSafely' '(Lkotlinx/coroutines/scheduling/Task;)V' in 'kotlinx/coroutines/scheduling/CoroutineScheduler')}
  0x00000242c7167778: d248 be68 | d004 2143 | 0200 0048 | c7c7 0803 | 0000 7407 | 48c7 c718 | 0300 0048 | 8b1c 3e48 
  0x00000242c7167798: 8d5b 0148 | 891c 3e0f | 841c 0100 | 00e9 4c00 

  0x00000242c71677a8: ;   {metadata(method data for {method} {0x000002431f4ba810} 'runSafely' '(Lkotlinx/coroutines/scheduling/Task;)V' in 'kotlinx/coroutines/scheduling/CoroutineScheduler')}
  0x00000242c71677a8: 0000 48ba | 68d0 0421 | 4302 0000 | ff82 e002 | 0000 4881 | c490 0000 

  0x00000242c71677c0: ;   {poll_return}
  0x00000242c71677c0: 005d 493b | a748 0400 | 000f 8728 | 0300 00c3 

  0x00000242c71677d0: ;   {metadata(method data for {method} {0x000002431f4ba810} 'runSafely' '(Lkotlinx/coroutines/scheduling/Task;)V' in 'kotlinx/coroutines/scheduling/CoroutineScheduler')}
  0x00000242c71677d0: 48ba 68d0 | 0421 4302 | 0000 ff82 | c801 0000 | 4881 c490 | 0000 005d 

  0x00000242c71677e8: ;   {poll_return}
  0x00000242c71677e8: 493b a748 | 0400 000f | 8718 0300 | 00c3 4889 | 4424 7848 | 3b02 488b 

  0x00000242c7167800: ;   {metadata(method data for {method} {0x000002431f4ba810} 'runSafely' '(Lkotlinx/coroutines/scheduling/Task;)V' in 'kotlinx/coroutines/scheduling/CoroutineScheduler')}
  0x00000242c7167800: f248 bf68 | d004 2143 | 0200 008b | 7608 49ba | 0000 00de | 4202 0000 | 4903 f248 | 3bb7 3803 
  0x00000242c7167820: 0000 750d | 4883 8740 | 0300 0001 | e960 0000 | 0048 3bb7 | 4803 0000 | 750d 4883 | 8750 0300 
  0x00000242c7167840: 0001 e94a | 0000 0048 | 83bf 3803 | 0000 0075 | 1748 89b7 | 3803 0000 | 48c7 8740 | 0300 0001 
  0x00000242c7167860: 0000 00e9 | 2900 0000 | 4883 bf48 | 0300 0000 | 7517 4889 | b748 0300 | 0048 c787 | 5003 0000 
  0x00000242c7167880: 0100 0000 | e908 0000 | 0048 8387 | 2803 0000 | 010f 1f40 | 0048 b8ff | ffff ffff 

  0x00000242c716789c: ;   {virtual_call}
  0x00000242c716789c: ffff ffe8 

  0x00000242c71678a0: ; ImmutableOopMap {[120]=Oop }
                      ;*invokevirtual unTrackTask {reexecute=0 rethrow=0 return_oop=0}
                      ; - kotlinx.coroutines.scheduling.CoroutineScheduler::runSafely@63 (line 591)
  0x00000242c71678a0: dc74 4707 

  0x00000242c71678a4: ;   {other}
  0x00000242c71678a4: 0f1f 8400 | 1410 0006 

  0x00000242c71678ac: ;   {metadata(method data for {method} {0x000002431f4ba810} 'runSafely' '(Lkotlinx/coroutines/scheduling/Task;)V' in 'kotlinx/coroutines/scheduling/CoroutineScheduler')}
  0x00000242c71678ac: 48b8 68d0 | 0421 4302 | 0000 ff80 | 6003 0000 | 488b 4424 | 78e9 7f02 

  0x00000242c71678c4: ;   {metadata({method} {0x000002431f4ba810} 'runSafely' '(Lkotlinx/coroutines/scheduling/Task;)V' in 'kotlinx/coroutines/scheduling/CoroutineScheduler')}
  0x00000242c71678c4: 0000 49ba | 08a8 4b1f | 4302 0000 | 4c89 5424 | 0848 c704 | 24ff ffff 

  0x00000242c71678dc: ;   {runtime_call counter_overflow Runtime1 stub}
  0x00000242c71678dc: ffe8 9ea1 

  0x00000242c71678e0: ; ImmutableOopMap {rdx=Oop r8=Oop }
                      ;*synchronization entry
                      ; - kotlinx.coroutines.scheduling.CoroutineScheduler::runSafely@-1 (line 585)
  0x00000242c71678e0: 5307 e9df 

  0x00000242c71678e4: ;   {runtime_call throw_null_pointer_exception Runtime1 stub}
  0x00000242c71678e4: f2ff ffe8 

  0x00000242c71678e8: ; ImmutableOopMap {r8=Oop }
                      ;*invokevirtual run {reexecute=0 rethrow=0 return_oop=0}
                      ; - kotlinx.coroutines.scheduling.CoroutineScheduler::runSafely@2 (line 586)
  0x00000242c71678e8: 1434 5307 

  0x00000242c71678ec: ;   {metadata({method} {0x000002431f50b068} 'access$getTimeSource$p' '()Lkotlinx/coroutines/AbstractTimeSource;' in 'kotlinx/coroutines/AbstractTimeSourceKt')}
  0x00000242c71678ec: 49ba 60b0 | 501f 4302 | 0000 4c89 | 5424 0848 | c704 24ff 

  0x00000242c7167900: ;   {runtime_call counter_overflow Runtime1 stub}
  0x00000242c7167900: ffff ffe8 

  0x00000242c7167904: ; ImmutableOopMap {}
                      ;*synchronization entry
                      ; - kotlinx.coroutines.AbstractTimeSourceKt::access$getTimeSource$p@-1 (line 1)
                      ; - kotlinx.coroutines.scheduling.CoroutineScheduler::runSafely@5 (line 591)
  0x00000242c7167904: 78a1 5307 | e9a8 f3ff 

  0x00000242c716790c: ;   {runtime_call throw_null_pointer_exception Runtime1 stub}
  0x00000242c716790c: ffe8 ee33 

  0x00000242c7167910: ; ImmutableOopMap {rdx=Oop }
                      ;*invokevirtual unTrackTask {reexecute=0 rethrow=0 return_oop=0}
                      ; - kotlinx.coroutines.scheduling.CoroutineScheduler::runSafely@12 (line 591)
                      ;   {runtime_call throw_null_pointer_exception Runtime1 stub}
  0x00000242c7167910: 5307 e8e9 

  0x00000242c7167914: ; ImmutableOopMap {rax=Oop rsi=Oop [104]=Oop }
                      ;*invokevirtual getUncaughtExceptionHandler {reexecute=0 rethrow=0 return_oop=0}
                      ; - kotlinx.coroutines.scheduling.CoroutineScheduler::runSafely@28 (line 589)
                      ;   {metadata({method} {0x00000242de017d70} 'getUncaughtExceptionHandler' '()Ljava/lang/Thread$UncaughtExceptionHandler;' in 'java/lang/Thread')}
  0x00000242c7167914: 3353 0749 | ba68 7d01 | de42 0200 | 004c 8954 | 2408 48c7 | 0424 ffff 

  0x00000242c716792c: ;   {runtime_call counter_overflow Runtime1 stub}
  0x00000242c716792c: ffff e84d 

  0x00000242c7167930: ; ImmutableOopMap {rax=Oop rsi=Oop [104]=Oop }
                      ;*synchronization entry
                      ; - java.lang.Thread::getUncaughtExceptionHandler@-1 (line 2864)
                      ; - kotlinx.coroutines.scheduling.CoroutineScheduler::runSafely@28 (line 589)
  0x00000242c7167930: a153 07e9 | 7af5 ffff 

  0x00000242c7167938: ;   {metadata({method} {0x00000242de017c68} 'isTerminated' '()Z' in 'java/lang/Thread')}
  0x00000242c7167938: 49ba 607c | 01de 4202 | 0000 4c89 | 5424 0848 | c704 24ff 

  0x00000242c716794c: ;   {runtime_call counter_overflow Runtime1 stub}
  0x00000242c716794c: ffff ffe8 

  0x00000242c7167950: ; ImmutableOopMap {rax=Oop rsi=Oop [104]=Oop }
                      ;*synchronization entry
                      ; - java.lang.Thread::isTerminated@-1 (line 2755)
                      ; - java.lang.Thread::getUncaughtExceptionHandler@1 (line 2864)
                      ; - kotlinx.coroutines.scheduling.CoroutineScheduler::runSafely@28 (line 589)
  0x00000242c7167950: 2ca1 5307 | e913 f6ff 

  0x00000242c7167958: ;   {metadata({method} {0x00000242de017cc0} 'threadState' '()Ljava/lang/Thread$State;' in 'java/lang/Thread')}
  0x00000242c7167958: ff49 bab8 | 7c01 de42 | 0200 004c | 8954 2408 | 48c7 0424 | ffff ffff 

  0x00000242c7167970: ;   {runtime_call counter_overflow Runtime1 stub}
  0x00000242c7167970: e80b a153 

  0x00000242c7167974: ; ImmutableOopMap {rax=Oop rsi=Oop [104]=Oop }
                      ;*synchronization entry
                      ; - java.lang.Thread::threadState@-1 (line 2748)
                      ; - java.lang.Thread::isTerminated@1 (line 2755)
                      ; - java.lang.Thread::getUncaughtExceptionHandler@1 (line 2864)
                      ; - kotlinx.coroutines.scheduling.CoroutineScheduler::runSafely@28 (line 589)
  0x00000242c7167974: 07e9 acf6 

  0x00000242c7167978: ;   {runtime_call throw_null_pointer_exception Runtime1 stub}
  0x00000242c7167978: ffff e881 

  0x00000242c716797c: ; ImmutableOopMap {rax=Oop rsi=Oop [104]=Oop }
                      ;*getfield threadStatus {reexecute=1 rethrow=0 return_oop=0}
                      ; - (reexecute) java.lang.Thread::threadState@4 (line 2748)
                      ; - java.lang.Thread::isTerminated@1 (line 2755)
                      ; - java.lang.Thread::getUncaughtExceptionHandler@1 (line 2864)
                      ; - kotlinx.coroutines.scheduling.CoroutineScheduler::runSafely@28 (line 589)
                      ;   {metadata({method} {0x00000242de430710} 'getThreadGroup' '()Ljava/lang/ThreadGroup;' in 'java/lang/Thread')}
  0x00000242c716797c: 3353 0749 | ba08 0743 | de42 0200 | 004c 8954 | 2408 48c7 | 0424 ffff 

  0x00000242c7167994: ;   {runtime_call counter_overflow Runtime1 stub}
  0x00000242c7167994: ffff e8e5 

  0x00000242c7167998: ; ImmutableOopMap {rsi=Oop [104]=Oop [112]=Oop }
                      ;*synchronization entry
                      ; - java.lang.Thread::getThreadGroup@-1 (line 1958)
                      ; - java.lang.Thread::getUncaughtExceptionHandler@23 (line 2869)
                      ; - kotlinx.coroutines.scheduling.CoroutineScheduler::runSafely@28 (line 589)
  0x00000242c7167998: a053 07e9 | e0f7 ffff 

  0x00000242c71679a0: ;   {metadata({method} {0x00000242de017c68} 'isTerminated' '()Z' in 'java/lang/Thread')}
  0x00000242c71679a0: 49ba 607c | 01de 4202 | 0000 4c89 | 5424 0848 | c704 24ff 

  0x00000242c71679b4: ;   {runtime_call counter_overflow Runtime1 stub}
  0x00000242c71679b4: ffff ffe8 

  0x00000242c71679b8: ; ImmutableOopMap {rsi=Oop [104]=Oop [112]=Oop }
                      ;*synchronization entry
                      ; - java.lang.Thread::isTerminated@-1 (line 2755)
                      ; - java.lang.Thread::getThreadGroup@1 (line 1958)
                      ; - java.lang.Thread::getUncaughtExceptionHandler@23 (line 2869)
                      ; - kotlinx.coroutines.scheduling.CoroutineScheduler::runSafely@28 (line 589)
  0x00000242c71679b8: c4a0 5307 | e979 f8ff 

  0x00000242c71679c0: ;   {metadata({method} {0x00000242de017cc0} 'threadState' '()Ljava/lang/Thread$State;' in 'java/lang/Thread')}
  0x00000242c71679c0: ff49 bab8 | 7c01 de42 | 0200 004c | 8954 2408 | 48c7 0424 | ffff ffff 

  0x00000242c71679d8: ;   {runtime_call counter_overflow Runtime1 stub}
  0x00000242c71679d8: e8a3 a053 

  0x00000242c71679dc: ; ImmutableOopMap {rsi=Oop [104]=Oop [112]=Oop }
                      ;*synchronization entry
                      ; - java.lang.Thread::threadState@-1 (line 2748)
                      ; - java.lang.Thread::isTerminated@1 (line 2755)
                      ; - java.lang.Thread::getThreadGroup@1 (line 1958)
                      ; - java.lang.Thread::getUncaughtExceptionHandler@23 (line 2869)
                      ; - kotlinx.coroutines.scheduling.CoroutineScheduler::runSafely@28 (line 589)
  0x00000242c71679dc: 07e9 12f9 

  0x00000242c71679e0: ;   {runtime_call throw_null_pointer_exception Runtime1 stub}
  0x00000242c71679e0: ffff e819 

  0x00000242c71679e4: ; ImmutableOopMap {rsi=Oop [104]=Oop [112]=Oop }
                      ;*getfield threadStatus {reexecute=1 rethrow=0 return_oop=0}
                      ; - (reexecute) java.lang.Thread::threadState@4 (line 2748)
                      ; - java.lang.Thread::isTerminated@1 (line 2755)
                      ; - java.lang.Thread::getThreadGroup@1 (line 1958)
                      ; - java.lang.Thread::getUncaughtExceptionHandler@23 (line 2869)
                      ; - kotlinx.coroutines.scheduling.CoroutineScheduler::runSafely@28 (line 589)
                      ;   {metadata({method} {0x00000242de430988} 'isVirtual' '()Z' in 'java/lang/Thread')}
  0x00000242c71679e4: 3353 0749 | ba80 0943 | de42 0200 | 004c 8954 | 2408 48c7 | 0424 ffff 

  0x00000242c71679fc: ;   {runtime_call counter_overflow Runtime1 stub}
  0x00000242c71679fc: ffff e87d 

  0x00000242c7167a00: ; ImmutableOopMap {r8=Oop [104]=Oop [112]=Oop }
                      ;*synchronization entry
                      ; - java.lang.Thread::isVirtual@-1 (line 1509)
                      ; - java.lang.Thread::getThreadGroup@10 (line 1961)
                      ; - java.lang.Thread::getUncaughtExceptionHandler@23 (line 2869)
                      ; - kotlinx.coroutines.scheduling.CoroutineScheduler::runSafely@28 (line 589)
  0x00000242c7167a00: a053 07e9 | 01fa ffff 

  0x00000242c7167a08: ;   {metadata({method} {0x00000242de42ffc0} 'virtualThreadGroup' '()Ljava/lang/ThreadGroup;' in 'java/lang/Thread')}
  0x00000242c7167a08: 49ba b8ff | 42de 4202 | 0000 4c89 | 5424 0848 | c704 24ff 

  0x00000242c7167a1c: ;   {runtime_call counter_overflow Runtime1 stub}
  0x00000242c7167a1c: ffff ffe8 

  0x00000242c7167a20: ; ImmutableOopMap {r8=Oop [104]=Oop [112]=Oop }
                      ;*synchronization entry
                      ; - java.lang.Thread::virtualThreadGroup@-1 (line 2941)
                      ; - java.lang.Thread::getThreadGroup@16 (line 1961)
                      ; - java.lang.Thread::getUncaughtExceptionHandler@23 (line 2869)
                      ; - kotlinx.coroutines.scheduling.CoroutineScheduler::runSafely@28 (line 589)
  0x00000242c7167a20: 5ca0 5307 | e944 fbff 

  0x00000242c7167a28: ;   {oop(nullptr)}
  0x00000242c7167a28: ff49 b900 | 0000 0000 | 0000 0050 | 5349 8b59 | 1057 5652 | 5141 5041 | 5141 5241 | 5348 83ec 
  0x00000242c7167a48: 2040 f6c4 | 0f0f 8419 | 0000 0048 

  0x00000242c7167a54: ;   {runtime_call}
  0x00000242c7167a54: 83ec 0848 | b8e0 a041 | 71f9 7f00 | 00ff d048 | 83c4 08e9 | 0c00 0000 

  0x00000242c7167a6c: ;   {runtime_call}
  0x00000242c7167a6c: 48b8 e0a0 | 4171 f97f | 0000 ffd0 | 4883 c420 | 415b 415a | 4159 4158 | 595a 5e5f | 483b 8338 
  0x00000242c7167a8c: 0100 005b | 580f 850a | 0000 00e9 | defa ffff | b800 786e 

  0x00000242c7167aa0: ;   {runtime_call load_mirror_patching Runtime1 stub}
  0x00000242c7167aa0: 0ae8 5a8f 

  0x00000242c7167aa4: ; ImmutableOopMap {r8=Oop [104]=Oop [112]=Oop }
                      ;*getstatic VTHREAD_GROUP {reexecute=1 rethrow=0 return_oop=0}
                      ; - (reexecute) java.lang.Thread::virtualThreadGroup@0 (line 2941)
                      ; - java.lang.Thread::getThreadGroup@16 (line 1961)
                      ; - java.lang.Thread::getUncaughtExceptionHandler@23 (line 2869)
                      ; - kotlinx.coroutines.scheduling.CoroutineScheduler::runSafely@28 (line 589)
  0x00000242c7167aa4: 5307 e9c5 

  0x00000242c7167aa8: ;   {runtime_call throw_null_pointer_exception Runtime1 stub}
  0x00000242c7167aa8: faff ffe8 

  0x00000242c7167aac: ; ImmutableOopMap {r8=Oop [104]=Oop [112]=Oop }
                      ;*getfield group {reexecute=1 rethrow=0 return_oop=0}
                      ; - (reexecute) java.lang.Thread::getThreadGroup@26 (line 1961)
                      ; - java.lang.Thread::getUncaughtExceptionHandler@23 (line 2869)
                      ; - kotlinx.coroutines.scheduling.CoroutineScheduler::runSafely@28 (line 589)
  0x00000242c7167aac: 5032 5307 

  0x00000242c7167ab0: ;   {metadata({method} {0x000002431f50b068} 'access$getTimeSource$p' '()Lkotlinx/coroutines/AbstractTimeSource;' in 'kotlinx/coroutines/AbstractTimeSourceKt')}
  0x00000242c7167ab0: 49ba 60b0 | 501f 4302 | 0000 4c89 | 5424 0848 | c704 24ff 

  0x00000242c7167ac4: ;   {runtime_call counter_overflow Runtime1 stub}
  0x00000242c7167ac4: ffff ffe8 

  0x00000242c7167ac8: ; ImmutableOopMap {}
                      ;*synchronization entry
                      ; - kotlinx.coroutines.AbstractTimeSourceKt::access$getTimeSource$p@-1 (line 1)
                      ; - kotlinx.coroutines.scheduling.CoroutineScheduler::runSafely@38 (line 591)
  0x00000242c7167ac8: b49f 5307 | e93c fbff 

  0x00000242c7167ad0: ;   {runtime_call throw_null_pointer_exception Runtime1 stub}
  0x00000242c7167ad0: ffe8 2a32 

  0x00000242c7167ad4: ; ImmutableOopMap {rdx=Oop }
                      ;*invokevirtual unTrackTask {reexecute=0 rethrow=0 return_oop=0}
                      ; - kotlinx.coroutines.scheduling.CoroutineScheduler::runSafely@45 (line 591)
                      ;   {metadata({method} {0x000002431f50b068} 'access$getTimeSource$p' '()Lkotlinx/coroutines/AbstractTimeSource;' in 'kotlinx/coroutines/AbstractTimeSourceKt')}
  0x00000242c7167ad4: 5307 49ba | 60b0 501f | 4302 0000 | 4c89 5424 | 0848 c704 | 24ff ffff 

  0x00000242c7167aec: ;   {runtime_call counter_overflow Runtime1 stub}
  0x00000242c7167aec: ffe8 8e9f 

  0x00000242c7167af0: ; ImmutableOopMap {rax=Oop }
                      ;*synchronization entry
                      ; - kotlinx.coroutines.AbstractTimeSourceKt::access$getTimeSource$p@-1 (line 1)
                      ; - kotlinx.coroutines.scheduling.CoroutineScheduler::runSafely@56 (line 591)
  0x00000242c7167af0: 5307 e96e 

  0x00000242c7167af4: ;   {internal_word}
  0x00000242c7167af4: fcff ff49 | bac2 7716 | c742 0200 | 004d 8997 | 6004 0000 

  0x00000242c7167b08: ;   {runtime_call SafepointBlob}
  0x00000242c7167b08: e973 d947 

  0x00000242c7167b0c: ;   {internal_word}
  0x00000242c7167b0c: 0749 bae8 | 7716 c742 | 0200 004d | 8997 6004 

  0x00000242c7167b1c: ;   {runtime_call SafepointBlob}
  0x00000242c7167b1c: 0000 e95d 

  0x00000242c7167b20: ;   {runtime_call throw_null_pointer_exception Runtime1 stub}
  0x00000242c7167b20: d947 07e8 

  0x00000242c7167b24: ; ImmutableOopMap {rdx=Oop [120]=Oop }
                      ;*invokevirtual unTrackTask {reexecute=0 rethrow=0 return_oop=0}
                      ; - kotlinx.coroutines.scheduling.CoroutineScheduler::runSafely@63 (line 591)
  0x00000242c7167b24: d831 5307 | 498b 87f8 | 0400 0049 | c787 f804 | 0000 0000 | 0000 49c7 | 8700 0500 | 0000 0000 
  0x00000242c7167b44: 0048 81c4 | 9000 0000 

  0x00000242c7167b4c: ;   {runtime_call unwind_exception Runtime1 stub}
  0x00000242c7167b4c: 5de9 ae16 | 5307 f4f4 | f4f4 f4f4 
[Stub Code]
  0x00000242c7167b58: ;   {no_reloc}
  0x00000242c7167b58: 0f1f 4400 

  0x00000242c7167b5c: ;   {static_stub}
  0x00000242c7167b5c: 0048 bb00 | 0000 0000 

  0x00000242c7167b64: ;   {runtime_call nmethod}
  0x00000242c7167b64: 0000 00e9 | fbff ffff 

  0x00000242c7167b6c: ;   {static_stub}
  0x00000242c7167b6c: 9048 bb00 | 0000 0000 

  0x00000242c7167b74: ;   {runtime_call nmethod}
  0x00000242c7167b74: 0000 00e9 | fbff ffff 

  0x00000242c7167b7c: ;   {static_stub}
  0x00000242c7167b7c: 9048 bb00 | 0000 0000 

  0x00000242c7167b84: ;   {runtime_call nmethod}
  0x00000242c7167b84: 0000 00e9 | fbff ffff 

  0x00000242c7167b8c: ;   {static_stub}
  0x00000242c7167b8c: 9048 bb00 | 0000 0000 

  0x00000242c7167b94: ;   {runtime_call nmethod}
  0x00000242c7167b94: 0000 00e9 | fbff ffff 

  0x00000242c7167b9c: ;   {static_stub}
  0x00000242c7167b9c: 9048 bb00 | 0000 0000 

  0x00000242c7167ba4: ;   {runtime_call nmethod}
  0x00000242c7167ba4: 0000 00e9 | fbff ffff 

  0x00000242c7167bac: ;   {static_stub}
  0x00000242c7167bac: 48bb 0000 | 0000 0000 

  0x00000242c7167bb4: ;   {runtime_call nmethod}
  0x00000242c7167bb4: 0000 e9fb 

  0x00000242c7167bb8: ;   {runtime_call handle_exception_from_callee Runtime1 stub}
  0x00000242c7167bb8: ffff ffe8 | 4063 5307 

  0x00000242c7167bc0: ;   {external_word}
  0x00000242c7167bc0: 48b9 789b | e171 f97f | 0000 4883 

  0x00000242c7167bcc: ;   {runtime_call}
  0x00000242c7167bcc: e4f0 48b8 | d0e6 a371 | f97f 0000 

  0x00000242c7167bd8: ;   {section_word}
  0x00000242c7167bd8: ffd0 f449 | badb 7b16 | c742 0200 

  0x00000242c7167be4: ;   {runtime_call DeoptimizationBlob}
  0x00000242c7167be4: 0041 52e9 | 34cb 4707 | f4f4 f4f4 
[/MachCode]


---------------  P R O C E S S  ---------------

Threads class SMR info:
_java_thread_list=0x000002432be482f0, length=22, elements={
0x00000242bc6ee3b0, 0x00000242dd4e4040, 0x00000242dd4e4d50, 0x00000242dd4e8310,
0x00000242dd4e91f0, 0x00000242dd4e9c40, 0x00000242dd4ec810, 0x00000242dd4ebdc0,
0x00000242dd51a7d0, 0x00000242dd6b8310, 0x00000242dd6b97b0, 0x000002432393af60,
0x0000024323542940, 0x0000024323542fa0, 0x0000024323fc9c00, 0x0000024323e74650,
0x0000024323edf280, 0x0000024323edffa0, 0x0000024323edd840, 0x0000024328d04f50,
0x0000024328d055e0, 0x000002432e8aa370
}

Java Threads: ( => current thread )
  0x00000242bc6ee3b0 JavaThread "main"                              [_thread_blocked, id=13572, stack(0x000000f5b0800000,0x000000f5b0900000) (1024K)]
  0x00000242dd4e4040 JavaThread "Reference Handler"          daemon [_thread_blocked, id=2848, stack(0x000000f5b1000000,0x000000f5b1100000) (1024K)]
  0x00000242dd4e4d50 JavaThread "Finalizer"                  daemon [_thread_blocked, id=2480, stack(0x000000f5b1100000,0x000000f5b1200000) (1024K)]
  0x00000242dd4e8310 JavaThread "Signal Dispatcher"          daemon [_thread_blocked, id=4708, stack(0x000000f5b1200000,0x000000f5b1300000) (1024K)]
  0x00000242dd4e91f0 JavaThread "Attach Listener"            daemon [_thread_blocked, id=2240, stack(0x000000f5b1300000,0x000000f5b1400000) (1024K)]
  0x00000242dd4e9c40 JavaThread "Service Thread"             daemon [_thread_blocked, id=6440, stack(0x000000f5b1400000,0x000000f5b1500000) (1024K)]
  0x00000242dd4ec810 JavaThread "Monitor Deflation Thread"   daemon [_thread_blocked, id=6052, stack(0x000000f5b1500000,0x000000f5b1600000) (1024K)]
  0x00000242dd4ebdc0 JavaThread "C2 CompilerThread0"         daemon [_thread_blocked, id=8336, stack(0x000000f5b1600000,0x000000f5b1700000) (1024K)]
  0x00000242dd51a7d0 JavaThread "C1 CompilerThread0"         daemon [_thread_blocked, id=11508, stack(0x000000f5b1700000,0x000000f5b1800000) (1024K)]
  0x00000242dd6b8310 JavaThread "Notification Thread"        daemon [_thread_blocked, id=8092, stack(0x000000f5b1800000,0x000000f5b1900000) (1024K)]
  0x00000242dd6b97b0 JavaThread "Common-Cleaner"             daemon [_thread_blocked, id=9172, stack(0x000000f5b1900000,0x000000f5b1a00000) (1024K)]
  0x000002432393af60 JavaThread "Java2D Disposer"            daemon [_thread_blocked, id=12968, stack(0x000000f5b1e00000,0x000000f5b1f00000) (1024K)]
=>0x0000024323542940 JavaThread "DefaultDispatcher-worker-1" daemon [_thread_in_native, id=6580, stack(0x000000f5b2100000,0x000000f5b2200000) (1024K)]
  0x0000024323542fa0 JavaThread "DefaultDispatcher-worker-2" daemon [_thread_blocked, id=13772, stack(0x000000f5b2200000,0x000000f5b2300000) (1024K)]
  0x0000024323fc9c00 JavaThread "DefaultDispatcher-worker-3" daemon [_thread_blocked, id=12780, stack(0x000000f5b2300000,0x000000f5b2400000) (1024K)]
  0x0000024323e74650 JavaThread "Reference Cleaner"          daemon [_thread_blocked, id=7992, stack(0x000000f5b2400000,0x000000f5b2500000) (1024K)]
  0x0000024323edf280 JavaThread "kotlinx.coroutines.DefaultExecutor" daemon [_thread_blocked, id=1520, stack(0x000000f5b2500000,0x000000f5b2600000) (1024K)]
  0x0000024323edffa0 JavaThread "TimerQueue"                 daemon [_thread_blocked, id=11972, stack(0x000000f5b2700000,0x000000f5b2800000) (1024K)]
  0x0000024323edd840 JavaThread "JavaCPP Deallocator"        daemon [_thread_blocked, id=7480, stack(0x000000f5b3000000,0x000000f5b3100000) (1024K)]
  0x0000024328d04f50 JavaThread "pool-1-thread-1"            daemon [_thread_blocked, id=5176, stack(0x000000f5b3200000,0x000000f5b3300000) (1024K)]
  0x0000024328d055e0 JavaThread "pool-1-thread-2"            daemon [_thread_blocked, id=13332, stack(0x000000f5b3600000,0x000000f5b3700000) (1024K)]
  0x000002432e8aa370 JavaThread "DefaultDispatcher-worker-4" daemon [_thread_in_native, id=7164, stack(0x000000f5b3a00000,0x000000f5b3b00000) (1024K)]
Total: 22

Other Threads:
  0x00000242dd4c5930 VMThread "VM Thread"                           [id=9016, stack(0x000000f5b0f00000,0x000000f5b1000000) (1024K)]
  0x00000242dd4b0760 WatcherThread "VM Periodic Task Thread"        [id=2304, stack(0x000000f5b0e00000,0x000000f5b0f00000) (1024K)]
  0x00000242be991df0 WorkerThread "GC Thread#0"                     [id=1440, stack(0x000000f5b0900000,0x000000f5b0a00000) (1024K)]
  0x00000243238503c0 WorkerThread "GC Thread#1"                     [id=4124, stack(0x000000f5b1b00000,0x000000f5b1c00000) (1024K)]
  0x0000024323850760 WorkerThread "GC Thread#2"                     [id=3240, stack(0x000000f5b1c00000,0x000000f5b1d00000) (1024K)]
  0x00000243237f6f40 WorkerThread "GC Thread#3"                     [id=13740, stack(0x000000f5b1d00000,0x000000f5b1e00000) (1024K)]
  0x00000242be9a2d20 ConcurrentGCThread "G1 Main Marker"            [id=9388, stack(0x000000f5b0a00000,0x000000f5b0b00000) (1024K)]
  0x00000242be9a3ed0 WorkerThread "G1 Conc#0"                       [id=7124, stack(0x000000f5b0b00000,0x000000f5b0c00000) (1024K)]
  0x00000242be9fea80 ConcurrentGCThread "G1 Refine#0"               [id=13320, stack(0x000000f5b0c00000,0x000000f5b0d00000) (1024K)]
  0x00000242dd3726a0 ConcurrentGCThread "G1 Service"                [id=10004, stack(0x000000f5b0d00000,0x000000f5b0e00000) (1024K)]
Total: 10

Threads with active compile tasks:
Total: 0

VM state: not at safepoint (normal execution)

VM Mutex/Monitor currently owned by a thread: None

Heap address: 0x0000000701600000, size: 4074 MB, Compressed Oops mode: Zero based, Oop shift amount: 3

CDS archive(s) mapped at: [0x00000242de000000-0x00000242dec80000-0x00000242dec80000), size 13107200, SharedBaseAddress: 0x00000242de000000, ArchiveRelocationMode: 1.
Compressed class space mapped at: 0x00000242df000000-0x000002431f000000, reserved size: 1073741824
Narrow klass base: 0x00000242de000000, Narrow klass shift: 0, Narrow klass range: 0x100000000

GC Precious Log:
 CardTable entry size: 512
 Card Set container configuration: InlinePtr #cards 4 size 8 Array Of Cards #cards 16 size 48 Howl #buckets 8 coarsen threshold 3686 Howl Bitmap #cards 512 size 80 coarsen threshold 460 Card regions per heap region 1 cards per card region 4096
 CPUs: 4 total, 4 available
 Memory: 16291M
 Large Page Support: Disabled
 NUMA Support: Disabled
 Compressed Oops: Enabled (Zero based)
 Heap Region Size: 2M
 Heap Min Capacity: 8M
 Heap Initial Capacity: 256M
 Heap Max Capacity: 4074M
 Pre-touch: Disabled
 Parallel Workers: 4
 Concurrent Workers: 1
 Concurrent Refinement Workers: 4
 Periodic GC: Disabled

Heap:
 garbage-first heap   total 161792K, used 67002K [0x0000000701600000, 0x0000000800000000)
  region size 2048K, 15 young (30720K), 1 survivors (2048K)
 Metaspace       used 37224K, committed 37824K, reserved 1114112K
  class space    used 3315K, committed 3584K, reserved 1048576K

Heap Regions: E=young(eden), S=young(survivor), O=old, HS=humongous(starts), HC=humongous(continues), CS=collection set, F=free, TAMS=top-at-mark-start, PB=parsable bottom
|   0|0x0000000701600000, 0x0000000701800000, 0x0000000701800000|100%| O|  |TAMS 0x0000000701600000| PB 0x0000000701600000| Untracked 
|   1|0x0000000701800000, 0x0000000701a00000, 0x0000000701a00000|100%| O|  |TAMS 0x0000000701800000| PB 0x0000000701800000| Untracked 
|   2|0x0000000701a00000, 0x0000000701c00000, 0x0000000701c00000|100%| O|  |TAMS 0x0000000701a00000| PB 0x0000000701a00000| Untracked 
|   3|0x0000000701c00000, 0x0000000701e00000, 0x0000000701e00000|100%|HS|  |TAMS 0x0000000701c00000| PB 0x0000000701c00000| Complete 
|   4|0x0000000701e00000, 0x0000000702000000, 0x0000000702000000|100%|HS|  |TAMS 0x0000000701e00000| PB 0x0000000701e00000| Complete 
|   5|0x0000000702000000, 0x0000000702200000, 0x0000000702200000|100%|HS|  |TAMS 0x0000000702000000| PB 0x0000000702000000| Complete 
|   6|0x0000000702200000, 0x0000000702400000, 0x0000000702400000|100%|HS|  |TAMS 0x0000000702200000| PB 0x0000000702200000| Complete 
|   7|0x0000000702400000, 0x0000000702600000, 0x0000000702600000|100%|HS|  |TAMS 0x0000000702400000| PB 0x0000000702400000| Complete 
|   8|0x0000000702600000, 0x0000000702800000, 0x0000000702800000|100%|HS|  |TAMS 0x0000000702600000| PB 0x0000000702600000| Complete 
|   9|0x0000000702800000, 0x0000000702a00000, 0x0000000702a00000|100%|HS|  |TAMS 0x0000000702800000| PB 0x0000000702800000| Complete 
|  10|0x0000000702a00000, 0x0000000702c00000, 0x0000000702c00000|100%|HS|  |TAMS 0x0000000702a00000| PB 0x0000000702a00000| Complete 
|  11|0x0000000702c00000, 0x0000000702d04bb0, 0x0000000702e00000| 50%| O|  |TAMS 0x0000000702c00000| PB 0x0000000702c00000| Untracked 
|  12|0x0000000702e00000, 0x0000000703000000, 0x0000000703000000|100%|HS|  |TAMS 0x0000000702e00000| PB 0x0000000702e00000| Complete 
|  13|0x0000000703000000, 0x0000000703200000, 0x0000000703200000|100%|HS|  |TAMS 0x0000000703000000| PB 0x0000000703000000| Complete 
|  14|0x0000000703200000, 0x0000000703200000, 0x0000000703400000|  0%| F|  |TAMS 0x0000000703200000| PB 0x0000000703200000| Untracked 
|  15|0x0000000703400000, 0x0000000703400000, 0x0000000703600000|  0%| F|  |TAMS 0x0000000703400000| PB 0x0000000703400000| Untracked 
|  16|0x0000000703600000, 0x0000000703600000, 0x0000000703800000|  0%| F|  |TAMS 0x0000000703600000| PB 0x0000000703600000| Untracked 
|  17|0x0000000703800000, 0x0000000703800000, 0x0000000703a00000|  0%| F|  |TAMS 0x0000000703800000| PB 0x0000000703800000| Untracked 
|  18|0x0000000703a00000, 0x0000000703a00000, 0x0000000703c00000|  0%| F|  |TAMS 0x0000000703a00000| PB 0x0000000703a00000| Untracked 
|  19|0x0000000703c00000, 0x0000000703c00000, 0x0000000703e00000|  0%| F|  |TAMS 0x0000000703c00000| PB 0x0000000703c00000| Untracked 
|  20|0x0000000703e00000, 0x0000000703e00000, 0x0000000704000000|  0%| F|  |TAMS 0x0000000703e00000| PB 0x0000000703e00000| Untracked 
|  21|0x0000000704000000, 0x0000000704000000, 0x0000000704200000|  0%| F|  |TAMS 0x0000000704000000| PB 0x0000000704000000| Untracked 
|  22|0x0000000704200000, 0x0000000704200000, 0x0000000704400000|  0%| F|  |TAMS 0x0000000704200000| PB 0x0000000704200000| Untracked 
|  23|0x0000000704400000, 0x0000000704400000, 0x0000000704600000|  0%| F|  |TAMS 0x0000000704400000| PB 0x0000000704400000| Untracked 
|  24|0x0000000704600000, 0x0000000704600000, 0x0000000704800000|  0%| F|  |TAMS 0x0000000704600000| PB 0x0000000704600000| Untracked 
|  25|0x0000000704800000, 0x0000000704800000, 0x0000000704a00000|  0%| F|  |TAMS 0x0000000704800000| PB 0x0000000704800000| Untracked 
|  26|0x0000000704a00000, 0x0000000704a00000, 0x0000000704c00000|  0%| F|  |TAMS 0x0000000704a00000| PB 0x0000000704a00000| Untracked 
|  27|0x0000000704c00000, 0x0000000704e00000, 0x0000000704e00000|100%|HS|  |TAMS 0x0000000704c00000| PB 0x0000000704c00000| Complete 
|  28|0x0000000704e00000, 0x0000000705000000, 0x0000000705000000|100%|HS|  |TAMS 0x0000000704e00000| PB 0x0000000704e00000| Complete 
|  29|0x0000000705000000, 0x0000000705200000, 0x0000000705200000|100%|HC|  |TAMS 0x0000000705000000| PB 0x0000000705000000| Complete 
|  30|0x0000000705200000, 0x0000000705400000, 0x0000000705400000|100%|HC|  |TAMS 0x0000000705200000| PB 0x0000000705200000| Complete 
|  31|0x0000000705400000, 0x0000000705400000, 0x0000000705600000|  0%| F|  |TAMS 0x0000000705400000| PB 0x0000000705400000| Untracked 
|  32|0x0000000705600000, 0x0000000705800000, 0x0000000705800000|100%|HS|  |TAMS 0x0000000705600000| PB 0x0000000705600000| Complete 
|  33|0x0000000705800000, 0x0000000705800000, 0x0000000705a00000|  0%| F|  |TAMS 0x0000000705800000| PB 0x0000000705800000| Untracked 
|  34|0x0000000705a00000, 0x0000000705a00000, 0x0000000705c00000|  0%| F|  |TAMS 0x0000000705a00000| PB 0x0000000705a00000| Untracked 
|  35|0x0000000705c00000, 0x0000000705c00000, 0x0000000705e00000|  0%| F|  |TAMS 0x0000000705c00000| PB 0x0000000705c00000| Untracked 
|  36|0x0000000705e00000, 0x0000000705e00000, 0x0000000706000000|  0%| F|  |TAMS 0x0000000705e00000| PB 0x0000000705e00000| Untracked 
|  37|0x0000000706000000, 0x0000000706000000, 0x0000000706200000|  0%| F|  |TAMS 0x0000000706000000| PB 0x0000000706000000| Untracked 
|  38|0x0000000706200000, 0x0000000706200000, 0x0000000706400000|  0%| F|  |TAMS 0x0000000706200000| PB 0x0000000706200000| Untracked 
|  39|0x0000000706400000, 0x0000000706400000, 0x0000000706600000|  0%| F|  |TAMS 0x0000000706400000| PB 0x0000000706400000| Untracked 
|  40|0x0000000706600000, 0x0000000706600000, 0x0000000706800000|  0%| F|  |TAMS 0x0000000706600000| PB 0x0000000706600000| Untracked 
|  41|0x0000000706800000, 0x0000000706800000, 0x0000000706a00000|  0%| F|  |TAMS 0x0000000706800000| PB 0x0000000706800000| Untracked 
|  42|0x0000000706a00000, 0x0000000706a00000, 0x0000000706c00000|  0%| F|  |TAMS 0x0000000706a00000| PB 0x0000000706a00000| Untracked 
|  43|0x0000000706c00000, 0x0000000706c00000, 0x0000000706e00000|  0%| F|  |TAMS 0x0000000706c00000| PB 0x0000000706c00000| Untracked 
|  44|0x0000000706e00000, 0x0000000706e00000, 0x0000000707000000|  0%| F|  |TAMS 0x0000000706e00000| PB 0x0000000706e00000| Untracked 
|  45|0x0000000707000000, 0x0000000707000000, 0x0000000707200000|  0%| F|  |TAMS 0x0000000707000000| PB 0x0000000707000000| Untracked 
|  46|0x0000000707200000, 0x0000000707200000, 0x0000000707400000|  0%| F|  |TAMS 0x0000000707200000| PB 0x0000000707200000| Untracked 
|  47|0x0000000707400000, 0x0000000707400000, 0x0000000707600000|  0%| F|  |TAMS 0x0000000707400000| PB 0x0000000707400000| Untracked 
|  48|0x0000000707600000, 0x0000000707600000, 0x0000000707800000|  0%| F|  |TAMS 0x0000000707600000| PB 0x0000000707600000| Untracked 
|  49|0x0000000707800000, 0x0000000707800000, 0x0000000707a00000|  0%| F|  |TAMS 0x0000000707800000| PB 0x0000000707800000| Untracked 
|  50|0x0000000707a00000, 0x0000000707a00000, 0x0000000707c00000|  0%| F|  |TAMS 0x0000000707a00000| PB 0x0000000707a00000| Untracked 
|  51|0x0000000707c00000, 0x0000000707c00000, 0x0000000707e00000|  0%| F|  |TAMS 0x0000000707c00000| PB 0x0000000707c00000| Untracked 
|  52|0x0000000707e00000, 0x0000000707e00000, 0x0000000708000000|  0%| F|  |TAMS 0x0000000707e00000| PB 0x0000000707e00000| Untracked 
|  53|0x0000000708000000, 0x0000000708000000, 0x0000000708200000|  0%| F|  |TAMS 0x0000000708000000| PB 0x0000000708000000| Untracked 
|  54|0x0000000708200000, 0x0000000708269d50, 0x0000000708400000| 20%| S|CS|TAMS 0x0000000708200000| PB 0x0000000708200000| Complete 
|  55|0x0000000708400000, 0x0000000708400000, 0x0000000708600000|  0%| F|  |TAMS 0x0000000708400000| PB 0x0000000708400000| Untracked 
|  56|0x0000000708600000, 0x0000000708600000, 0x0000000708800000|  0%| F|  |TAMS 0x0000000708600000| PB 0x0000000708600000| Untracked 
|  57|0x0000000708800000, 0x0000000708800000, 0x0000000708a00000|  0%| F|  |TAMS 0x0000000708800000| PB 0x0000000708800000| Untracked 
|  58|0x0000000708a00000, 0x0000000708a00000, 0x0000000708c00000|  0%| F|  |TAMS 0x0000000708a00000| PB 0x0000000708a00000| Untracked 
|  59|0x0000000708c00000, 0x0000000708c00000, 0x0000000708e00000|  0%| F|  |TAMS 0x0000000708c00000| PB 0x0000000708c00000| Untracked 
|  60|0x0000000708e00000, 0x0000000708e00000, 0x0000000709000000|  0%| F|  |TAMS 0x0000000708e00000| PB 0x0000000708e00000| Untracked 
|  61|0x0000000709000000, 0x0000000709000000, 0x0000000709200000|  0%| F|  |TAMS 0x0000000709000000| PB 0x0000000709000000| Untracked 
|  62|0x0000000709200000, 0x0000000709200000, 0x0000000709400000|  0%| F|  |TAMS 0x0000000709200000| PB 0x0000000709200000| Untracked 
|  63|0x0000000709400000, 0x0000000709600000, 0x0000000709600000|100%| E|  |TAMS 0x0000000709400000| PB 0x0000000709400000| Complete 
|  64|0x0000000709600000, 0x0000000709800000, 0x0000000709800000|100%| E|CS|TAMS 0x0000000709600000| PB 0x0000000709600000| Complete 
|  65|0x0000000709800000, 0x0000000709a00000, 0x0000000709a00000|100%| E|CS|TAMS 0x0000000709800000| PB 0x0000000709800000| Complete 
|  66|0x0000000709a00000, 0x0000000709c00000, 0x0000000709c00000|100%| E|CS|TAMS 0x0000000709a00000| PB 0x0000000709a00000| Complete 
|  67|0x0000000709c00000, 0x0000000709e00000, 0x0000000709e00000|100%| E|CS|TAMS 0x0000000709c00000| PB 0x0000000709c00000| Complete 
|  68|0x0000000709e00000, 0x000000070a000000, 0x000000070a000000|100%| E|CS|TAMS 0x0000000709e00000| PB 0x0000000709e00000| Complete 
|  69|0x000000070a000000, 0x000000070a200000, 0x000000070a200000|100%| E|CS|TAMS 0x000000070a000000| PB 0x000000070a000000| Complete 
|  70|0x000000070a200000, 0x000000070a400000, 0x000000070a400000|100%| E|CS|TAMS 0x000000070a200000| PB 0x000000070a200000| Complete 
|  71|0x000000070a400000, 0x000000070a600000, 0x000000070a600000|100%| E|CS|TAMS 0x000000070a400000| PB 0x000000070a400000| Complete 
|  72|0x000000070a600000, 0x000000070a800000, 0x000000070a800000|100%| E|  |TAMS 0x000000070a600000| PB 0x000000070a600000| Complete 
|  73|0x000000070a800000, 0x000000070aa00000, 0x000000070aa00000|100%| E|CS|TAMS 0x000000070a800000| PB 0x000000070a800000| Complete 
|  74|0x000000070aa00000, 0x000000070ac00000, 0x000000070ac00000|100%| E|CS|TAMS 0x000000070aa00000| PB 0x000000070aa00000| Complete 
|  75|0x000000070ac00000, 0x000000070ae00000, 0x000000070ae00000|100%| E|CS|TAMS 0x000000070ac00000| PB 0x000000070ac00000| Complete 
| 127|0x0000000711400000, 0x0000000711600000, 0x0000000711600000|100%| E|CS|TAMS 0x0000000711400000| PB 0x0000000711400000| Complete 
|2035|0x00000007ffc00000, 0x00000007ffe00000, 0x00000007ffe00000|100%| O|  |TAMS 0x00000007ffc00000| PB 0x00000007ffc00000| Untracked 
|2036|0x00000007ffe00000, 0x0000000800000000, 0x0000000800000000|100%| O|  |TAMS 0x00000007ffe00000| PB 0x00000007ffe00000| Untracked 

Card table byte_map: [0x00000242d6860000,0x00000242d7060000] _byte_map_base: 0x00000242d3055000

Marking Bits: (CMBitMap*) 0x00000242be992400
 Bits: [0x00000242d7060000, 0x00000242db008000)

Polling page: 0x00000242be100000

Metaspace:

Usage:
  Non-class:     33.11 MB used.
      Class:      3.24 MB used.
       Both:     36.35 MB used.

Virtual space:
  Non-class space:       64.00 MB reserved,      33.44 MB ( 52%) committed,  1 nodes.
      Class space:        1.00 GB reserved,       3.50 MB ( <1%) committed,  1 nodes.
             Both:        1.06 GB reserved,      36.94 MB (  3%) committed. 

Chunk freelists:
   Non-Class:  14.55 MB
       Class:  12.55 MB
        Both:  27.09 MB

MaxMetaspaceSize: unlimited
CompressedClassSpaceSize: 1.00 GB
Initial GC threshold: 21.00 MB
Current GC threshold: 58.69 MB
CDS: on
 - commit_granule_bytes: 65536.
 - commit_granule_words: 8192.
 - virtual_space_node_default_size: 8388608.
 - enlarge_chunks_in_place: 1.
 - use_allocation_guard: 0.


Internal statistics:

num_allocs_failed_limit: 6.
num_arena_births: 816.
num_arena_deaths: 0.
num_vsnodes_births: 2.
num_vsnodes_deaths: 0.
num_space_committed: 589.
num_space_uncommitted: 0.
num_chunks_returned_to_freelist: 6.
num_chunks_taken_from_freelist: 2029.
num_chunk_merges: 6.
num_chunk_splits: 1440.
num_chunks_enlarged: 1039.
num_inconsistent_stats: 0.

CodeHeap 'non-profiled nmethods': size=120000Kb used=3060Kb max_used=3060Kb free=116939Kb
 bounds [0x00000242ceb30000, 0x00000242cee30000, 0x00000242d6060000]
CodeHeap 'profiled nmethods': size=120000Kb used=11083Kb max_used=11083Kb free=108916Kb
 bounds [0x00000242c7060000, 0x00000242c7b40000, 0x00000242ce590000]
CodeHeap 'non-nmethods': size=5760Kb used=3024Kb max_used=3248Kb free=2735Kb
 bounds [0x00000242ce590000, 0x00000242ce8e0000, 0x00000242ceb30000]
CodeCache: size=245760Kb, used=17167Kb, max_used=17391Kb, free=228590Kb
 total_blobs=7349, nmethods=5336, adapters=1916, full_count=0
Compilation: enabled, stopped_count=0, restarted_count=0

Compilation events (20 events):
Event: 27.797 Thread 0x00000242dd51a7d0 5494       3       kotlinx.coroutines.JobSupport$Finishing::getRootCause (11 bytes)
Event: 27.797 Thread 0x00000242dd51a7d0 nmethod 5494 0x00000242c7b2a210 code [0x00000242c7b2a3e0, 0x00000242c7b2a810]
Event: 27.797 Thread 0x00000242dd51a7d0 5495       3       androidx.collection.MutableScatterSet::plusAssign (14 bytes)
Event: 27.798 Thread 0x00000242dd51a7d0 nmethod 5495 0x00000242c7b2a990 code [0x00000242c7b2ab60, 0x00000242c7b2ae68]
Event: 27.798 Thread 0x00000242dd51a7d0 5496       3       androidx.compose.runtime.SlotWriter::anchorIndex (23 bytes)
Event: 27.798 Thread 0x00000242dd51a7d0 nmethod 5496 0x00000242c7b2af90 code [0x00000242c7b2b140, 0x00000242c7b2b3d0]
Event: 27.802 Thread 0x00000242dd51a7d0 5497       1       androidx.compose.ui.node.RootNodeOwner$OwnerImpl::getLayoutNodes (5 bytes)
Event: 27.802 Thread 0x00000242dd51a7d0 nmethod 5497 0x00000242cee26290 code [0x00000242cee26420, 0x00000242cee264f0]
Event: 27.802 Thread 0x00000242dd51a7d0 5498       3       androidx.compose.ui.Modifier$Node::runDetachLifecycle$ui (94 bytes)
Event: 27.802 Thread 0x00000242dd51a7d0 nmethod 5498 0x00000242c7b2b510 code [0x00000242c7b2b700, 0x00000242c7b2bb58]
Event: 27.802 Thread 0x00000242dd51a7d0 5499       3       androidx.compose.ui.semantics.SemanticsOwner::notifySemanticsChange$ui (71 bytes)
Event: 27.803 Thread 0x00000242dd51a7d0 nmethod 5499 0x00000242c7b2bc90 code [0x00000242c7b2bee0, 0x00000242c7b2c740]
Event: 27.803 Thread 0x00000242dd51a7d0 5503   !   3       sun.awt.PostEventQueue::flush (168 bytes)
Event: 27.804 Thread 0x00000242dd51a7d0 nmethod 5503 0x00000242c7b2cb10 code [0x00000242c7b2cdc0, 0x00000242c7b2db58]
Event: 27.805 Thread 0x00000242dd51a7d0 5501       1       androidx.compose.ui.node.MeasurePassDelegate::setPlaced$ui (6 bytes)
Event: 27.805 Thread 0x00000242dd51a7d0 nmethod 5501 0x00000242cee26590 code [0x00000242cee26720, 0x00000242cee267f0]
Event: 27.805 Thread 0x00000242dd51a7d0 5502       1       androidx.compose.ui.node.LayoutNode::access$setIgnoreRemeasureRequests$p (6 bytes)
Event: 27.805 Thread 0x00000242dd51a7d0 nmethod 5502 0x00000242cee26890 code [0x00000242cee26a20, 0x00000242cee26ad0]
Event: 27.805 Thread 0x00000242dd51a7d0 5500       3       androidx.compose.ui.node.RootNodeOwner$OwnerImpl::onSemanticsChange (30 bytes)
Event: 27.806 Thread 0x00000242dd51a7d0 nmethod 5500 0x00000242c7b2e190 code [0x00000242c7b2e440, 0x00000242c7b2ef80]

GC Heap History (20 events):
Event: 21.294 GC heap before
{Heap before GC invocations=34 (full 0):
 garbage-first heap   total 161792K, used 116034K [0x0000000701600000, 0x0000000800000000)
  region size 2048K, 25 young (51200K), 1 survivors (2048K)
 Metaspace       used 36682K, committed 37248K, reserved 1114112K
  class space    used 3288K, committed 3520K, reserved 1048576K
}
Event: 21.297 GC heap after
{Heap after GC invocations=35 (full 0):
 garbage-first heap   total 161792K, used 33022K [0x0000000701600000, 0x0000000800000000)
  region size 2048K, 1 young (2048K), 1 survivors (2048K)
 Metaspace       used 36682K, committed 37248K, reserved 1114112K
  class space    used 3288K, committed 3520K, reserved 1048576K
}
Event: 22.031 GC heap before
{Heap before GC invocations=35 (full 0):
 garbage-first heap   total 161792K, used 121086K [0x0000000701600000, 0x0000000800000000)
  region size 2048K, 26 young (53248K), 1 survivors (2048K)
 Metaspace       used 36709K, committed 37248K, reserved 1114112K
  class space    used 3288K, committed 3520K, reserved 1048576K
}
Event: 22.033 GC heap after
{Heap after GC invocations=36 (full 0):
 garbage-first heap   total 161792K, used 20757K [0x0000000701600000, 0x0000000800000000)
  region size 2048K, 1 young (2048K), 1 survivors (2048K)
 Metaspace       used 36709K, committed 37248K, reserved 1114112K
  class space    used 3288K, committed 3520K, reserved 1048576K
}
Event: 22.562 GC heap before
{Heap before GC invocations=36 (full 0):
 garbage-first heap   total 161792K, used 119061K [0x0000000701600000, 0x0000000800000000)
  region size 2048K, 25 young (51200K), 1 survivors (2048K)
 Metaspace       used 36726K, committed 37312K, reserved 1114112K
  class space    used 3288K, committed 3520K, reserved 1048576K
}
Event: 22.564 GC heap after
{Heap after GC invocations=37 (full 0):
 garbage-first heap   total 161792K, used 23934K [0x0000000701600000, 0x0000000800000000)
  region size 2048K, 1 young (2048K), 1 survivors (2048K)
 Metaspace       used 36726K, committed 37312K, reserved 1114112K
  class space    used 3288K, committed 3520K, reserved 1048576K
}
Event: 23.265 GC heap before
{Heap before GC invocations=37 (full 0):
 garbage-first heap   total 161792K, used 128382K [0x0000000701600000, 0x0000000800000000)
  region size 2048K, 31 young (63488K), 1 survivors (2048K)
 Metaspace       used 36773K, committed 37312K, reserved 1114112K
  class space    used 3288K, committed 3520K, reserved 1048576K
}
Event: 23.267 GC heap after
{Heap after GC invocations=38 (full 0):
 garbage-first heap   total 161792K, used 20772K [0x0000000701600000, 0x0000000800000000)
  region size 2048K, 1 young (2048K), 1 survivors (2048K)
 Metaspace       used 36773K, committed 37312K, reserved 1114112K
  class space    used 3288K, committed 3520K, reserved 1048576K
}
Event: 23.839 GC heap before
{Heap before GC invocations=38 (full 0):
 garbage-first heap   total 161792K, used 106788K [0x0000000701600000, 0x0000000800000000)
  region size 2048K, 20 young (40960K), 1 survivors (2048K)
 Metaspace       used 36820K, committed 37376K, reserved 1114112K
  class space    used 3288K, committed 3520K, reserved 1048576K
}
Event: 23.841 GC heap after
{Heap after GC invocations=39 (full 0):
 garbage-first heap   total 161792K, used 26003K [0x0000000701600000, 0x0000000800000000)
  region size 2048K, 1 young (2048K), 1 survivors (2048K)
 Metaspace       used 36820K, committed 37376K, reserved 1114112K
  class space    used 3288K, committed 3520K, reserved 1048576K
}
Event: 24.494 GC heap before
{Heap before GC invocations=39 (full 0):
 garbage-first heap   total 161792K, used 122259K [0x0000000701600000, 0x0000000800000000)
  region size 2048K, 28 young (57344K), 1 survivors (2048K)
 Metaspace       used 36836K, committed 37376K, reserved 1114112K
  class space    used 3288K, committed 3520K, reserved 1048576K
}
Event: 24.497 GC heap after
{Heap after GC invocations=40 (full 0):
 garbage-first heap   total 161792K, used 20742K [0x0000000701600000, 0x0000000800000000)
  region size 2048K, 1 young (2048K), 1 survivors (2048K)
 Metaspace       used 36836K, committed 37376K, reserved 1114112K
  class space    used 3288K, committed 3520K, reserved 1048576K
}
Event: 25.358 GC heap before
{Heap before GC invocations=40 (full 0):
 garbage-first heap   total 161792K, used 125190K [0x0000000701600000, 0x0000000800000000)
  region size 2048K, 30 young (61440K), 1 survivors (2048K)
 Metaspace       used 36864K, committed 37376K, reserved 1114112K
  class space    used 3288K, committed 3520K, reserved 1048576K
}
Event: 25.360 GC heap after
{Heap after GC invocations=41 (full 0):
 garbage-first heap   total 161792K, used 20741K [0x0000000701600000, 0x0000000800000000)
  region size 2048K, 1 young (2048K), 1 survivors (2048K)
 Metaspace       used 36864K, committed 37376K, reserved 1114112K
  class space    used 3288K, committed 3520K, reserved 1048576K
}
Event: 26.004 GC heap before
{Heap before GC invocations=41 (full 0):
 garbage-first heap   total 161792K, used 116997K [0x0000000701600000, 0x0000000800000000)
  region size 2048K, 25 young (51200K), 1 survivors (2048K)
 Metaspace       used 36912K, committed 37440K, reserved 1114112K
  class space    used 3289K, committed 3520K, reserved 1048576K
}
Event: 26.006 GC heap after
{Heap after GC invocations=42 (full 0):
 garbage-first heap   total 161792K, used 28053K [0x0000000701600000, 0x0000000800000000)
  region size 2048K, 1 young (2048K), 1 survivors (2048K)
 Metaspace       used 36912K, committed 37440K, reserved 1114112K
  class space    used 3289K, committed 3520K, reserved 1048576K
}
Event: 26.857 GC heap before
{Heap before GC invocations=42 (full 0):
 garbage-first heap   total 161792K, used 124309K [0x0000000701600000, 0x0000000800000000)
  region size 2048K, 29 young (59392K), 1 survivors (2048K)
 Metaspace       used 37012K, committed 37568K, reserved 1114112K
  class space    used 3294K, committed 3520K, reserved 1048576K
}
Event: 26.859 GC heap after
{Heap after GC invocations=43 (full 0):
 garbage-first heap   total 161792K, used 20809K [0x0000000701600000, 0x0000000800000000)
  region size 2048K, 1 young (2048K), 1 survivors (2048K)
 Metaspace       used 37012K, committed 37568K, reserved 1114112K
  class space    used 3294K, committed 3520K, reserved 1048576K
}
Event: 27.517 GC heap before
{Heap before GC invocations=43 (full 0):
 garbage-first heap   total 161792K, used 112969K [0x0000000701600000, 0x0000000800000000)
  region size 2048K, 23 young (47104K), 1 survivors (2048K)
 Metaspace       used 37152K, committed 37696K, reserved 1114112K
  class space    used 3300K, committed 3520K, reserved 1048576K
}
Event: 27.519 GC heap after
{Heap after GC invocations=44 (full 0):
 garbage-first heap   total 161792K, used 26042K [0x0000000701600000, 0x0000000800000000)
  region size 2048K, 1 young (2048K), 1 survivors (2048K)
 Metaspace       used 37152K, committed 37696K, reserved 1114112K
  class space    used 3300K, committed 3520K, reserved 1048576K
}

Dll operation events (20 events):
Event: 4.246 Loaded shared library C:\Users\Welcome\.javacpp\cache\javacpp-1.5.9-windows-x86_64.jar\org\bytedeco\javacpp\windows-x86_64\ucrtbase.dll
Event: 4.252 Loaded shared library C:\Users\Welcome\.javacpp\cache\javacpp-1.5.9-windows-x86_64.jar\org\bytedeco\javacpp\windows-x86_64\vcruntime140.dll
Event: 4.258 Loaded shared library C:\Users\Welcome\.javacpp\cache\javacpp-1.5.9-windows-x86_64.jar\org\bytedeco\javacpp\windows-x86_64\vcruntime140_1.dll
Event: 4.269 Loaded shared library C:\Users\Welcome\.javacpp\cache\javacpp-1.5.9-windows-x86_64.jar\org\bytedeco\javacpp\windows-x86_64\msvcp140.dll
Event: 4.276 Loaded shared library C:\Users\Welcome\.javacpp\cache\javacpp-1.5.9-windows-x86_64.jar\org\bytedeco\javacpp\windows-x86_64\msvcp140_1.dll
Event: 4.283 Loaded shared library C:\Users\Welcome\.javacpp\cache\javacpp-1.5.9-windows-x86_64.jar\org\bytedeco\javacpp\windows-x86_64\concrt140.dll
Event: 4.293 Loaded shared library C:\Users\Welcome\.javacpp\cache\javacpp-1.5.9-windows-x86_64.jar\org\bytedeco\javacpp\windows-x86_64\vcomp140.dll
Event: 4.299 Loaded shared library C:\Users\Welcome\.javacpp\cache\javacpp-1.5.9-windows-x86_64.jar\org\bytedeco\javacpp\windows-x86_64\jnijavacpp.dll
Event: 4.422 Loaded shared library C:\Users\Welcome\.javacpp\cache\openblas-0.3.23-1.5.9-windows-x86_64.jar\org\bytedeco\openblas\windows-x86_64\libopenblas_nolapack.dll
Event: 4.514 Loaded shared library C:\Users\Welcome\.javacpp\cache\openblas-0.3.23-1.5.9-windows-x86_64.jar\org\bytedeco\openblas\windows-x86_64\jniopenblas_nolapack.dll
Event: 4.627 Loaded shared library C:\Users\Welcome\.javacpp\cache\openblas-0.3.23-1.5.9-windows-x86_64.jar\org\bytedeco\openblas\windows-x86_64\libopenblas.dll
Event: 4.765 Loaded shared library C:\Users\Welcome\.javacpp\cache\openblas-0.3.23-1.5.9-windows-x86_64.jar\org\bytedeco\openblas\windows-x86_64\jniopenblas.dll
Event: 5.216 Loaded shared library C:\Users\Welcome\.javacpp\cache\opencv-4.7.0-1.5.9-windows-x86_64.jar\org\bytedeco\opencv\windows-x86_64\opencv_core470.dll
Event: 5.244 Loaded shared library C:\Users\Welcome\.javacpp\cache\opencv-4.7.0-1.5.9-windows-x86_64.jar\org\bytedeco\opencv\windows-x86_64\opencv_imgproc470.dll
Event: 5.270 Loaded shared library C:\Users\Welcome\.javacpp\cache\opencv-4.7.0-1.5.9-windows-x86_64.jar\org\bytedeco\opencv\windows-x86_64\jniopencv_core.dll
Event: 5.409 Loaded shared library C:\Users\Welcome\.javacpp\cache\opencv-4.7.0-1.5.9-windows-x86_64.jar\org\bytedeco\opencv\windows-x86_64\jniopencv_imgproc.dll
Event: 5.438 Loaded shared library C:\Users\Welcome\.javacpp\cache\opencv-4.7.0-1.5.9-windows-x86_64.jar\org\bytedeco\opencv\windows-x86_64\opencv_imgcodecs470.dll
Event: 5.444 Loaded shared library C:\Users\Welcome\.javacpp\cache\opencv-4.7.0-1.5.9-windows-x86_64.jar\org\bytedeco\opencv\windows-x86_64\jniopencv_imgcodecs.dll
Event: 5.480 Loaded shared library C:\Users\Welcome\.javacpp\cache\opencv-4.7.0-1.5.9-windows-x86_64.jar\org\bytedeco\opencv\windows-x86_64\opencv_videoio470.dll
Event: 5.487 Loaded shared library C:\Users\Welcome\.javacpp\cache\opencv-4.7.0-1.5.9-windows-x86_64.jar\org\bytedeco\opencv\windows-x86_64\jniopencv_videoio.dll

Deoptimization events (20 events):
Event: 27.794 Thread 0x0000024323edf910 Uncommon trap: trap_request=0xffffffde fr.pc=0x00000242cee150e8 relative=0x0000000000000888
Event: 27.794 Thread 0x0000024323edf910 Uncommon trap: reason=class_check action=maybe_recompile pc=0x00000242cee150e8 method=java.awt.EventQueue.setCurrentEventAndMostRecentTimeImpl(Ljava/awt/AWTEvent;)V @ 134 c2
Event: 27.794 Thread 0x0000024323edf910 DEOPT PACKING pc=0x00000242cee150e8 sp=0x000000f5b26fdef0
Event: 27.794 Thread 0x0000024323edf910 DEOPT UNPACKING pc=0x00000242ce5e4422 sp=0x000000f5b26fdea0 mode 2
Event: 27.795 Thread 0x0000024323edf910 Uncommon trap: trap_request=0xffffffde fr.pc=0x00000242cee150e8 relative=0x0000000000000888
Event: 27.795 Thread 0x0000024323edf910 Uncommon trap: reason=class_check action=maybe_recompile pc=0x00000242cee150e8 method=java.awt.EventQueue.setCurrentEventAndMostRecentTimeImpl(Ljava/awt/AWTEvent;)V @ 134 c2
Event: 27.795 Thread 0x0000024323edf910 DEOPT PACKING pc=0x00000242cee150e8 sp=0x000000f5b26fde20
Event: 27.795 Thread 0x0000024323edf910 DEOPT UNPACKING pc=0x00000242ce5e4422 sp=0x000000f5b26fddd0 mode 2
Event: 27.798 Thread 0x0000024323edf910 Uncommon trap: trap_request=0xffffffd6 fr.pc=0x00000242cee19e7c relative=0x000000000000043c
Event: 27.798 Thread 0x0000024323edf910 Uncommon trap: reason=array_check action=maybe_recompile pc=0x00000242cee19e7c method=java.util.Arrays.fill([Ljava/lang/Object;IILjava/lang/Object;)V @ 20 c2
Event: 27.798 Thread 0x0000024323edf910 DEOPT PACKING pc=0x00000242cee19e7c sp=0x000000f5b26fd680
Event: 27.798 Thread 0x0000024323edf910 DEOPT UNPACKING pc=0x00000242ce5e4422 sp=0x000000f5b26fd628 mode 2
Event: 27.799 Thread 0x0000024323edf910 Uncommon trap: trap_request=0xffffffd6 fr.pc=0x00000242cee19e7c relative=0x000000000000043c
Event: 27.799 Thread 0x0000024323edf910 Uncommon trap: reason=array_check action=maybe_recompile pc=0x00000242cee19e7c method=java.util.Arrays.fill([Ljava/lang/Object;IILjava/lang/Object;)V @ 20 c2
Event: 27.799 Thread 0x0000024323edf910 DEOPT PACKING pc=0x00000242cee19e7c sp=0x000000f5b26fd400
Event: 27.799 Thread 0x0000024323edf910 DEOPT UNPACKING pc=0x00000242ce5e4422 sp=0x000000f5b26fd3a8 mode 2
Event: 27.803 Thread 0x0000024323edf910 Uncommon trap: trap_request=0xffffff45 fr.pc=0x00000242ced6a148 relative=0x0000000000000368
Event: 27.803 Thread 0x0000024323edf910 Uncommon trap: reason=unstable_if action=reinterpret pc=0x00000242ced6a148 method=androidx.collection.ScatterSet.contains(Ljava/lang/Object;)Z @ 225 c2
Event: 27.803 Thread 0x0000024323edf910 DEOPT PACKING pc=0x00000242ced6a148 sp=0x000000f5b26fdf20
Event: 27.803 Thread 0x0000024323edf910 DEOPT UNPACKING pc=0x00000242ce5e4422 sp=0x000000f5b26fde20 mode 2

Classes loaded (20 events):
Event: 11.623 Loading class java/awt/event/MouseEvent$1
Event: 11.623 Loading class sun/awt/AWTAccessor$MouseEventAccessor
Event: 11.623 Loading class sun/awt/AWTAccessor$MouseEventAccessor done
Event: 11.623 Loading class java/awt/event/MouseEvent$1 done
Event: 11.624 Loading class java/awt/Cursor$CursorDisposer
Event: 11.624 Loading class java/awt/Cursor$CursorDisposer done
Event: 11.646 Loading class java/awt/event/MouseWheelEvent
Event: 11.646 Loading class java/awt/event/MouseWheelEvent done
Event: 12.798 Loading class java/lang/FdLibm$Hypot
Event: 12.798 Loading class java/lang/FdLibm$Hypot done
Event: 12.798 Loading class java/lang/FdLibm
Event: 12.798 Loading class java/lang/FdLibm done
Event: 18.167 Loading class java/nio/HeapFloatBuffer
Event: 18.167 Loading class java/nio/HeapFloatBuffer done
Event: 18.171 Loading class java/nio/DirectFloatBufferU
Event: 18.171 Loading class java/nio/DirectFloatBufferU done
Event: 27.793 Loading class java/awt/KeyboardFocusManager$2
Event: 27.793 Loading class java/awt/KeyboardFocusManager$2 done
Event: 27.793 Loading class sun/awt/SunToolkit$1
Event: 27.793 Loading class sun/awt/SunToolkit$1 done

Classes unloaded (0 events):
No events

Classes redefined (0 events):
No events

Internal exceptions (20 events):
Event: 3.669 Thread 0x0000024323edf910 Exception <a 'java/lang/NoSuchMethodError'{0x0000000702498cb0}: 'java.lang.Object java.lang.invoke.DirectMethodHandle$Holder.invokeSpecial(java.lang.Object, java.lang.Object, java.lang.Object, int, int)'> (0x0000000702498cb0) 
thrown [s\src\hotspot\share\interpreter\linkResolver.cpp, line 773]
Event: 3.676 Thread 0x0000024323edf910 Exception <a 'java/lang/NoSuchMethodError'{0x00000007025222d8}: 'java.lang.Object java.lang.invoke.DirectMethodHandle$Holder.invokeSpecial(java.lang.Object, java.lang.Object, int, java.lang.Object, int)'> (0x00000007025222d8) 
thrown [s\src\hotspot\share\interpreter\linkResolver.cpp, line 773]
Event: 4.044 Thread 0x0000024323edf910 Exception <a 'java/lang/NoSuchMethodError'{0x0000000711501598}: 'java.lang.Object java.lang.invoke.DirectMethodHandle$Holder.newInvokeSpecial(java.lang.Object, java.lang.Object, java.lang.Object, java.lang.Object, long, java.lang.Object)'> (0x0000000711501598) 
thrown [s\src\hotspot\share\interpreter\linkResolver.cpp, line 773]
Event: 4.046 Thread 0x0000024323edf910 Exception <a 'java/lang/NoSuchMethodError'{0x00000007115a1e30}: 'java.lang.Object java.lang.invoke.DirectMethodHandle$Holder.invokeSpecial(java.lang.Object, java.lang.Object, java.lang.Object, java.lang.Object, java.lang.Object, long, java.lang.Object)'> (0x00000007115a1e30) 
thrown [s\src\hotspot\share\interpreter\linkResolver.cpp, line 773]
Event: 4.340 Thread 0x0000024323edf910 Exception <a 'java/lang/NoSuchMethodError'{0x00000007054bf430}: 'java.lang.Object java.lang.invoke.DirectMethodHandle$Holder.invokeStatic(java.lang.Object, java.lang.Object, java.lang.Object, java.lang.Object, java.lang.Object, java.lang.Object, java.lang.Object, java.lang.Object, java.lang.Object, java.lang.Object, long)'> (0x00000007054bf430) 
thrown [s\src\hotspot\share\interpreter\linkResolver.cpp, line 773]
Event: 4.430 Thread 0x0000024323542940 Implicit null exception at 0x00000242cec07678 to 0x00000242cec07860
Event: 12.789 Thread 0x0000024323edf910 Exception <a 'java/lang/NoSuchMethodError'{0x0000000707449198}: 'long java.lang.invoke.DirectMethodHandle$Holder.invokeStatic(java.lang.Object, java.lang.Object)'> (0x0000000707449198) 
thrown [s\src\hotspot\share\interpreter\linkResolver.cpp, line 773]
Event: 12.804 Thread 0x0000024323edf910 Exception <a 'java/lang/NoSuchMethodError'{0x00000007074e7a08}: 'java.lang.Object java.lang.invoke.DirectMethodHandle$Holder.newInvokeSpecial(java.lang.Object, java.lang.Object, java.lang.Object, java.lang.Object, java.lang.Object, java.lang.Object, int)'> (0x00000007074e7a08) 
thrown [s\src\hotspot\share\interpreter\linkResolver.cpp, line 773]
Event: 12.804 Thread 0x0000024323edf910 Exception <a 'java/lang/NoSuchMethodError'{0x00000007074ec1d0}: 'java.lang.Object java.lang.invoke.DirectMethodHandle$Holder.invokeSpecial(java.lang.Object, java.lang.Object, java.lang.Object, java.lang.Object, java.lang.Object, java.lang.Object, java.lang.Object, int)'> (0x00000007074ec1d0) 
thrown [s\src\hotspot\share\interpreter\linkResolver.cpp, line 773]
Event: 12.808 Thread 0x0000024323edf910 Exception <a 'java/lang/NoSuchMethodError'{0x000000070750d2f0}: 'java.lang.Object java.lang.invoke.DirectMethodHandle$Holder.newInvokeSpecial(java.lang.Object, int, java.lang.Object, java.lang.Object, java.lang.Object, java.lang.Object)'> (0x000000070750d2f0) 
thrown [s\src\hotspot\share\interpreter\linkResolver.cpp, line 773]
Event: 12.859 Thread 0x0000024323edf910 Exception <a 'java/lang/NoSuchMethodError'{0x00000007072d59e8}: 'java.lang.Object java.lang.invoke.DirectMethodHandle$Holder.newInvokeSpecial(java.lang.Object, java.lang.Object, float)'> (0x00000007072d59e8) 
thrown [s\src\hotspot\share\interpreter\linkResolver.cpp, line 773]
Event: 12.874 Thread 0x0000024323edf910 Exception <a 'java/lang/NoSuchMethodError'{0x0000000707331070}: 'java.lang.Object java.lang.invoke.DirectMethodHandle$Holder.invokeStatic(java.lang.Object, java.lang.Object, int, java.lang.Object, java.lang.Object)'> (0x0000000707331070) 
thrown [s\src\hotspot\share\interpreter\linkResolver.cpp, line 773]
Event: 12.875 Thread 0x0000024323edf910 Exception <a 'java/lang/NoSuchMethodError'{0x00000007073384a8}: 'java.lang.Object java.lang.invoke.DirectMethodHandle$Holder.newInvokeSpecial(java.lang.Object, java.lang.Object, int, java.lang.Object)'> (0x00000007073384a8) 
thrown [s\src\hotspot\share\interpreter\linkResolver.cpp, line 773]
Event: 12.875 Thread 0x0000024323edf910 Exception <a 'java/lang/NoSuchMethodError'{0x000000070733cae8}: 'java.lang.Object java.lang.invoke.DirectMethodHandle$Holder.invokeSpecial(java.lang.Object, java.lang.Object, java.lang.Object, int, java.lang.Object)'> (0x000000070733cae8) 
thrown [s\src\hotspot\share\interpreter\linkResolver.cpp, line 773]
Event: 12.875 Thread 0x0000024323edf910 Exception <a 'java/lang/NoSuchMethodError'{0x00000007073407b0}: 'java.lang.Object java.lang.invoke.Invokers$Holder.linkToTargetMethod(java.lang.Object, int, java.lang.Object, java.lang.Object)'> (0x00000007073407b0) 
thrown [s\src\hotspot\share\interpreter\linkResolver.cpp, line 773]
Event: 12.878 Thread 0x0000024323edf910 Exception <a 'java/lang/NoSuchMethodError'{0x00000007073532d0}: 'java.lang.Object java.lang.invoke.DirectMethodHandle$Holder.invokeStatic(java.lang.Object, java.lang.Object, long, java.lang.Object)'> (0x00000007073532d0) 
thrown [s\src\hotspot\share\interpreter\linkResolver.cpp, line 773]
Event: 12.878 Thread 0x0000024323edf910 Exception <a 'java/lang/NoSuchMethodError'{0x000000070735a210}: 'java.lang.Object java.lang.invoke.DirectMethodHandle$Holder.newInvokeSpecial(java.lang.Object, java.lang.Object, long)'> (0x000000070735a210) 
thrown [s\src\hotspot\share\interpreter\linkResolver.cpp, line 773]
Event: 12.879 Thread 0x0000024323edf910 Exception <a 'java/lang/NoSuchMethodError'{0x000000070735dc68}: 'java.lang.Object java.lang.invoke.Invokers$Holder.linkToTargetMethod(java.lang.Object, long, java.lang.Object)'> (0x000000070735dc68) 
thrown [s\src\hotspot\share\interpreter\linkResolver.cpp, line 773]
Event: 18.593 Thread 0x000002432e8aa370 Exception <a 'java/lang/NoSuchMethodError'{0x0000000709094bd8}: 'java.lang.Object java.lang.invoke.Invokers$Holder.linkToTargetMethod(java.lang.Object, float, float, float, float, java.lang.Object)'> (0x0000000709094bd8) 
thrown [s\src\hotspot\share\interpreter\linkResolver.cpp, line 773]
Event: 18.678 Thread 0x0000024323edf910 Exception <a 'java/lang/NoSuchMethodError'{0x00000007091cf840}: 'java.lang.Object java.lang.invoke.DirectMethodHandle$Holder.invokeSpecial(java.lang.Object, java.lang.Object, int, int, java.lang.Object)'> (0x00000007091cf840) 
thrown [s\src\hotspot\share\interpreter\linkResolver.cpp, line 773]

ZGC Phase Switch (0 events):
No events

VM Operations (20 events):
Event: 22.031 Executing VM operation: G1TryInitiateConcMark (G1 Humongous Allocation)
Event: 22.033 Executing VM operation: G1TryInitiateConcMark (G1 Humongous Allocation) done
Event: 22.562 Executing VM operation: G1TryInitiateConcMark (G1 Humongous Allocation)
Event: 22.564 Executing VM operation: G1TryInitiateConcMark (G1 Humongous Allocation) done
Event: 23.265 Executing VM operation: G1TryInitiateConcMark (G1 Humongous Allocation)
Event: 23.268 Executing VM operation: G1TryInitiateConcMark (G1 Humongous Allocation) done
Event: 23.839 Executing VM operation: G1TryInitiateConcMark (G1 Humongous Allocation)
Event: 23.841 Executing VM operation: G1TryInitiateConcMark (G1 Humongous Allocation) done
Event: 24.494 Executing VM operation: G1TryInitiateConcMark (G1 Humongous Allocation)
Event: 24.497 Executing VM operation: G1TryInitiateConcMark (G1 Humongous Allocation) done
Event: 25.358 Executing VM operation: G1TryInitiateConcMark (G1 Humongous Allocation)
Event: 25.360 Executing VM operation: G1TryInitiateConcMark (G1 Humongous Allocation) done
Event: 26.003 Executing VM operation: G1TryInitiateConcMark (G1 Humongous Allocation)
Event: 26.006 Executing VM operation: G1TryInitiateConcMark (G1 Humongous Allocation) done
Event: 26.857 Executing VM operation: G1TryInitiateConcMark (G1 Humongous Allocation)
Event: 26.859 Executing VM operation: G1TryInitiateConcMark (G1 Humongous Allocation) done
Event: 27.347 Executing VM operation: HandshakeAllThreads (Deoptimize)
Event: 27.348 Executing VM operation: HandshakeAllThreads (Deoptimize) done
Event: 27.517 Executing VM operation: G1TryInitiateConcMark (G1 Humongous Allocation)
Event: 27.519 Executing VM operation: G1TryInitiateConcMark (G1 Humongous Allocation) done

Memory protections (0 events):
No events

Nmethod flushes (20 events):
Event: 16.766 Thread 0x00000242dd4c5930 flushing  nmethod 0x00000242ceb8af90
Event: 16.766 Thread 0x00000242dd4c5930 flushing  nmethod 0x00000242c7074790
Event: 16.766 Thread 0x00000242dd4c5930 flushing  nmethod 0x00000242c7075e90
Event: 16.766 Thread 0x00000242dd4c5930 flushing  nmethod 0x00000242c7076e90
Event: 16.766 Thread 0x00000242dd4c5930 flushing  nmethod 0x00000242c7077710
Event: 16.766 Thread 0x00000242dd4c5930 flushing  nmethod 0x00000242c7077a90
Event: 16.766 Thread 0x00000242dd4c5930 flushing  nmethod 0x00000242c709b790
Event: 16.766 Thread 0x00000242dd4c5930 flushing  nmethod 0x00000242c70a2790
Event: 16.766 Thread 0x00000242dd4c5930 flushing  nmethod 0x00000242c70a3890
Event: 16.766 Thread 0x00000242dd4c5930 flushing  nmethod 0x00000242c70cde90
Event: 16.766 Thread 0x00000242dd4c5930 flushing  nmethod 0x00000242c70cfe90
Event: 16.766 Thread 0x00000242dd4c5930 flushing  nmethod 0x00000242c70d0910
Event: 16.766 Thread 0x00000242dd4c5930 flushing  nmethod 0x00000242c70d1a90
Event: 16.766 Thread 0x00000242dd4c5930 flushing  nmethod 0x00000242c70d2a90
Event: 16.766 Thread 0x00000242dd4c5930 flushing  nmethod 0x00000242c70e3810
Event: 16.766 Thread 0x00000242dd4c5930 flushing  nmethod 0x00000242c70f5610
Event: 16.766 Thread 0x00000242dd4c5930 flushing  nmethod 0x00000242c712d810
Event: 16.766 Thread 0x00000242dd4c5930 flushing  nmethod 0x00000242c71d5610
Event: 16.766 Thread 0x00000242dd4c5930 flushing  nmethod 0x00000242c71d6590
Event: 16.766 Thread 0x00000242dd4c5930 flushing  nmethod 0x00000242c726e110

Events (20 events):
Event: 0.667 Thread 0x00000242bc6ee3b0 Thread added: 0x0000024323542940
Event: 0.667 Thread 0x00000242bc6ee3b0 Thread added: 0x0000024323542fa0
Event: 0.667 Thread 0x0000024323542940 Thread added: 0x0000024323fc9c00
Event: 0.674 Thread 0x00000242bc6ee3b0 Thread added: 0x0000024323e74650
Event: 0.682 Thread 0x0000024323542940 Thread added: 0x0000024323edf280
Event: 0.725 Thread 0x00000242bc6ee3b0 Thread added: 0x0000024323edf910
Event: 1.174 Thread 0x0000024323edf910 Thread added: 0x0000024323edffa0
Event: 1.271 Thread 0x00000242dd7334c0 Thread exited: 0x00000242dd7334c0
Event: 3.505 Thread 0x0000024323542940 Thread added: 0x0000024323edd840
Event: 3.598 Thread 0x00000242dd51a7d0 Thread added: 0x000002432ee55d30
Event: 3.836 Thread 0x000002432ee55d30 Thread exited: 0x000002432ee55d30
Event: 4.145 Thread 0x00000242dd51a7d0 Thread added: 0x0000024328842520
Event: 4.381 Thread 0x0000024323edf910 Thread added: 0x0000024328d04f50
Event: 4.518 Thread 0x0000024323edf910 Thread added: 0x0000024328d055e0
Event: 5.419 Thread 0x0000024328842520 Thread exited: 0x0000024328842520
Event: 7.415 Thread 0x00000242dd51a7d0 Thread added: 0x00000243286a7b80
Event: 8.303 Thread 0x00000243286a7b80 Thread exited: 0x00000243286a7b80
Event: 18.031 Thread 0x0000024323542fa0 Thread added: 0x000002432e8aa370
Event: 18.635 Thread 0x00000242dd51a7d0 Thread added: 0x000002432e8f72d0
Event: 24.605 Thread 0x000002432e8f72d0 Thread exited: 0x000002432e8f72d0


Dynamic libraries:
0x00007ff6266c0000 - 0x00007ff6266ce000 	C:\Program Files\BellSoft\LibericaJDK-21\bin\java.exe
0x00007ff9f6840000 - 0x00007ff9f6a49000 	C:\Windows\SYSTEM32\ntdll.dll
0x00007ff9f6000000 - 0x00007ff9f60bd000 	C:\Windows\System32\KERNEL32.DLL
0x00007ff9f3ff0000 - 0x00007ff9f4374000 	C:\Windows\System32\KERNELBASE.dll
0x00007ff9f44d0000 - 0x00007ff9f45e1000 	C:\Windows\System32\ucrtbase.dll
0x00007ff9efbf0000 - 0x00007ff9efc08000 	C:\Program Files\BellSoft\LibericaJDK-21\bin\jli.dll
0x00007ff9bf7e0000 - 0x00007ff9bf7fb000 	C:\Program Files\BellSoft\LibericaJDK-21\bin\VCRUNTIME140.dll
0x00007ff9f5230000 - 0x00007ff9f53dd000 	C:\Windows\System32\USER32.dll
0x00007ff9dfcc0000 - 0x00007ff9dff65000 	C:\Windows\WinSxS\amd64_microsoft.windows.common-controls_6595b64144ccf1df_6.0.22000.120_none_9d947278b86cc467\COMCTL32.dll
0x00007ff9f5180000 - 0x00007ff9f5223000 	C:\Windows\System32\msvcrt.dll
0x00007ff9f44a0000 - 0x00007ff9f44c6000 	C:\Windows\System32\win32u.dll
0x00007ff9f5fd0000 - 0x00007ff9f5ffa000 	C:\Windows\System32\GDI32.dll
0x00007ff9f4380000 - 0x00007ff9f449e000 	C:\Windows\System32\gdi32full.dll
0x00007ff9f45f0000 - 0x00007ff9f468d000 	C:\Windows\System32\msvcp_win.dll
0x00007ff9f5f90000 - 0x00007ff9f5fc1000 	C:\Windows\System32\IMM32.DLL
0x00007ff9e7580000 - 0x00007ff9e758c000 	C:\Program Files\BellSoft\LibericaJDK-21\bin\vcruntime140_1.dll
0x00007ff9721d0000 - 0x00007ff97225e000 	C:\Program Files\BellSoft\LibericaJDK-21\bin\msvcp140.dll
0x00007ff971410000 - 0x00007ff9721c3000 	C:\Program Files\BellSoft\LibericaJDK-21\bin\server\jvm.dll
0x00007ff9f5cc0000 - 0x00007ff9f5d6e000 	C:\Windows\System32\ADVAPI32.dll
0x00007ff9f5c20000 - 0x00007ff9f5cbe000 	C:\Windows\System32\sechost.dll
0x00007ff9f4900000 - 0x00007ff9f4a21000 	C:\Windows\System32\RPCRT4.dll
0x00007ff9f4770000 - 0x00007ff9f47df000 	C:\Windows\System32\WS2_32.dll
0x00007ff9f3a00000 - 0x00007ff9f3a4d000 	C:\Windows\SYSTEM32\POWRPROF.dll
0x00007ff9cd7b0000 - 0x00007ff9cd7e3000 	C:\Windows\SYSTEM32\WINMM.dll
0x00007ff9ecd80000 - 0x00007ff9ecd8a000 	C:\Windows\SYSTEM32\VERSION.dll
0x00007ff9f39e0000 - 0x00007ff9f39f3000 	C:\Windows\SYSTEM32\UMPDC.dll
0x00007ff9f2d00000 - 0x00007ff9f2d18000 	C:\Windows\SYSTEM32\kernel.appcore.dll
0x00007ff9c61e0000 - 0x00007ff9c61ea000 	C:\Program Files\BellSoft\LibericaJDK-21\bin\jimage.dll
0x00007ff9dfa90000 - 0x00007ff9dfcb1000 	C:\Windows\SYSTEM32\DBGHELP.DLL
0x00007ff9e00c0000 - 0x00007ff9e00f1000 	C:\Windows\SYSTEM32\dbgcore.DLL
0x00007ff9f3f70000 - 0x00007ff9f3fef000 	C:\Windows\System32\bcryptPrimitives.dll
0x00007ff9bf7c0000 - 0x00007ff9bf7df000 	C:\Program Files\BellSoft\LibericaJDK-21\bin\java.dll
0x00007ff9f53e0000 - 0x00007ff9f5ba5000 	C:\Windows\System32\SHELL32.dll
0x00007ff9f1d60000 - 0x00007ff9f25c2000 	C:\Windows\SYSTEM32\windows.storage.dll
0x00007ff9f4ae0000 - 0x00007ff9f4e56000 	C:\Windows\System32\combase.dll
0x00007ff9f1bf0000 - 0x00007ff9f1d57000 	C:\Windows\SYSTEM32\wintypes.dll
0x00007ff9f6290000 - 0x00007ff9f637a000 	C:\Windows\System32\SHCORE.dll
0x00007ff9f4710000 - 0x00007ff9f476d000 	C:\Windows\System32\shlwapi.dll
0x00007ff9f3c00000 - 0x00007ff9f3c25000 	C:\Windows\SYSTEM32\profapi.dll
0x00007ff971150000 - 0x00007ff971227000 	C:\Program Files\BellSoft\LibericaJDK-21\bin\jsvml.dll
0x00007ff9860c0000 - 0x00007ff9860d0000 	C:\Program Files\BellSoft\LibericaJDK-21\bin\net.dll
0x00007ff9ee6a0000 - 0x00007ff9ee7b4000 	C:\Windows\SYSTEM32\WINHTTP.dll
0x00007ff9f31a0000 - 0x00007ff9f3207000 	C:\Windows\system32\mswsock.dll
0x00007ff97f2f0000 - 0x00007ff97f306000 	C:\Program Files\BellSoft\LibericaJDK-21\bin\nio.dll
0x00007ff97f2d0000 - 0x00007ff97f2e8000 	C:\Program Files\BellSoft\LibericaJDK-21\bin\zip.dll
0x00007ff9825b0000 - 0x00007ff9831cf000 	C:\Users\Welcome\.skiko\64f176e39f60453df1ebf3b490935ff01e2e8db2dfc6217e7f91aacb376d7385\skiko-windows-x64.dll
0x00007ff9f4fe0000 - 0x00007ff9f517a000 	C:\Windows\System32\ole32.dll
0x00007ff9f18f0000 - 0x00007ff9f191f000 	C:\Windows\SYSTEM32\dwmapi.dll
0x00007ff9f0230000 - 0x00007ff9f0327000 	C:\Windows\SYSTEM32\PROPSYS.dll
0x00007ff9be1d0000 - 0x00007ff9be35e000 	C:\Program Files\BellSoft\LibericaJDK-21\bin\awt.dll
0x00007ff9f4f00000 - 0x00007ff9f4fd6000 	C:\Windows\System32\OLEAUT32.dll
0x00007ff9f11d0000 - 0x00007ff9f1262000 	C:\Windows\SYSTEM32\apphelp.dll
0x00007ff9f1380000 - 0x00007ff9f142c000 	C:\Windows\system32\uxtheme.dll
0x00007ff9f5d70000 - 0x00007ff9f5e8d000 	C:\Windows\System32\MSCTF.dll
0x00007ff9cace0000 - 0x00007ff9cade1000 	C:\Windows\system32\opengl32.dll
0x00007ff9cac70000 - 0x00007ff9cac9d000 	C:\Windows\SYSTEM32\GLU32.dll
0x00007ff9f1480000 - 0x00007ff9f14b8000 	C:\Windows\SYSTEM32\dxcore.dll
0x00007ff9c4b50000 - 0x00007ff9c4bd7000 	C:\Program Files\BellSoft\LibericaJDK-21\bin\freetype.dll
0x00007ff9be6d0000 - 0x00007ff9be7c1000 	C:\Program Files\BellSoft\LibericaJDK-21\bin\fontmanager.dll
0x00007ff9d9380000 - 0x00007ff9d95df000 	C:\Windows\SYSTEM32\dwrite.dll
0x00007ff9f4a30000 - 0x00007ff9f4adf000 	C:\Windows\System32\clbcatq.dll
0x00007ff9ed9e0000 - 0x00007ff9edb8e000 	C:\Windows\SYSTEM32\WindowsCodecs.dll
0x00007ff9c9ca0000 - 0x00007ff9c9cfd000 	C:\Windows\system32\dataexchange.dll
0x00007ff9ecab0000 - 0x00007ff9ecd15000 	C:\Windows\system32\twinapi.appcore.dll
0x00007ff9e04d0000 - 0x00007ff9e04d7000 	C:\Program Files\BellSoft\LibericaJDK-21\bin\jawt.dll
0x00007ff9f14c0000 - 0x00007ff9f15b3000 	C:\Windows\SYSTEM32\Dxgi.dll
0x00007ff9ef660000 - 0x00007ff9ef6a4000 	C:\Windows\SYSTEM32\directxdatabasehelper.dll
0x00007ff9f2d20000 - 0x00007ff9f2d54000 	C:\Windows\SYSTEM32\ntmarta.dll
0x00007ff9d6e60000 - 0x00007ff9d6e88000 	C:\Windows\SYSTEM32\D3D12.dll
0x00007ff9bdfc0000 - 0x00007ff9be1c5000 	C:\Windows\SYSTEM32\D3D12Core.dll
0x00007ff9f3950000 - 0x00007ff9f399c000 	C:\Windows\SYSTEM32\cfgmgr32.dll
0x00007ff9f3620000 - 0x00007ff9f3647000 	C:\Windows\SYSTEM32\bcrypt.dll
0x00007ff9e7a30000 - 0x00007ff9eb1c4000 	C:\Windows\System32\DriverStore\FileRepository\iigd_dch.inf_amd64_51f685305808e3a5\igc64.dll
0x00007ff9f3cd0000 - 0x00007ff9f3e32000 	C:\Windows\System32\CRYPT32.dll
0x00007ff9d6210000 - 0x00007ff9d623d000 	C:\Windows\SYSTEM32\D3DSCache.dll
0x00007ff9f3240000 - 0x00007ff9f326c000 	C:\Windows\SYSTEM32\USERENV.dll
0x00007ff9f3470000 - 0x00007ff9f3488000 	C:\Windows\SYSTEM32\CRYPTSP.dll
0x00007ff9f2c60000 - 0x00007ff9f2c95000 	C:\Windows\system32\rsaenh.dll
0x00007ff9f3390000 - 0x00007ff9f339c000 	C:\Windows\SYSTEM32\CRYPTBASE.dll
0x00007ff9f2810000 - 0x00007ff9f283d000 	C:\Windows\SYSTEM32\IPHLPAPI.DLL
0x00007ff9f4ef0000 - 0x00007ff9f4ef9000 	C:\Windows\System32\NSI.dll
0x00007ff970690000 - 0x00007ff97114e000 	C:\Users\Welcome\AppData\Local\Temp\onnxruntime-java9306218158538435293\onnxruntime.dll
0x00007ff9de5d0000 - 0x00007ff9de5d9000 	C:\Windows\SYSTEM32\MSVCP140_1.dll
0x00007ff9d5cb0000 - 0x00007ff9d5cc7000 	C:\Users\Welcome\AppData\Local\Temp\onnxruntime-java9306218158538435293\onnxruntime4j_jni.dll
0x0000024328da0000 - 0x0000024328da4000 	C:\Users\Welcome\.javacpp\cache\javacpp-1.5.9-windows-x86_64.jar\org\bytedeco\javacpp\windows-x86_64\api-ms-win-crt-locale-l1-1-0.dll
0x0000024328db0000 - 0x0000024328db5000 	C:\Users\Welcome\.javacpp\cache\javacpp-1.5.9-windows-x86_64.jar\org\bytedeco\javacpp\windows-x86_64\api-ms-win-crt-string-l1-1-0.dll
0x0000024328dc0000 - 0x0000024328dc5000 	C:\Users\Welcome\.javacpp\cache\javacpp-1.5.9-windows-x86_64.jar\org\bytedeco\javacpp\windows-x86_64\api-ms-win-crt-stdio-l1-1-0.dll
0x0000024328dd0000 - 0x0000024328dd6000 	C:\Users\Welcome\.javacpp\cache\javacpp-1.5.9-windows-x86_64.jar\org\bytedeco\javacpp\windows-x86_64\api-ms-win-crt-math-l1-1-0.dll
0x0000024328ed0000 - 0x0000024328ed4000 	C:\Users\Welcome\.javacpp\cache\javacpp-1.5.9-windows-x86_64.jar\org\bytedeco\javacpp\windows-x86_64\api-ms-win-crt-heap-l1-1-0.dll
0x0000024328ee0000 - 0x0000024328ee5000 	C:\Users\Welcome\.javacpp\cache\javacpp-1.5.9-windows-x86_64.jar\org\bytedeco\javacpp\windows-x86_64\api-ms-win-crt-runtime-l1-1-0.dll
0x0000024328ef0000 - 0x0000024328ef5000 	C:\Users\Welcome\.javacpp\cache\javacpp-1.5.9-windows-x86_64.jar\org\bytedeco\javacpp\windows-x86_64\api-ms-win-crt-convert-l1-1-0.dll
0x0000024328f00000 - 0x0000024328f04000 	C:\Users\Welcome\.javacpp\cache\javacpp-1.5.9-windows-x86_64.jar\org\bytedeco\javacpp\windows-x86_64\api-ms-win-crt-environment-l1-1-0.dll
0x0000024329810000 - 0x0000024329814000 	C:\Users\Welcome\.javacpp\cache\javacpp-1.5.9-windows-x86_64.jar\org\bytedeco\javacpp\windows-x86_64\api-ms-win-crt-time-l1-1-0.dll
0x0000024329820000 - 0x0000024329824000 	C:\Users\Welcome\.javacpp\cache\javacpp-1.5.9-windows-x86_64.jar\org\bytedeco\javacpp\windows-x86_64\api-ms-win-crt-filesystem-l1-1-0.dll
0x0000024329830000 - 0x0000024329834000 	C:\Users\Welcome\.javacpp\cache\javacpp-1.5.9-windows-x86_64.jar\org\bytedeco\javacpp\windows-x86_64\api-ms-win-crt-utility-l1-1-0.dll
0x0000024329930000 - 0x0000024329936000 	C:\Users\Welcome\.javacpp\cache\javacpp-1.5.9-windows-x86_64.jar\org\bytedeco\javacpp\windows-x86_64\api-ms-win-crt-multibyte-l1-1-0.dll
0x0000024329940000 - 0x0000024329944000 	C:\Users\Welcome\.javacpp\cache\javacpp-1.5.9-windows-x86_64.jar\org\bytedeco\javacpp\windows-x86_64\api-ms-win-crt-conio-l1-1-0.dll
0x0000024329950000 - 0x0000024329961000 	C:\Users\Welcome\.javacpp\cache\javacpp-1.5.9-windows-x86_64.jar\org\bytedeco\javacpp\windows-x86_64\api-ms-win-crt-private-l1-1-0.dll
0x0000024329970000 - 0x0000024329974000 	C:\Users\Welcome\.javacpp\cache\javacpp-1.5.9-windows-x86_64.jar\org\bytedeco\javacpp\windows-x86_64\api-ms-win-crt-process-l1-1-0.dll
0x000002432a8c0000 - 0x000002432a8c4000 	C:\Users\Welcome\.javacpp\cache\javacpp-1.5.9-windows-x86_64.jar\org\bytedeco\javacpp\windows-x86_64\api-ms-win-core-console-l1-2-0.dll
0x000002432a8d0000 - 0x000002432a8d4000 	C:\Users\Welcome\.javacpp\cache\javacpp-1.5.9-windows-x86_64.jar\org\bytedeco\javacpp\windows-x86_64\api-ms-win-core-string-l1-1-0.dll
0x000002432a8e0000 - 0x000002432a8e4000 	C:\Users\Welcome\.javacpp\cache\javacpp-1.5.9-windows-x86_64.jar\org\bytedeco\javacpp\windows-x86_64\api-ms-win-core-errorhandling-l1-1-0.dll
0x000002432a8f0000 - 0x000002432a8f4000 	C:\Users\Welcome\.javacpp\cache\javacpp-1.5.9-windows-x86_64.jar\org\bytedeco\javacpp\windows-x86_64\api-ms-win-core-timezone-l1-1-0.dll
0x000002432a900000 - 0x000002432a905000 	C:\Users\Welcome\.javacpp\cache\javacpp-1.5.9-windows-x86_64.jar\org\bytedeco\javacpp\windows-x86_64\api-ms-win-core-file-l1-1-0.dll
0x000002432a910000 - 0x000002432a914000 	C:\Users\Welcome\.javacpp\cache\javacpp-1.5.9-windows-x86_64.jar\org\bytedeco\javacpp\windows-x86_64\api-ms-win-core-namedpipe-l1-1-0.dll
0x000002432b410000 - 0x000002432b414000 	C:\Users\Welcome\.javacpp\cache\javacpp-1.5.9-windows-x86_64.jar\org\bytedeco\javacpp\windows-x86_64\api-ms-win-core-handle-l1-1-0.dll
0x00007ff9ef150000 - 0x00007ff9ef369000 	C:\Windows\SYSTEM32\dcomp.dll
0x000002432b430000 - 0x000002432b434000 	C:\Users\Welcome\.javacpp\cache\javacpp-1.5.9-windows-x86_64.jar\org\bytedeco\javacpp\windows-x86_64\api-ms-win-core-file-l2-1-0.dll
0x000002432b240000 - 0x000002432b244000 	C:\Users\Welcome\.javacpp\cache\javacpp-1.5.9-windows-x86_64.jar\org\bytedeco\javacpp\windows-x86_64\api-ms-win-core-heap-l1-1-0.dll
0x000002432b250000 - 0x000002432b254000 	C:\Users\Welcome\.javacpp\cache\javacpp-1.5.9-windows-x86_64.jar\org\bytedeco\javacpp\windows-x86_64\api-ms-win-core-libraryloader-l1-1-0.dll
0x000002432b260000 - 0x000002432b264000 	C:\Users\Welcome\.javacpp\cache\javacpp-1.5.9-windows-x86_64.jar\org\bytedeco\javacpp\windows-x86_64\api-ms-win-core-synch-l1-1-0.dll
0x000002432b270000 - 0x000002432b274000 	C:\Users\Welcome\.javacpp\cache\javacpp-1.5.9-windows-x86_64.jar\org\bytedeco\javacpp\windows-x86_64\api-ms-win-core-processthreads-l1-1-0.dll
0x00007ff9f0500000 - 0x00007ff9f0966000 	C:\Windows\SYSTEM32\d3dcompiler_47.dll
0x000002432b380000 - 0x000002432b384000 	C:\Users\Welcome\.javacpp\cache\javacpp-1.5.9-windows-x86_64.jar\org\bytedeco\javacpp\windows-x86_64\api-ms-win-core-processenvironment-l1-1-0.dll
0x000002432b280000 - 0x000002432b284000 	C:\Users\Welcome\.javacpp\cache\javacpp-1.5.9-windows-x86_64.jar\org\bytedeco\javacpp\windows-x86_64\api-ms-win-core-datetime-l1-1-0.dll
0x000002432b290000 - 0x000002432b294000 	C:\Users\Welcome\.javacpp\cache\javacpp-1.5.9-windows-x86_64.jar\org\bytedeco\javacpp\windows-x86_64\api-ms-win-core-localization-l1-2-0.dll
0x000002432b2a0000 - 0x000002432b2a4000 	C:\Users\Welcome\.javacpp\cache\javacpp-1.5.9-windows-x86_64.jar\org\bytedeco\javacpp\windows-x86_64\api-ms-win-core-sysinfo-l1-1-0.dll
0x000002432b2b0000 - 0x000002432b2b4000 	C:\Users\Welcome\.javacpp\cache\javacpp-1.5.9-windows-x86_64.jar\org\bytedeco\javacpp\windows-x86_64\api-ms-win-core-synch-l1-2-0.dll
0x000002432b2c0000 - 0x000002432b2c4000 	C:\Users\Welcome\.javacpp\cache\javacpp-1.5.9-windows-x86_64.jar\org\bytedeco\javacpp\windows-x86_64\api-ms-win-core-console-l1-1-0.dll
0x000002432b2d0000 - 0x000002432b2d4000 	C:\Users\Welcome\.javacpp\cache\javacpp-1.5.9-windows-x86_64.jar\org\bytedeco\javacpp\windows-x86_64\api-ms-win-core-debug-l1-1-0.dll
0x000002432b2e0000 - 0x000002432b2e4000 	C:\Users\Welcome\.javacpp\cache\javacpp-1.5.9-windows-x86_64.jar\org\bytedeco\javacpp\windows-x86_64\api-ms-win-core-rtlsupport-l1-1-0.dll
0x000002432b2f0000 - 0x000002432b2f4000 	C:\Users\Welcome\.javacpp\cache\javacpp-1.5.9-windows-x86_64.jar\org\bytedeco\javacpp\windows-x86_64\api-ms-win-core-processthreads-l1-1-1.dll
0x000002432b300000 - 0x000002432b304000 	C:\Users\Welcome\.javacpp\cache\javacpp-1.5.9-windows-x86_64.jar\org\bytedeco\javacpp\windows-x86_64\api-ms-win-core-file-l1-2-0.dll
0x000002432b310000 - 0x000002432b314000 	C:\Users\Welcome\.javacpp\cache\javacpp-1.5.9-windows-x86_64.jar\org\bytedeco\javacpp\windows-x86_64\api-ms-win-core-profile-l1-1-0.dll
0x000002432b320000 - 0x000002432b324000 	C:\Users\Welcome\.javacpp\cache\javacpp-1.5.9-windows-x86_64.jar\org\bytedeco\javacpp\windows-x86_64\api-ms-win-core-memory-l1-1-0.dll
0x000002432b330000 - 0x000002432b334000 	C:\Users\Welcome\.javacpp\cache\javacpp-1.5.9-windows-x86_64.jar\org\bytedeco\javacpp\windows-x86_64\api-ms-win-core-util-l1-1-0.dll
0x000002432b340000 - 0x000002432b344000 	C:\Users\Welcome\.javacpp\cache\javacpp-1.5.9-windows-x86_64.jar\org\bytedeco\javacpp\windows-x86_64\api-ms-win-core-interlocked-l1-1-0.dll
0x00007ff9bdea0000 - 0x00007ff9bdfb1000 	C:\Users\Welcome\.javacpp\cache\javacpp-1.5.9-windows-x86_64.jar\org\bytedeco\javacpp\windows-x86_64\ucrtbase.dll

JVMTI agents: none

dbghelp: loaded successfully - version: 4.0.5 - missing functions: none
symbol engine: initialized successfully - sym options: 0x614 - pdb path: .;C:\Program Files\BellSoft\LibericaJDK-21\bin;C:\Windows\SYSTEM32;C:\Windows\WinSxS\amd64_microsoft.windows.common-controls_6595b64144ccf1df_6.0.22000.120_none_9d947278b86cc467;C:\Program Files\BellSoft\LibericaJDK-21\bin\server;C:\Users\Welcome\.skiko\64f176e39f60453df1ebf3b490935ff01e2e8db2dfc6217e7f91aacb376d7385;C:\Windows\System32\DriverStore\FileRepository\iigd_dch.inf_amd64_51f685305808e3a5;C:\Users\Welcome\AppData\Local\Temp\onnxruntime-java9306218158538435293;C:\Users\Welcome\.javacpp\cache\javacpp-1.5.9-windows-x86_64.jar\org\bytedeco\javacpp\windows-x86_64;C:\Users\Welcome\.javacpp\cache\openblas-0.3.23-1.5.9-windows-x86_64.jar\org\bytedeco\openblas\windows-x86_64;C:\Users\Welcome\.javacpp\cache\opencv-4.7.0-1.5.9-windows-x86_64.jar\org\bytedeco\opencv\windows-x86_64;C:\Windows\WinSxS\amd64_microsoft.windows.gdiplus_6595b64144ccf1df_1.1.22000.2003_none_4c4fc4c1c574dc79

VM Arguments:
jvm_args: -Dcompose.application.configure.swing.globals=true -Dcompose.application.resources.dir=C:\Users\Welcome\IdeaProjects\orais- v1\composeApp\build\compose\tmp\prepareAppResources -Dfile.encoding=UTF-8 -Duser.country=IN -Duser.language=en -Duser.variant 
java_command: com.ram.orai.orais.MainKt
java_class_path (initial): C:\Users\Welcome\.gradle\.tmp\gradle-javaexec-classpath17204904708087903071.jar
Launcher Type: SUN_STANDARD

[Global flags]
     intx CICompilerCount                          = 3                                         {product} {ergonomic}
     uint ConcGCThreads                            = 1                                         {product} {ergonomic}
     uint G1ConcRefinementThreads                  = 4                                         {product} {ergonomic}
   size_t G1HeapRegionSize                         = 2097152                                   {product} {ergonomic}
    uintx GCDrainStackTargetSize                   = 64                                        {product} {ergonomic}
   size_t InitialHeapSize                          = 268435456                                 {product} {ergonomic}
   size_t MarkStackSize                            = 4194304                                   {product} {ergonomic}
   size_t MaxHeapSize                              = 4271898624                                {product} {ergonomic}
   size_t MaxNewSize                               = 2562719744                                {product} {ergonomic}
   size_t MinHeapDeltaBytes                        = 2097152                                   {product} {ergonomic}
   size_t MinHeapSize                              = 8388608                                   {product} {ergonomic}
    uintx NonNMethodCodeHeapSize                   = 5832780                                {pd product} {ergonomic}
    uintx NonProfiledCodeHeapSize                  = 122912730                              {pd product} {ergonomic}
    uintx ProfiledCodeHeapSize                     = 122912730                              {pd product} {ergonomic}
    uintx ReservedCodeCacheSize                    = 251658240                              {pd product} {ergonomic}
     bool SegmentedCodeCache                       = true                                      {product} {ergonomic}
   size_t SoftMaxHeapSize                          = 4271898624                             {manageable} {ergonomic}
     bool UseCompressedOops                        = true                           {product lp64_product} {ergonomic}
     bool UseG1GC                                  = true                                      {product} {ergonomic}
     bool UseLargePagesIndividualAllocation        = false                                  {pd product} {ergonomic}

Logging:
Log output configuration:
 #0: stdout all=warning uptime,level,tags foldmultilines=false
 #1: stderr all=off uptime,level,tags foldmultilines=false

Release file:
IMPLEMENTOR="BellSoft" 
JAVA_RUNTIME_VERSION="21.0.9+15-LTS" 
JAVA_VERSION="21.0.9" 
JAVA_VERSION_DATE="2025-10-21" 
LIBC="default" 
MODULES="java.base java.compiler java.datatransfer java.xml java.prefs java.desktop java.instrument java.logging java.management java.security.sasl java.naming java.rmi java.management.rmi java.net.http java.scripting java.security.jgss java.transaction.xa java.sql java.sql.rowset java.xml.crypto java.se java.smartcardio jdk.accessibility jdk.internal.jvmstat jdk.attach jdk.charsets jdk.internal.opt jdk.zipfs jdk.compiler jdk.crypto.ec jdk.crypto.cryptoki jdk.crypto.mscapi jdk.dynalink jdk.internal.ed jdk.editpad jdk.hotspot.agent jdk.httpserver jdk.incubator.vector jdk.internal.le jdk.internal.vm.ci jdk.internal.vm.compiler jdk.internal.vm.compiler.management jdk.jartool jdk.javadoc jdk.jcmd jdk.management jdk.management.agent jdk.jconsole jdk.jdeps jdk.jdwp.agent jdk.jdi jdk.jfr jdk.jlink jdk.jpackage jdk.jshell jdk.jsobject jdk.jstatd jdk.localedata jdk.management.jfr jdk.naming.dns jdk.naming.rmi jdk.net jdk.nio.mapmode jdk.random jdk.sctp jdk.security.auth jdk.security.jgss jdk.unsupported jdk.unsupported.desktop jdk.xml.dom" 
OS_ARCH="x86_64" 
OS_NAME="Windows" 
SOURCE=".:git:b00e41d2b14a+" 

Environment Variables:
JAVA_HOME=C:\Program Files\BellSoft\LibericaJDK-21\
PATH=C:\Program Files\PowerShell\7-preview;C:\Program Files\BellSoft\LibericaJDK-21\bin\;C:\Windows\system32;C:\Windows;C:\Windows\System32\Wbem;C:\Windows\System32\WindowsPowerShell\v1.0\;C:\Windows\System32\OpenSSH\;C:\Program Files\Git\cmd;C:\Program Files\BellSoft\LibericaJDK-21\\bin;C:\Program Files\GitHub CLI\;C:\Program Files\nodejs\;C:\Program Files\cursor\resources\app\bin;C:\Program Files\PowerShell\7-preview\preview;C:\Program Files (x86)\Windows Kits\10\Windows Performance Toolkit\;C:\ProgramData\chocolatey\bin;C:\Users\Welcome\AppData\Local\Programs\Python\Launcher\;C:\Users\Welcome\AppData\Local\Microsoft\WindowsApps;C:\Users\Welcome\AppData\Local\Programs\Windsurf\bin;C:\Users\Welcome\AppData\Local\Programs\Ollama;C:\Users\Welcome\flutter\bin;C:\Users\Welcome\AppData\Roaming\npm;C:\Users\Welcome\AppData\Local\Programs\Microsoft VS Code\bin;C:\Users\Welcome\AppData\Local\Programs\MiKTeX\miktex\bin\x64\;C:\Users\Welcome\AppData\Local\Pandoc\;C:\Users\Welcome\AppData\Local\Google\Cloud SDK\google-cloud-sdk\bin;C:\Users\Welcome\AppData\Local\GitHubDesktop\bin
USERNAME=Welcome
LANG=en_US.UTF-8
OS=Windows_NT
PROCESSOR_IDENTIFIER=Intel64 Family 6 Model 94 Stepping 3, GenuineIntel
TMP=C:\Users\Welcome\AppData\Local\Temp
TEMP=C:\Users\Welcome\AppData\Local\Temp




Periodic native trim disabled

---------------  S Y S T E M  ---------------

OS:
 Windows 11 , 64 bit Build 22000 (10.0.22000.2538)
OS uptime: 0 days 0:38 hours
Hyper-V role detected

CPU: total 4 (initial active 4) (4 cores per cpu, 1 threads per core) family 6 model 94 stepping 3 microcode 0xd6, cx8, cmov, fxsr, mmx, 3dnowpref, sse, sse2, sse3, ssse3, sse4.1, sse4.2, popcnt, lzcnt, tsc, tscinvbit, avx, avx2, aes, erms, clmul, bmi1, bmi2, rtm, adx, fma, vzeroupper, clflush, clflushopt, hv, rdtscp, f16c
Processor Information for the first 4 processors :
  Max Mhz: 3312, Current Mhz: 3312, Mhz Limit: 3312

Memory: 4k page, system-wide physical 16291M (9312M free)
TotalPageFile size 23971M (AvailPageFile size 14512M)
current process WorkingSet (physical memory assigned to process): 588M, peak: 724M
current process commit charge ("private bytes"): 1507M, peak: 1649M

vm_info: OpenJDK 64-Bit Server VM (21.0.9+15-LTS) for windows-amd64 JRE (21.0.9+15-LTS), built on 2025-11-18T05:03:52Z by "hudson" with MS VC++ 17.1 (VS2022)

END.
