#
# A fatal error has been detected by the Java Runtime Environment:
#
#  EXCEPTION_ACCESS_VIOLATION (0xc0000005) at pc=0x00007ff9750a735f, pid=5228, tid=12888
#
# JRE version: OpenJDK Runtime Environment (21.0.9+15) (build 21.0.9+15-LTS)
# Java VM: OpenJDK 64-Bit Server VM (21.0.9+15-LTS, mixed mode, sharing, tiered, compressed oops, compressed class ptrs, g1 gc, windows-amd64)
# Problematic frame:
# C  [onnxruntime.dll+0x62735f]
#
# No core dump will be written. Minidumps are not enabled by default on client versions of Windows
#
# If you would like to submit a bug report, please visit:
#   https://bell-sw.com/support
# The crash happened outside the Java Virtual Machine in native code.
# See problematic frame for where to report the bug.
#

---------------  S U M M A R Y ------------

Command Line: -Dcompose.application.configure.swing.globals=true -Dcompose.application.resources.dir=C:\Users\Welcome\IdeaProjects\orais- v1\composeApp\build\compose\tmp\prepareAppResources -Dfile.encoding=UTF-8 -Duser.country=IN -Duser.language=en -Duser.variant com.ram.orai.orais.MainKt

Host: Intel(R) Core(TM) i5-6600 CPU @ 3.30GHz, 4 cores, 15G,  Windows 11 , 64 bit Build 22000 (10.0.22000.2538)
Time: Sun Jan  4 11:11:52 2026 India Standard Time elapsed time: 67.008806 seconds (0d 0h 1m 7s)

---------------  T H R E A D  ---------------

Current thread (0x0000023179b77890):  JavaThread "DefaultDispatcher-worker-2" daemon [_thread_in_native, id=12888, stack(0x00000086c3700000,0x00000086c3800000) (1024K)]

Stack: [0x00000086c3700000,0x00000086c3800000],  sp=0x00000086c37fc950,  free space=1010k
Native frames: (J=compiled Java code, j=interpreted, Vv=VM code, C=native code)
C  [onnxruntime.dll+0x62735f]

Java frames: (J=compiled Java code, j=interpreted, Vv=VM code)
J 5677  ai.onnxruntime.OrtSession.run(JJJ[Ljava/lang/String;[JJ[Ljava/lang/String;J[Lai/onnxruntime/OnnxValue;[JJ)[Z (0 bytes) @ 0x000002316ac80d34 [0x000002316ac80c40+0x00000000000000f4]
j  ai.onnxruntime.OrtSession.run(Ljava/util/Map;Ljava/util/Set;Ljava/util/Map;Lai/onnxruntime/OrtSession$RunOptions;)Lai/onnxruntime/OrtSession$Result;+722
j  ai.onnxruntime.OrtSession.run(Ljava/util/Map;Ljava/util/Set;)Lai/onnxruntime/OrtSession$Result;+7
j  ai.onnxruntime.OrtSession.run(Ljava/util/Map;)Lai/onnxruntime/OrtSession$Result;+6
j  com.ram.orai.orais.FaceDetector.detectFaces(Lcom/ram/orai/orais/ImageData;Lkotlin/jvm/functions/Function1;Lkotlin/jvm/functions/Function1;)V+116
j  com.ram.orai.orais.ComposableSingletons$AppKt$lambda$-1564548354$1$3$1$1$1$1.emit(Lcom/ram/orai/orais/CameraFrame;Lkotlin/coroutines/Continuation;)Ljava/lang/Object;+209
j  com.ram.orai.orais.ComposableSingletons$AppKt$lambda$-1564548354$1$3$1$1$1$1.emit(Ljava/lang/Object;Lkotlin/coroutines/Continuation;)Ljava/lang/Object;+6
j  kotlinx.coroutines.flow.FlowKt__DelayKt$sample$2$1$2.invokeSuspend(Ljava/lang/Object;)Ljava/lang/Object;+91
j  kotlinx.coroutines.flow.FlowKt__DelayKt$sample$2$1$2.invoke(Lkotlin/Unit;Lkotlin/coroutines/Continuation;)Ljava/lang/Object;+12
j  kotlinx.coroutines.flow.FlowKt__DelayKt$sample$2$1$2.invoke(Ljava/lang/Object;Ljava/lang/Object;)Ljava/lang/Object;+9
j  kotlinx.coroutines.selects.SelectImplementation$ClauseData.invokeBlock(Ljava/lang/Object;Lkotlin/coroutines/Continuation;)Ljava/lang/Object;+54
j  kotlinx.coroutines.selects.SelectImplementation.complete(Lkotlin/coroutines/Continuation;)Ljava/lang/Object;+68
J 5743 c1 kotlinx.coroutines.selects.SelectImplementation.doSelect(Lkotlin/coroutines/Continuation;)Ljava/lang/Object; (6 bytes) @ 0x000002316396517c [0x0000023163964da0+0x00000000000003dc]
j  kotlinx.coroutines.flow.FlowKt__DelayKt$sample$2.invokeSuspend(Ljava/lang/Object;)Ljava/lang/Object;+227
J 2575 c1 kotlin.coroutines.jvm.internal.BaseContinuationImpl.resumeWith(Ljava/lang/Object;)V (124 bytes) @ 0x000002316329d8e4 [0x000002316329d4c0+0x0000000000000424]
J 2671 c1 kotlinx.coroutines.DispatchedTask.run()V (387 bytes) @ 0x00000231632cbb1c [0x00000231632ca520+0x00000000000015fc]
j  kotlinx.coroutines.scheduling.CoroutineScheduler.runSafely(Lkotlinx/coroutines/scheduling/Task;)V+2
J 3892 c1 kotlinx.coroutines.scheduling.CoroutineScheduler$Worker.executeTask(Lkotlinx/coroutines/scheduling/Task;)V (168 bytes) @ 0x0000023163533e54 [0x00000231635339e0+0x0000000000000474]
j  kotlinx.coroutines.scheduling.CoroutineScheduler$Worker.runWorker()V+44
j  kotlinx.coroutines.scheduling.CoroutineScheduler$Worker.run()V+1
v  ~StubRoutines::call_stub 0x000002316a2f100d

siginfo: EXCEPTION_ACCESS_VIOLATION (0xc0000005), reading address 0x0000000000001d40


Registers:
RAX=0x0000023147764d90, RBX=0x0000000000000138, RCX=0x0000023147764a00, RDX=0x0000000000000000
RSP=0x00000086c37fc950, RBP=0x00000086c37fd400, RSI=0x0000000000000000, RDI=0x00000086c37fd0e0
R8 =0x00000000000003a8, R9 =0x00000231443336f0, R10=0x0000000000000001, R11=0x00000086c37fcad0
R12=0x00000231797a9090, R13=0x0000000000000000, R14=0x00000086c37fd4a8, R15=0x0000023147764d90
RIP=0x00007ff9750a735f, EFLAGS=0x0000000000010206

XMM[0]=0x3f1d5b593f09b528 0x3d6be7e0bf446afc
XMM[1]=0x3da59d00bf543846 0xbe73de083c6160e6
XMM[2]=0xbea030553ff1239b 0xbf1c41a8beff9dc4
XMM[3]=0x3f303f90bed7a87c 0xbf431b343f53d7a0
XMM[4]=0x3ecf19473ff226ee 0xbefb5524be0971d8
XMM[5]=0xbe8c55c0bf8c4524 0xbfcaab2fbe5a5f91
XMM[6]=0xff80ff80ff80ff80 0xff80ff80ff80ff80
XMM[7]=0x0000000000000000 0x6e657265666e6920
XMM[8]=0x0000000000000000 0x000000003e83862e
XMM[9]=0x0000000000000000 0x000000004316dd9f
XMM[10]=0x0000000000000000 0x0000000035940000
XMM[11]=0x0000000000000000 0x000000003e716298
XMM[12]=0x0000000000000000 0x000000003d17fda8
XMM[13]=0x0000000000000000 0x0000000032bc6678
XMM[14]=0x0000000000000000 0x000000003e19999a
XMM[15]=0x0000000000000000 0x000000003f6e2abd
  MXCSR=0x00001fa0


Register to memory mapping:

RAX=0x0000023147764d90 points into unknown readable memory: 0x00007ff97538ccb0 | b0 cc 38 75 f9 7f 00 00
RBX=0x0000000000000138 is an unknown value
RCX=0x0000023147764a00 points into unknown readable memory: 0x00000231444761e0 | e0 61 47 44 31 02 00 00
RDX=0x0 is null
RSP=0x00000086c37fc950 is pointing into the stack for thread: 0x0000023179b77890
RBP=0x00000086c37fd400 is pointing into the stack for thread: 0x0000023179b77890
RSI=0x0 is null
RDI=0x00000086c37fd0e0 is pointing into the stack for thread: 0x0000023179b77890
R8 =0x00000000000003a8 is an unknown value
R9 =0x00000231443336f0 points into unknown readable memory: 0x00007ff9720c9640 | 40 96 0c 72 f9 7f 00 00
R10=0x0000000000000001 is an unknown value
R11=0x00000086c37fcad0 is pointing into the stack for thread: 0x0000023179b77890
R12=0x00000231797a9090 points into unknown readable memory: 0x0000023143ba8e10 | 10 8e ba 43 31 02 00 00
R13=0x0 is null
R14=0x00000086c37fd4a8 is pointing into the stack for thread: 0x0000023179b77890
R15=0x0000023147764d90 points into unknown readable memory: 0x00007ff97538ccb0 | b0 cc 38 75 f9 7f 00 00

Top of Stack: (sp=0x00000086c37fc950)
0x00000086c37fc950:   0000000000000000 0000000000000000
0x00000086c37fc960:   0000000000000004 0000000000000001
0x00000086c37fc970:   0000000000000001 0000000000000000
0x00000086c37fc980:   0000000000000000 0000000000000000
0x00000086c37fc990:   0000000000000000 0000000000000008
0x00000086c37fc9a0:   0000000000000001 0000000000000040
0x00000086c37fc9b0:   0000000000000050 0000000000000050
0x00000086c37fc9c0:   00000231b08c5080 00000231b0a55080
0x00000086c37fc9d0:   0000000000000004 00000086c37fc9e0
0x00000086c37fc9e0:   0000000000000001 0000000000000040
0x00000086c37fc9f0:   0000000000000050 0000000000000050
0x00000086c37fca00:   0000000000000000 0000000000000000
0x00000086c37fca10:   0000000000000008 0000000000000001
0x00000086c37fca20:   0000000000000001 0000000000000001
0x00000086c37fca30:   0000000000000001 0000000000000000
0x00000086c37fca40:   0000000000000000 0000000000000000
0x00000086c37fca50:   0000000000000000 0000000000000000
0x00000086c37fca60:   0000000000000000 00000086c37fca10
0x00000086c37fca70:   0000000000000002 00000086c37fca80
0x00000086c37fca80:   0000000000000050 0000000000000050
0x00000086c37fca90:   0000000000000000 0000000000000000
0x00000086c37fcaa0:   0000000000000000 0000000000000000
0x00000086c37fcab0:   0000ed4baa26bb59 ff80ff80ff80ff80
0x00000086c37fcac0:   ff80ff80ff80ff80 ff80ff80ff80ff80
0x00000086c37fcad0:   0000000000000138 00000086c37fd4a8
0x00000086c37fcae0:   00000086c37fd0e0 0000000000000000
0x00000086c37fcaf0:   00000086c37fd400 00007ff97507f49d
0x00000086c37fcb00:   00000086c37fcdf0 000002314427fb40
0x00000086c37fcb10:   000002314427fb40 00000086c37fd0e0
0x00000086c37fcb20:   00000231797a9090 00000086c37fe548
0x00000086c37fcb30:   0000000000000000 00007ff9f6868d1a
0x00000086c37fcb40:   000002314427fb40 0000000000000138 

Instructions: (pc=0x00007ff9750a735f)
0x00007ff9750a725f:   cc 48 83 ec 28 48 81 c1 38 01 00 00 e8 b0 fa 9d
0x00007ff9750a726f:   ff 8b 08 85 c9 74 08 f3 90 8b 08 85 c9 75 f8 48
0x00007ff9750a727f:   83 c4 28 c3 cc cc cc cc cc cc cc cc cc cc cc cc
0x00007ff9750a728f:   cc 48 81 c1 40 01 00 00 48 83 39 00 75 0a 48 83
0x00007ff9750a729f:   3a 00 0f 85 89 f5 a2 ff c3 cc cc cc cc cc cc cc
0x00007ff9750a72af:   cc 48 89 5c 24 08 57 48 83 ec 20 48 8b d9 48 81
0x00007ff9750a72bf:   c1 90 01 00 00 e8 f7 3c 9f ff 48 8d 8b 50 01 00
0x00007ff9750a72cf:   00 48 83 39 00 74 05 e8 e5 59 a5 ff 48 8b bb 40
0x00007ff9750a72df:   01 00 00 48 85 ff 74 16 48 8d 4f 08 e8 50 f5 9d
0x00007ff9750a72ef:   ff ba 28 00 00 00 48 8b cf e8 23 90 fa ff 48 8b
0x00007ff9750a72ff:   8b 30 01 00 00 48 85 c9 74 05 e8 12 90 fa ff 48
0x00007ff9750a730f:   8d 4b 08 48 8b 5c 24 30 48 83 c4 20 5f e9 5f e3
0x00007ff9750a731f:   fc ff cc cc cc cc cc cc cc cc cc cc cc cc cc cc
0x00007ff9750a732f:   cc 48 89 5c 24 18 55 56 57 41 56 41 57 48 81 ec
0x00007ff9750a733f:   80 01 00 00 48 8b da 4c 8b f1 48 8b 09 e8 af df
0x00007ff9750a734f:   fa ff 4c 8b f8 4c 8d 04 5b 48 8b 90 c0 00 00 00
0x00007ff9750a735f:   4a 8b 1c c2 4a 8b 6c c2 08 48 3b dd 74 77 0f 1f
0x00007ff9750a736f:   00 48 8b 13 49 8b 86 30 01 00 00 48 8d 0c 90 e8
0x00007ff9750a737f:   9d f9 9d ff b9 ff ff ff ff f0 0f c1 08 83 f9 01
0x00007ff9750a738f:   75 4a 49 8d 4e 08 48 03 d2 4d 8b 87 a8 00 00 00
0x00007ff9750a739f:   45 8b 04 d0 48 8d 94 24 b8 01 00 00 e8 b0 c4 fc
0x00007ff9750a73af:   ff 48 8b 30 48 8b bc 24 b8 01 00 00 48 85 ff 74
0x00007ff9750a73bf:   16 48 8d 4f 08 e8 77 f4 9d ff ba 28 00 00 00 48
0x00007ff9750a73cf:   8b cf e8 4a 8f fa ff 48 85 f6 75 20 48 83 c3 08
0x00007ff9750a73df:   48 3b dd 75 8c 48 8b 9c 24 c0 01 00 00 48 81 c4
0x00007ff9750a73ef:   80 01 00 00 41 5f 41 5e 5f 5e 5d c3 48 8d 4c 24
0x00007ff9750a73ff:   48 e8 9b 58 9f ff 48 8b d8 48 8d 4c 24 30 e8 5e
0x00007ff9750a740f:   3d 0f 00 90 48 89 44 24 20 4c 8d 0d d1 61 33 00
0x00007ff9750a741f:   41 b8 aa 00 00 00 48 8d 15 74 62 33 00 48 8d 8c
0x00007ff9750a742f:   24 20 01 00 00 e8 e7 91 9e ff 90 4c 8b cb 4c 8d
0x00007ff9750a743f:   05 ec 61 33 00 48 8b d0 48 8d 4c 24 70 e8 3f 95
0x00007ff9750a744f:   9e ff 48 8d 15 90 f6 41 00 48 8d 4c 24 70 e8 78 


Stack slot to memory mapping:

stack at sp + 0 slots: 0x0 is null
stack at sp + 1 slots: 0x0 is null
stack at sp + 2 slots: 0x0000000000000004 is an unknown value
stack at sp + 3 slots: 0x0000000000000001 is an unknown value
stack at sp + 4 slots: 0x0000000000000001 is an unknown value
stack at sp + 5 slots: 0x0 is null
stack at sp + 6 slots: 0x0 is null
stack at sp + 7 slots: 0x0 is null


Compiled method (n/a) 69235 5677     n 0       ai.onnxruntime.OrtSession::run (native)
 total in heap  [0x000002316ac80a90,0x000002316ac81050] = 1472
 relocation     [0x000002316ac80bf0,0x000002316ac80c28] = 56
 main code      [0x000002316ac80c40,0x000002316ac81044] = 1028
 stub code      [0x000002316ac81044,0x000002316ac81048] = 4
 oops           [0x000002316ac81048,0x000002316ac81050] = 8

[Constant Pool (empty)]

[MachCode]
[Entry Point]
  # {method} {0x000002317b0e1548} 'run' '(JJJ[Ljava/lang/String;[JJ[Ljava/lang/String;J[Lai/onnxruntime/OnnxValue;[JJ)[Z' in 'ai/onnxruntime/OrtSession'
  # this:     rdx:rdx   = 'ai/onnxruntime/OrtSession'
  # parm0:    r8:r8     = long
  # parm1:    r9:r9     = long
  # parm2:    rdi:rdi   = long
  # parm3:    rsi:rsi   = '[Ljava/lang/String;'
  # parm4:    rcx:rcx   = '[J'
  # parm5:    [sp+0xb0]   = long  (sp of caller)
  # parm6:    [sp+0xb8]   = '[Ljava/lang/String;'
  # parm7:    [sp+0xc0]   = long
  # parm8:    [sp+0xc8]   = '[Lai/onnxruntime/OnnxValue;'
  # parm9:    [sp+0xd0]   = '[J'
  # parm10:   [sp+0xd8]   = long
  0x000002316ac80c40: 448b 5208 | 49bb 0000 | 0000 3102 | 0000 4d03 | d349 3bc2 | 0f84 0600 

  0x000002316ac80c58: ;   {runtime_call ic_miss_stub}
  0x000002316ac80c58: 0000 e921 | db6b ff90 
[Verified Entry Point]
  0x000002316ac80c60: 8984 2400 | 80ff ff55 | 488b ec48 | 81ec a000 | 0000 6690 | 4181 7f20 | 4000 0000 

  0x000002316ac80c7c: ;   {runtime_call StubRoutines (final stubs)}
  0x000002316ac80c7c: 7405 e85d | 586a ff48 | 8b45 3848 | 8944 2460 | 4883 7d30 | 0048 8d45 | 3048 0f44 | 4530 4889 
  0x000002316ac80c9c: 4424 5848 | 837d 2800 | 488d 4528 | 480f 4445 | 2848 8944 | 2450 488b | 4520 4889 | 4424 4848 
  0x000002316ac80cbc: 837d 1800 | 488d 4518 | 480f 4445 | 1848 8944 | 2440 488b | 4510 4889 | 4424 3848 | 898c 2490 
  0x000002316ac80cdc: 0000 0048 | 83f9 0048 | 8d84 2490 | 0000 0048 | 0f44 8424 | 9000 0000 | 4889 4424 | 3048 89b4 
  0x000002316ac80cfc: 2488 0000 | 0048 83fe | 0048 8d84 | 2488 0000 | 0048 0f44 | 8424 8800 | 0000 4889 | 4424 2848 
  0x000002316ac80d1c: 897c 2420 | 4889 5424 | 6848 83fa | 0048 8d54 | 2468 480f | 4454 2468 

  0x000002316ac80d34: ;   {internal_word}
  0x000002316ac80d34: c5f8 7749 | ba34 0dc8 | 6a31 0200 | 004d 8997 | a003 0000 | 4989 a798 

  0x000002316ac80d4c: ;   {external_word}
  0x000002316ac80d4c: 0300 0049 | ba7f 8e0c | 72f9 7f00 | 0041 803a | 000f 844e | 0000 0052 | 4150 4151 

  0x000002316ac80d68: ;   {metadata({method} {0x000002317b0e1548} 'run' '(JJJ[Ljava/lang/String;[JJ[Ljava/lang/String;J[Lai/onnxruntime/OnnxValue;[JJ)[Z' in 'ai/onnxruntime/OrtSession')}
  0x000002316ac80d68: 48ba 4015 | 0e7b 3102 | 0000 498b | cf48 83ec | 2040 f6c4 | 0f0f 8419 | 0000 0048 

  0x000002316ac80d84: ;   {runtime_call}
  0x000002316ac80d84: 83ec 0848 | b8b0 08b5 | 71f9 7f00 | 00ff d048 | 83c4 08e9 | 0c00 0000 

  0x000002316ac80d9c: ;   {runtime_call}
  0x000002316ac80d9c: 48b8 b008 | b571 f97f | 0000 ffd0 | 4883 c420 | 4159 4158 | 5a49 8d8f | b803 0000 | 41c7 8744 
  0x000002316ac80dbc: 0400 0004 

  0x000002316ac80dc0: ;   {runtime_call}
  0x000002316ac80dc0: 0000 0048 | b8e0 6eb3 | eff9 7f00 | 00ff d0c5 | f877 41c7 | 8744 0400 | 0005 0000 | 00f0 8344 
  0x000002316ac80de0: 24c0 0049 | 3baf 4804 | 0000 0f87 | 0e00 0000 | 4183 bf40 | 0400 0000 | 0f84 2b00 | 0000 c5f8 
  0x000002316ac80e00: 7748 8945 | f849 8bcf | 4c8b e448 | 83ec 2048 

  0x000002316ac80e10: ;   {runtime_call}
  0x000002316ac80e10: 83e4 f048 | b8d0 6680 | 71f9 7f00 | 00ff d049 | 8be4 4d33 | e448 8b45 | f841 c787 | 4404 0000 
  0x000002316ac80e30: 0800 0000 | 4183 bfc0 | 0400 0002 | 0f84 d501 

  0x000002316ac80e40: ;   {external_word}
  0x000002316ac80e40: 0000 49ba | 7f8e 0c72 | f97f 0000 | 4180 3a00 | 0f84 4c00 | 0000 4889 

  0x000002316ac80e58: ;   {metadata({method} {0x000002317b0e1548} 'run' '(JJJ[Ljava/lang/String;[JJ[Ljava/lang/String;J[Lai/onnxruntime/OnnxValue;[JJ)[Z' in 'ai/onnxruntime/OrtSession')}
  0x000002316ac80e58: 45f8 48ba | 4015 0e7b | 3102 0000 | 498b cf48 | 83ec 2040 | f6c4 0f0f | 8419 0000 | 0048 83ec 
  0x000002316ac80e78: ;   {runtime_call}
  0x000002316ac80e78: 0848 b8b0 | 08b5 71f9 | 7f00 00ff | d048 83c4 | 08e9 0c00 

  0x000002316ac80e8c: ;   {runtime_call}
  0x000002316ac80e8c: 0000 48b8 | b008 b571 | f97f 0000 | ffd0 4883 | c420 488b | 45f8 49c7 | 8798 0300 | 0000 0000 
  0x000002316ac80eac: 0049 c787 | a003 0000 | 0000 0000 | c5f8 7748 | 85c0 0f84 | 3001 0000 | a803 0f85 | 0800 0000 
  0x000002316ac80ecc: 488b 00e9 | 2001 0000 | a801 0f85 | 0900 0000 | 488b 40fe | e90f 0100 | 0048 8b40 | ff41 807f 
  0x000002316ac80eec: 4000 0f84 | 0001 0000 | 4883 f800 | 0f84 f600 | 0000 498b | 4f28 4883 | f900 0f84 | 1400 0000 
  0x000002316ac80f0c: 4883 e908 | 4989 4f28 | 4903 4f38 | 4889 01e9 | d400 0000 | 4883 ec70 | 4889 0424 | 4889 4c24 
  0x000002316ac80f2c: 0848 8954 | 2410 4c89 | 4424 184c | 894c 2420 | 4c89 5424 | 284c 895c | 2430 c5fb | 1144 2440 
  0x000002316ac80f4c: c5fb 114c | 2448 c5fb | 1154 2450 | c5fb 115c | 2458 c5fb | 1164 2460 | c5fb 116c | 2468 498b 
  0x000002316ac80f6c: d748 8bc8 | 4883 ec20 | 40f6 c40f | 0f84 1900 | 0000 4883 

  0x000002316ac80f80: ;   {runtime_call}
  0x000002316ac80f80: ec08 48b8 | 2097 7371 | f97f 0000 | ffd0 4883 | c408 e90c 

  0x000002316ac80f94: ;   {runtime_call}
  0x000002316ac80f94: 0000 0048 | b820 9773 | 71f9 7f00 | 00ff d048 | 83c4 20c5 | fb10 6c24 | 68c5 fb10 | 6424 60c5 
  0x000002316ac80fb4: fb10 5c24 | 58c5 fb10 | 5424 50c5 | fb10 4c24 | 48c5 fb10 | 4424 404c | 8b5c 2430 | 4c8b 5424 
  0x000002316ac80fd4: 284c 8b4c | 2420 4c8b | 4424 1848 | 8b54 2410 | 488b 4c24 | 0848 8b04 | 2448 83c4 | 70c5 f877 
  0x000002316ac80ff4: 498b 8f28 | 0400 00c7 | 8100 0100 | 0000 0000 | 00c9 4983 | 7f08 000f | 8501 0000 

  0x000002316ac81010: ;   {runtime_call StubRoutines (initial stubs)}
  0x000002316ac81010: 00c3 e9e9 | fe66 ffc5 | f877 4889 | 45f8 4c8b | e448 83ec | 2048 83e4 

  0x000002316ac81028: ;   {runtime_call}
  0x000002316ac81028: f048 b8a0 | 40b5 71f9 | 7f00 00ff | d049 8be4 | 4d33 e448 | 8b45 f8e9 | fefd ffff 
[Stub Code]
  0x000002316ac81044: f4f4 f4f4 
[/MachCode]


Compiled method (c1) 69321 5743       3       kotlinx.coroutines.selects.SelectImplementation::doSelect (6 bytes)
 total in heap  [0x0000023163964b90,0x0000023163965500] = 2416
 relocation     [0x0000023163964cf0,0x0000023163964d98] = 168
 main code      [0x0000023163964da0,0x0000023163965310] = 1392
 stub code      [0x0000023163965310,0x0000023163965370] = 96
 oops           [0x0000023163965370,0x0000023163965380] = 16
 metadata       [0x0000023163965380,0x00000231639653b8] = 56
 scopes data    [0x00000231639653b8,0x0000023163965448] = 144
 scopes pcs     [0x0000023163965448,0x00000231639654f8] = 176
 dependencies   [0x00000231639654f8,0x0000023163965500] = 8

[Constant Pool (empty)]

[MachCode]
[Entry Point]
  # {method} {0x000002317b409b30} 'doSelect' '(Lkotlin/coroutines/Continuation;)Ljava/lang/Object;' in 'kotlinx/coroutines/selects/SelectImplementation'
  # this:     rdx:rdx   = 'kotlinx/coroutines/selects/SelectImplementation'
  # parm0:    r8:r8     = 'kotlin/coroutines/Continuation'
  #           [sp+0xb0]  (sp of caller)
  0x0000023163964da0: 448b 5208 | 49bb 0000 | 0000 3102 | 0000 4d03 | d34c 3bd0 

  0x0000023163964db4: ;   {runtime_call ic_miss_stub}
  0x0000023163964db4: 0f85 c699 | 9d06 660f | 1f44 0000 
[Verified Entry Point]
  0x0000023163964dc0: 8984 2400 | 80ff ff55 | 4881 eca0 | 0000 0090 | 4181 7f20 | 4000 0000 

  0x0000023163964dd8: ;   {runtime_call StubRoutines (final stubs)}
  0x0000023163964dd8: 7405 e801 

  0x0000023163964ddc: ;   {metadata(method data for {method} {0x000002317b409b30} 'doSelect' '(Lkotlin/coroutines/Continuation;)Ljava/lang/Object;' in 'kotlinx/coroutines/selects/SelectImplementation')}
  0x0000023163964ddc: 179c 0648 | bef8 2623 | 7c31 0200 | 008b becc | 0000 0083 | c702 89be | cc00 0000 | 81e7 fe07 
  0x0000023163964dfc: 0000 85ff | 0f84 d403 

  0x0000023163964e04: ;   {metadata(method data for {method} {0x000002317b409b30} 'doSelect' '(Lkotlin/coroutines/Continuation;)Ljava/lang/Object;' in 'kotlinx/coroutines/selects/SelectImplementation')}
  0x0000023163964e04: 0000 48be | f826 237c | 3102 0000 | 4883 8610 | 0100 0001 

  0x0000023163964e18: ;   {metadata(method data for {method} {0x000002317b409bf8} 'doSelect$suspendImpl' '(Lkotlinx/coroutines/selects/SelectImplementation;Lkotlin/coroutines/Continuation;)Ljava/lang/Object;' in 'kotlinx/coroutines/selects/SelectImplementation')}
  0x0000023163964e18: 48be 6028 | 237c 3102 | 0000 8bbe | cc00 0000 | 83c7 0289 | becc 0000 | 0081 e7fe | ff1f 0085 
  0x0000023163964e38: ff0f 84bc | 0300 0048 

  0x0000023163964e40: ;   {metadata(method data for {method} {0x000002317b409bf8} 'doSelect$suspendImpl' '(Lkotlinx/coroutines/selects/SelectImplementation;Lkotlin/coroutines/Continuation;)Ljava/lang/Object;' in 'kotlinx/coroutines/selects/SelectImplementation')}
  0x0000023163964e40: 8bf2 48bf | 6028 237c | 3102 0000 | 4883 8710 | 0100 0001 

  0x0000023163964e54: ;   {metadata(method data for {method} {0x000002317b4099b0} 'isSelected' '()Z' in 'kotlinx/coroutines/selects/SelectImplementation')}
  0x0000023163964e54: 48be f829 | 237c 3102 | 0000 8bbe | cc00 0000 | 83c7 0289 | becc 0000 | 0081 e7fe | ff1f 0085 
  0x0000023163964e74: ff0f 84a1 

  0x0000023163964e78: ;   {metadata(method data for {method} {0x000002317b4099b0} 'isSelected' '()Z' in 'kotlinx/coroutines/selects/SelectImplementation')}
  0x0000023163964e78: 0300 0048 | bef8 2923 | 7c31 0200 | 0048 8386 | 1001 0000 

  0x0000023163964e8c: ;   {metadata(method data for {method} {0x000002317b40d730} 'getState$volatile$FU' '()Ljava/util/concurrent/atomic/AtomicReferenceFieldUpdater;' in 'kotlinx/coroutines/selects/SelectImplementation')}
  0x0000023163964e8c: 0148 be28 | eed4 7b31 | 0200 008b | becc 0000 | 0083 c702 | 89be cc00 | 0000 81e7 | feff 1f00 
  0x0000023163964eac: 85ff 0f84 | 8903 0000 

  0x0000023163964eb4: ;   {oop(a 'java/util/concurrent/atomic/AtomicReferenceFieldUpdater$AtomicReferenceFieldUpdaterImpl'{0x00000007ffdf19a0})}
  0x0000023163964eb4: 48be a019 | dfff 0700 | 0000 488b 

  0x0000023163964ec0: ;   {metadata(method data for {method} {0x000002317b4099b0} 'isSelected' '()Z' in 'kotlinx/coroutines/selects/SelectImplementation')}
  0x0000023163964ec0: fe48 bbf8 | 2923 7c31 | 0200 0048 | 8383 2001 

  0x0000023163964ed0: ;   {metadata(method data for {method} {0x000002317a3ac0a8} 'get' '(Ljava/lang/Object;)Ljava/lang/Object;' in 'java/util/concurrent/atomic/AtomicReferenceFieldUpdater$AtomicReferenceFieldUpdaterImpl')}
  0x0000023163964ed0: 0000 0148 | bf00 91b2 | 7a31 0200 | 008b 9fcc | 0000 0083 | c302 899f | cc00 0000 | 81e3 feff 
  0x0000023163964ef0: 1f00 85db | 0f84 6403 

  0x0000023163964ef8: ;   {metadata(method data for {method} {0x000002317a3ac0a8} 'get' '(Ljava/lang/Object;)Ljava/lang/Object;' in 'java/util/concurrent/atomic/AtomicReferenceFieldUpdater$AtomicReferenceFieldUpdaterImpl')}
  0x0000023163964ef8: 0000 48bf | 0091 b27a | 3102 0000 | 4883 8710 | 0100 0001 

  0x0000023163964f0c: ;   {metadata(method data for {method} {0x000002317a3ab9b8} 'accessCheck' '(Ljava/lang/Object;)V' in 'java/util/concurrent/atomic/AtomicReferenceFieldUpdater$AtomicReferenceFieldUpdaterImpl')}
  0x0000023163964f0c: 48be 90bb | b57a 3102 | 0000 8bbe | cc00 0000 | 83c7 0289 | becc 0000 | 0081 e7fe | ff1f 0085 
  0x0000023163964f2c: ff0f 844c 

  0x0000023163964f30: ;   {oop(a 'java/lang/Class'{0x00000007ffd6f778} = 'kotlinx/coroutines/selects/SelectImplementation')}
  0x0000023163964f30: 0300 0048 | be78 f7d6 | ff07 0000 

  0x0000023163964f3c: ;   {metadata(method data for {method} {0x000002317a3ab9b8} 'accessCheck' '(Ljava/lang/Object;)V' in 'java/util/concurrent/atomic/AtomicReferenceFieldUpdater$AtomicReferenceFieldUpdaterImpl')}
  0x0000023163964f3c: 0048 bf90 | bbb5 7a31 | 0200 0048 | 8387 1001 | 0000 0148 | 85d2 0f84 | 2900 0000 

  0x0000023163964f58: ;   {metadata('kotlinx/coroutines/selects/SelectImplementation')}
  0x0000023163964f58: 48b8 b8e9 | 2601 3102 | 0000 8b5a | 0849 ba00 | 0000 0031 | 0200 0049 | 03da 483b | 4338 0f85 
  0x0000023163964f78: 0500 0000 | e905 0000 | 0048 33f6 | eb07 48c7 | c601 0000 

  0x0000023163964f8c: ;   {metadata(method data for {method} {0x000002317a3ab9b8} 'accessCheck' '(Ljava/lang/Object;)V' in 'java/util/concurrent/atomic/AtomicReferenceFieldUpdater$AtomicReferenceFieldUpdaterImpl')}
  0x0000023163964f8c: 0085 f648 | be90 bbb5 | 7a31 0200 | 0048 c7c7 | 5801 0000 | 7407 48c7 | c748 0100 | 0048 8b1c 
  0x0000023163964fac: 3e48 8d5b | 0148 891c | 3e4c 8984 | 2490 0000 | 000f 840d | 0000 0048 | 8994 2488 | 0000 00e9 
  0x0000023163964fcc: 3c00 0000 

  0x0000023163964fd0: ;   {oop(a 'java/util/concurrent/atomic/AtomicReferenceFieldUpdater$AtomicReferenceFieldUpdaterImpl'{0x00000007ffdf19a0})}
  0x0000023163964fd0: 48be a019 | dfff 0700 | 0000 488b 

  0x0000023163964fdc: ;   {metadata(method data for {method} {0x000002317a3ab9b8} 'accessCheck' '(Ljava/lang/Object;)V' in 'java/util/concurrent/atomic/AtomicReferenceFieldUpdater$AtomicReferenceFieldUpdaterImpl')}
  0x0000023163964fdc: fe48 bb90 | bbb5 7a31 | 0200 0048 | 8383 6801 | 0000 014c | 8bc2 4889 | 9424 8800 | 0000 488b 
  0x0000023163964ffc: ;   {optimized virtual_call}
  0x0000023163964ffc: d666 90e8 

  0x0000023163965000: ; ImmutableOopMap {[136]=Oop [144]=Oop }
                      ;*invokevirtual throwAccessCheckException {reexecute=0 rethrow=0 return_oop=0}
                      ; - java.util.concurrent.atomic.AtomicReferenceFieldUpdater$AtomicReferenceFieldUpdaterImpl::accessCheck@13 (line 409)
                      ; - java.util.concurrent.atomic.AtomicReferenceFieldUpdater$AtomicReferenceFieldUpdaterImpl::get@2 (line 466)
                      ; - kotlinx.coroutines.selects.SelectImplementation::isSelected@4 (line 376)
                      ; - kotlinx.coroutines.selects.SelectImplementation::doSelect$suspendImpl@1 (line 444)
                      ; - kotlinx.coroutines.selects.SelectImplementation::doSelect@2
  0x0000023163965000: 7c9a 9d06 

  0x0000023163965004: ;   {other}
  0x0000023163965004: 0f1f 8400 | 7404 0000 | 488b 9424 | 8800 0000 | 49c7 c014 | 0000 0046 | 8b04 0249 | c1e0 0341 
  0x0000023163965024: 0fbe 7740 | 85f6 0f85 | 7002 0000 | 4d85 c075 

  0x0000023163965034: ;   {metadata(method data for {method} {0x000002317b4099b0} 'isSelected' '()Z' in 'kotlinx/coroutines/selects/SelectImplementation')}
  0x0000023163965034: 1648 bff8 | 2923 7c31 | 0200 0080 | 8f51 0100 | 0001 e9ce 

  0x0000023163965048: ;   {metadata('kotlinx/coroutines/selects/SelectImplementation$ClauseData')}
  0x0000023163965048: 0000 0048 | bbc8 1a27 | 0131 0200 | 0041 8b70 | 0849 ba00 | 0000 0031 | 0200 0049 | 03f2 483b 
  0x0000023163965068: de0f 858e 

  0x000002316396506c: ;   {metadata(method data for {method} {0x000002317b4099b0} 'isSelected' '()Z' in 'kotlinx/coroutines/selects/SelectImplementation')}
  0x000002316396506c: 0000 0048 | bff8 2923 | 7c31 0200 | 0041 8b58 | 0849 ba00 | 0000 0031 | 0200 0049 | 03da 483b 
  0x000002316396508c: 9f68 0100 | 0075 0d48 | 8387 7001 | 0000 01e9 | 7e00 0000 | 483b 9f78 | 0100 0075 | 0d48 8387 
  0x00000231639650ac: 8001 0000 | 01e9 6800 | 0000 4883 | bf68 0100 | 0000 7517 | 4889 9f68 | 0100 0048 | c787 7001 
  0x00000231639650cc: 0000 0100 | 0000 e947 | 0000 0048 | 83bf 7801 | 0000 0075 | 1748 899f | 7801 0000 | 48c7 8780 
  0x00000231639650ec: 0100 0001 | 0000 00e9 | 2600 0000 | e921 0000 

  0x00000231639650fc: ;   {metadata(method data for {method} {0x000002317b4099b0} 'isSelected' '()Z' in 'kotlinx/coroutines/selects/SelectImplementation')}
  0x00000231639650fc: 0048 bff8 | 2923 7c31 | 0200 0048 | 83af 5801 | 0000 01e9 | 0500 0000 | e905 0000 | 004d 33c0 
  0x000002316396511c: eb07 49c7 | c001 0000 | 0041 83e0 | 0145 85c0 

  0x000002316396512c: ;   {metadata(method data for {method} {0x000002317b409bf8} 'doSelect$suspendImpl' '(Lkotlinx/coroutines/selects/SelectImplementation;Lkotlin/coroutines/Continuation;)Ljava/lang/Object;' in 'kotlinx/coroutines/selects/SelectImplementation')}
  0x000002316396512c: 49b8 6028 | 237c 3102 | 0000 48c7 | c620 0100 | 0074 0748 | c7c6 3001 | 0000 498b | 3c30 488d 
  0x000002316396514c: 7f01 4989 | 3c30 0f84 | 4200 0000 

  0x0000023163965158: ;   {metadata(method data for {method} {0x000002317b409bf8} 'doSelect$suspendImpl' '(Lkotlinx/coroutines/selects/SelectImplementation;Lkotlin/coroutines/Continuation;)Ljava/lang/Object;' in 'kotlinx/coroutines/selects/SelectImplementation')}
  0x0000023163965158: 4c8b c248 | be60 2823 | 7c31 0200 | 0048 8386 | 4001 0000 | 014c 8b84 | 2490 0000 

  0x0000023163965174: ;   {optimized virtual_call}
  0x0000023163965174: 0066 90e8 

  0x0000023163965178: ; ImmutableOopMap {}
                      ;*invokespecial complete {reexecute=0 rethrow=0 return_oop=0}
                      ; - kotlinx.coroutines.selects.SelectImplementation::doSelect$suspendImpl@9 (line 444)
                      ; - kotlinx.coroutines.selects.SelectImplementation::doSelect@2
  0x0000023163965178: a301 0000 

  0x000002316396517c: ;   {other}
  0x000002316396517c: 0f1f 8400 | ec05 0001 | 4881 c4a0 | 0000 005d 

  0x000002316396518c: ;   {poll_return}
  0x000002316396518c: 493b a748 | 0400 000f | 871f 0100 | 00c3 4c8b | 8424 9000 | 0000 488b 

  0x00000231639651a4: ;   {metadata(method data for {method} {0x000002317b409bf8} 'doSelect$suspendImpl' '(Lkotlinx/coroutines/selects/SelectImplementation;Lkotlin/coroutines/Continuation;)Ljava/lang/Object;' in 'kotlinx/coroutines/selects/SelectImplementation')}
  0x00000231639651a4: f248 bf60 | 2823 7c31 | 0200 0048 | 8387 5001 

  0x00000231639651b4: ;   {optimized virtual_call}
  0x00000231639651b4: 0000 01e8 

  0x00000231639651b8: ; ImmutableOopMap {}
                      ;*invokespecial doSelectSuspend {reexecute=0 rethrow=0 return_oop=0}
                      ; - kotlinx.coroutines.selects.SelectImplementation::doSelect$suspendImpl@15 (line 445)
                      ; - kotlinx.coroutines.selects.SelectImplementation::doSelect@2
  0x00000231639651b8: c498 9d06 

  0x00000231639651bc: ;   {other}
  0x00000231639651bc: 0f1f 8400 | 2c06 0002 | 4881 c4a0 | 0000 005d 

  0x00000231639651cc: ;   {poll_return}
  0x00000231639651cc: 493b a748 | 0400 000f | 87f5 0000 

  0x00000231639651d8: ;   {metadata({method} {0x000002317b409b30} 'doSelect' '(Lkotlin/coroutines/Continuation;)Ljava/lang/Object;' in 'kotlinx/coroutines/selects/SelectImplementation')}
  0x00000231639651d8: 00c3 49ba | 289b 407b | 3102 0000 | 4c89 5424 | 0848 c704 | 24ff ffff 

  0x00000231639651f0: ;   {runtime_call counter_overflow Runtime1 stub}
  0x00000231639651f0: ffe8 0acd 

  0x00000231639651f4: ; ImmutableOopMap {rdx=Oop r8=Oop }
                      ;*synchronization entry
                      ; - kotlinx.coroutines.selects.SelectImplementation::doSelect@-1
  0x00000231639651f4: a906 e90b 

  0x00000231639651f8: ;   {metadata({method} {0x000002317b409bf8} 'doSelect$suspendImpl' '(Lkotlinx/coroutines/selects/SelectImplementation;Lkotlin/coroutines/Continuation;)Ljava/lang/Object;' in 'kotlinx/coroutines/selects/SelectImplementation')}
  0x00000231639651f8: fcff ff49 | baf0 9b40 | 7b31 0200 | 004c 8954 | 2408 48c7 | 0424 ffff 

  0x0000023163965210: ;   {runtime_call counter_overflow Runtime1 stub}
  0x0000023163965210: ffff e8e9 

  0x0000023163965214: ; ImmutableOopMap {rdx=Oop r8=Oop }
                      ;*synchronization entry
                      ; - kotlinx.coroutines.selects.SelectImplementation::doSelect$suspendImpl@-1 (line 444)
                      ; - kotlinx.coroutines.selects.SelectImplementation::doSelect@2
  0x0000023163965214: cca9 06e9 | 23fc ffff 

  0x000002316396521c: ;   {metadata({method} {0x000002317b4099b0} 'isSelected' '()Z' in 'kotlinx/coroutines/selects/SelectImplementation')}
  0x000002316396521c: 49ba a899 | 407b 3102 | 0000 4c89 | 5424 0848 | c704 24ff 

  0x0000023163965230: ;   {runtime_call counter_overflow Runtime1 stub}
  0x0000023163965230: ffff ffe8 

  0x0000023163965234: ; ImmutableOopMap {rdx=Oop r8=Oop }
                      ;*synchronization entry
                      ; - kotlinx.coroutines.selects.SelectImplementation::isSelected@-1
                      ; - kotlinx.coroutines.selects.SelectImplementation::doSelect$suspendImpl@1 (line 444)
                      ; - kotlinx.coroutines.selects.SelectImplementation::doSelect@2
  0x0000023163965234: c8cc a906 | e93e fcff 

  0x000002316396523c: ;   {metadata({method} {0x000002317b40d730} 'getState$volatile$FU' '()Ljava/util/concurrent/atomic/AtomicReferenceFieldUpdater;' in 'kotlinx/coroutines/selects/SelectImplementation')}
  0x000002316396523c: ff49 ba28 | d740 7b31 | 0200 004c | 8954 2408 | 48c7 0424 | ffff ffff 

  0x0000023163965254: ;   {runtime_call counter_overflow Runtime1 stub}
  0x0000023163965254: e8a7 cca9 

  0x0000023163965258: ; ImmutableOopMap {rdx=Oop r8=Oop }
                      ;*synchronization entry
                      ; - kotlinx.coroutines.selects.SelectImplementation::getState$volatile$FU@-1
                      ; - kotlinx.coroutines.selects.SelectImplementation::isSelected@0
                      ; - kotlinx.coroutines.selects.SelectImplementation::doSelect$suspendImpl@1 (line 444)
                      ; - kotlinx.coroutines.selects.SelectImplementation::doSelect@2
  0x0000023163965258: 06e9 56fc 

  0x000002316396525c: ;   {metadata({method} {0x000002317a3ac0a8} 'get' '(Ljava/lang/Object;)Ljava/lang/Object;' in 'java/util/concurrent/atomic/AtomicReferenceFieldUpdater$AtomicReferenceFieldUpdaterImpl')}
  0x000002316396525c: ffff 49ba | a0c0 3a7a | 3102 0000 | 4c89 5424 | 0848 c704 | 24ff ffff 

  0x0000023163965274: ;   {runtime_call counter_overflow Runtime1 stub}
  0x0000023163965274: ffe8 86cc 

  0x0000023163965278: ; ImmutableOopMap {rdx=Oop r8=Oop rsi=Oop }
                      ;*synchronization entry
                      ; - java.util.concurrent.atomic.AtomicReferenceFieldUpdater$AtomicReferenceFieldUpdaterImpl::get@-1 (line 466)
                      ; - kotlinx.coroutines.selects.SelectImplementation::isSelected@4 (line 376)
                      ; - kotlinx.coroutines.selects.SelectImplementation::doSelect$suspendImpl@1 (line 444)
                      ; - kotlinx.coroutines.selects.SelectImplementation::doSelect@2
  0x0000023163965278: a906 e97b 

  0x000002316396527c: ;   {metadata({method} {0x000002317a3ab9b8} 'accessCheck' '(Ljava/lang/Object;)V' in 'java/util/concurrent/atomic/AtomicReferenceFieldUpdater$AtomicReferenceFieldUpdaterImpl')}
  0x000002316396527c: fcff ff49 | bab0 b93a | 7a31 0200 | 004c 8954 | 2408 48c7 | 0424 ffff 

  0x0000023163965294: ;   {runtime_call counter_overflow Runtime1 stub}
  0x0000023163965294: ffff e865 

  0x0000023163965298: ; ImmutableOopMap {rdx=Oop r8=Oop }
                      ;*synchronization entry
                      ; - java.util.concurrent.atomic.AtomicReferenceFieldUpdater$AtomicReferenceFieldUpdaterImpl::accessCheck@-1 (line 408)
                      ; - java.util.concurrent.atomic.AtomicReferenceFieldUpdater$AtomicReferenceFieldUpdaterImpl::get@2 (line 466)
                      ; - kotlinx.coroutines.selects.SelectImplementation::isSelected@4 (line 376)
                      ; - kotlinx.coroutines.selects.SelectImplementation::doSelect$suspendImpl@1 (line 444)
                      ; - kotlinx.coroutines.selects.SelectImplementation::doSelect@2
  0x0000023163965298: cca9 06e9 | 93fc ffff | 4983 f800 | 0f84 86fd | ffff 4c89 

  0x00000231639652ac: ;   {runtime_call g1_pre_barrier_slow}
  0x00000231639652ac: 0424 e84d | d2a9 06e9 | 78fd ffff 

  0x00000231639652b8: ;   {internal_word}
  0x00000231639652b8: 49ba 8c51 | 9663 3102 | 0000 4d89 | 9760 0400 

  0x00000231639652c8: ;   {runtime_call SafepointBlob}
  0x00000231639652c8: 00e9 b201 

  0x00000231639652cc: ;   {internal_word}
  0x00000231639652cc: 9e06 49ba | cc51 9663 | 3102 0000 | 4d89 9760 

  0x00000231639652dc: ;   {runtime_call SafepointBlob}
  0x00000231639652dc: 0400 00e9 | 9c01 9e06 | 498b 87f8 | 0400 0049 | c787 f804 | 0000 0000 | 0000 49c7 | 8700 0500 
  0x00000231639652fc: 0000 0000 | 0048 81c4 | a000 0000 

  0x0000023163965308: ;   {runtime_call unwind_exception Runtime1 stub}
  0x0000023163965308: 5de9 f252 | a906 f4f4 
[Stub Code]
  0x0000023163965310: ;   {no_reloc}
  0x0000023163965310: 48bb 0000 | 0000 0000 

  0x0000023163965318: ;   {runtime_call nmethod}
  0x0000023163965318: 0000 e9fb 

  0x000002316396531c: ;   {static_stub}
  0x000002316396531c: ffff ff48 | bbe0 c740 | 7b31 0200 

  0x0000023163965328: ;   {runtime_call I2C/C2I adapters}
  0x0000023163965328: 00e9 b9ec 

  0x000002316396532c: ;   {static_stub}
  0x000002316396532c: 9d06 48bb | 0000 0000 | 0000 0000 

  0x0000023163965338: ;   {runtime_call nmethod}
  0x0000023163965338: e9fb ffff 

  0x000002316396533c: ;   {runtime_call handle_exception_from_callee Runtime1 stub}
  0x000002316396533c: ffe8 be8b 

  0x0000023163965340: ;   {external_word}
  0x0000023163965340: a906 48b9 | 789b e171 | f97f 0000 | 4883 e4f0 

  0x0000023163965350: ;   {runtime_call}
  0x0000023163965350: 48b8 d0e6 | a371 f97f | 0000 ffd0 

  0x000002316396535c: ;   {section_word}
  0x000002316396535c: f449 ba5d | 5396 6331 | 0200 0041 

  0x0000023163965368: ;   {runtime_call DeoptimizationBlob}
  0x0000023163965368: 52e9 b2f3 | 9d06 f4f4 
[/MachCode]


Compiled method (c1) 69448 2575   !   3       kotlin.coroutines.jvm.internal.BaseContinuationImpl::resumeWith (124 bytes)
 total in heap  [0x000002316329d090,0x000002316329fc08] = 11128
 relocation     [0x000002316329d1f0,0x000002316329d4a8] = 696
 main code      [0x000002316329d4c0,0x000002316329f0f8] = 7224
 stub code      [0x000002316329f0f8,0x000002316329f1a8] = 176
 oops           [0x000002316329f1a8,0x000002316329f1c8] = 32
 metadata       [0x000002316329f1c8,0x000002316329f230] = 104
 scopes data    [0x000002316329f230,0x000002316329f720] = 1264
 scopes pcs     [0x000002316329f720,0x000002316329fb90] = 1136
 dependencies   [0x000002316329fb90,0x000002316329fb98] = 8
 handler table  [0x000002316329fb98,0x000002316329fbb0] = 24
 nul chk table  [0x000002316329fbb0,0x000002316329fc08] = 88

[Constant Pool (empty)]

[MachCode]
[Entry Point]
  # {method} {0x000002317a4d4c80} 'resumeWith' '(Ljava/lang/Object;)V' in 'kotlin/coroutines/jvm/internal/BaseContinuationImpl'
  # this:     rdx:rdx   = 'kotlin/coroutines/jvm/internal/BaseContinuationImpl'
  # parm0:    r8:r8     = 'java/lang/Object'
  #           [sp+0x120]  (sp of caller)
  0x000002316329d4c0: 448b 5208 | 49bb 0000 | 0000 3102 | 0000 4d03 | d34c 3bd0 

  0x000002316329d4d4: ;   {runtime_call ic_miss_stub}
  0x000002316329d4d4: 0f85 a612 | 0a07 660f | 1f44 0000 
[Verified Entry Point]
  0x000002316329d4e0: e99b a105 | 07ff ff55 | 4881 ec10 | 0100 0090 | 4181 7f20 | 4000 0000 

  0x000002316329d4f8: ;   {runtime_call StubRoutines (final stubs)}
  0x000002316329d4f8: 7405 e8e1 

  0x000002316329d4fc: ;   {metadata(method data for {method} {0x000002317a4d4c80} 'resumeWith' '(Ljava/lang/Object;)V' in 'kotlin/coroutines/jvm/internal/BaseContinuationImpl')}
  0x000002316329d4fc: 8f08 0748 | bed8 cdd4 | 7b31 0200 | 008b becc | 0000 0083 | c702 89be | cc00 0000 | 81e7 fe07 
  0x000002316329d51c: 0000 85ff | 0f84 f916 | 0000 6690 | 4885 d275 

  0x000002316329d52c: ;   {metadata(method data for {method} {0x000002317a4d4c80} 'resumeWith' '(Ljava/lang/Object;)V' in 'kotlin/coroutines/jvm/internal/BaseContinuationImpl')}
  0x000002316329d52c: 1648 bbd8 | cdd4 7b31 | 0200 0080 | 8b09 0100 | 0001 e9e7 

  0x000002316329d540: ;   {metadata('kotlin/coroutines/Continuation')}
  0x000002316329d540: 0000 0048 | b818 2e08 | 0131 0200 | 008b 5a08 | 49ba 0000 | 0000 3102 | 0000 4903 | da48 3b43 
  0x000002316329d560: 200f 841a | 0000 0048 | 3bd8 0f84 | 1100 0000 

  0x000002316329d570: ;   {runtime_call slow_subtype_check Runtime1 stub}
  0x000002316329d570: 5350 e889 | 1916 075b | 5b85 db0f | 848d 0000 

  0x000002316329d580: ;   {metadata(method data for {method} {0x000002317a4d4c80} 'resumeWith' '(Ljava/lang/Object;)V' in 'kotlin/coroutines/jvm/internal/BaseContinuationImpl')}
  0x000002316329d580: 0048 bbd8 | cdd4 7b31 | 0200 008b | 4208 49ba | 0000 0000 | 3102 0000 | 4903 c248 | 3b83 2001 
  0x000002316329d5a0: 0000 750d | 4883 8328 | 0100 0001 | e979 0000 | 0048 3b83 | 3001 0000 | 750d 4883 | 8338 0100 
  0x000002316329d5c0: 0001 e963 | 0000 0048 | 83bb 2001 | 0000 0075 | 1748 8983 | 2001 0000 | 48c7 8328 | 0100 0001 
  0x000002316329d5e0: 0000 00e9 | 4200 0000 | 4883 bb30 | 0100 0000 | 7517 4889 | 8330 0100 | 0048 c783 | 3801 0000 
  0x000002316329d600: 0100 0000 | e921 0000 | 00e9 1c00 

  0x000002316329d60c: ;   {metadata(method data for {method} {0x000002317a4d4c80} 'resumeWith' '(Ljava/lang/Object;)V' in 'kotlin/coroutines/jvm/internal/BaseContinuationImpl')}
  0x000002316329d60c: 0000 48bb | d8cd d47b | 3102 0000 | 4883 ab10 | 0100 0001 | e91b 1600 | 00e9 0000 | 0000 488b 
  0x000002316329d62c: ;   {metadata(method data for {method} {0x000002317a4d4c80} 'resumeWith' '(Ljava/lang/Object;)V' in 'kotlin/coroutines/jvm/internal/BaseContinuationImpl')}
  0x000002316329d62c: f248 bfd8 | cdd4 7b31 | 0200 0048 | 8387 4801 

  0x000002316329d63c: ;   {metadata(method data for {method} {0x000002317a4fcad0} 'probeCoroutineResumed' '(Lkotlin/coroutines/Continuation;)V' in 'kotlin/coroutines/jvm/internal/DebugProbesKt')}
  0x000002316329d63c: 0000 0148 | bf68 d1d4 | 7b31 0200 | 008b 9fcc | 0000 0083 | c302 899f | cc00 0000 | 81e3 feff 
  0x000002316329d65c: 1f00 85db | 0f84 e315 

  0x000002316329d664: ;   {metadata(method data for {method} {0x000002317a4fcad0} 'probeCoroutineResumed' '(Lkotlin/coroutines/Continuation;)V' in 'kotlin/coroutines/jvm/internal/DebugProbesKt')}
  0x000002316329d664: 0000 48bf | 68d1 d47b | 3102 0000 | 4883 8710 | 0100 0001 

  0x000002316329d678: ;   {metadata(method data for {method} {0x000002317a415410} 'checkNotNullParameter' '(Ljava/lang/Object;Ljava/lang/String;)V' in 'kotlin/jvm/internal/Intrinsics')}
  0x000002316329d678: 48bf b0c3 | 5b7a 3102 | 0000 8b9f | cc00 0000 | 83c3 0289 | 9fcc 0000 | 0081 e3fe | ff1f 0085 
  0x000002316329d698: db0f 84cb | 1500 0048 

  0x000002316329d6a0: ;   {metadata(method data for {method} {0x000002317a415410} 'checkNotNullParameter' '(Ljava/lang/Object;Ljava/lang/String;)V' in 'kotlin/jvm/internal/Intrinsics')}
  0x000002316329d6a0: 85f6 48be | b0c3 5b7a | 3102 0000 | 48c7 c720 | 0100 0074 | 0748 c7c7 | 1001 0000 | 488b 1c3e 
  0x000002316329d6c0: 488d 5b01 | 4889 1c3e | 0f84 a60d | 0000 4885 

  0x000002316329d6d0: ;   {metadata(method data for {method} {0x000002317a4d4c80} 'resumeWith' '(Ljava/lang/Object;)V' in 'kotlin/coroutines/jvm/internal/BaseContinuationImpl')}
  0x000002316329d6d0: d275 1648 | bfd8 cdd4 | 7b31 0200 | 0080 8f51 | 0100 0001 | e9cd 0000 

  0x000002316329d6e8: ;   {metadata('kotlin/coroutines/jvm/internal/BaseContinuationImpl')}
  0x000002316329d6e8: 0048 bb18 | 3208 0131 | 0200 008b | 7a08 49ba | 0000 0000 | 3102 0000 | 4903 fa48 | 3b5f 380f 
  0x000002316329d708: 858d 0000 

  0x000002316329d70c: ;   {metadata(method data for {method} {0x000002317a4d4c80} 'resumeWith' '(Ljava/lang/Object;)V' in 'kotlin/coroutines/jvm/internal/BaseContinuationImpl')}
  0x000002316329d70c: 0048 bfd8 | cdd4 7b31 | 0200 008b | 5a08 49ba | 0000 0000 | 3102 0000 | 4903 da48 | 3b9f 6801 
  0x000002316329d72c: 0000 750d | 4883 8770 | 0100 0001 | e979 0000 | 0048 3b9f | 7801 0000 | 750d 4883 | 8780 0100 
  0x000002316329d74c: 0001 e963 | 0000 0048 | 83bf 6801 | 0000 0075 | 1748 899f | 6801 0000 | 48c7 8770 | 0100 0001 
  0x000002316329d76c: 0000 00e9 | 4200 0000 | 4883 bf78 | 0100 0000 | 7517 4889 | 9f78 0100 | 0048 c787 | 8001 0000 
  0x000002316329d78c: 0100 0000 | e921 0000 | 00e9 1c00 

  0x000002316329d798: ;   {metadata(method data for {method} {0x000002317a4d4c80} 'resumeWith' '(Ljava/lang/Object;)V' in 'kotlin/coroutines/jvm/internal/BaseContinuationImpl')}
  0x000002316329d798: 0000 48bf | d8cd d47b | 3102 0000 | 4883 af58 | 0100 0001 | e9da 1400 | 00e9 0000 | 0000 488b 
  0x000002316329d7b8: f28b 7e0c | 48c1 e703 | 4889 bc24 | b000 0000 

  0x000002316329d7c8: ;   {metadata(method data for {method} {0x000002317a4d4c80} 'resumeWith' '(Ljava/lang/Object;)V' in 'kotlin/coroutines/jvm/internal/BaseContinuationImpl')}
  0x000002316329d7c8: 48ba d8cd | d47b 3102 | 0000 4883 | 8290 0100 

  0x000002316329d7d8: ;   {metadata(method data for {method} {0x000002317a4143c8} 'checkNotNull' '(Ljava/lang/Object;)V' in 'kotlin/jvm/internal/Intrinsics')}
  0x000002316329d7d8: 0001 48ba | b876 2d7b | 3102 0000 | 8b9a cc00 | 0000 83c3 | 0289 9acc | 0000 0081 | e3fe ff1f 
  0x000002316329d7f8: 0085 db0f | 8498 1400 | 0048 85ff 

  0x000002316329d804: ;   {metadata(method data for {method} {0x000002317a4143c8} 'checkNotNull' '(Ljava/lang/Object;)V' in 'kotlin/jvm/internal/Intrinsics')}
  0x000002316329d804: 48ba b876 | 2d7b 3102 | 0000 48c7 | c320 0100 | 0074 0748 | c7c3 1001 | 0000 488b | 041a 488d 
  0x000002316329d824: 4001 4889 | 041a 0f84 | 5c0a 0000 

  0x000002316329d830: ;   {metadata(method data for {method} {0x000002317a4d4c80} 'resumeWith' '(Ljava/lang/Object;)V' in 'kotlin/coroutines/jvm/internal/BaseContinuationImpl')}
  0x000002316329d830: 488b d648 | bbd8 cdd4 | 7b31 0200 | 008b 5208 | 49ba 0000 | 0000 3102 | 0000 4903 | d248 3b93 
  0x000002316329d850: b001 0000 | 750d 4883 | 83b8 0100 | 0001 e960 | 0000 0048 | 3b93 c001 | 0000 750d | 4883 83c8 
  0x000002316329d870: 0100 0001 | e94a 0000 | 0048 83bb | b001 0000 | 0075 1748 | 8993 b001 | 0000 48c7 | 83b8 0100 
  0x000002316329d890: 0001 0000 | 00e9 2900 | 0000 4883 | bbc0 0100 | 0000 7517 | 4889 93c0 | 0100 0048 | c783 c801 
  0x000002316329d8b0: 0000 0100 | 0000 e908 | 0000 0048 | 8383 a001 | 0000 0148 | 8bd6 4889 | b424 a800 | 0000 0f1f 
  0x000002316329d8d0: 8000 0000 | 0048 b8ff | ffff ffff 

  0x000002316329d8dc: ;   {virtual_call}
  0x000002316329d8dc: ffff ffe8 

  0x000002316329d8e0: ; ImmutableOopMap {[168]=Oop [176]=Oop }
                      ;*invokevirtual invokeSuspend {reexecute=0 rethrow=0 return_oop=0}
                      ; - kotlin.coroutines.jvm.internal.BaseContinuationImpl::resumeWith@40 (line 34)
  0x000002316329d8e0: d469 1607 

  0x000002316329d8e4: ;   {other}
  0x000002316329d8e4: 0f1f 8400 | 5408 0000 

  0x000002316329d8ec: ;   {metadata(method data for {method} {0x000002317a4d4c80} 'resumeWith' '(Ljava/lang/Object;)V' in 'kotlin/coroutines/jvm/internal/BaseContinuationImpl')}
  0x000002316329d8ec: 48ba d8cd | d47b 3102 | 0000 4883 | 82d8 0100 

  0x000002316329d8fc: ;   {metadata(method data for {method} {0x000002317a4fab88} 'getCOROUTINE_SUSPENDED' '()Ljava/lang/Object;' in 'kotlin/coroutines/intrinsics/IntrinsicsKt__IntrinsicsKt')}
  0x000002316329d8fc: 0001 48ba | 709d 6d7b | 3102 0000 | 8bb2 cc00 | 0000 83c6 | 0289 b2cc | 0000 0081 | e6fe ff1f 
  0x000002316329d91c: 0085 f60f | 8495 1300 

  0x000002316329d924: ;   {oop(a 'kotlin/coroutines/intrinsics/CoroutineSingletons'{0x00000007ffff23a8})}
  0x000002316329d924: 0049 baa8 | 23ff ff07 | 0000 0049 

  0x000002316329d930: ;   {metadata(method data for {method} {0x000002317a4d4c80} 'resumeWith' '(Ljava/lang/Object;)V' in 'kotlin/coroutines/jvm/internal/BaseContinuationImpl')}
  0x000002316329d930: 3bc2 48ba | d8cd d47b | 3102 0000 | 48c7 c6f8 | 0100 0074 | 0748 c7c6 | e801 0000 | 488b 3c32 
  0x000002316329d950: 488d 7f01 | 4889 3c32 | 0f84 140e 

  0x000002316329d95c: ;   {metadata(method data for {method} {0x000002317a4d4c80} 'resumeWith' '(Ljava/lang/Object;)V' in 'kotlin/coroutines/jvm/internal/BaseContinuationImpl')}
  0x000002316329d95c: 0000 48ba | d8cd d47b | 3102 0000 | 4883 8208 | 0200 0001 

  0x000002316329d970: ;   {metadata(method data for {method} {0x000002317a50cf08} 'constructor-impl' '(Ljava/lang/Object;)Ljava/lang/Object;' in 'kotlin/Result')}
  0x000002316329d970: 48ba d09d | cf7b 3102 | 0000 8bb2 | cc00 0000 | 83c6 0289 | b2cc 0000 | 0081 e6fe | ff1f 0085 
  0x000002316329d990: f60f 8444 

  0x000002316329d994: ;   {metadata(method data for {method} {0x000002317a4d4c80} 'resumeWith' '(Ljava/lang/Object;)V' in 'kotlin/coroutines/jvm/internal/BaseContinuationImpl')}
  0x000002316329d994: 1300 0048 | bad8 cdd4 | 7b31 0200 | 00ff 8218 | 0200 00e9 | 5002 0000 | 498b 87f8 | 0400 004d 
  0x000002316329d9b4: 33d2 4d89 | 97f8 0400 | 004d 33d2 | 4d89 9700 

  0x000002316329d9c4: ;   {metadata(method data for {method} {0x000002317a4d4c80} 'resumeWith' '(Ljava/lang/Object;)V' in 'kotlin/coroutines/jvm/internal/BaseContinuationImpl')}
  0x000002316329d9c4: 0500 0048 | bad8 cdd4 | 7b31 0200 | 0048 8382 | 3002 0000 

  0x000002316329d9d8: ;   {metadata(method data for {method} {0x000002317a5209e8} 'createFailure' '(Ljava/lang/Throwable;)Ljava/lang/Object;' in 'kotlin/ResultKt')}
  0x000002316329d9d8: 0148 bac8 | d2d4 7b31 | 0200 008b | b2cc 0000 | 0083 c602 | 89b2 cc00 | 0000 81e6 | feff 1f00 
  0x000002316329d9f8: 85f6 0f84 | fc12 0000 

  0x000002316329da00: ;   {metadata(method data for {method} {0x000002317a5209e8} 'createFailure' '(Ljava/lang/Throwable;)Ljava/lang/Object;' in 'kotlin/ResultKt')}
  0x000002316329da00: 48ba c8d2 | d47b 3102 | 0000 4883 | 8210 0100 

  0x000002316329da10: ;   {metadata(method data for {method} {0x000002317a415410} 'checkNotNullParameter' '(Ljava/lang/Object;Ljava/lang/String;)V' in 'kotlin/jvm/internal/Intrinsics')}
  0x000002316329da10: 0001 48ba | b0c3 5b7a | 3102 0000 | 8bb2 cc00 | 0000 83c6 | 0289 b2cc | 0000 0081 | e6fe ff1f 
  0x000002316329da30: 0085 f60f | 84e4 1200 | 0048 85c0 

  0x000002316329da3c: ;   {metadata(method data for {method} {0x000002317a415410} 'checkNotNullParameter' '(Ljava/lang/Object;Ljava/lang/String;)V' in 'kotlin/jvm/internal/Intrinsics')}
  0x000002316329da3c: 48ba b0c3 | 5b7a 3102 | 0000 48c7 | c620 0100 | 0074 0748 | c7c6 1001 | 0000 488b | 3c32 488d 
  0x000002316329da5c: 7f01 4889 | 3c32 0f84 | 0406 0000 

  0x000002316329da68: ;   {metadata('kotlin/Result$Failure')}
  0x000002316329da68: 48ba 48ea | 0801 3102 | 0000 488b | d849 8b87 | b801 0000 | 488d 7810 | 493b bfc8 | 0100 000f 
  0x000002316329da88: 87b1 1200 | 0049 89bf | b801 0000 | 48c7 0001 | 0000 0048 | 8bca 49ba | 0000 0000 | 3102 0000 
  0x000002316329daa8: 492b ca89 | 4808 4833 | c989 480c | 4833 c948 

  0x000002316329dab8: ;   {metadata(method data for {method} {0x000002317a5209e8} 'createFailure' '(Ljava/lang/Throwable;)Ljava/lang/Object;' in 'kotlin/ResultKt')}
  0x000002316329dab8: 8bd0 48be | c8d2 d47b | 3102 0000 | 4883 8620 | 0100 0001 

  0x000002316329dacc: ;   {metadata(method data for {method} {0x000002317a50ee40} '<init>' '(Ljava/lang/Throwable;)V' in 'kotlin/Result$Failure')}
  0x000002316329dacc: 48ba 38d4 | d47b 3102 | 0000 8bb2 | cc00 0000 | 83c6 0289 | b2cc 0000 | 0081 e6fe | ff1f 0085 
  0x000002316329daec: f60f 8458 

  0x000002316329daf0: ;   {metadata(method data for {method} {0x000002317a50ee40} '<init>' '(Ljava/lang/Throwable;)V' in 'kotlin/Result$Failure')}
  0x000002316329daf0: 1200 0048 | ba38 d4d4 | 7b31 0200 | 0048 8382 | 1001 0000 

  0x000002316329db04: ;   {metadata(method data for {method} {0x000002317a415410} 'checkNotNullParameter' '(Ljava/lang/Object;Ljava/lang/String;)V' in 'kotlin/jvm/internal/Intrinsics')}
  0x000002316329db04: 0148 bab0 | c35b 7a31 | 0200 008b | b2cc 0000 | 0083 c602 | 89b2 cc00 | 0000 81e6 | feff 1f00 
  0x000002316329db24: 85f6 0f84 | 4012 0000 

  0x000002316329db2c: ;   {metadata(method data for {method} {0x000002317a415410} 'checkNotNullParameter' '(Ljava/lang/Object;Ljava/lang/String;)V' in 'kotlin/jvm/internal/Intrinsics')}
  0x000002316329db2c: 4885 db48 | bab0 c35b | 7a31 0200 | 0048 c7c6 | 2001 0000 | 7407 48c7 | c610 0100 | 0048 8b3c 
  0x000002316329db4c: 3248 8d7f | 0148 893c | 320f 84ec | 0200 0048 

  0x000002316329db5c: ;   {metadata(method data for {method} {0x000002317a50ee40} '<init>' '(Ljava/lang/Throwable;)V' in 'kotlin/Result$Failure')}
  0x000002316329db5c: 8bd0 48be | 38d4 d47b | 3102 0000 | 4883 8620 | 0100 0001 

  0x000002316329db70: ;   {metadata(method data for {method} {0x0000023100476650} '<init>' '()V' in 'java/lang/Object')}
  0x000002316329db70: 48ba 5068 | 007a 3102 | 0000 8bb2 | cc00 0000 | 83c6 0289 | b2cc 0000 | 0081 e6fe | ff1f 0085 
  0x000002316329db90: f60f 84f6 | 1100 0041 | 0fbe 5740 | 85d2 0f85 | 0a12 0000 | 4c8b d349 | c1ea 0344 | 8950 0c48 
  0x000002316329dbb0: 8bd0 4833 | d348 c1ea | 1548 83fa | 000f 850a 

  0x000002316329dbc0: ;   {metadata(method data for {method} {0x000002317a4d4c80} 'resumeWith' '(Ljava/lang/Object;)V' in 'kotlin/coroutines/jvm/internal/BaseContinuationImpl')}
  0x000002316329dbc0: 1200 0048 | bad8 cdd4 | 7b31 0200 | 0048 8382 | 4002 0000 

  0x000002316329dbd4: ;   {metadata(method data for {method} {0x000002317a50cf08} 'constructor-impl' '(Ljava/lang/Object;)Ljava/lang/Object;' in 'kotlin/Result')}
  0x000002316329dbd4: 0148 bad0 | 9dcf 7b31 | 0200 008b | b2cc 0000 | 0083 c602 | 89b2 cc00 | 0000 81e6 | feff 1f00 
  0x000002316329dbf4: 85f6 0f84 | e911 0000 | 4889 8424 | b800 0000 | 488b b424 | a800 0000 

  0x000002316329dc0c: ;   {metadata(method data for {method} {0x000002317a4d4c80} 'resumeWith' '(Ljava/lang/Object;)V' in 'kotlin/coroutines/jvm/internal/BaseContinuationImpl')}
  0x000002316329dc0c: 48ba d8cd | d47b 3102 | 0000 8b76 | 0849 ba00 | 0000 0031 | 0200 0049 | 03f2 483b | b260 0200 
  0x000002316329dc2c: 0075 0d48 | 8382 6802 | 0000 01e9 | 6000 0000 | 483b b270 | 0200 0075 | 0d48 8382 | 7802 0000 
  0x000002316329dc4c: 01e9 4a00 | 0000 4883 | ba60 0200 | 0000 7517 | 4889 b260 | 0200 0048 | c782 6802 | 0000 0100 
  0x000002316329dc6c: 0000 e929 | 0000 0048 | 83ba 7002 | 0000 0075 | 1748 89b2 | 7002 0000 | 48c7 8278 | 0200 0001 
  0x000002316329dc8c: 0000 00e9 | 0800 0000 | 4883 8250 | 0200 0001 | 488b 9424 | a800 0000 | 9048 b8ff | ffff ffff 
  0x000002316329dcac: ;   {virtual_call}
  0x000002316329dcac: ffff ffe8 

  0x000002316329dcb0: ; ImmutableOopMap {[176]=Oop [184]=Oop }
                      ;*invokevirtual releaseIntercepted {reexecute=0 rethrow=0 return_oop=0}
                      ; - kotlin.coroutines.jvm.internal.BaseContinuationImpl::resumeWith@90 (line 40)
  0x000002316329dcb0: 4c67 1607 

  0x000002316329dcb4: ;   {other}
  0x000002316329dcb4: 0f1f 8400 | 240c 0001 | 488b bc24 | b000 0000 | 4885 ff75 

  0x000002316329dcc8: ;   {metadata(method data for {method} {0x000002317a4d4c80} 'resumeWith' '(Ljava/lang/Object;)V' in 'kotlin/coroutines/jvm/internal/BaseContinuationImpl')}
  0x000002316329dcc8: 1648 b8d8 | cdd4 7b31 | 0200 0080 | 8881 0200 | 0001 e9cd 

  0x000002316329dcdc: ;   {metadata('kotlin/coroutines/jvm/internal/BaseContinuationImpl')}
  0x000002316329dcdc: 0000 0048 | b918 3208 | 0131 0200 | 008b 4708 | 49ba 0000 | 0000 3102 | 0000 4903 | c248 3b48 
  0x000002316329dcfc: 380f 858d 

  0x000002316329dd00: ;   {metadata(method data for {method} {0x000002317a4d4c80} 'resumeWith' '(Ljava/lang/Object;)V' in 'kotlin/coroutines/jvm/internal/BaseContinuationImpl')}
  0x000002316329dd00: 0000 0048 | b8d8 cdd4 | 7b31 0200 | 008b 4f08 | 49ba 0000 | 0000 3102 | 0000 4903 | ca48 3b88 
  0x000002316329dd20: 9802 0000 | 750d 4883 | 80a0 0200 | 0001 e97e | 0000 0048 | 3b88 a802 | 0000 750d | 4883 80b0 
  0x000002316329dd40: 0200 0001 | e968 0000 | 0048 83b8 | 9802 0000 | 0075 1748 | 8988 9802 | 0000 48c7 | 80a0 0200 
  0x000002316329dd60: 0001 0000 | 00e9 4700 | 0000 4883 | b8a8 0200 | 0000 7517 | 4889 88a8 | 0200 0048 | c780 b002 
  0x000002316329dd80: 0000 0100 | 0000 e926 | 0000 00e9 | 2100 0000 

  0x000002316329dd90: ;   {metadata(method data for {method} {0x000002317a4d4c80} 'resumeWith' '(Ljava/lang/Object;)V' in 'kotlin/coroutines/jvm/internal/BaseContinuationImpl')}
  0x000002316329dd90: 48b8 d8cd | d47b 3102 | 0000 4883 | a888 0200 | 0001 e905 | 0000 00e9 | 0500 0000 | 4833 d2eb 
  0x000002316329ddb0: 0748 c7c2 | 0100 0000 

  0x000002316329ddb8: ;   {metadata(method data for {method} {0x000002317a4d4c80} 'resumeWith' '(Ljava/lang/Object;)V' in 'kotlin/coroutines/jvm/internal/BaseContinuationImpl')}
  0x000002316329ddb8: 85d2 48ba | d8cd d47b | 3102 0000 | 48c7 c6c0 | 0200 0074 | 0748 c7c6 | d002 0000 | 488b 0432 
  0x000002316329ddd8: 488d 4001 | 4889 0432 | 0f84 b608 

  0x000002316329dde4: ;   {metadata(method data for {method} {0x000002317a4d4c80} 'resumeWith' '(Ljava/lang/Object;)V' in 'kotlin/coroutines/jvm/internal/BaseContinuationImpl')}
  0x000002316329dde4: 0000 48ba | d8cd d47b | 3102 0000 | ff82 e002 

  0x000002316329ddf4: ;   {metadata(method data for {method} {0x000002317a4d4c80} 'resumeWith' '(Ljava/lang/Object;)V' in 'kotlin/coroutines/jvm/internal/BaseContinuationImpl')}
  0x000002316329ddf4: 0000 48ba | d8cd d47b | 3102 0000 | 8bb2 d000 | 0000 83c6 | 0289 b2d0 | 0000 0081 | e6fe 3f00 
  0x000002316329de14: 0085 f60f | 84e9 0f00 | 004d 8b97 

  0x000002316329de20: ; ImmutableOopMap {rdi=Oop [176]=Oop [184]=Oop }
                      ;*goto {reexecute=1 rethrow=0 return_oop=0}
                      ; - (reexecute) kotlin.coroutines.jvm.internal.BaseContinuationImpl::resumeWith@121 (line 30)
  0x000002316329de20: 5004 0000 

  0x000002316329de24: ;   {poll}
  0x000002316329de24: 4185 0248 | bad8 cdd4 | 7b31 0200 | 00ff 8230 | 0300 004c | 8b84 24b8 | 0000 0048 | 8bd7 e9e1 
  0x000002316329de44: f6ff ff48 | 8984 24c8 | 0000 0048 | 899c 24d0 

  0x000002316329de54: ;   {metadata(method data for {method} {0x000002317a415410} 'checkNotNullParameter' '(Ljava/lang/Object;Ljava/lang/String;)V' in 'kotlin/jvm/internal/Intrinsics')}
  0x000002316329de54: 0000 0048 | bab0 c35b | 7a31 0200 | 0048 8382 | 3001 0000 

  0x000002316329de68: ;   {metadata(method data for {method} {0x000002317a415590} 'throwParameterIsNullNPE' '(Ljava/lang/String;)V' in 'kotlin/jvm/internal/Intrinsics')}
  0x000002316329de68: 0148 ba38 | c55b 7a31 | 0200 008b | b2cc 0000 | 0083 c602 | 89b2 cc00 | 0000 81e6 | feff 1f00 
  0x000002316329de88: 85f6 0f84 | 970f 0000 

  0x000002316329de90: ;   {no_reloc}
  0x000002316329de90: e9c2 0f00 | 0000 0000 | 0000 498b | 87b8 0100 | 0048 8d78 | 3049 3bbf | c801 0000 | 0f87 af0f 
  0x000002316329deb0: 0000 4989 | bfb8 0100 | 0048 c700 | 0100 0000 | 488b ca49 | ba00 0000 | 0031 0200 | 0049 2bca 
  0x000002316329ded0: 8948 0848 | 33c9 8948 | 0c48 33c9 | 4889 4810 | 4889 4818 | 4889 4820 | 4889 4828 

  0x000002316329deec: ;   {metadata(method data for {method} {0x000002317a415590} 'throwParameterIsNullNPE' '(Ljava/lang/String;)V' in 'kotlin/jvm/internal/Intrinsics')}
  0x000002316329deec: 48ba 38c5 | 5b7a 3102 | 0000 4883 | 8210 0100 

  0x000002316329defc: ;   {oop("exception"{0x0000000701b44108})}
  0x000002316329defc: 0001 48ba | 0841 b401 | 0700 0000 | 4889 8424 | c000 0000 | 0f1f 8000 

  0x000002316329df14: ;   {static_call}
  0x000002316329df14: 0000 00e8 

  0x000002316329df18: ; ImmutableOopMap {[168]=Oop [176]=Oop [192]=Oop [200]=Oop [208]=Oop }
                      ;*invokestatic createParameterIsNullExceptionMessage {reexecute=0 rethrow=0 return_oop=0}
                      ; - kotlin.jvm.internal.Intrinsics::throwParameterIsNullNPE@5 (line 140)
                      ; - kotlin.jvm.internal.Intrinsics::checkNotNullParameter@5 (line 131)
                      ; - kotlin.Result$Failure::<init>@3
                      ; - kotlin.ResultKt::createFailure@11 (line 122)
                      ; - kotlin.coroutines.jvm.internal.BaseContinuationImpl::resumeWith@76 (line 38)
  0x000002316329df18: 6411 0a07 

  0x000002316329df1c: ;   {other}
  0x000002316329df1c: 0f1f 8400 | 8c0e 0003 | 4c8b 8424 | c000 0000 

  0x000002316329df2c: ;   {metadata(method data for {method} {0x000002317a415590} 'throwParameterIsNullNPE' '(Ljava/lang/String;)V' in 'kotlin/jvm/internal/Intrinsics')}
  0x000002316329df2c: 48ba 38c5 | 5b7a 3102 | 0000 4883 | 8220 0100 | 0001 4c8b | c048 8b94 | 24c0 0000 | 0066 0f1f 
  0x000002316329df4c: ;   {optimized virtual_call}
  0x000002316329df4c: 4400 00e8 

  0x000002316329df50: ; ImmutableOopMap {[168]=Oop [176]=Oop [192]=Oop [200]=Oop [208]=Oop }
                      ;*invokespecial <init> {reexecute=0 rethrow=0 return_oop=0}
                      ; - kotlin.jvm.internal.Intrinsics::throwParameterIsNullNPE@8 (line 140)
                      ; - kotlin.jvm.internal.Intrinsics::checkNotNullParameter@5 (line 131)
                      ; - kotlin.Result$Failure::<init>@3
                      ; - kotlin.ResultKt::createFailure@11 (line 122)
                      ; - kotlin.coroutines.jvm.internal.BaseContinuationImpl::resumeWith@76 (line 38)
  0x000002316329df50: 2c0b 0a07 

  0x000002316329df54: ;   {other}
  0x000002316329df54: 0f1f 8400 | c40e 0004 

  0x000002316329df5c: ;   {metadata(method data for {method} {0x000002317a415590} 'throwParameterIsNullNPE' '(Ljava/lang/String;)V' in 'kotlin/jvm/internal/Intrinsics')}
  0x000002316329df5c: 48ba 38c5 | 5b7a 3102 | 0000 4883 | 8230 0100 

  0x000002316329df6c: ;   {metadata(method data for {method} {0x000002317a4164f8} 'sanitizeStackTrace' '(Ljava/lang/Throwable;)Ljava/lang/Throwable;' in 'kotlin/jvm/internal/Intrinsics')}
  0x000002316329df6c: 0001 48ba | 18cc 5b7a | 3102 0000 | 8bb2 cc00 | 0000 83c6 | 0289 b2cc | 0000 0081 | e6fe ff1f 
  0x000002316329df8c: 0085 f60f | 84d9 0e00 

  0x000002316329df94: ;   {oop(a 'java/lang/Class'{0x0000000701ae68a8} = 'kotlin/jvm/internal/Intrinsics')}
  0x000002316329df94: 0048 baa8 | 68ae 0107 | 0000 0048 

  0x000002316329dfa0: ;   {metadata(method data for {method} {0x000002317a4164f8} 'sanitizeStackTrace' '(Ljava/lang/Throwable;)Ljava/lang/Throwable;' in 'kotlin/jvm/internal/Intrinsics')}
  0x000002316329dfa0: 8bf2 48bf | 18cc 5b7a | 3102 0000 | 4883 8710 | 0100 0001 

  0x000002316329dfb4: ;   {metadata(method data for {method} {0x000002310046b368} 'getName' '()Ljava/lang/String;' in 'java/lang/Class')}
  0x000002316329dfb4: 48be 9887 | 037a 3102 | 0000 8bbe | cc00 0000 | 83c7 0289 | becc 0000 | 0081 e7fe | ff1f 0085 
  0x000002316329dfd4: ff0f 84b4 | 0e00 008b | 522c 48c1 | e203 4885 

  0x000002316329dfe4: ;   {metadata(method data for {method} {0x000002310046b368} 'getName' '()Ljava/lang/String;' in 'java/lang/Class')}
  0x000002316329dfe4: d248 be98 | 8703 7a31 | 0200 0048 | c7c7 1001 | 0000 7407 | 48c7 c720 | 0100 0048 | 8b1c 3e48 
  0x000002316329e004: 8d5b 0148 | 891c 3e0f | 8418 0000 

  0x000002316329e010: ;   {metadata(method data for {method} {0x000002310046b368} 'getName' '()Ljava/lang/String;' in 'java/lang/Class')}
  0x000002316329e010: 0048 be98 | 8703 7a31 | 0200 00ff | 8630 0100 | 0048 8bf2 | e936 0000 

  0x000002316329e028: ;   {oop(a 'java/lang/Class'{0x0000000701ae68a8} = 'kotlin/jvm/internal/Intrinsics')}
  0x000002316329e028: 0048 baa8 | 68ae 0107 | 0000 0048 

  0x000002316329e034: ;   {metadata(method data for {method} {0x000002310046b368} 'getName' '()Ljava/lang/String;' in 'java/lang/Class')}
  0x000002316329e034: 8bf2 48bf | 9887 037a | 3102 0000 | 4883 8748 | 0100 0001 | 0f1f 8000 

  0x000002316329e04c: ;   {optimized virtual_call}
  0x000002316329e04c: 0000 00e8 

  0x000002316329e050: ; ImmutableOopMap {[168]=Oop [176]=Oop [192]=Oop [200]=Oop [208]=Oop }
                      ;*invokevirtual initClassName {reexecute=0 rethrow=0 return_oop=0}
                      ; - java.lang.Class::getName@14 (line 950)
                      ; - kotlin.jvm.internal.Intrinsics::sanitizeStackTrace@3 (line 253)
                      ; - kotlin.jvm.internal.Intrinsics::throwParameterIsNullNPE@11 (line 140)
                      ; - kotlin.jvm.internal.Intrinsics::checkNotNullParameter@5 (line 131)
                      ; - kotlin.Result$Failure::<init>@3
                      ; - kotlin.ResultKt::createFailure@11 (line 122)
                      ; - kotlin.coroutines.jvm.internal.BaseContinuationImpl::resumeWith@76 (line 38)
  0x000002316329e050: 2c0a 0a07 

  0x000002316329e054: ;   {other}
  0x000002316329e054: 0f1f 8400 | c40f 0005 | 488b f048 | 8b84 24c0 | 0000 00e9 | 7a0a 0000 | 4889 8424 | d000 0000 
  0x000002316329e074: ;   {metadata(method data for {method} {0x000002317a415410} 'checkNotNullParameter' '(Ljava/lang/Object;Ljava/lang/String;)V' in 'kotlin/jvm/internal/Intrinsics')}
  0x000002316329e074: 48ba b0c3 | 5b7a 3102 | 0000 4883 | 8230 0100 

  0x000002316329e084: ;   {metadata(method data for {method} {0x000002317a415590} 'throwParameterIsNullNPE' '(Ljava/lang/String;)V' in 'kotlin/jvm/internal/Intrinsics')}
  0x000002316329e084: 0001 48ba | 38c5 5b7a | 3102 0000 | 8bb2 cc00 | 0000 83c6 | 0289 b2cc | 0000 0081 | e6fe ff1f 
  0x000002316329e0a4: 0085 f60f | 8408 0e00 | 0066 6690 

  0x000002316329e0b0: ;   {no_reloc}
  0x000002316329e0b0: e930 0e00 | 0000 0000 | 0000 498b | 87b8 0100 | 0048 8d78 | 3049 3bbf | c801 0000 | 0f87 1d0e 
  0x000002316329e0d0: 0000 4989 | bfb8 0100 | 0048 c700 | 0100 0000 | 488b ca49 | ba00 0000 | 0031 0200 | 0049 2bca 
  0x000002316329e0f0: 8948 0848 | 33c9 8948 | 0c48 33c9 | 4889 4810 | 4889 4818 | 4889 4820 | 4889 4828 

  0x000002316329e10c: ;   {metadata(method data for {method} {0x000002317a415590} 'throwParameterIsNullNPE' '(Ljava/lang/String;)V' in 'kotlin/jvm/internal/Intrinsics')}
  0x000002316329e10c: 48ba 38c5 | 5b7a 3102 | 0000 4883 | 8210 0100 

  0x000002316329e11c: ;   {oop("exception"{0x0000000701b44108})}
  0x000002316329e11c: 0001 48ba | 0841 b401 | 0700 0000 | 4889 8424 | d800 0000 | 0f1f 8000 

  0x000002316329e134: ;   {static_call}
  0x000002316329e134: 0000 00e8 

  0x000002316329e138: ; ImmutableOopMap {[168]=Oop [176]=Oop [208]=Oop [216]=Oop }
                      ;*invokestatic createParameterIsNullExceptionMessage {reexecute=0 rethrow=0 return_oop=0}
                      ; - kotlin.jvm.internal.Intrinsics::throwParameterIsNullNPE@5 (line 140)
                      ; - kotlin.jvm.internal.Intrinsics::checkNotNullParameter@5 (line 131)
                      ; - kotlin.ResultKt::createFailure@3
                      ; - kotlin.coroutines.jvm.internal.BaseContinuationImpl::resumeWith@76 (line 38)
  0x000002316329e138: 440f 0a07 

  0x000002316329e13c: ;   {other}
  0x000002316329e13c: 0f1f 8400 | ac10 0006 | 4c8b 8424 | d800 0000 

  0x000002316329e14c: ;   {metadata(method data for {method} {0x000002317a415590} 'throwParameterIsNullNPE' '(Ljava/lang/String;)V' in 'kotlin/jvm/internal/Intrinsics')}
  0x000002316329e14c: 48ba 38c5 | 5b7a 3102 | 0000 4883 | 8220 0100 | 0001 4c8b | c048 8b94 | 24d8 0000 | 0066 0f1f 
  0x000002316329e16c: ;   {optimized virtual_call}
  0x000002316329e16c: 4400 00e8 

  0x000002316329e170: ; ImmutableOopMap {[168]=Oop [176]=Oop [208]=Oop [216]=Oop }
                      ;*invokespecial <init> {reexecute=0 rethrow=0 return_oop=0}
                      ; - kotlin.jvm.internal.Intrinsics::throwParameterIsNullNPE@8 (line 140)
                      ; - kotlin.jvm.internal.Intrinsics::checkNotNullParameter@5 (line 131)
                      ; - kotlin.ResultKt::createFailure@3
                      ; - kotlin.coroutines.jvm.internal.BaseContinuationImpl::resumeWith@76 (line 38)
  0x000002316329e170: 0c09 0a07 

  0x000002316329e174: ;   {other}
  0x000002316329e174: 0f1f 8400 | e410 0007 

  0x000002316329e17c: ;   {metadata(method data for {method} {0x000002317a415590} 'throwParameterIsNullNPE' '(Ljava/lang/String;)V' in 'kotlin/jvm/internal/Intrinsics')}
  0x000002316329e17c: 48ba 38c5 | 5b7a 3102 | 0000 4883 | 8230 0100 

  0x000002316329e18c: ;   {metadata(method data for {method} {0x000002317a4164f8} 'sanitizeStackTrace' '(Ljava/lang/Throwable;)Ljava/lang/Throwable;' in 'kotlin/jvm/internal/Intrinsics')}
  0x000002316329e18c: 0001 48ba | 18cc 5b7a | 3102 0000 | 8bb2 cc00 | 0000 83c6 | 0289 b2cc | 0000 0081 | e6fe ff1f 
  0x000002316329e1ac: 0085 f60f | 8447 0d00 

  0x000002316329e1b4: ;   {oop(a 'java/lang/Class'{0x0000000701ae68a8} = 'kotlin/jvm/internal/Intrinsics')}
  0x000002316329e1b4: 0048 baa8 | 68ae 0107 | 0000 0048 

  0x000002316329e1c0: ;   {metadata(method data for {method} {0x000002317a4164f8} 'sanitizeStackTrace' '(Ljava/lang/Throwable;)Ljava/lang/Throwable;' in 'kotlin/jvm/internal/Intrinsics')}
  0x000002316329e1c0: 8bf2 48bf | 18cc 5b7a | 3102 0000 | 4883 8710 | 0100 0001 

  0x000002316329e1d4: ;   {metadata(method data for {method} {0x000002310046b368} 'getName' '()Ljava/lang/String;' in 'java/lang/Class')}
  0x000002316329e1d4: 48be 9887 | 037a 3102 | 0000 8bbe | cc00 0000 | 83c7 0289 | becc 0000 | 0081 e7fe | ff1f 0085 
  0x000002316329e1f4: ff0f 8422 | 0d00 008b | 522c 48c1 | e203 4885 

  0x000002316329e204: ;   {metadata(method data for {method} {0x000002310046b368} 'getName' '()Ljava/lang/String;' in 'java/lang/Class')}
  0x000002316329e204: d248 be98 | 8703 7a31 | 0200 0048 | c7c7 1001 | 0000 7407 | 48c7 c720 | 0100 0048 | 8b1c 3e48 
  0x000002316329e224: 8d5b 0148 | 891c 3e0f | 8418 0000 

  0x000002316329e230: ;   {metadata(method data for {method} {0x000002310046b368} 'getName' '()Ljava/lang/String;' in 'java/lang/Class')}
  0x000002316329e230: 0048 be98 | 8703 7a31 | 0200 00ff | 8630 0100 | 0048 8bf2 | e936 0000 

  0x000002316329e248: ;   {oop(a 'java/lang/Class'{0x0000000701ae68a8} = 'kotlin/jvm/internal/Intrinsics')}
  0x000002316329e248: 0048 baa8 | 68ae 0107 | 0000 0048 

  0x000002316329e254: ;   {metadata(method data for {method} {0x000002310046b368} 'getName' '()Ljava/lang/String;' in 'java/lang/Class')}
  0x000002316329e254: 8bf2 48bf | 9887 037a | 3102 0000 | 4883 8748 | 0100 0001 | 0f1f 8000 

  0x000002316329e26c: ;   {optimized virtual_call}
  0x000002316329e26c: 0000 00e8 

  0x000002316329e270: ; ImmutableOopMap {[168]=Oop [176]=Oop [208]=Oop [216]=Oop }
                      ;*invokevirtual initClassName {reexecute=0 rethrow=0 return_oop=0}
                      ; - java.lang.Class::getName@14 (line 950)
                      ; - kotlin.jvm.internal.Intrinsics::sanitizeStackTrace@3 (line 253)
                      ; - kotlin.jvm.internal.Intrinsics::throwParameterIsNullNPE@11 (line 140)
                      ; - kotlin.jvm.internal.Intrinsics::checkNotNullParameter@5 (line 131)
                      ; - kotlin.ResultKt::createFailure@3
                      ; - kotlin.coroutines.jvm.internal.BaseContinuationImpl::resumeWith@76 (line 38)
  0x000002316329e270: 0c08 0a07 

  0x000002316329e274: ;   {other}
  0x000002316329e274: 0f1f 8400 | e411 0008 | 488b f048 | 8b84 24d8 | 0000 00e9 | 4007 0000 | 4889 b424 | a800 0000 
  0x000002316329e294: 4c89 8424 | e800 0000 

  0x000002316329e29c: ;   {metadata(method data for {method} {0x000002317a4143c8} 'checkNotNull' '(Ljava/lang/Object;)V' in 'kotlin/jvm/internal/Intrinsics')}
  0x000002316329e29c: 48ba b876 | 2d7b 3102 | 0000 4883 | 8230 0100 

  0x000002316329e2ac: ;   {metadata(method data for {method} {0x000002317a4146b0} 'throwJavaNpe' '()V' in 'kotlin/jvm/internal/Intrinsics')}
  0x000002316329e2ac: 0001 48ba | 3878 2d7b | 3102 0000 | 8bb2 cc00 | 0000 83c6 | 0289 b2cc | 0000 0081 | e6fe ff1f 
  0x000002316329e2cc: 0085 f60f | 846e 0c00 | 0066 6690 

  0x000002316329e2d8: ;   {no_reloc}
  0x000002316329e2d8: e996 0c00 | 0000 0000 | 0000 498b | 87b8 0100 | 0048 8d78 | 3049 3bbf | c801 0000 | 0f87 830c 
  0x000002316329e2f8: 0000 4989 | bfb8 0100 | 0048 c700 | 0100 0000 | 488b ca49 | ba00 0000 | 0031 0200 | 0049 2bca 
  0x000002316329e318: 8948 0848 | 33c9 8948 | 0c48 33c9 | 4889 4810 | 4889 4818 | 4889 4820 | 4889 4828 

  0x000002316329e334: ;   {metadata(method data for {method} {0x000002317a4146b0} 'throwJavaNpe' '()V' in 'kotlin/jvm/internal/Intrinsics')}
  0x000002316329e334: 488b d048 | be38 782d | 7b31 0200 | 0048 8386 | 1001 0000 | 0148 8bd0 | 4889 8424 | e000 0000 
  0x000002316329e354: ;   {optimized virtual_call}
  0x000002316329e354: 6666 90e8 

  0x000002316329e358: ; ImmutableOopMap {[168]=Oop [176]=Oop [224]=Oop [232]=Oop }
                      ;*invokespecial <init> {reexecute=0 rethrow=0 return_oop=0}
                      ; - kotlin.jvm.internal.Intrinsics::throwJavaNpe@4 (line 45)
                      ; - kotlin.jvm.internal.Intrinsics::checkNotNull@4 (line 25)
                      ; - kotlin.coroutines.jvm.internal.BaseContinuationImpl::resumeWith@31 (line 31)
  0x000002316329e358: 2407 0a07 

  0x000002316329e35c: ;   {other}
  0x000002316329e35c: 0f1f 8400 | cc12 0009 

  0x000002316329e364: ;   {metadata(method data for {method} {0x000002317a4146b0} 'throwJavaNpe' '()V' in 'kotlin/jvm/internal/Intrinsics')}
  0x000002316329e364: 48ba 3878 | 2d7b 3102 | 0000 4883 | 8220 0100 

  0x000002316329e374: ;   {metadata(method data for {method} {0x000002317a4164f8} 'sanitizeStackTrace' '(Ljava/lang/Throwable;)Ljava/lang/Throwable;' in 'kotlin/jvm/internal/Intrinsics')}
  0x000002316329e374: 0001 48ba | 18cc 5b7a | 3102 0000 | 8bb2 cc00 | 0000 83c6 | 0289 b2cc | 0000 0081 | e6fe ff1f 
  0x000002316329e394: 0085 f60f | 84ed 0b00 

  0x000002316329e39c: ;   {oop(a 'java/lang/Class'{0x0000000701ae68a8} = 'kotlin/jvm/internal/Intrinsics')}
  0x000002316329e39c: 0048 baa8 | 68ae 0107 | 0000 0048 

  0x000002316329e3a8: ;   {metadata(method data for {method} {0x000002317a4164f8} 'sanitizeStackTrace' '(Ljava/lang/Throwable;)Ljava/lang/Throwable;' in 'kotlin/jvm/internal/Intrinsics')}
  0x000002316329e3a8: 8bf2 48bf | 18cc 5b7a | 3102 0000 | 4883 8710 | 0100 0001 

  0x000002316329e3bc: ;   {metadata(method data for {method} {0x000002310046b368} 'getName' '()Ljava/lang/String;' in 'java/lang/Class')}
  0x000002316329e3bc: 48be 9887 | 037a 3102 | 0000 8bbe | cc00 0000 | 83c7 0289 | becc 0000 | 0081 e7fe | ff1f 0085 
  0x000002316329e3dc: ff0f 84c8 | 0b00 008b | 522c 48c1 | e203 4885 

  0x000002316329e3ec: ;   {metadata(method data for {method} {0x000002310046b368} 'getName' '()Ljava/lang/String;' in 'java/lang/Class')}
  0x000002316329e3ec: d248 be98 | 8703 7a31 | 0200 0048 | c7c7 1001 | 0000 7407 | 48c7 c720 | 0100 0048 | 8b1c 3e48 
  0x000002316329e40c: 8d5b 0148 | 891c 3e0f | 8418 0000 

  0x000002316329e418: ;   {metadata(method data for {method} {0x000002310046b368} 'getName' '()Ljava/lang/String;' in 'java/lang/Class')}
  0x000002316329e418: 0048 be98 | 8703 7a31 | 0200 00ff | 8630 0100 | 0048 8bf2 | e936 0000 

  0x000002316329e430: ;   {oop(a 'java/lang/Class'{0x0000000701ae68a8} = 'kotlin/jvm/internal/Intrinsics')}
  0x000002316329e430: 0048 baa8 | 68ae 0107 | 0000 0048 

  0x000002316329e43c: ;   {metadata(method data for {method} {0x000002310046b368} 'getName' '()Ljava/lang/String;' in 'java/lang/Class')}
  0x000002316329e43c: 8bf2 48bf | 9887 037a | 3102 0000 | 4883 8748 | 0100 0001 | 0f1f 8000 

  0x000002316329e454: ;   {optimized virtual_call}
  0x000002316329e454: 0000 00e8 

  0x000002316329e458: ; ImmutableOopMap {[168]=Oop [176]=Oop [224]=Oop [232]=Oop }
                      ;*invokevirtual initClassName {reexecute=0 rethrow=0 return_oop=0}
                      ; - java.lang.Class::getName@14 (line 950)
                      ; - kotlin.jvm.internal.Intrinsics::sanitizeStackTrace@3 (line 253)
                      ; - kotlin.jvm.internal.Intrinsics::throwJavaNpe@7 (line 45)
                      ; - kotlin.jvm.internal.Intrinsics::checkNotNull@4 (line 25)
                      ; - kotlin.coroutines.jvm.internal.BaseContinuationImpl::resumeWith@31 (line 31)
  0x000002316329e458: 2406 0a07 

  0x000002316329e45c: ;   {other}
  0x000002316329e45c: 0f1f 8400 | cc13 000a | 488b f048 | 8b84 24e0 | 0000 00e9 | 3804 0000 | 4c89 8424 | e800 0000 
  0x000002316329e47c: 4889 9424 | f800 0000 

  0x000002316329e484: ;   {metadata(method data for {method} {0x000002317a415410} 'checkNotNullParameter' '(Ljava/lang/Object;Ljava/lang/String;)V' in 'kotlin/jvm/internal/Intrinsics')}
  0x000002316329e484: 48be b0c3 | 5b7a 3102 | 0000 4883 | 8630 0100 

  0x000002316329e494: ;   {metadata(method data for {method} {0x000002317a415590} 'throwParameterIsNullNPE' '(Ljava/lang/String;)V' in 'kotlin/jvm/internal/Intrinsics')}
  0x000002316329e494: 0001 48be | 38c5 5b7a | 3102 0000 | 8bbe cc00 | 0000 83c7 | 0289 becc | 0000 0081 | e7fe ff1f 
  0x000002316329e4b4: 0085 ff0f | 8414 0b00 | 0066 6690 

  0x000002316329e4c0: ;   {no_reloc}
  0x000002316329e4c0: e93c 0b00 | 0000 0000 | 0000 498b | 87b8 0100 | 0048 8d78 | 3049 3bbf | c801 0000 | 0f87 290b 
  0x000002316329e4e0: 0000 4989 | bfb8 0100 | 0048 c700 | 0100 0000 | 488b ca49 | ba00 0000 | 0031 0200 | 0049 2bca 
  0x000002316329e500: 8948 0848 | 33c9 8948 | 0c48 33c9 | 4889 4810 | 4889 4818 | 4889 4820 | 4889 4828 

  0x000002316329e51c: ;   {metadata(method data for {method} {0x000002317a415590} 'throwParameterIsNullNPE' '(Ljava/lang/String;)V' in 'kotlin/jvm/internal/Intrinsics')}
  0x000002316329e51c: 48ba 38c5 | 5b7a 3102 | 0000 4883 | 8210 0100 

  0x000002316329e52c: ;   {oop("frame"{0x00000007ffc54ea0})}
  0x000002316329e52c: 0001 48ba | a04e c5ff | 0700 0000 | 4889 8424 | f000 0000 | 0f1f 8000 

  0x000002316329e544: ;   {static_call}
  0x000002316329e544: 0000 00e8 

  0x000002316329e548: ; ImmutableOopMap {[232]=Oop [240]=Oop [248]=Oop }
                      ;*invokestatic createParameterIsNullExceptionMessage {reexecute=0 rethrow=0 return_oop=0}
                      ; - kotlin.jvm.internal.Intrinsics::throwParameterIsNullNPE@5 (line 140)
                      ; - kotlin.jvm.internal.Intrinsics::checkNotNullParameter@5 (line 131)
                      ; - kotlin.coroutines.jvm.internal.DebugProbesKt::probeCoroutineResumed@3
                      ; - kotlin.coroutines.jvm.internal.BaseContinuationImpl::resumeWith@13 (line 29)
  0x000002316329e548: 340b 0a07 

  0x000002316329e54c: ;   {other}
  0x000002316329e54c: 0f1f 8400 | bc14 000b | 4c8b 8424 | f000 0000 

  0x000002316329e55c: ;   {metadata(method data for {method} {0x000002317a415590} 'throwParameterIsNullNPE' '(Ljava/lang/String;)V' in 'kotlin/jvm/internal/Intrinsics')}
  0x000002316329e55c: 48ba 38c5 | 5b7a 3102 | 0000 4883 | 8220 0100 | 0001 4c8b | c048 8b94 | 24f0 0000 | 0066 0f1f 
  0x000002316329e57c: ;   {optimized virtual_call}
  0x000002316329e57c: 4400 00e8 

  0x000002316329e580: ; ImmutableOopMap {[232]=Oop [240]=Oop [248]=Oop }
                      ;*invokespecial <init> {reexecute=0 rethrow=0 return_oop=0}
                      ; - kotlin.jvm.internal.Intrinsics::throwParameterIsNullNPE@8 (line 140)
                      ; - kotlin.jvm.internal.Intrinsics::checkNotNullParameter@5 (line 131)
                      ; - kotlin.coroutines.jvm.internal.DebugProbesKt::probeCoroutineResumed@3
                      ; - kotlin.coroutines.jvm.internal.BaseContinuationImpl::resumeWith@13 (line 29)
  0x000002316329e580: fc04 0a07 

  0x000002316329e584: ;   {other}
  0x000002316329e584: 0f1f 8400 | f414 000c 

  0x000002316329e58c: ;   {metadata(method data for {method} {0x000002317a415590} 'throwParameterIsNullNPE' '(Ljava/lang/String;)V' in 'kotlin/jvm/internal/Intrinsics')}
  0x000002316329e58c: 48ba 38c5 | 5b7a 3102 | 0000 4883 | 8230 0100 

  0x000002316329e59c: ;   {metadata(method data for {method} {0x000002317a4164f8} 'sanitizeStackTrace' '(Ljava/lang/Throwable;)Ljava/lang/Throwable;' in 'kotlin/jvm/internal/Intrinsics')}
  0x000002316329e59c: 0001 48ba | 18cc 5b7a | 3102 0000 | 8bb2 cc00 | 0000 83c6 | 0289 b2cc | 0000 0081 | e6fe ff1f 
  0x000002316329e5bc: 0085 f60f | 8453 0a00 

  0x000002316329e5c4: ;   {oop(a 'java/lang/Class'{0x0000000701ae68a8} = 'kotlin/jvm/internal/Intrinsics')}
  0x000002316329e5c4: 0048 baa8 | 68ae 0107 | 0000 0048 

  0x000002316329e5d0: ;   {metadata(method data for {method} {0x000002317a4164f8} 'sanitizeStackTrace' '(Ljava/lang/Throwable;)Ljava/lang/Throwable;' in 'kotlin/jvm/internal/Intrinsics')}
  0x000002316329e5d0: 8bf2 48bf | 18cc 5b7a | 3102 0000 | 4883 8710 | 0100 0001 

  0x000002316329e5e4: ;   {metadata(method data for {method} {0x000002310046b368} 'getName' '()Ljava/lang/String;' in 'java/lang/Class')}
  0x000002316329e5e4: 48be 9887 | 037a 3102 | 0000 8bbe | cc00 0000 | 83c7 0289 | becc 0000 | 0081 e7fe | ff1f 0085 
  0x000002316329e604: ff0f 842e | 0a00 008b | 522c 48c1 | e203 4885 

  0x000002316329e614: ;   {metadata(method data for {method} {0x000002310046b368} 'getName' '()Ljava/lang/String;' in 'java/lang/Class')}
  0x000002316329e614: d248 be98 | 8703 7a31 | 0200 0048 | c7c7 1001 | 0000 7407 | 48c7 c720 | 0100 0048 | 8b1c 3e48 
  0x000002316329e634: 8d5b 0148 | 891c 3e0f | 8418 0000 

  0x000002316329e640: ;   {metadata(method data for {method} {0x000002310046b368} 'getName' '()Ljava/lang/String;' in 'java/lang/Class')}
  0x000002316329e640: 0048 be98 | 8703 7a31 | 0200 00ff | 8630 0100 | 0048 8bf2 | e936 0000 

  0x000002316329e658: ;   {oop(a 'java/lang/Class'{0x0000000701ae68a8} = 'kotlin/jvm/internal/Intrinsics')}
  0x000002316329e658: 0048 baa8 | 68ae 0107 | 0000 0048 

  0x000002316329e664: ;   {metadata(method data for {method} {0x000002310046b368} 'getName' '()Ljava/lang/String;' in 'java/lang/Class')}
  0x000002316329e664: 8bf2 48bf | 9887 037a | 3102 0000 | 4883 8748 | 0100 0001 | 0f1f 8000 

  0x000002316329e67c: ;   {optimized virtual_call}
  0x000002316329e67c: 0000 00e8 

  0x000002316329e680: ; ImmutableOopMap {[232]=Oop [240]=Oop [248]=Oop }
                      ;*invokevirtual initClassName {reexecute=0 rethrow=0 return_oop=0}
                      ; - java.lang.Class::getName@14 (line 950)
                      ; - kotlin.jvm.internal.Intrinsics::sanitizeStackTrace@3 (line 253)
                      ; - kotlin.jvm.internal.Intrinsics::throwParameterIsNullNPE@11 (line 140)
                      ; - kotlin.jvm.internal.Intrinsics::checkNotNullParameter@5 (line 131)
                      ; - kotlin.coroutines.jvm.internal.DebugProbesKt::probeCoroutineResumed@3
                      ; - kotlin.coroutines.jvm.internal.BaseContinuationImpl::resumeWith@13 (line 29)
  0x000002316329e680: fc03 0a07 

  0x000002316329e684: ;   {other}
  0x000002316329e684: 0f1f 8400 | f415 000d | 488b f048 | 8b84 24f0 | 0000 00e9 | ec00 0000 | 488b 8424 | b800 0000 
  0x000002316329e6a4: ; implicit exception: dispatches to 0x000002316329f05f
  0x000002316329e6a4: 483b 074c 

  0x000002316329e6a8: ;   {metadata(method data for {method} {0x000002317a4d4c80} 'resumeWith' '(Ljava/lang/Object;)V' in 'kotlin/coroutines/jvm/internal/BaseContinuationImpl')}
  0x000002316329e6a8: 8bc7 48ba | d8cd d47b | 3102 0000 | 458b 4008 | 49ba 0000 | 0000 3102 | 0000 4d03 | c24c 3b82 
  0x000002316329e6c8: 0803 0000 | 750d 4883 | 8210 0300 | 0001 e960 | 0000 004c | 3b82 1803 | 0000 750d | 4883 8220 
  0x000002316329e6e8: 0300 0001 | e94a 0000 | 0048 83ba | 0803 0000 | 0075 174c | 8982 0803 | 0000 48c7 | 8210 0300 
  0x000002316329e708: 0001 0000 | 00e9 2900 | 0000 4883 | ba18 0300 | 0000 7517 | 4c89 8218 | 0300 0048 | c782 2003 
  0x000002316329e728: 0000 0100 | 0000 e908 | 0000 0048 | 8382 f802 | 0000 014c | 8bc0 488b | d70f 1f40 | 0048 b880 
  0x000002316329e748: 5422 4831 

  0x000002316329e74c: ;   {virtual_call}
  0x000002316329e74c: 0200 00e8 

  0x000002316329e750: ; ImmutableOopMap {}
                      ;*invokeinterface resumeWith {reexecute=0 rethrow=0 return_oop=0}
                      ; - kotlin.coroutines.jvm.internal.BaseContinuationImpl::resumeWith@114 (line 47)
  0x000002316329e750: 2c60 1607 

  0x000002316329e754: ;   {other}
  0x000002316329e754: 0f1f 8400 | c416 000e | 4881 c410 | 0100 005d 

  0x000002316329e764: ;   {poll_return}
  0x000002316329e764: 493b a748 | 0400 000f | 87f3 0800 | 00c3 4881 | c410 0100 

  0x000002316329e778: ;   {poll_return}
  0x000002316329e778: 005d 493b | a748 0400 | 000f 87f3 | 0800 00c3 

  0x000002316329e788: ;   {metadata(method data for {method} {0x000002317a4164f8} 'sanitizeStackTrace' '(Ljava/lang/Throwable;)Ljava/lang/Throwable;' in 'kotlin/jvm/internal/Intrinsics')}
  0x000002316329e788: 48ba 18cc | 5b7a 3102 | 0000 4883 | 8248 0100 | 0001 488b | d04c 8bc6 | 0f1f 8000 

  0x000002316329e7a4: ;   {static_call}
  0x000002316329e7a4: 0000 00e8 

  0x000002316329e7a8: ; ImmutableOopMap {[232]=Oop [248]=Oop }
                      ;*invokestatic sanitizeStackTrace {reexecute=0 rethrow=0 return_oop=0}
                      ; - kotlin.jvm.internal.Intrinsics::sanitizeStackTrace@6 (line 253)
                      ; - kotlin.jvm.internal.Intrinsics::throwParameterIsNullNPE@11 (line 140)
                      ; - kotlin.jvm.internal.Intrinsics::checkNotNullParameter@5 (line 131)
                      ; - kotlin.coroutines.jvm.internal.DebugProbesKt::probeCoroutineResumed@3
                      ; - kotlin.coroutines.jvm.internal.BaseContinuationImpl::resumeWith@13 (line 29)
  0x000002316329e7a8: d408 0a07 

  0x000002316329e7ac: ;   {other}
  0x000002316329e7ac: 0f1f 8400 | 1c17 000f | 488b 9424 | f800 0000 | 4885 c075 

  0x000002316329e7c0: ;   {metadata(method data for {method} {0x000002317a415590} 'throwParameterIsNullNPE' '(Ljava/lang/String;)V' in 'kotlin/jvm/internal/Intrinsics')}
  0x000002316329e7c0: 1648 be38 | c55b 7a31 | 0200 0080 | 8e39 0100 | 0001 e9cd 

  0x000002316329e7d4: ;   {metadata('java/lang/NullPointerException')}
  0x000002316329e7d4: 0000 0048 | bf88 cd06 | 0031 0200 | 008b 7008 | 49ba 0000 | 0000 3102 | 0000 4903 | f248 3b7e 
  0x000002316329e7f4: 500f 858d 

  0x000002316329e7f8: ;   {metadata(method data for {method} {0x000002317a415590} 'throwParameterIsNullNPE' '(Ljava/lang/String;)V' in 'kotlin/jvm/internal/Intrinsics')}
  0x000002316329e7f8: 0000 0048 | be38 c55b | 7a31 0200 | 008b 7808 | 49ba 0000 | 0000 3102 | 0000 4903 | fa48 3bbe 
  0x000002316329e818: 5001 0000 | 750d 4883 | 8658 0100 | 0001 e979 | 0000 0048 | 3bbe 6001 | 0000 750d | 4883 8668 
  0x000002316329e838: 0100 0001 | e963 0000 | 0048 83be | 5001 0000 | 0075 1748 | 89be 5001 | 0000 48c7 | 8658 0100 
  0x000002316329e858: 0001 0000 | 00e9 4200 | 0000 4883 | be60 0100 | 0000 7517 | 4889 be60 | 0100 0048 | c786 6801 
  0x000002316329e878: 0000 0100 | 0000 e921 | 0000 00e9 | 1c00 0000 

  0x000002316329e888: ;   {metadata(method data for {method} {0x000002317a415590} 'throwParameterIsNullNPE' '(Ljava/lang/String;)V' in 'kotlin/jvm/internal/Intrinsics')}
  0x000002316329e888: 48be 38c5 | 5b7a 3102 | 0000 4883 | ae40 0100 | 0001 e9f1 | 0700 00e9 | 0000 0000 

  0x000002316329e8a4: ; implicit exception: dispatches to 0x000002316329f099
  0x000002316329e8a4: 483b 00e9 | 3908 0000 

  0x000002316329e8ac: ;   {metadata(method data for {method} {0x000002317a4164f8} 'sanitizeStackTrace' '(Ljava/lang/Throwable;)Ljava/lang/Throwable;' in 'kotlin/jvm/internal/Intrinsics')}
  0x000002316329e8ac: 48ba 18cc | 5b7a 3102 | 0000 4883 | 8248 0100 | 0001 488b | d04c 8bc6 

  0x000002316329e8c4: ;   {static_call}
  0x000002316329e8c4: 6666 90e8 

  0x000002316329e8c8: ; ImmutableOopMap {[168]=Oop [176]=Oop [232]=Oop }
                      ;*invokestatic sanitizeStackTrace {reexecute=0 rethrow=0 return_oop=0}
                      ; - kotlin.jvm.internal.Intrinsics::sanitizeStackTrace@6 (line 253)
                      ; - kotlin.jvm.internal.Intrinsics::throwJavaNpe@7 (line 45)
                      ; - kotlin.jvm.internal.Intrinsics::checkNotNull@4 (line 25)
                      ; - kotlin.coroutines.jvm.internal.BaseContinuationImpl::resumeWith@31 (line 31)
  0x000002316329e8c8: b407 0a07 

  0x000002316329e8cc: ;   {other}
  0x000002316329e8cc: 0f1f 8400 | 3c18 0010 | 4c8b 8424 | e800 0000 | 4885 c075 

  0x000002316329e8e0: ;   {metadata(method data for {method} {0x000002317a4146b0} 'throwJavaNpe' '()V' in 'kotlin/jvm/internal/Intrinsics')}
  0x000002316329e8e0: 1648 be38 | 782d 7b31 | 0200 0080 | 8e29 0100 | 0001 e9cd 

  0x000002316329e8f4: ;   {metadata('java/lang/NullPointerException')}
  0x000002316329e8f4: 0000 0048 | bf88 cd06 | 0031 0200 | 008b 7008 | 49ba 0000 | 0000 3102 | 0000 4903 | f248 3b7e 
  0x000002316329e914: 500f 858d 

  0x000002316329e918: ;   {metadata(method data for {method} {0x000002317a4146b0} 'throwJavaNpe' '()V' in 'kotlin/jvm/internal/Intrinsics')}
  0x000002316329e918: 0000 0048 | be38 782d | 7b31 0200 | 008b 7808 | 49ba 0000 | 0000 3102 | 0000 4903 | fa48 3bbe 
  0x000002316329e938: 4001 0000 | 750d 4883 | 8648 0100 | 0001 e979 | 0000 0048 | 3bbe 5001 | 0000 750d | 4883 8658 
  0x000002316329e958: 0100 0001 | e963 0000 | 0048 83be | 4001 0000 | 0075 1748 | 89be 4001 | 0000 48c7 | 8648 0100 
  0x000002316329e978: 0001 0000 | 00e9 4200 | 0000 4883 | be50 0100 | 0000 7517 | 4889 be50 | 0100 0048 | c786 5801 
  0x000002316329e998: 0000 0100 | 0000 e921 | 0000 00e9 | 1c00 0000 

  0x000002316329e9a8: ;   {metadata(method data for {method} {0x000002317a4146b0} 'throwJavaNpe' '()V' in 'kotlin/jvm/internal/Intrinsics')}
  0x000002316329e9a8: 48be 3878 | 2d7b 3102 | 0000 4883 | ae30 0100 | 0001 e9df | 0600 00e9 | 0000 0000 

  0x000002316329e9c4: ; implicit exception: dispatches to 0x000002316329f0a7
  0x000002316329e9c4: 483b 00e9 | 1907 0000 

  0x000002316329e9cc: ;   {metadata(method data for {method} {0x000002317a4164f8} 'sanitizeStackTrace' '(Ljava/lang/Throwable;)Ljava/lang/Throwable;' in 'kotlin/jvm/internal/Intrinsics')}
  0x000002316329e9cc: 48ba 18cc | 5b7a 3102 | 0000 4883 | 8248 0100 | 0001 488b | d04c 8bc6 

  0x000002316329e9e4: ;   {static_call}
  0x000002316329e9e4: 6666 90e8 

  0x000002316329e9e8: ; ImmutableOopMap {[168]=Oop [176]=Oop [208]=Oop }
                      ;*invokestatic sanitizeStackTrace {reexecute=0 rethrow=0 return_oop=0}
                      ; - kotlin.jvm.internal.Intrinsics::sanitizeStackTrace@6 (line 253)
                      ; - kotlin.jvm.internal.Intrinsics::throwParameterIsNullNPE@11 (line 140)
                      ; - kotlin.jvm.internal.Intrinsics::checkNotNullParameter@5 (line 131)
                      ; - kotlin.ResultKt::createFailure@3
                      ; - kotlin.coroutines.jvm.internal.BaseContinuationImpl::resumeWith@76 (line 38)
  0x000002316329e9e8: 9406 0a07 

  0x000002316329e9ec: ;   {other}
  0x000002316329e9ec: 0f1f 8400 | 5c19 0011 | 4885 c075 

  0x000002316329e9f8: ;   {metadata(method data for {method} {0x000002317a415590} 'throwParameterIsNullNPE' '(Ljava/lang/String;)V' in 'kotlin/jvm/internal/Intrinsics')}
  0x000002316329e9f8: 1749 b838 | c55b 7a31 | 0200 0041 | 8088 3901 | 0000 01e9 | ce00 0000 

  0x000002316329ea10: ;   {metadata('java/lang/NullPointerException')}
  0x000002316329ea10: 48be 88cd | 0600 3102 | 0000 448b | 4008 49ba | 0000 0000 | 3102 0000 | 4d03 c249 | 3b70 500f 
  0x000002316329ea30: 858d 0000 

  0x000002316329ea34: ;   {metadata(method data for {method} {0x000002317a415590} 'throwParameterIsNullNPE' '(Ljava/lang/String;)V' in 'kotlin/jvm/internal/Intrinsics')}
  0x000002316329ea34: 0049 b838 | c55b 7a31 | 0200 008b | 7008 49ba | 0000 0000 | 3102 0000 | 4903 f249 | 3bb0 5001 
  0x000002316329ea54: 0000 750d | 4983 8058 | 0100 0001 | e979 0000 | 0049 3bb0 | 6001 0000 | 750d 4983 | 8068 0100 
  0x000002316329ea74: 0001 e963 | 0000 0049 | 83b8 5001 | 0000 0075 | 1749 89b0 | 5001 0000 | 49c7 8058 | 0100 0001 
  0x000002316329ea94: 0000 00e9 | 4200 0000 | 4983 b860 | 0100 0000 | 7517 4989 | b060 0100 | 0049 c780 | 6801 0000 
  0x000002316329eab4: 0100 0000 | e921 0000 | 00e9 1c00 

  0x000002316329eac0: ;   {metadata(method data for {method} {0x000002317a415590} 'throwParameterIsNullNPE' '(Ljava/lang/String;)V' in 'kotlin/jvm/internal/Intrinsics')}
  0x000002316329eac0: 0000 49b8 | 38c5 5b7a | 3102 0000 | 4983 a840 | 0100 0001 | e9d3 0500 | 00e9 0000 | 0000 483b 
  0x000002316329eae0: 00e9 ff05 

  0x000002316329eae4: ;   {metadata(method data for {method} {0x000002317a4164f8} 'sanitizeStackTrace' '(Ljava/lang/Throwable;)Ljava/lang/Throwable;' in 'kotlin/jvm/internal/Intrinsics')}
  0x000002316329eae4: 0000 48ba | 18cc 5b7a | 3102 0000 | 4883 8248 | 0100 0001 | 488b d04c 

  0x000002316329eafc: ;   {static_call}
  0x000002316329eafc: 8bc6 90e8 

  0x000002316329eb00: ; ImmutableOopMap {[168]=Oop [176]=Oop [200]=Oop [208]=Oop }
                      ;*invokestatic sanitizeStackTrace {reexecute=0 rethrow=0 return_oop=0}
                      ; - kotlin.jvm.internal.Intrinsics::sanitizeStackTrace@6 (line 253)
                      ; - kotlin.jvm.internal.Intrinsics::throwParameterIsNullNPE@11 (line 140)
                      ; - kotlin.jvm.internal.Intrinsics::checkNotNullParameter@5 (line 131)
                      ; - kotlin.Result$Failure::<init>@3
                      ; - kotlin.ResultKt::createFailure@11 (line 122)
                      ; - kotlin.coroutines.jvm.internal.BaseContinuationImpl::resumeWith@76 (line 38)
  0x000002316329eb00: 7c05 0a07 

  0x000002316329eb04: ;   {other}
  0x000002316329eb04: 0f1f 8400 | 741a 0012 | 488b 9c24 | c800 0000 | 488b b424 | d000 0000 | 488b bc24 | b000 0000 
  0x000002316329eb24: 488b 9424 | a800 0000 | 4885 c075 

  0x000002316329eb30: ;   {metadata(method data for {method} {0x000002317a415590} 'throwParameterIsNullNPE' '(Ljava/lang/String;)V' in 'kotlin/jvm/internal/Intrinsics')}
  0x000002316329eb30: 1749 b838 | c55b 7a31 | 0200 0041 | 8088 3901 | 0000 01e9 | cf00 0000 

  0x000002316329eb48: ;   {metadata('java/lang/NullPointerException')}
  0x000002316329eb48: 49b9 88cd | 0600 3102 | 0000 448b | 4008 49ba | 0000 0000 | 3102 0000 | 4d03 c24d | 3b48 500f 
  0x000002316329eb68: 858e 0000 

  0x000002316329eb6c: ;   {metadata(method data for {method} {0x000002317a415590} 'throwParameterIsNullNPE' '(Ljava/lang/String;)V' in 'kotlin/jvm/internal/Intrinsics')}
  0x000002316329eb6c: 0049 b838 | c55b 7a31 | 0200 0044 | 8b48 0849 | ba00 0000 | 0031 0200 | 004d 03ca | 4d3b 8850 
  0x000002316329eb8c: 0100 0075 | 0d49 8380 | 5801 0000 | 01e9 7900 | 0000 4d3b | 8860 0100 | 0075 0d49 | 8380 6801 
  0x000002316329ebac: 0000 01e9 | 6300 0000 | 4983 b850 | 0100 0000 | 7517 4d89 | 8850 0100 | 0049 c780 | 5801 0000 
  0x000002316329ebcc: 0100 0000 | e942 0000 | 0049 83b8 | 6001 0000 | 0075 174d | 8988 6001 | 0000 49c7 | 8068 0100 
  0x000002316329ebec: 0001 0000 | 00e9 2100 | 0000 e91c 

  0x000002316329ebf8: ;   {metadata(method data for {method} {0x000002317a415590} 'throwParameterIsNullNPE' '(Ljava/lang/String;)V' in 'kotlin/jvm/internal/Intrinsics')}
  0x000002316329ebf8: 0000 0049 | b838 c55b | 7a31 0200 | 0049 83a8 | 4001 0000 | 01e9 a804 | 0000 e900 | 0000 0048 
  0x000002316329ec18: 3b00 e9c6 

  0x000002316329ec1c: ;   {metadata({method} {0x000002317a4d4c80} 'resumeWith' '(Ljava/lang/Object;)V' in 'kotlin/coroutines/jvm/internal/BaseContinuationImpl')}
  0x000002316329ec1c: 0400 0049 | ba78 4c4d | 7a31 0200 | 004c 8954 | 2408 48c7 | 0424 ffff 

  0x000002316329ec34: ;   {runtime_call counter_overflow Runtime1 stub}
  0x000002316329ec34: ffff e8c5 

  0x000002316329ec38: ; ImmutableOopMap {rdx=Oop r8=Oop }
                      ;*synchronization entry
                      ; - kotlin.coroutines.jvm.internal.BaseContinuationImpl::resumeWith@-1 (line 24)
  0x000002316329ec38: 3216 07e9 | e6e8 ffff | 4889 1424 

  0x000002316329ec44: ;   {runtime_call throw_class_cast_exception Runtime1 stub}
  0x000002316329ec44: e8b7 fc15 

  0x000002316329ec48: ; ImmutableOopMap {r8=Oop rdx=Oop }
                      ;*checkcast {reexecute=0 rethrow=0 return_oop=0}
                      ; - kotlin.coroutines.jvm.internal.BaseContinuationImpl::resumeWith@10 (line 29)
                      ;   {metadata({method} {0x000002317a4fcad0} 'probeCoroutineResumed' '(Lkotlin/coroutines/Continuation;)V' in 'kotlin/coroutines/jvm/internal/DebugProbesKt')}
  0x000002316329ec48: 0749 bac8 | ca4f 7a31 | 0200 004c | 8954 2408 | 48c7 0424 | ffff ffff 

  0x000002316329ec60: ;   {runtime_call counter_overflow Runtime1 stub}
  0x000002316329ec60: e89b 3216 

  0x000002316329ec64: ; ImmutableOopMap {r8=Oop rdx=Oop rsi=Oop }
                      ;*synchronization entry
                      ; - kotlin.coroutines.jvm.internal.DebugProbesKt::probeCoroutineResumed@-1
                      ; - kotlin.coroutines.jvm.internal.BaseContinuationImpl::resumeWith@13 (line 29)
  0x000002316329ec64: 07e9 fce9 

  0x000002316329ec68: ;   {metadata({method} {0x000002317a415410} 'checkNotNullParameter' '(Ljava/lang/Object;Ljava/lang/String;)V' in 'kotlin/jvm/internal/Intrinsics')}
  0x000002316329ec68: ffff 49ba | 0854 417a | 3102 0000 | 4c89 5424 | 0848 c704 | 24ff ffff 

  0x000002316329ec80: ;   {runtime_call counter_overflow Runtime1 stub}
  0x000002316329ec80: ffe8 7a32 

  0x000002316329ec84: ; ImmutableOopMap {r8=Oop rdx=Oop rsi=Oop }
                      ;*synchronization entry
                      ; - kotlin.jvm.internal.Intrinsics::checkNotNullParameter@-1 (line 130)
                      ; - kotlin.coroutines.jvm.internal.DebugProbesKt::probeCoroutineResumed@3
                      ; - kotlin.coroutines.jvm.internal.BaseContinuationImpl::resumeWith@13 (line 29)
  0x000002316329ec84: 1607 e914 | eaff ff48 

  0x000002316329ec8c: ;   {runtime_call throw_class_cast_exception Runtime1 stub}
  0x000002316329ec8c: 8914 24e8 

  0x000002316329ec90: ; ImmutableOopMap {r8=Oop }
                      ;*checkcast {reexecute=0 rethrow=0 return_oop=0}
                      ; - kotlin.coroutines.jvm.internal.BaseContinuationImpl::resumeWith@17 (line 30)
  0x000002316329ec90: 6cfc 1507 

  0x000002316329ec94: ;   {runtime_call throw_null_pointer_exception Runtime1 stub}
  0x000002316329ec94: e867 d015 

  0x000002316329ec98: ; ImmutableOopMap {r8=Oop rsi=Oop }
                      ;*getfield completion {reexecute=1 rethrow=0 return_oop=0}
                      ; - (reexecute) kotlin.coroutines.jvm.internal.BaseContinuationImpl::resumeWith@27 (line 31)
                      ;   {metadata({method} {0x000002317a4143c8} 'checkNotNull' '(Ljava/lang/Object;)V' in 'kotlin/jvm/internal/Intrinsics')}
  0x000002316329ec98: 0749 bac0 | 4341 7a31 | 0200 004c | 8954 2408 | 48c7 0424 | ffff ffff 

  0x000002316329ecb0: ;   {runtime_call counter_overflow Runtime1 stub}
  0x000002316329ecb0: e84b 3216 

  0x000002316329ecb4: ; ImmutableOopMap {r8=Oop rsi=Oop rdi=Oop [176]=Oop }
                      ;*synchronization entry
                      ; - kotlin.jvm.internal.Intrinsics::checkNotNull@-1 (line 24)
                      ; - kotlin.coroutines.jvm.internal.BaseContinuationImpl::resumeWith@31 (line 31)
  0x000002316329ecb4: 07e9 47eb 

  0x000002316329ecb8: ;   {metadata({method} {0x000002317a4fab88} 'getCOROUTINE_SUSPENDED' '()Ljava/lang/Object;' in 'kotlin/coroutines/intrinsics/IntrinsicsKt__IntrinsicsKt')}
  0x000002316329ecb8: ffff 49ba | 80ab 4f7a | 3102 0000 | 4c89 5424 | 0848 c704 | 24ff ffff 

  0x000002316329ecd0: ;   {runtime_call counter_overflow Runtime1 stub}
  0x000002316329ecd0: ffe8 2a32 

  0x000002316329ecd4: ; ImmutableOopMap {rax=Oop [168]=Oop [176]=Oop }
                      ;*synchronization entry
                      ; - kotlin.coroutines.intrinsics.IntrinsicsKt__IntrinsicsKt::getCOROUTINE_SUSPENDED@-1 (line 57)
                      ; - kotlin.coroutines.jvm.internal.BaseContinuationImpl::resumeWith@47 (line 35)
  0x000002316329ecd4: 1607 e94a 

  0x000002316329ecd8: ;   {metadata({method} {0x000002317a50cf08} 'constructor-impl' '(Ljava/lang/Object;)Ljava/lang/Object;' in 'kotlin/Result')}
  0x000002316329ecd8: ecff ff49 | ba00 cf50 | 7a31 0200 | 004c 8954 | 2408 48c7 | 0424 ffff 

  0x000002316329ecf0: ;   {runtime_call counter_overflow Runtime1 stub}
  0x000002316329ecf0: ffff e809 

  0x000002316329ecf4: ; ImmutableOopMap {rax=Oop [168]=Oop [176]=Oop }
                      ;*synchronization entry
                      ; - kotlin.Result::constructor-impl@-1
                      ; - kotlin.coroutines.jvm.internal.BaseContinuationImpl::resumeWith@60 (line 36)
  0x000002316329ecf4: 3216 07e9 | 9bec ffff 

  0x000002316329ecfc: ;   {metadata({method} {0x000002317a5209e8} 'createFailure' '(Ljava/lang/Throwable;)Ljava/lang/Object;' in 'kotlin/ResultKt')}
  0x000002316329ecfc: 49ba e009 | 527a 3102 | 0000 4c89 | 5424 0848 | c704 24ff 

  0x000002316329ed10: ;   {runtime_call counter_overflow Runtime1 stub}
  0x000002316329ed10: ffff ffe8 

  0x000002316329ed14: ; ImmutableOopMap {rax=Oop [168]=Oop [176]=Oop }
                      ;*synchronization entry
                      ; - kotlin.ResultKt::createFailure@-1
                      ; - kotlin.coroutines.jvm.internal.BaseContinuationImpl::resumeWith@76 (line 38)
  0x000002316329ed14: e831 1607 | e9e3 ecff 

  0x000002316329ed1c: ;   {metadata({method} {0x000002317a415410} 'checkNotNullParameter' '(Ljava/lang/Object;Ljava/lang/String;)V' in 'kotlin/jvm/internal/Intrinsics')}
  0x000002316329ed1c: ff49 ba08 | 5441 7a31 | 0200 004c | 8954 2408 | 48c7 0424 | ffff ffff 

  0x000002316329ed34: ;   {runtime_call counter_overflow Runtime1 stub}
  0x000002316329ed34: e8c7 3116 

  0x000002316329ed38: ; ImmutableOopMap {rax=Oop [168]=Oop [176]=Oop }
                      ;*synchronization entry
                      ; - kotlin.jvm.internal.Intrinsics::checkNotNullParameter@-1 (line 130)
                      ; - kotlin.ResultKt::createFailure@3
                      ; - kotlin.coroutines.jvm.internal.BaseContinuationImpl::resumeWith@76 (line 38)
  0x000002316329ed38: 07e9 fbec | ffff 488b 

  0x000002316329ed40: ;   {runtime_call fast_new_instance Runtime1 stub}
  0x000002316329ed40: d2e8 badc 

  0x000002316329ed44: ; ImmutableOopMap {rbx=Oop [168]=Oop [176]=Oop }
                      ;*new {reexecute=0 rethrow=0 return_oop=0}
                      ; - kotlin.ResultKt::createFailure@6 (line 122)
                      ; - kotlin.coroutines.jvm.internal.BaseContinuationImpl::resumeWith@76 (line 38)
  0x000002316329ed44: 1507 e96c 

  0x000002316329ed48: ;   {metadata({method} {0x000002317a50ee40} '<init>' '(Ljava/lang/Throwable;)V' in 'kotlin/Result$Failure')}
  0x000002316329ed48: edff ff49 | ba38 ee50 | 7a31 0200 | 004c 8954 | 2408 48c7 | 0424 ffff 

  0x000002316329ed60: ;   {runtime_call counter_overflow Runtime1 stub}
  0x000002316329ed60: ffff e899 

  0x000002316329ed64: ; ImmutableOopMap {rbx=Oop rax=Oop [168]=Oop [176]=Oop }
                      ;*synchronization entry
                      ; - kotlin.Result$Failure::<init>@-1
                      ; - kotlin.ResultKt::createFailure@11 (line 122)
                      ; - kotlin.coroutines.jvm.internal.BaseContinuationImpl::resumeWith@76 (line 38)
  0x000002316329ed64: 3116 07e9 | 87ed ffff 

  0x000002316329ed6c: ;   {metadata({method} {0x000002317a415410} 'checkNotNullParameter' '(Ljava/lang/Object;Ljava/lang/String;)V' in 'kotlin/jvm/internal/Intrinsics')}
  0x000002316329ed6c: 49ba 0854 | 417a 3102 | 0000 4c89 | 5424 0848 | c704 24ff 

  0x000002316329ed80: ;   {runtime_call counter_overflow Runtime1 stub}
  0x000002316329ed80: ffff ffe8 

  0x000002316329ed84: ; ImmutableOopMap {rbx=Oop rax=Oop [168]=Oop [176]=Oop }
                      ;*synchronization entry
                      ; - kotlin.jvm.internal.Intrinsics::checkNotNullParameter@-1 (line 130)
                      ; - kotlin.Result$Failure::<init>@3
                      ; - kotlin.ResultKt::createFailure@11 (line 122)
                      ; - kotlin.coroutines.jvm.internal.BaseContinuationImpl::resumeWith@76 (line 38)
  0x000002316329ed84: 7831 1607 | e99f edff 

  0x000002316329ed8c: ;   {metadata({method} {0x0000023100476650} '<init>' '()V' in 'java/lang/Object')}
  0x000002316329ed8c: ff49 ba48 | 6647 0031 | 0200 004c | 8954 2408 | 48c7 0424 | ffff ffff 

  0x000002316329eda4: ;   {runtime_call counter_overflow Runtime1 stub}
  0x000002316329eda4: e857 3116 

  0x000002316329eda8: ; ImmutableOopMap {rbx=Oop rax=Oop [168]=Oop [176]=Oop }
                      ;*synchronization entry
                      ; - java.lang.Object::<init>@-1 (line 45)
                      ; - kotlin.Result$Failure::<init>@7 (line 105)
                      ; - kotlin.ResultKt::createFailure@11 (line 122)
                      ; - kotlin.coroutines.jvm.internal.BaseContinuationImpl::resumeWith@76 (line 38)
  0x000002316329eda8: 07e9 e9ed | ffff 8b50 | 0c48 c1e2 | 0348 83fa | 000f 84e5 | edff ff48 

  0x000002316329edc0: ;   {runtime_call g1_pre_barrier_slow}
  0x000002316329edc0: 8914 24e8 | 3837 1607 | e9d7 edff | ff48 83fb | 000f 84ec | edff ff48 

  0x000002316329edd8: ;   {runtime_call g1_post_barrier_slow}
  0x000002316329edd8: 8904 24e8 | 203a 1607 | e9de edff 

  0x000002316329ede4: ;   {metadata({method} {0x000002317a50cf08} 'constructor-impl' '(Ljava/lang/Object;)Ljava/lang/Object;' in 'kotlin/Result')}
  0x000002316329ede4: ff49 ba00 | cf50 7a31 | 0200 004c | 8954 2408 | 48c7 0424 | ffff ffff 

  0x000002316329edfc: ;   {runtime_call counter_overflow Runtime1 stub}
  0x000002316329edfc: e8ff 3016 

  0x000002316329ee00: ; ImmutableOopMap {rax=Oop [168]=Oop [176]=Oop }
                      ;*synchronization entry
                      ; - kotlin.Result::constructor-impl@-1
                      ; - kotlin.coroutines.jvm.internal.BaseContinuationImpl::resumeWith@79 (line 38)
  0x000002316329ee00: 07e9 f6ed 

  0x000002316329ee04: ;   {metadata({method} {0x000002317a4d4c80} 'resumeWith' '(Ljava/lang/Object;)V' in 'kotlin/coroutines/jvm/internal/BaseContinuationImpl')}
  0x000002316329ee04: ffff 49ba | 784c 4d7a | 3102 0000 | 4c89 5424 | 0848 c704 | 2479 0000 

  0x000002316329ee1c: ;   {runtime_call counter_overflow Runtime1 stub}
  0x000002316329ee1c: 00e8 de30 

  0x000002316329ee20: ; ImmutableOopMap {rdi=Oop [176]=Oop [184]=Oop }
                      ;*goto {reexecute=1 rethrow=0 return_oop=0}
                      ; - (reexecute) kotlin.coroutines.jvm.internal.BaseContinuationImpl::resumeWith@121 (line 30)
  0x000002316329ee20: 1607 e9f6 

  0x000002316329ee24: ;   {metadata({method} {0x000002317a415590} 'throwParameterIsNullNPE' '(Ljava/lang/String;)V' in 'kotlin/jvm/internal/Intrinsics')}
  0x000002316329ee24: efff ff49 | ba88 5541 | 7a31 0200 | 004c 8954 | 2408 48c7 | 0424 ffff 

  0x000002316329ee3c: ;   {runtime_call counter_overflow Runtime1 stub}
  0x000002316329ee3c: ffff e8bd 

  0x000002316329ee40: ; ImmutableOopMap {[168]=Oop [176]=Oop [200]=Oop [208]=Oop }
                      ;*synchronization entry
                      ; - kotlin.jvm.internal.Intrinsics::throwParameterIsNullNPE@-1 (line 140)
                      ; - kotlin.jvm.internal.Intrinsics::checkNotNullParameter@5 (line 131)
                      ; - kotlin.Result$Failure::<init>@3
                      ; - kotlin.ResultKt::createFailure@11 (line 122)
                      ; - kotlin.coroutines.jvm.internal.BaseContinuationImpl::resumeWith@76 (line 38)
  0x000002316329ee40: 3016 07e9 | 48f0 ffff 

  0x000002316329ee48: ;   {metadata(nullptr)}
  0x000002316329ee48: 48ba 0000 | 0000 0000 | 0000 b800 

  0x000002316329ee54: ;   {runtime_call load_klass_patching Runtime1 stub}
  0x000002316329ee54: 0f05 0ae8 

  0x000002316329ee58: ; ImmutableOopMap {[168]=Oop [176]=Oop [200]=Oop [208]=Oop }
                      ;*new {reexecute=1 rethrow=0 return_oop=0}
                      ; - (reexecute) kotlin.jvm.internal.Intrinsics::throwParameterIsNullNPE@0 (line 140)
                      ; - kotlin.jvm.internal.Intrinsics::checkNotNullParameter@5 (line 131)
                      ; - kotlin.Result$Failure::<init>@3
                      ; - kotlin.ResultKt::createFailure@11 (line 122)
                      ; - kotlin.coroutines.jvm.internal.BaseContinuationImpl::resumeWith@76 (line 38)
  0x000002316329ee58: 2420 1607 | e92f f0ff | ff48 8bd2 

  0x000002316329ee64: ;   {runtime_call fast_new_instance Runtime1 stub}
  0x000002316329ee64: e897 db15 

  0x000002316329ee68: ; ImmutableOopMap {[168]=Oop [176]=Oop [200]=Oop [208]=Oop }
                      ;*new {reexecute=0 rethrow=0 return_oop=0}
                      ; - kotlin.jvm.internal.Intrinsics::throwParameterIsNullNPE@0 (line 140)
                      ; - kotlin.jvm.internal.Intrinsics::checkNotNullParameter@5 (line 131)
                      ; - kotlin.Result$Failure::<init>@3
                      ; - kotlin.ResultKt::createFailure@11 (line 122)
                      ; - kotlin.coroutines.jvm.internal.BaseContinuationImpl::resumeWith@76 (line 38)
  0x000002316329ee68: 07e9 7ef0 

  0x000002316329ee6c: ;   {metadata({method} {0x000002317a4164f8} 'sanitizeStackTrace' '(Ljava/lang/Throwable;)Ljava/lang/Throwable;' in 'kotlin/jvm/internal/Intrinsics')}
  0x000002316329ee6c: ffff 49ba | f064 417a | 3102 0000 | 4c89 5424 | 0848 c704 | 24ff ffff 

  0x000002316329ee84: ;   {runtime_call counter_overflow Runtime1 stub}
  0x000002316329ee84: ffe8 7630 

  0x000002316329ee88: ; ImmutableOopMap {[168]=Oop [176]=Oop [192]=Oop [200]=Oop [208]=Oop }
                      ;*synchronization entry
                      ; - kotlin.jvm.internal.Intrinsics::sanitizeStackTrace@-1 (line 253)
                      ; - kotlin.jvm.internal.Intrinsics::throwParameterIsNullNPE@11 (line 140)
                      ; - kotlin.jvm.internal.Intrinsics::checkNotNullParameter@5 (line 131)
                      ; - kotlin.Result$Failure::<init>@3
                      ; - kotlin.ResultKt::createFailure@11 (line 122)
                      ; - kotlin.coroutines.jvm.internal.BaseContinuationImpl::resumeWith@76 (line 38)
  0x000002316329ee88: 1607 e906 

  0x000002316329ee8c: ;   {metadata({method} {0x000002310046b368} 'getName' '()Ljava/lang/String;' in 'java/lang/Class')}
  0x000002316329ee8c: f1ff ff49 | ba60 b346 | 0031 0200 | 004c 8954 | 2408 48c7 | 0424 ffff 

  0x000002316329eea4: ;   {runtime_call counter_overflow Runtime1 stub}
  0x000002316329eea4: ffff e855 

  0x000002316329eea8: ; ImmutableOopMap {rdx=Oop [168]=Oop [176]=Oop [192]=Oop [200]=Oop [208]=Oop }
                      ;*synchronization entry
                      ; - java.lang.Class::getName@-1 (line 949)
                      ; - kotlin.jvm.internal.Intrinsics::sanitizeStackTrace@3 (line 253)
                      ; - kotlin.jvm.internal.Intrinsics::throwParameterIsNullNPE@11 (line 140)
                      ; - kotlin.jvm.internal.Intrinsics::checkNotNullParameter@5 (line 131)
                      ; - kotlin.Result$Failure::<init>@3
                      ; - kotlin.ResultKt::createFailure@11 (line 122)
                      ; - kotlin.coroutines.jvm.internal.BaseContinuationImpl::resumeWith@76 (line 38)
  0x000002316329eea8: 3016 07e9 | 2bf1 ffff 

  0x000002316329eeb0: ;   {runtime_call throw_null_pointer_exception Runtime1 stub}
  0x000002316329eeb0: e84b ce15 

  0x000002316329eeb4: ; ImmutableOopMap {[168]=Oop [176]=Oop [192]=Oop [200]=Oop [208]=Oop }
                      ;*getfield name {reexecute=1 rethrow=0 return_oop=0}
                      ; - (reexecute) java.lang.Class::getName@1 (line 949)
                      ; - kotlin.jvm.internal.Intrinsics::sanitizeStackTrace@3 (line 253)
                      ; - kotlin.jvm.internal.Intrinsics::throwParameterIsNullNPE@11 (line 140)
                      ; - kotlin.jvm.internal.Intrinsics::checkNotNullParameter@5 (line 131)
                      ; - kotlin.Result$Failure::<init>@3
                      ; - kotlin.ResultKt::createFailure@11 (line 122)
                      ; - kotlin.coroutines.jvm.internal.BaseContinuationImpl::resumeWith@76 (line 38)
                      ;   {metadata({method} {0x000002317a415590} 'throwParameterIsNullNPE' '(Ljava/lang/String;)V' in 'kotlin/jvm/internal/Intrinsics')}
  0x000002316329eeb4: 0749 ba88 | 5541 7a31 | 0200 004c | 8954 2408 | 48c7 0424 | ffff ffff 

  0x000002316329eecc: ;   {runtime_call counter_overflow Runtime1 stub}
  0x000002316329eecc: e82f 3016 

  0x000002316329eed0: ; ImmutableOopMap {[168]=Oop [176]=Oop [208]=Oop }
                      ;*synchronization entry
                      ; - kotlin.jvm.internal.Intrinsics::throwParameterIsNullNPE@-1 (line 140)
                      ; - kotlin.jvm.internal.Intrinsics::checkNotNullParameter@5 (line 131)
                      ; - kotlin.ResultKt::createFailure@3
                      ; - kotlin.coroutines.jvm.internal.BaseContinuationImpl::resumeWith@76 (line 38)
  0x000002316329eed0: 07e9 d7f1 

  0x000002316329eed4: ;   {metadata(nullptr)}
  0x000002316329eed4: ffff 48ba | 0000 0000 | 0000 0000 | b800 0f05 

  0x000002316329eee4: ;   {runtime_call load_klass_patching Runtime1 stub}
  0x000002316329eee4: 0ae8 961f 

  0x000002316329eee8: ; ImmutableOopMap {[168]=Oop [176]=Oop [208]=Oop }
                      ;*new {reexecute=1 rethrow=0 return_oop=0}
                      ; - (reexecute) kotlin.jvm.internal.Intrinsics::throwParameterIsNullNPE@0 (line 140)
                      ; - kotlin.jvm.internal.Intrinsics::checkNotNullParameter@5 (line 131)
                      ; - kotlin.ResultKt::createFailure@3
                      ; - kotlin.coroutines.jvm.internal.BaseContinuationImpl::resumeWith@76 (line 38)
  0x000002316329eee8: 1607 e9c1 | f1ff ff48 

  0x000002316329eef0: ;   {runtime_call fast_new_instance Runtime1 stub}
  0x000002316329eef0: 8bd2 e809 

  0x000002316329eef4: ; ImmutableOopMap {[168]=Oop [176]=Oop [208]=Oop }
                      ;*new {reexecute=0 rethrow=0 return_oop=0}
                      ; - kotlin.jvm.internal.Intrinsics::throwParameterIsNullNPE@0 (line 140)
                      ; - kotlin.jvm.internal.Intrinsics::checkNotNullParameter@5 (line 131)
                      ; - kotlin.ResultKt::createFailure@3
                      ; - kotlin.coroutines.jvm.internal.BaseContinuationImpl::resumeWith@76 (line 38)
  0x000002316329eef4: db15 07e9 | 10f2 ffff 

  0x000002316329eefc: ;   {metadata({method} {0x000002317a4164f8} 'sanitizeStackTrace' '(Ljava/lang/Throwable;)Ljava/lang/Throwable;' in 'kotlin/jvm/internal/Intrinsics')}
  0x000002316329eefc: 49ba f064 | 417a 3102 | 0000 4c89 | 5424 0848 | c704 24ff 

  0x000002316329ef10: ;   {runtime_call counter_overflow Runtime1 stub}
  0x000002316329ef10: ffff ffe8 

  0x000002316329ef14: ; ImmutableOopMap {[168]=Oop [176]=Oop [208]=Oop [216]=Oop }
                      ;*synchronization entry
                      ; - kotlin.jvm.internal.Intrinsics::sanitizeStackTrace@-1 (line 253)
                      ; - kotlin.jvm.internal.Intrinsics::throwParameterIsNullNPE@11 (line 140)
                      ; - kotlin.jvm.internal.Intrinsics::checkNotNullParameter@5 (line 131)
                      ; - kotlin.ResultKt::createFailure@3
                      ; - kotlin.coroutines.jvm.internal.BaseContinuationImpl::resumeWith@76 (line 38)
  0x000002316329ef14: e82f 1607 | e998 f2ff 

  0x000002316329ef1c: ;   {metadata({method} {0x000002310046b368} 'getName' '()Ljava/lang/String;' in 'java/lang/Class')}
  0x000002316329ef1c: ff49 ba60 | b346 0031 | 0200 004c | 8954 2408 | 48c7 0424 | ffff ffff 

  0x000002316329ef34: ;   {runtime_call counter_overflow Runtime1 stub}
  0x000002316329ef34: e8c7 2f16 

  0x000002316329ef38: ; ImmutableOopMap {rdx=Oop [168]=Oop [176]=Oop [208]=Oop [216]=Oop }
                      ;*synchronization entry
                      ; - java.lang.Class::getName@-1 (line 949)
                      ; - kotlin.jvm.internal.Intrinsics::sanitizeStackTrace@3 (line 253)
                      ; - kotlin.jvm.internal.Intrinsics::throwParameterIsNullNPE@11 (line 140)
                      ; - kotlin.jvm.internal.Intrinsics::checkNotNullParameter@5 (line 131)
                      ; - kotlin.ResultKt::createFailure@3
                      ; - kotlin.coroutines.jvm.internal.BaseContinuationImpl::resumeWith@76 (line 38)
  0x000002316329ef38: 07e9 bdf2 

  0x000002316329ef3c: ;   {runtime_call throw_null_pointer_exception Runtime1 stub}
  0x000002316329ef3c: ffff e8bd 

  0x000002316329ef40: ; ImmutableOopMap {[168]=Oop [176]=Oop [208]=Oop [216]=Oop }
                      ;*getfield name {reexecute=1 rethrow=0 return_oop=0}
                      ; - (reexecute) java.lang.Class::getName@1 (line 949)
                      ; - kotlin.jvm.internal.Intrinsics::sanitizeStackTrace@3 (line 253)
                      ; - kotlin.jvm.internal.Intrinsics::throwParameterIsNullNPE@11 (line 140)
                      ; - kotlin.jvm.internal.Intrinsics::checkNotNullParameter@5 (line 131)
                      ; - kotlin.ResultKt::createFailure@3
                      ; - kotlin.coroutines.jvm.internal.BaseContinuationImpl::resumeWith@76 (line 38)
                      ;   {metadata({method} {0x000002317a4146b0} 'throwJavaNpe' '()V' in 'kotlin/jvm/internal/Intrinsics')}
  0x000002316329ef40: cd15 0749 | baa8 4641 | 7a31 0200 | 004c 8954 | 2408 48c7 | 0424 ffff 

  0x000002316329ef58: ;   {runtime_call counter_overflow Runtime1 stub}
  0x000002316329ef58: ffff e8a1 

  0x000002316329ef5c: ; ImmutableOopMap {[168]=Oop [176]=Oop [232]=Oop }
                      ;*synchronization entry
                      ; - kotlin.jvm.internal.Intrinsics::throwJavaNpe@-1 (line 45)
                      ; - kotlin.jvm.internal.Intrinsics::checkNotNull@4 (line 25)
                      ; - kotlin.coroutines.jvm.internal.BaseContinuationImpl::resumeWith@31 (line 31)
  0x000002316329ef5c: 2f16 07e9 | 71f3 ffff 

  0x000002316329ef64: ;   {metadata(nullptr)}
  0x000002316329ef64: 48ba 0000 | 0000 0000 | 0000 b800 

  0x000002316329ef70: ;   {runtime_call load_klass_patching Runtime1 stub}
  0x000002316329ef70: 0f05 0ae8 

  0x000002316329ef74: ; ImmutableOopMap {[168]=Oop [176]=Oop [232]=Oop }
                      ;*new {reexecute=1 rethrow=0 return_oop=0}
                      ; - (reexecute) kotlin.jvm.internal.Intrinsics::throwJavaNpe@0 (line 45)
                      ; - kotlin.jvm.internal.Intrinsics::checkNotNull@4 (line 25)
                      ; - kotlin.coroutines.jvm.internal.BaseContinuationImpl::resumeWith@31 (line 31)
  0x000002316329ef74: 081f 1607 | e95b f3ff | ff48 8bd2 

  0x000002316329ef80: ;   {runtime_call fast_new_instance Runtime1 stub}
  0x000002316329ef80: e87b da15 

  0x000002316329ef84: ; ImmutableOopMap {[168]=Oop [176]=Oop [232]=Oop }
                      ;*new {reexecute=0 rethrow=0 return_oop=0}
                      ; - kotlin.jvm.internal.Intrinsics::throwJavaNpe@0 (line 45)
                      ; - kotlin.jvm.internal.Intrinsics::checkNotNull@4 (line 25)
                      ; - kotlin.coroutines.jvm.internal.BaseContinuationImpl::resumeWith@31 (line 31)
  0x000002316329ef84: 07e9 aaf3 

  0x000002316329ef88: ;   {metadata({method} {0x000002317a4164f8} 'sanitizeStackTrace' '(Ljava/lang/Throwable;)Ljava/lang/Throwable;' in 'kotlin/jvm/internal/Intrinsics')}
  0x000002316329ef88: ffff 49ba | f064 417a | 3102 0000 | 4c89 5424 | 0848 c704 | 24ff ffff 

  0x000002316329efa0: ;   {runtime_call counter_overflow Runtime1 stub}
  0x000002316329efa0: ffe8 5a2f 

  0x000002316329efa4: ; ImmutableOopMap {[168]=Oop [176]=Oop [224]=Oop [232]=Oop }
                      ;*synchronization entry
                      ; - kotlin.jvm.internal.Intrinsics::sanitizeStackTrace@-1 (line 253)
                      ; - kotlin.jvm.internal.Intrinsics::throwJavaNpe@7 (line 45)
                      ; - kotlin.jvm.internal.Intrinsics::checkNotNull@4 (line 25)
                      ; - kotlin.coroutines.jvm.internal.BaseContinuationImpl::resumeWith@31 (line 31)
  0x000002316329efa4: 1607 e9f2 

  0x000002316329efa8: ;   {metadata({method} {0x000002310046b368} 'getName' '()Ljava/lang/String;' in 'java/lang/Class')}
  0x000002316329efa8: f3ff ff49 | ba60 b346 | 0031 0200 | 004c 8954 | 2408 48c7 | 0424 ffff 

  0x000002316329efc0: ;   {runtime_call counter_overflow Runtime1 stub}
  0x000002316329efc0: ffff e839 

  0x000002316329efc4: ; ImmutableOopMap {rdx=Oop [168]=Oop [176]=Oop [224]=Oop [232]=Oop }
                      ;*synchronization entry
                      ; - java.lang.Class::getName@-1 (line 949)
                      ; - kotlin.jvm.internal.Intrinsics::sanitizeStackTrace@3 (line 253)
                      ; - kotlin.jvm.internal.Intrinsics::throwJavaNpe@7 (line 45)
                      ; - kotlin.jvm.internal.Intrinsics::checkNotNull@4 (line 25)
                      ; - kotlin.coroutines.jvm.internal.BaseContinuationImpl::resumeWith@31 (line 31)
  0x000002316329efc4: 2f16 07e9 | 17f4 ffff 

  0x000002316329efcc: ;   {runtime_call throw_null_pointer_exception Runtime1 stub}
  0x000002316329efcc: e82f cd15 

  0x000002316329efd0: ; ImmutableOopMap {[168]=Oop [176]=Oop [224]=Oop [232]=Oop }
                      ;*getfield name {reexecute=1 rethrow=0 return_oop=0}
                      ; - (reexecute) java.lang.Class::getName@1 (line 949)
                      ; - kotlin.jvm.internal.Intrinsics::sanitizeStackTrace@3 (line 253)
                      ; - kotlin.jvm.internal.Intrinsics::throwJavaNpe@7 (line 45)
                      ; - kotlin.jvm.internal.Intrinsics::checkNotNull@4 (line 25)
                      ; - kotlin.coroutines.jvm.internal.BaseContinuationImpl::resumeWith@31 (line 31)
                      ;   {metadata({method} {0x000002317a415590} 'throwParameterIsNullNPE' '(Ljava/lang/String;)V' in 'kotlin/jvm/internal/Intrinsics')}
  0x000002316329efd0: 0749 ba88 | 5541 7a31 | 0200 004c | 8954 2408 | 48c7 0424 | ffff ffff 

  0x000002316329efe8: ;   {runtime_call counter_overflow Runtime1 stub}
  0x000002316329efe8: e813 2f16 

  0x000002316329efec: ; ImmutableOopMap {[232]=Oop [248]=Oop }
                      ;*synchronization entry
                      ; - kotlin.jvm.internal.Intrinsics::throwParameterIsNullNPE@-1 (line 140)
                      ; - kotlin.jvm.internal.Intrinsics::checkNotNullParameter@5 (line 131)
                      ; - kotlin.coroutines.jvm.internal.DebugProbesKt::probeCoroutineResumed@3
                      ; - kotlin.coroutines.jvm.internal.BaseContinuationImpl::resumeWith@13 (line 29)
  0x000002316329efec: 07e9 cbf4 

  0x000002316329eff0: ;   {metadata(nullptr)}
  0x000002316329eff0: ffff 48ba | 0000 0000 | 0000 0000 | b800 0f05 

  0x000002316329f000: ;   {runtime_call load_klass_patching Runtime1 stub}
  0x000002316329f000: 0ae8 7a1e 

  0x000002316329f004: ; ImmutableOopMap {[232]=Oop [248]=Oop }
                      ;*new {reexecute=1 rethrow=0 return_oop=0}
                      ; - (reexecute) kotlin.jvm.internal.Intrinsics::throwParameterIsNullNPE@0 (line 140)
                      ; - kotlin.jvm.internal.Intrinsics::checkNotNullParameter@5 (line 131)
                      ; - kotlin.coroutines.jvm.internal.DebugProbesKt::probeCoroutineResumed@3
                      ; - kotlin.coroutines.jvm.internal.BaseContinuationImpl::resumeWith@13 (line 29)
  0x000002316329f004: 1607 e9b5 | f4ff ff48 

  0x000002316329f00c: ;   {runtime_call fast_new_instance Runtime1 stub}
  0x000002316329f00c: 8bd2 e8ed 

  0x000002316329f010: ; ImmutableOopMap {[232]=Oop [248]=Oop }
                      ;*new {reexecute=0 rethrow=0 return_oop=0}
                      ; - kotlin.jvm.internal.Intrinsics::throwParameterIsNullNPE@0 (line 140)
                      ; - kotlin.jvm.internal.Intrinsics::checkNotNullParameter@5 (line 131)
                      ; - kotlin.coroutines.jvm.internal.DebugProbesKt::probeCoroutineResumed@3
                      ; - kotlin.coroutines.jvm.internal.BaseContinuationImpl::resumeWith@13 (line 29)
  0x000002316329f010: d915 07e9 | 04f5 ffff 

  0x000002316329f018: ;   {metadata({method} {0x000002317a4164f8} 'sanitizeStackTrace' '(Ljava/lang/Throwable;)Ljava/lang/Throwable;' in 'kotlin/jvm/internal/Intrinsics')}
  0x000002316329f018: 49ba f064 | 417a 3102 | 0000 4c89 | 5424 0848 | c704 24ff 

  0x000002316329f02c: ;   {runtime_call counter_overflow Runtime1 stub}
  0x000002316329f02c: ffff ffe8 

  0x000002316329f030: ; ImmutableOopMap {[232]=Oop [240]=Oop [248]=Oop }
                      ;*synchronization entry
                      ; - kotlin.jvm.internal.Intrinsics::sanitizeStackTrace@-1 (line 253)
                      ; - kotlin.jvm.internal.Intrinsics::throwParameterIsNullNPE@11 (line 140)
                      ; - kotlin.jvm.internal.Intrinsics::checkNotNullParameter@5 (line 131)
                      ; - kotlin.coroutines.jvm.internal.DebugProbesKt::probeCoroutineResumed@3
                      ; - kotlin.coroutines.jvm.internal.BaseContinuationImpl::resumeWith@13 (line 29)
  0x000002316329f030: cc2e 1607 | e98c f5ff 

  0x000002316329f038: ;   {metadata({method} {0x000002310046b368} 'getName' '()Ljava/lang/String;' in 'java/lang/Class')}
  0x000002316329f038: ff49 ba60 | b346 0031 | 0200 004c | 8954 2408 | 48c7 0424 | ffff ffff 

  0x000002316329f050: ;   {runtime_call counter_overflow Runtime1 stub}
  0x000002316329f050: e8ab 2e16 

  0x000002316329f054: ; ImmutableOopMap {rdx=Oop [232]=Oop [240]=Oop [248]=Oop }
                      ;*synchronization entry
                      ; - java.lang.Class::getName@-1 (line 949)
                      ; - kotlin.jvm.internal.Intrinsics::sanitizeStackTrace@3 (line 253)
                      ; - kotlin.jvm.internal.Intrinsics::throwParameterIsNullNPE@11 (line 140)
                      ; - kotlin.jvm.internal.Intrinsics::checkNotNullParameter@5 (line 131)
                      ; - kotlin.coroutines.jvm.internal.DebugProbesKt::probeCoroutineResumed@3
                      ; - kotlin.coroutines.jvm.internal.BaseContinuationImpl::resumeWith@13 (line 29)
  0x000002316329f054: 07e9 b1f5 

  0x000002316329f058: ;   {runtime_call throw_null_pointer_exception Runtime1 stub}
  0x000002316329f058: ffff e8a1 

  0x000002316329f05c: ; ImmutableOopMap {[232]=Oop [240]=Oop [248]=Oop }
                      ;*getfield name {reexecute=1 rethrow=0 return_oop=0}
                      ; - (reexecute) java.lang.Class::getName@1 (line 949)
                      ; - kotlin.jvm.internal.Intrinsics::sanitizeStackTrace@3 (line 253)
                      ; - kotlin.jvm.internal.Intrinsics::throwParameterIsNullNPE@11 (line 140)
                      ; - kotlin.jvm.internal.Intrinsics::checkNotNullParameter@5 (line 131)
                      ; - kotlin.coroutines.jvm.internal.DebugProbesKt::probeCoroutineResumed@3
                      ; - kotlin.coroutines.jvm.internal.BaseContinuationImpl::resumeWith@13 (line 29)
                      ;   {runtime_call throw_null_pointer_exception Runtime1 stub}
  0x000002316329f05c: cc15 07e8 

  0x000002316329f060: ; ImmutableOopMap {rax=Oop rdi=Oop [176]=Oop }
                      ;*invokeinterface resumeWith {reexecute=0 rethrow=0 return_oop=0}
                      ; - kotlin.coroutines.jvm.internal.BaseContinuationImpl::resumeWith@114 (line 47)
  0x000002316329f060: 9ccc 1507 

  0x000002316329f064: ;   {internal_word}
  0x000002316329f064: 49ba 64e7 | 2963 3102 | 0000 4d89 | 9760 0400 

  0x000002316329f074: ;   {runtime_call SafepointBlob}
  0x000002316329f074: 00e9 0664 

  0x000002316329f078: ;   {internal_word}
  0x000002316329f078: 0a07 49ba | 7ae7 2963 | 3102 0000 | 4d89 9760 

  0x000002316329f088: ;   {runtime_call SafepointBlob}
  0x000002316329f088: 0400 00e9 | f063 0a07 | 4889 0424 

  0x000002316329f094: ;   {runtime_call throw_class_cast_exception Runtime1 stub}
  0x000002316329f094: e867 f815 

  0x000002316329f098: ; ImmutableOopMap {rdx=Oop [232]=Oop }
                      ;*checkcast {reexecute=0 rethrow=0 return_oop=0}
                      ; - kotlin.jvm.internal.Intrinsics::throwParameterIsNullNPE@14 (line 140)
                      ; - kotlin.jvm.internal.Intrinsics::checkNotNullParameter@5 (line 131)
                      ; - kotlin.coroutines.jvm.internal.DebugProbesKt::probeCoroutineResumed@3
                      ; - kotlin.coroutines.jvm.internal.BaseContinuationImpl::resumeWith@13 (line 29)
                      ;   {runtime_call throw_null_pointer_exception Runtime1 stub}
  0x000002316329f098: 07e8 62cc 

  0x000002316329f09c: ; ImmutableOopMap {rdx=Oop rax=Oop [232]=Oop }
                      ;*athrow {reexecute=1 rethrow=0 return_oop=0}
                      ; - (reexecute) kotlin.jvm.internal.Intrinsics::throwParameterIsNullNPE@17 (line 140)
                      ; - kotlin.jvm.internal.Intrinsics::checkNotNullParameter@5 (line 131)
                      ; - kotlin.coroutines.jvm.internal.DebugProbesKt::probeCoroutineResumed@3
                      ; - kotlin.coroutines.jvm.internal.BaseContinuationImpl::resumeWith@13 (line 29)
  0x000002316329f09c: 1507 4889 

  0x000002316329f0a0: ;   {runtime_call throw_class_cast_exception Runtime1 stub}
  0x000002316329f0a0: 0424 e859 

  0x000002316329f0a4: ; ImmutableOopMap {r8=Oop [168]=Oop [176]=Oop }
                      ;*checkcast {reexecute=0 rethrow=0 return_oop=0}
                      ; - kotlin.jvm.internal.Intrinsics::throwJavaNpe@10 (line 45)
                      ; - kotlin.jvm.internal.Intrinsics::checkNotNull@4 (line 25)
                      ; - kotlin.coroutines.jvm.internal.BaseContinuationImpl::resumeWith@31 (line 31)
                      ;   {runtime_call throw_null_pointer_exception Runtime1 stub}
  0x000002316329f0a4: f815 07e8 

  0x000002316329f0a8: ; ImmutableOopMap {r8=Oop rax=Oop [168]=Oop [176]=Oop }
                      ;*athrow {reexecute=1 rethrow=0 return_oop=0}
                      ; - (reexecute) kotlin.jvm.internal.Intrinsics::throwJavaNpe@13 (line 45)
                      ; - kotlin.jvm.internal.Intrinsics::checkNotNull@4 (line 25)
                      ; - kotlin.coroutines.jvm.internal.BaseContinuationImpl::resumeWith@31 (line 31)
  0x000002316329f0a8: 54cc 1507 | 4889 0424 

  0x000002316329f0b0: ;   {runtime_call throw_class_cast_exception Runtime1 stub}
  0x000002316329f0b0: e84b f815 

  0x000002316329f0b4: ; ImmutableOopMap {[168]=Oop [176]=Oop [208]=Oop }
                      ;*checkcast {reexecute=0 rethrow=0 return_oop=0}
                      ; - kotlin.jvm.internal.Intrinsics::throwParameterIsNullNPE@14 (line 140)
                      ; - kotlin.jvm.internal.Intrinsics::checkNotNullParameter@5 (line 131)
                      ; - kotlin.ResultKt::createFailure@3
                      ; - kotlin.coroutines.jvm.internal.BaseContinuationImpl::resumeWith@76 (line 38)
                      ;   {runtime_call throw_null_pointer_exception Runtime1 stub}
  0x000002316329f0b4: 07e8 46cc 

  0x000002316329f0b8: ; ImmutableOopMap {rax=Oop [168]=Oop [176]=Oop [208]=Oop }
                      ;*athrow {reexecute=1 rethrow=0 return_oop=0}
                      ; - (reexecute) kotlin.jvm.internal.Intrinsics::throwParameterIsNullNPE@17 (line 140)
                      ; - kotlin.jvm.internal.Intrinsics::checkNotNullParameter@5 (line 131)
                      ; - kotlin.ResultKt::createFailure@3
                      ; - kotlin.coroutines.jvm.internal.BaseContinuationImpl::resumeWith@76 (line 38)
  0x000002316329f0b8: 1507 4889 

  0x000002316329f0bc: ;   {runtime_call throw_class_cast_exception Runtime1 stub}
  0x000002316329f0bc: 0424 e83d 

  0x000002316329f0c0: ; ImmutableOopMap {rsi=Oop rdi=Oop rbx=Oop rdx=Oop [176]=Oop }
                      ;*checkcast {reexecute=0 rethrow=0 return_oop=0}
                      ; - kotlin.jvm.internal.Intrinsics::throwParameterIsNullNPE@14 (line 140)
                      ; - kotlin.jvm.internal.Intrinsics::checkNotNullParameter@5 (line 131)
                      ; - kotlin.Result$Failure::<init>@3
                      ; - kotlin.ResultKt::createFailure@11 (line 122)
                      ; - kotlin.coroutines.jvm.internal.BaseContinuationImpl::resumeWith@76 (line 38)
                      ;   {runtime_call throw_null_pointer_exception Runtime1 stub}
  0x000002316329f0c0: f815 07e8 

  0x000002316329f0c4: ; ImmutableOopMap {rsi=Oop rdi=Oop rbx=Oop rdx=Oop rax=Oop [176]=Oop }
                      ;*athrow {reexecute=1 rethrow=0 return_oop=0}
                      ; - (reexecute) kotlin.jvm.internal.Intrinsics::throwParameterIsNullNPE@17 (line 140)
                      ; - kotlin.jvm.internal.Intrinsics::checkNotNullParameter@5 (line 131)
                      ; - kotlin.Result$Failure::<init>@3
                      ; - kotlin.ResultKt::createFailure@11 (line 122)
                      ; - kotlin.coroutines.jvm.internal.BaseContinuationImpl::resumeWith@76 (line 38)
  0x000002316329f0c4: 38cc 1507 | 498b 87f8 | 0400 0049 | c787 f804 | 0000 0000 | 0000 49c7 | 8700 0500 | 0000 0000 
  0x000002316329f0e4: 0048 81c4 | 1001 0000 

  0x000002316329f0ec: ;   {runtime_call unwind_exception Runtime1 stub}
  0x000002316329f0ec: 5de9 0eb5 | 1507 f4f4 | f4f4 f4f4 
[Stub Code]
  0x000002316329f0f8: ;   {no_reloc}
  0x000002316329f0f8: 0f1f 4400 

  0x000002316329f0fc: ;   {static_stub}
  0x000002316329f0fc: 0048 bb00 | 0000 0000 

  0x000002316329f104: ;   {runtime_call nmethod}
  0x000002316329f104: 0000 00e9 | fbff ffff 

  0x000002316329f10c: ;   {static_stub}
  0x000002316329f10c: 9048 bb00 | 0000 0000 

  0x000002316329f114: ;   {runtime_call nmethod}
  0x000002316329f114: 0000 00e9 | fbff ffff 

  0x000002316329f11c: ;   {static_stub}
  0x000002316329f11c: 9048 bb00 | 0000 0000 

  0x000002316329f124: ;   {runtime_call nmethod}
  0x000002316329f124: 0000 00e9 | fbff ffff 

  0x000002316329f12c: ;   {static_stub}
  0x000002316329f12c: 48bb 0000 | 0000 0000 

  0x000002316329f134: ;   {runtime_call nmethod}
  0x000002316329f134: 0000 e9fb 

  0x000002316329f138: ;   {static_stub}
  0x000002316329f138: ffff ff48 | bb00 0000 | 0000 0000 

  0x000002316329f144: ;   {runtime_call nmethod}
  0x000002316329f144: 00e9 fbff 

  0x000002316329f148: ;   {static_stub}
  0x000002316329f148: ffff 48bb | 0000 0000 | 0000 0000 

  0x000002316329f154: ;   {runtime_call nmethod}
  0x000002316329f154: e9fb ffff 

  0x000002316329f158: ;   {static_stub}
  0x000002316329f158: ff48 bb00 | 0000 0000 

  0x000002316329f160: ;   {runtime_call nmethod}
  0x000002316329f160: 0000 00e9 | fbff ffff 

  0x000002316329f168: ;   {static_stub}
  0x000002316329f168: 48bb 0000 | 0000 0000 

  0x000002316329f170: ;   {runtime_call nmethod}
  0x000002316329f170: 0000 e9fb 

  0x000002316329f174: ;   {runtime_call handle_exception_from_callee Runtime1 stub}
  0x000002316329f174: ffff ffe8 | 84ed 1507 

  0x000002316329f17c: ;   {external_word}
  0x000002316329f17c: 48b9 789b | e171 f97f | 0000 4883 

  0x000002316329f188: ;   {runtime_call}
  0x000002316329f188: e4f0 48b8 | d0e6 a371 | f97f 0000 

  0x000002316329f194: ;   {section_word}
  0x000002316329f194: ffd0 f449 | ba97 f129 | 6331 0200 

  0x000002316329f1a0: ;   {runtime_call DeoptimizationBlob}
  0x000002316329f1a0: 0041 52e9 | 7855 0a07 
[/MachCode]


---------------  P R O C E S S  ---------------

Threads class SMR info:
_java_thread_list=0x000002314748cfa0, length=23, elements={
0x00000231583c07d0, 0x0000023179240f60, 0x0000023179241c70, 0x0000023179243a90,
0x0000023179244870, 0x0000023179246680, 0x000002317924f0e0, 0x000002317924ff90,
0x0000023179254620, 0x000002317939b660, 0x000002317939dab0, 0x000002317e71c600,
0x0000023179b77230, 0x0000023179b77890, 0x0000023179c88670, 0x000002317e2d7370,
0x000002317e56cd70, 0x000002317e56d400, 0x000002317e56e120, 0x00000231443abf00,
0x000002317e06a640, 0x000002317e06cda0, 0x000002317e06acd0
}

Java Threads: ( => current thread )
  0x00000231583c07d0 JavaThread "main"                              [_thread_blocked, id=3112, stack(0x00000086c1d00000,0x00000086c1e00000) (1024K)]
  0x0000023179240f60 JavaThread "Reference Handler"          daemon [_thread_blocked, id=5908, stack(0x00000086c2500000,0x00000086c2600000) (1024K)]
  0x0000023179241c70 JavaThread "Finalizer"                  daemon [_thread_blocked, id=9000, stack(0x00000086c2600000,0x00000086c2700000) (1024K)]
  0x0000023179243a90 JavaThread "Signal Dispatcher"          daemon [_thread_blocked, id=10424, stack(0x00000086c2700000,0x00000086c2800000) (1024K)]
  0x0000023179244870 JavaThread "Attach Listener"            daemon [_thread_blocked, id=5740, stack(0x00000086c2800000,0x00000086c2900000) (1024K)]
  0x0000023179246680 JavaThread "Service Thread"             daemon [_thread_blocked, id=8412, stack(0x00000086c2900000,0x00000086c2a00000) (1024K)]
  0x000002317924f0e0 JavaThread "Monitor Deflation Thread"   daemon [_thread_blocked, id=3980, stack(0x00000086c2a00000,0x00000086c2b00000) (1024K)]
  0x000002317924ff90 JavaThread "C2 CompilerThread0"         daemon [_thread_in_native, id=13380, stack(0x00000086c2b00000,0x00000086c2c00000) (1024K)]
  0x0000023179254620 JavaThread "C1 CompilerThread0"         daemon [_thread_blocked, id=10064, stack(0x00000086c2c00000,0x00000086c2d00000) (1024K)]
  0x000002317939b660 JavaThread "Notification Thread"        daemon [_thread_blocked, id=7920, stack(0x00000086c2d00000,0x00000086c2e00000) (1024K)]
  0x000002317939dab0 JavaThread "Common-Cleaner"             daemon [_thread_blocked, id=11616, stack(0x00000086c2e00000,0x00000086c2f00000) (1024K)]
  0x000002317e71c600 JavaThread "Java2D Disposer"            daemon [_thread_blocked, id=8988, stack(0x00000086c3300000,0x00000086c3400000) (1024K)]
  0x0000023179b77230 JavaThread "DefaultDispatcher-worker-1" daemon [_thread_blocked, id=8944, stack(0x00000086c3600000,0x00000086c3700000) (1024K)]
=>0x0000023179b77890 JavaThread "DefaultDispatcher-worker-2" daemon [_thread_in_native, id=12888, stack(0x00000086c3700000,0x00000086c3800000) (1024K)]
  0x0000023179c88670 JavaThread "DefaultDispatcher-worker-3" daemon [_thread_blocked, id=2324, stack(0x00000086c3800000,0x00000086c3900000) (1024K)]
  0x000002317e2d7370 JavaThread "Reference Cleaner"          daemon [_thread_blocked, id=8576, stack(0x00000086c3900000,0x00000086c3a00000) (1024K)]
  0x000002317e56cd70 JavaThread "kotlinx.coroutines.DefaultExecutor" daemon [_thread_blocked, id=7928, stack(0x00000086c3a00000,0x00000086c3b00000) (1024K)]
  0x000002317e56d400 JavaThread "TimerQueue"                 daemon [_thread_blocked, id=2192, stack(0x00000086c3c00000,0x00000086c3d00000) (1024K)]
  0x000002317e56e120 JavaThread "JavaCPP Deallocator"        daemon [_thread_blocked, id=4616, stack(0x00000086c4500000,0x00000086c4600000) (1024K)]
  0x00000231443abf00 JavaThread "pool-1-thread-1"            daemon [_thread_blocked, id=5432, stack(0x00000086c4a00000,0x00000086c4b00000) (1024K)]
  0x000002317e06a640 JavaThread "DefaultDispatcher-worker-4" daemon [_thread_in_native, id=2960, stack(0x00000086c5500000,0x00000086c5600000) (1024K)]
  0x000002317e06cda0 JavaThread "pool-1-thread-2"            daemon [_thread_blocked, id=10748, stack(0x00000086c5600000,0x00000086c5700000) (1024K)]
  0x000002317e06acd0 JavaThread "DefaultDispatcher-worker-5" daemon [_thread_blocked, id=4084, stack(0x00000086c4e00000,0x00000086c4f00000) (1024K)]
Total: 23

Other Threads:
  0x00000231792228d0 VMThread "VM Thread"                           [id=1316, stack(0x00000086c2400000,0x00000086c2500000) (1024K)]
  0x000002317920f550 WatcherThread "VM Periodic Task Thread"        [id=4344, stack(0x00000086c2300000,0x00000086c2400000) (1024K)]
  0x000002315a6efca0 WorkerThread "GC Thread#0"                     [id=5360, stack(0x00000086c1e00000,0x00000086c1f00000) (1024K)]
  0x00000231799942d0 WorkerThread "GC Thread#1"                     [id=2328, stack(0x00000086c3000000,0x00000086c3100000) (1024K)]
  0x000002317998ba40 WorkerThread "GC Thread#2"                     [id=6888, stack(0x00000086c3100000,0x00000086c3200000) (1024K)]
  0x0000023179937df0 WorkerThread "GC Thread#3"                     [id=7132, stack(0x00000086c3200000,0x00000086c3300000) (1024K)]
  0x000002315a700cc0 ConcurrentGCThread "G1 Main Marker"            [id=11120, stack(0x00000086c1f00000,0x00000086c2000000) (1024K)]
  0x000002315a7017c0 WorkerThread "G1 Conc#0"                       [id=4896, stack(0x00000086c2000000,0x00000086c2100000) (1024K)]
  0x00000231790d34e0 ConcurrentGCThread "G1 Refine#0"               [id=10928, stack(0x00000086c2100000,0x00000086c2200000) (1024K)]
  0x00000231790d5f70 ConcurrentGCThread "G1 Service"                [id=9496, stack(0x00000086c2200000,0x00000086c2300000) (1024K)]
Total: 10

Threads with active compile tasks:
C2 CompilerThread0  69774 5705 % !   4       com.ram.orai.orais.FaceDetector::parseFDIOutput @ 333 (3361 bytes)
Total: 1

VM state: not at safepoint (normal execution)

VM Mutex/Monitor currently owned by a thread: None

Heap address: 0x0000000701600000, size: 4074 MB, Compressed Oops mode: Zero based, Oop shift amount: 3

CDS archive(s) mapped at: [0x0000023100000000-0x0000023100c80000-0x0000023100c80000), size 13107200, SharedBaseAddress: 0x0000023100000000, ArchiveRelocationMode: 1.
Compressed class space mapped at: 0x0000023101000000-0x0000023141000000, reserved size: 1073741824
Narrow klass base: 0x0000023100000000, Narrow klass shift: 0, Narrow klass range: 0x100000000

GC Precious Log:
 CardTable entry size: 512
 Card Set container configuration: InlinePtr #cards 4 size 8 Array Of Cards #cards 16 size 48 Howl #buckets 8 coarsen threshold 3686 Howl Bitmap #cards 512 size 80 coarsen threshold 460 Card regions per heap region 1 cards per card region 4096
 CPUs: 4 total, 4 available
 Memory: 16291M
 Large Page Support: Disabled
 NUMA Support: Disabled
 Compressed Oops: Enabled (Zero based)
 Heap Region Size: 2M
 Heap Min Capacity: 8M
 Heap Initial Capacity: 256M
 Heap Max Capacity: 4074M
 Pre-touch: Disabled
 Parallel Workers: 4
 Concurrent Workers: 1
 Concurrent Refinement Workers: 4
 Periodic GC: Disabled

Heap:
 garbage-first heap   total 245760K, used 82348K [0x0000000701600000, 0x0000000800000000)
  region size 2048K, 14 young (28672K), 3 survivors (6144K)
 Metaspace       used 37684K, committed 38336K, reserved 1114112K
  class space    used 3359K, committed 3648K, reserved 1048576K

Heap Regions: E=young(eden), S=young(survivor), O=old, HS=humongous(starts), HC=humongous(continues), CS=collection set, F=free, TAMS=top-at-mark-start, PB=parsable bottom
|   0|0x0000000701600000, 0x0000000701800000, 0x0000000701800000|100%| O|  |TAMS 0x0000000701600000| PB 0x0000000701600000| Untracked 
|   1|0x0000000701800000, 0x0000000701a00000, 0x0000000701a00000|100%| O|  |TAMS 0x0000000701800000| PB 0x0000000701800000| Untracked 
|   2|0x0000000701a00000, 0x0000000701c00000, 0x0000000701c00000|100%| O|  |TAMS 0x0000000701a00000| PB 0x0000000701a00000| Untracked 
|   3|0x0000000701c00000, 0x0000000701e00000, 0x0000000701e00000|100%|HS|  |TAMS 0x0000000701c00000| PB 0x0000000701c00000| Complete 
|   4|0x0000000701e00000, 0x0000000702000000, 0x0000000702000000|100%|HC|  |TAMS 0x0000000701e00000| PB 0x0000000701e00000| Complete 
|   5|0x0000000702000000, 0x0000000702200000, 0x0000000702200000|100%|HC|  |TAMS 0x0000000702000000| PB 0x0000000702000000| Complete 
|   6|0x0000000702200000, 0x0000000702400000, 0x0000000702400000|100%|HS|  |TAMS 0x0000000702200000| PB 0x0000000702200000| Complete 
|   7|0x0000000702400000, 0x0000000702600000, 0x0000000702600000|100%|HS|  |TAMS 0x0000000702400000| PB 0x0000000702400000| Complete 
|   8|0x0000000702600000, 0x0000000702800000, 0x0000000702800000|100%|HS|  |TAMS 0x0000000702600000| PB 0x0000000702600000| Complete 
|   9|0x0000000702800000, 0x0000000702a00000, 0x0000000702a00000|100%|HS|  |TAMS 0x0000000702800000| PB 0x0000000702800000| Complete 
|  10|0x0000000702a00000, 0x0000000702c00000, 0x0000000702c00000|100%|HS|  |TAMS 0x0000000702a00000| PB 0x0000000702a00000| Complete 
|  11|0x0000000702c00000, 0x0000000702e00000, 0x0000000702e00000|100%|HS|  |TAMS 0x0000000702c00000| PB 0x0000000702c00000| Complete 
|  12|0x0000000702e00000, 0x0000000702fe67c0, 0x0000000703000000| 95%| O|  |TAMS 0x0000000702e00000| PB 0x0000000702e00000| Untracked 
|  13|0x0000000703000000, 0x0000000703200000, 0x0000000703200000|100%|HS|  |TAMS 0x0000000703000000| PB 0x0000000703000000| Complete 
|  14|0x0000000703200000, 0x0000000703400000, 0x0000000703400000|100%|HS|  |TAMS 0x0000000703200000| PB 0x0000000703200000| Complete 
|  15|0x0000000703400000, 0x0000000703600000, 0x0000000703600000|100%|HC|  |TAMS 0x0000000703400000| PB 0x0000000703400000| Complete 
|  16|0x0000000703600000, 0x0000000703800000, 0x0000000703800000|100%|HC|  |TAMS 0x0000000703600000| PB 0x0000000703600000| Complete 
|  17|0x0000000703800000, 0x0000000703a00000, 0x0000000703a00000|100%|HS|  |TAMS 0x0000000703800000| PB 0x0000000703800000| Complete 
|  18|0x0000000703a00000, 0x0000000703c00000, 0x0000000703c00000|100%|HS|  |TAMS 0x0000000703a00000| PB 0x0000000703a00000| Complete 
|  19|0x0000000703c00000, 0x0000000703e00000, 0x0000000703e00000|100%|HS|  |TAMS 0x0000000703c00000| PB 0x0000000703c00000| Complete 
|  20|0x0000000703e00000, 0x0000000704000000, 0x0000000704000000|100%|HS|  |TAMS 0x0000000703e00000| PB 0x0000000703e00000| Complete 
|  21|0x0000000704000000, 0x0000000704200000, 0x0000000704200000|100%|HS|  |TAMS 0x0000000704000000| PB 0x0000000704000000| Complete 
|  22|0x0000000704200000, 0x0000000704400000, 0x0000000704400000|100%|HS|  |TAMS 0x0000000704200000| PB 0x0000000704200000| Complete 
|  23|0x0000000704400000, 0x0000000704600000, 0x0000000704600000|100%|HS|  |TAMS 0x0000000704400000| PB 0x0000000704400000| Complete 
|  24|0x0000000704600000, 0x0000000704600000, 0x0000000704800000|  0%| F|  |TAMS 0x0000000704600000| PB 0x0000000704600000| Untracked 
|  25|0x0000000704800000, 0x0000000704800000, 0x0000000704a00000|  0%| F|  |TAMS 0x0000000704800000| PB 0x0000000704800000| Untracked 
|  26|0x0000000704a00000, 0x0000000704a00000, 0x0000000704c00000|  0%| F|  |TAMS 0x0000000704a00000| PB 0x0000000704a00000| Untracked 
|  27|0x0000000704c00000, 0x0000000704c00000, 0x0000000704e00000|  0%| F|  |TAMS 0x0000000704c00000| PB 0x0000000704c00000| Untracked 
|  28|0x0000000704e00000, 0x0000000704e00000, 0x0000000705000000|  0%| F|  |TAMS 0x0000000704e00000| PB 0x0000000704e00000| Untracked 
|  29|0x0000000705000000, 0x0000000705000000, 0x0000000705200000|  0%| F|  |TAMS 0x0000000705000000| PB 0x0000000705000000| Untracked 
|  30|0x0000000705200000, 0x0000000705400000, 0x0000000705400000|100%|HS|  |TAMS 0x0000000705200000| PB 0x0000000705200000| Complete 
|  31|0x0000000705400000, 0x0000000705400000, 0x0000000705600000|  0%| F|  |TAMS 0x0000000705400000| PB 0x0000000705400000| Untracked 
|  32|0x0000000705600000, 0x0000000705600000, 0x0000000705800000|  0%| F|  |TAMS 0x0000000705600000| PB 0x0000000705600000| Untracked 
|  33|0x0000000705800000, 0x0000000705800000, 0x0000000705a00000|  0%| F|  |TAMS 0x0000000705800000| PB 0x0000000705800000| Untracked 
|  34|0x0000000705a00000, 0x0000000705a00000, 0x0000000705c00000|  0%| F|  |TAMS 0x0000000705a00000| PB 0x0000000705a00000| Untracked 
|  35|0x0000000705c00000, 0x0000000705c00000, 0x0000000705e00000|  0%| F|  |TAMS 0x0000000705c00000| PB 0x0000000705c00000| Untracked 
|  36|0x0000000705e00000, 0x0000000705e00000, 0x0000000706000000|  0%| F|  |TAMS 0x0000000705e00000| PB 0x0000000705e00000| Untracked 
|  37|0x0000000706000000, 0x0000000706000000, 0x0000000706200000|  0%| F|  |TAMS 0x0000000706000000| PB 0x0000000706000000| Untracked 
|  38|0x0000000706200000, 0x0000000706200000, 0x0000000706400000|  0%| F|  |TAMS 0x0000000706200000| PB 0x0000000706200000| Untracked 
|  39|0x0000000706400000, 0x0000000706400000, 0x0000000706600000|  0%| F|  |TAMS 0x0000000706400000| PB 0x0000000706400000| Untracked 
|  40|0x0000000706600000, 0x0000000706600000, 0x0000000706800000|  0%| F|  |TAMS 0x0000000706600000| PB 0x0000000706600000| Untracked 
|  41|0x0000000706800000, 0x0000000706800000, 0x0000000706a00000|  0%| F|  |TAMS 0x0000000706800000| PB 0x0000000706800000| Untracked 
|  42|0x0000000706a00000, 0x0000000706a00000, 0x0000000706c00000|  0%| F|  |TAMS 0x0000000706a00000| PB 0x0000000706a00000| Untracked 
|  43|0x0000000706c00000, 0x0000000706c00000, 0x0000000706e00000|  0%| F|  |TAMS 0x0000000706c00000| PB 0x0000000706c00000| Untracked 
|  44|0x0000000706e00000, 0x0000000706e00000, 0x0000000707000000|  0%| F|  |TAMS 0x0000000706e00000| PB 0x0000000706e00000| Untracked 
|  45|0x0000000707000000, 0x0000000707000000, 0x0000000707200000|  0%| F|  |TAMS 0x0000000707000000| PB 0x0000000707000000| Untracked 
|  46|0x0000000707200000, 0x0000000707200000, 0x0000000707400000|  0%| F|  |TAMS 0x0000000707200000| PB 0x0000000707200000| Untracked 
|  47|0x0000000707400000, 0x0000000707400000, 0x0000000707600000|  0%| F|  |TAMS 0x0000000707400000| PB 0x0000000707400000| Untracked 
|  48|0x0000000707600000, 0x0000000707600000, 0x0000000707800000|  0%| F|  |TAMS 0x0000000707600000| PB 0x0000000707600000| Untracked 
|  49|0x0000000707800000, 0x0000000707a00000, 0x0000000707a00000|100%|HS|  |TAMS 0x0000000707800000| PB 0x0000000707800000| Complete 
|  50|0x0000000707a00000, 0x0000000707a00000, 0x0000000707c00000|  0%| F|  |TAMS 0x0000000707a00000| PB 0x0000000707a00000| Untracked 
|  51|0x0000000707c00000, 0x0000000707c00000, 0x0000000707e00000|  0%| F|  |TAMS 0x0000000707c00000| PB 0x0000000707c00000| Untracked 
|  52|0x0000000707e00000, 0x0000000707e00000, 0x0000000708000000|  0%| F|  |TAMS 0x0000000707e00000| PB 0x0000000707e00000| Untracked 
|  53|0x0000000708000000, 0x0000000708000000, 0x0000000708200000|  0%| F|  |TAMS 0x0000000708000000| PB 0x0000000708000000| Untracked 
|  54|0x0000000708200000, 0x0000000708200000, 0x0000000708400000|  0%| F|  |TAMS 0x0000000708200000| PB 0x0000000708200000| Untracked 
|  55|0x0000000708400000, 0x0000000708400000, 0x0000000708600000|  0%| F|  |TAMS 0x0000000708400000| PB 0x0000000708400000| Untracked 
|  56|0x0000000708600000, 0x0000000708600000, 0x0000000708800000|  0%| F|  |TAMS 0x0000000708600000| PB 0x0000000708600000| Untracked 
|  57|0x0000000708800000, 0x0000000708800000, 0x0000000708a00000|  0%| F|  |TAMS 0x0000000708800000| PB 0x0000000708800000| Untracked 
|  58|0x0000000708a00000, 0x0000000708a00000, 0x0000000708c00000|  0%| F|  |TAMS 0x0000000708a00000| PB 0x0000000708a00000| Untracked 
|  59|0x0000000708c00000, 0x0000000708c00000, 0x0000000708e00000|  0%| F|  |TAMS 0x0000000708c00000| PB 0x0000000708c00000| Untracked 
|  60|0x0000000708e00000, 0x0000000708e00000, 0x0000000709000000|  0%| F|  |TAMS 0x0000000708e00000| PB 0x0000000708e00000| Untracked 
|  61|0x0000000709000000, 0x0000000709000000, 0x0000000709200000|  0%| F|  |TAMS 0x0000000709000000| PB 0x0000000709000000| Untracked 
|  62|0x0000000709200000, 0x0000000709200000, 0x0000000709400000|  0%| F|  |TAMS 0x0000000709200000| PB 0x0000000709200000| Untracked 
|  63|0x0000000709400000, 0x0000000709400000, 0x0000000709600000|  0%| F|  |TAMS 0x0000000709400000| PB 0x0000000709400000| Untracked 
|  64|0x0000000709600000, 0x0000000709684900, 0x0000000709800000| 25%| S|CS|TAMS 0x0000000709600000| PB 0x0000000709600000| Complete 
|  65|0x0000000709800000, 0x0000000709a00000, 0x0000000709a00000|100%| S|CS|TAMS 0x0000000709800000| PB 0x0000000709800000| Complete 
|  66|0x0000000709a00000, 0x0000000709c00000, 0x0000000709c00000|100%| S|CS|TAMS 0x0000000709a00000| PB 0x0000000709a00000| Complete 
|  67|0x0000000709c00000, 0x0000000709c00000, 0x0000000709e00000|  0%| F|  |TAMS 0x0000000709c00000| PB 0x0000000709c00000| Untracked 
|  68|0x0000000709e00000, 0x0000000709e00000, 0x000000070a000000|  0%| F|  |TAMS 0x0000000709e00000| PB 0x0000000709e00000| Untracked 
|  69|0x000000070a000000, 0x000000070a000000, 0x000000070a200000|  0%| F|  |TAMS 0x000000070a000000| PB 0x000000070a000000| Untracked 
|  70|0x000000070a200000, 0x000000070a200000, 0x000000070a400000|  0%| F|  |TAMS 0x000000070a200000| PB 0x000000070a200000| Untracked 
|  71|0x000000070a400000, 0x000000070a400000, 0x000000070a600000|  0%| F|  |TAMS 0x000000070a400000| PB 0x000000070a400000| Untracked 
|  72|0x000000070a600000, 0x000000070a600000, 0x000000070a800000|  0%| F|  |TAMS 0x000000070a600000| PB 0x000000070a600000| Untracked 
|  73|0x000000070a800000, 0x000000070a800000, 0x000000070aa00000|  0%| F|  |TAMS 0x000000070a800000| PB 0x000000070a800000| Untracked 
|  74|0x000000070aa00000, 0x000000070aa00000, 0x000000070ac00000|  0%| F|  |TAMS 0x000000070aa00000| PB 0x000000070aa00000| Untracked 
|  75|0x000000070ac00000, 0x000000070ac00000, 0x000000070ae00000|  0%| F|  |TAMS 0x000000070ac00000| PB 0x000000070ac00000| Untracked 
|  76|0x000000070ae00000, 0x000000070ae00000, 0x000000070b000000|  0%| F|  |TAMS 0x000000070ae00000| PB 0x000000070ae00000| Untracked 
|  77|0x000000070b000000, 0x000000070b000000, 0x000000070b200000|  0%| F|  |TAMS 0x000000070b000000| PB 0x000000070b000000| Untracked 
|  78|0x000000070b200000, 0x000000070b200000, 0x000000070b400000|  0%| F|  |TAMS 0x000000070b200000| PB 0x000000070b200000| Untracked 
|  79|0x000000070b400000, 0x000000070b400000, 0x000000070b600000|  0%| F|  |TAMS 0x000000070b400000| PB 0x000000070b400000| Untracked 
|  80|0x000000070b600000, 0x000000070b600000, 0x000000070b800000|  0%| F|  |TAMS 0x000000070b600000| PB 0x000000070b600000| Untracked 
|  81|0x000000070b800000, 0x000000070b800000, 0x000000070ba00000|  0%| F|  |TAMS 0x000000070b800000| PB 0x000000070b800000| Untracked 
|  82|0x000000070ba00000, 0x000000070ba00000, 0x000000070bc00000|  0%| F|  |TAMS 0x000000070ba00000| PB 0x000000070ba00000| Untracked 
|  83|0x000000070bc00000, 0x000000070bc00000, 0x000000070be00000|  0%| F|  |TAMS 0x000000070bc00000| PB 0x000000070bc00000| Untracked 
|  84|0x000000070be00000, 0x000000070be00000, 0x000000070c000000|  0%| F|  |TAMS 0x000000070be00000| PB 0x000000070be00000| Untracked 
|  85|0x000000070c000000, 0x000000070c000000, 0x000000070c200000|  0%| F|  |TAMS 0x000000070c000000| PB 0x000000070c000000| Untracked 
|  86|0x000000070c200000, 0x000000070c200000, 0x000000070c400000|  0%| F|  |TAMS 0x000000070c200000| PB 0x000000070c200000| Untracked 
|  87|0x000000070c400000, 0x000000070c400000, 0x000000070c600000|  0%| F|  |TAMS 0x000000070c400000| PB 0x000000070c400000| Untracked 
|  88|0x000000070c600000, 0x000000070c600000, 0x000000070c800000|  0%| F|  |TAMS 0x000000070c600000| PB 0x000000070c600000| Untracked 
|  89|0x000000070c800000, 0x000000070c800000, 0x000000070ca00000|  0%| F|  |TAMS 0x000000070c800000| PB 0x000000070c800000| Untracked 
|  90|0x000000070ca00000, 0x000000070ca00000, 0x000000070cc00000|  0%| F|  |TAMS 0x000000070ca00000| PB 0x000000070ca00000| Untracked 
|  91|0x000000070cc00000, 0x000000070cc00000, 0x000000070ce00000|  0%| F|  |TAMS 0x000000070cc00000| PB 0x000000070cc00000| Untracked 
|  92|0x000000070ce00000, 0x000000070ce00000, 0x000000070d000000|  0%| F|  |TAMS 0x000000070ce00000| PB 0x000000070ce00000| Untracked 
|  93|0x000000070d000000, 0x000000070d000000, 0x000000070d200000|  0%| F|  |TAMS 0x000000070d000000| PB 0x000000070d000000| Untracked 
|  94|0x000000070d200000, 0x000000070d200000, 0x000000070d400000|  0%| F|  |TAMS 0x000000070d200000| PB 0x000000070d200000| Untracked 
|  95|0x000000070d400000, 0x000000070d400000, 0x000000070d600000|  0%| F|  |TAMS 0x000000070d400000| PB 0x000000070d400000| Untracked 
|  96|0x000000070d600000, 0x000000070d600000, 0x000000070d800000|  0%| F|  |TAMS 0x000000070d600000| PB 0x000000070d600000| Untracked 
|  97|0x000000070d800000, 0x000000070d800000, 0x000000070da00000|  0%| F|  |TAMS 0x000000070d800000| PB 0x000000070d800000| Untracked 
|  98|0x000000070da00000, 0x000000070da00000, 0x000000070dc00000|  0%| F|  |TAMS 0x000000070da00000| PB 0x000000070da00000| Untracked 
|  99|0x000000070dc00000, 0x000000070dc00000, 0x000000070de00000|  0%| F|  |TAMS 0x000000070dc00000| PB 0x000000070dc00000| Untracked 
| 100|0x000000070de00000, 0x000000070de00000, 0x000000070e000000|  0%| F|  |TAMS 0x000000070de00000| PB 0x000000070de00000| Untracked 
| 101|0x000000070e000000, 0x000000070e000000, 0x000000070e200000|  0%| F|  |TAMS 0x000000070e000000| PB 0x000000070e000000| Untracked 
| 102|0x000000070e200000, 0x000000070e200000, 0x000000070e400000|  0%| F|  |TAMS 0x000000070e200000| PB 0x000000070e200000| Untracked 
| 103|0x000000070e400000, 0x000000070e400000, 0x000000070e600000|  0%| F|  |TAMS 0x000000070e400000| PB 0x000000070e400000| Untracked 
| 104|0x000000070e600000, 0x000000070e600000, 0x000000070e800000|  0%| F|  |TAMS 0x000000070e600000| PB 0x000000070e600000| Untracked 
| 105|0x000000070e800000, 0x000000070e800000, 0x000000070ea00000|  0%| F|  |TAMS 0x000000070e800000| PB 0x000000070e800000| Untracked 
| 106|0x000000070ea00000, 0x000000070ea00000, 0x000000070ec00000|  0%| F|  |TAMS 0x000000070ea00000| PB 0x000000070ea00000| Untracked 
| 107|0x000000070ec00000, 0x000000070edbf820, 0x000000070ee00000| 87%| E|  |TAMS 0x000000070ec00000| PB 0x000000070ec00000| Complete 
| 108|0x000000070ee00000, 0x000000070f000000, 0x000000070f000000|100%| E|CS|TAMS 0x000000070ee00000| PB 0x000000070ee00000| Complete 
| 109|0x000000070f000000, 0x000000070f200000, 0x000000070f200000|100%| E|CS|TAMS 0x000000070f000000| PB 0x000000070f000000| Complete 
| 110|0x000000070f200000, 0x000000070f400000, 0x000000070f400000|100%| E|CS|TAMS 0x000000070f200000| PB 0x000000070f200000| Complete 
| 111|0x000000070f400000, 0x000000070f600000, 0x000000070f600000|100%| E|CS|TAMS 0x000000070f400000| PB 0x000000070f400000| Complete 
| 112|0x000000070f600000, 0x000000070f800000, 0x000000070f800000|100%| E|CS|TAMS 0x000000070f600000| PB 0x000000070f600000| Complete 
| 113|0x000000070f800000, 0x000000070fa00000, 0x000000070fa00000|100%| E|CS|TAMS 0x000000070f800000| PB 0x000000070f800000| Complete 
| 114|0x000000070fa00000, 0x000000070fc00000, 0x000000070fc00000|100%| E|CS|TAMS 0x000000070fa00000| PB 0x000000070fa00000| Complete 
| 115|0x000000070fc00000, 0x000000070fe00000, 0x000000070fe00000|100%| E|CS|TAMS 0x000000070fc00000| PB 0x000000070fc00000| Complete 
| 116|0x000000070fe00000, 0x0000000710000000, 0x0000000710000000|100%| E|CS|TAMS 0x000000070fe00000| PB 0x000000070fe00000| Complete 
| 127|0x0000000711400000, 0x0000000711600000, 0x0000000711600000|100%| E|CS|TAMS 0x0000000711400000| PB 0x0000000711400000| Complete 
|2035|0x00000007ffc00000, 0x00000007ffe00000, 0x00000007ffe00000|100%| O|  |TAMS 0x00000007ffc00000| PB 0x00000007ffc00000| Untracked 
|2036|0x00000007ffe00000, 0x0000000800000000, 0x0000000800000000|100%| O|  |TAMS 0x00000007ffe00000| PB 0x00000007ffe00000| Untracked 

Card table byte_map: [0x00000231725c0000,0x0000023172dc0000] _byte_map_base: 0x000002316edb5000

Marking Bits: (CMBitMap*) 0x000002315a6f03a0
 Bits: [0x0000023172dc0000, 0x0000023176d68000)

Polling page: 0x0000023159e60000

Metaspace:

Usage:
  Non-class:     33.52 MB used.
      Class:      3.28 MB used.
       Both:     36.80 MB used.

Virtual space:
  Non-class space:       64.00 MB reserved,      33.88 MB ( 53%) committed,  1 nodes.
      Class space:        1.00 GB reserved,       3.56 MB ( <1%) committed,  1 nodes.
             Both:        1.06 GB reserved,      37.44 MB (  3%) committed. 

Chunk freelists:
   Non-Class:  13.70 MB
       Class:  12.48 MB
        Both:  26.19 MB

MaxMetaspaceSize: unlimited
CompressedClassSpaceSize: 1.00 GB
Initial GC threshold: 21.00 MB
Current GC threshold: 58.69 MB
CDS: on
 - commit_granule_bytes: 65536.
 - commit_granule_words: 8192.
 - virtual_space_node_default_size: 8388608.
 - enlarge_chunks_in_place: 1.
 - use_allocation_guard: 0.


Internal statistics:

num_allocs_failed_limit: 6.
num_arena_births: 900.
num_arena_deaths: 0.
num_vsnodes_births: 2.
num_vsnodes_deaths: 0.
num_space_committed: 597.
num_space_uncommitted: 0.
num_chunks_returned_to_freelist: 6.
num_chunks_taken_from_freelist: 2164.
num_chunk_merges: 6.
num_chunk_splits: 1510.
num_chunks_enlarged: 1046.
num_inconsistent_stats: 0.

CodeHeap 'non-profiled nmethods': size=120000Kb used=4094Kb max_used=4094Kb free=115905Kb
 bounds [0x000002316a890000, 0x000002316ac90000, 0x0000023171dc0000]
CodeHeap 'profiled nmethods': size=120000Kb used=12013Kb max_used=12013Kb free=107986Kb
 bounds [0x0000023162dc0000, 0x0000023163980000, 0x000002316a2f0000]
CodeHeap 'non-nmethods': size=5760Kb used=3074Kb max_used=3502Kb free=2685Kb
 bounds [0x000002316a2f0000, 0x000002316a6a0000, 0x000002316a890000]
CodeCache: size=245760Kb, used=19181Kb, max_used=19609Kb, free=226576Kb
 total_blobs=7675, nmethods=5619, adapters=1960, full_count=0
Compilation: enabled, stopped_count=0, restarted_count=0

Compilation events (20 events):
Event: 66.667 Thread 0x0000023179254620 5784       1       androidx.compose.ui.node.LayoutNode::access$setIgnoreRemeasureRequests$p (6 bytes)
Event: 66.667 Thread 0x0000023179254620 nmethod 5784 0x000002316ac8d410 code [0x000002316ac8d5a0, 0x000002316ac8d650]
Event: 66.667 Thread 0x0000023179254620 5785       3       androidx.compose.ui.node.DepthSortedSetKt$DepthComparator$1::compare (42 bytes)
Event: 66.668 Thread 0x0000023179254620 nmethod 5785 0x0000023163974b90 code [0x0000023163974e80, 0x0000023163975ce0]
Event: 66.668 Thread 0x0000023179254620 5786       3       androidx.compose.ui.Modifier$Node::runDetachLifecycle$ui (94 bytes)
Event: 66.669 Thread 0x0000023179254620 nmethod 5786 0x0000023163976190 code [0x0000023163976380, 0x00000231639767d8]
Event: 66.669 Thread 0x0000023179254620 5787       3       androidx.compose.ui.Modifier$Node::markAsDetached$ui (116 bytes)
Event: 66.669 Thread 0x0000023179254620 nmethod 5787 0x0000023163976910 code [0x0000023163976b20, 0x0000023163976f58]
Event: 66.669 Thread 0x0000023144973200 5788       4       kotlinx.coroutines.internal.LockFreeLinkedListNode::<init> (15 bytes)
Event: 66.670 Thread 0x0000023179254620 5789       3       androidx.compose.ui.node.NodeCoordinator::releaseLayer (38 bytes)
Event: 66.670 Thread 0x0000023179254620 nmethod 5789 0x0000023163977090 code [0x0000023163977260, 0x0000023163977638]
Event: 66.670 Thread 0x0000023179254620 5790       3       java.util.TreeMap::getEntryUsingComparator (74 bytes)
Event: 66.671 Thread 0x0000023179254620 nmethod 5790 0x0000023163977790 code [0x0000023163977960, 0x0000023163977d10]
Event: 66.671 Thread 0x0000023179254620 5791       3       androidx.compose.ui.node.DepthSortedSet::remove (121 bytes)
Event: 66.671 Thread 0x0000023144973200 nmethod 5788 0x000002316ac8d710 code [0x000002316ac8d8a0, 0x000002316ac8da00]
Event: 66.672 Thread 0x0000023179254620 nmethod 5791 0x0000023163977e90 code [0x00000231639781e0, 0x0000023163979450]
Event: 66.672 Thread 0x0000023179254620 5792       3       java.util.TreeSet::remove (22 bytes)
Event: 66.672 Thread 0x0000023179254620 nmethod 5792 0x0000023163979b10 code [0x0000023163979cc0, 0x0000023163979ef8]
Event: 66.673 Thread 0x0000023179254620 5793       3       java.util.TreeMap::remove (24 bytes)
Event: 66.673 Thread 0x0000023179254620 nmethod 5793 0x0000023163979f90 code [0x000002316397a160, 0x000002316397a360]

GC Heap History (20 events):
Event: 56.403 GC heap before
{Heap before GC invocations=66 (full 0):
 garbage-first heap   total 245760K, used 178064K [0x0000000701600000, 0x0000000800000000)
  region size 2048K, 36 young (73728K), 1 survivors (2048K)
 Metaspace       used 37499K, committed 38080K, reserved 1114112K
  class space    used 3341K, committed 3584K, reserved 1048576K
}
Event: 56.404 GC heap after
{Heap after GC invocations=67 (full 0):
 garbage-first heap   total 245760K, used 24469K [0x0000000701600000, 0x0000000800000000)
  region size 2048K, 1 young (2048K), 1 survivors (2048K)
 Metaspace       used 37499K, committed 38080K, reserved 1114112K
  class space    used 3341K, committed 3584K, reserved 1048576K
}
Event: 57.375 GC heap before
{Heap before GC invocations=67 (full 0):
 garbage-first heap   total 245760K, used 192405K [0x0000000701600000, 0x0000000800000000)
  region size 2048K, 43 young (88064K), 1 survivors (2048K)
 Metaspace       used 37501K, committed 38080K, reserved 1114112K
  class space    used 3341K, committed 3584K, reserved 1048576K
}
Event: 57.376 GC heap after
{Heap after GC invocations=68 (full 0):
 garbage-first heap   total 245760K, used 20376K [0x0000000701600000, 0x0000000800000000)
  region size 2048K, 1 young (2048K), 1 survivors (2048K)
 Metaspace       used 37501K, committed 38080K, reserved 1114112K
  class space    used 3341K, committed 3584K, reserved 1048576K
}
Event: 58.453 GC heap before
{Heap before GC invocations=68 (full 0):
 garbage-first heap   total 245760K, used 173976K [0x0000000701600000, 0x0000000800000000)
  region size 2048K, 34 young (69632K), 1 survivors (2048K)
 Metaspace       used 37528K, committed 38080K, reserved 1114112K
  class space    used 3341K, committed 3584K, reserved 1048576K
}
Event: 58.454 GC heap after
{Heap after GC invocations=69 (full 0):
 garbage-first heap   total 245760K, used 21276K [0x0000000701600000, 0x0000000800000000)
  region size 2048K, 1 young (2048K), 1 survivors (2048K)
 Metaspace       used 37528K, committed 38080K, reserved 1114112K
  class space    used 3341K, committed 3584K, reserved 1048576K
}
Event: 59.327 GC heap before
{Heap before GC invocations=69 (full 0):
 garbage-first heap   total 245760K, used 185116K [0x0000000701600000, 0x0000000800000000)
  region size 2048K, 39 young (79872K), 1 survivors (2048K)
 Metaspace       used 37532K, committed 38080K, reserved 1114112K
  class space    used 3341K, committed 3584K, reserved 1048576K
}
Event: 59.328 GC heap after
{Heap after GC invocations=70 (full 0):
 garbage-first heap   total 245760K, used 18328K [0x0000000701600000, 0x0000000800000000)
  region size 2048K, 1 young (2048K), 1 survivors (2048K)
 Metaspace       used 37532K, committed 38080K, reserved 1114112K
  class space    used 3341K, committed 3584K, reserved 1048576K
}
Event: 60.270 GC heap before
{Heap before GC invocations=70 (full 0):
 garbage-first heap   total 245760K, used 182168K [0x0000000701600000, 0x0000000800000000)
  region size 2048K, 38 young (77824K), 1 survivors (2048K)
 Metaspace       used 37536K, committed 38144K, reserved 1114112K
  class space    used 3341K, committed 3584K, reserved 1048576K
}
Event: 60.271 GC heap after
{Heap after GC invocations=71 (full 0):
 garbage-first heap   total 245760K, used 24476K [0x0000000701600000, 0x0000000800000000)
  region size 2048K, 1 young (2048K), 1 survivors (2048K)
 Metaspace       used 37536K, committed 38144K, reserved 1114112K
  class space    used 3341K, committed 3584K, reserved 1048576K
}
Event: 61.229 GC heap before
{Heap before GC invocations=71 (full 0):
 garbage-first heap   total 245760K, used 171932K [0x0000000701600000, 0x0000000800000000)
  region size 2048K, 33 young (67584K), 1 survivors (2048K)
 Metaspace       used 37541K, committed 38144K, reserved 1114112K
  class space    used 3341K, committed 3584K, reserved 1048576K
}
Event: 61.230 GC heap after
{Heap after GC invocations=72 (full 0):
 garbage-first heap   total 245760K, used 18335K [0x0000000701600000, 0x0000000800000000)
  region size 2048K, 1 young (2048K), 1 survivors (2048K)
 Metaspace       used 37541K, committed 38144K, reserved 1114112K
  class space    used 3341K, committed 3584K, reserved 1048576K
}
Event: 62.407 GC heap before
{Heap before GC invocations=72 (full 0):
 garbage-first heap   total 245760K, used 200607K [0x0000000701600000, 0x0000000800000000)
  region size 2048K, 47 young (96256K), 1 survivors (2048K)
 Metaspace       used 37542K, committed 38208K, reserved 1114112K
  class space    used 3341K, committed 3584K, reserved 1048576K
}
Event: 62.409 GC heap after
{Heap after GC invocations=73 (full 0):
 garbage-first heap   total 245760K, used 23125K [0x0000000701600000, 0x0000000800000000)
  region size 2048K, 3 young (6144K), 3 survivors (6144K)
 Metaspace       used 37542K, committed 38208K, reserved 1114112K
  class space    used 3341K, committed 3584K, reserved 1048576K
}
Event: 63.514 GC heap before
{Heap before GC invocations=73 (full 0):
 garbage-first heap   total 245760K, used 205397K [0x0000000701600000, 0x0000000800000000)
  region size 2048K, 49 young (100352K), 3 survivors (6144K)
 Metaspace       used 37544K, committed 38208K, reserved 1114112K
  class space    used 3341K, committed 3584K, reserved 1048576K
}
Event: 63.516 GC heap after
{Heap after GC invocations=74 (full 0):
 garbage-first heap   total 245760K, used 32172K [0x0000000701600000, 0x0000000800000000)
  region size 2048K, 1 young (2048K), 1 survivors (2048K)
 Metaspace       used 37544K, committed 38208K, reserved 1114112K
  class space    used 3341K, committed 3584K, reserved 1048576K
}
Event: 64.932 GC heap before
{Heap before GC invocations=74 (full 0):
 garbage-first heap   total 245760K, used 204204K [0x0000000701600000, 0x0000000800000000)
  region size 2048K, 47 young (96256K), 1 survivors (2048K)
 Metaspace       used 37544K, committed 38208K, reserved 1114112K
  class space    used 3341K, committed 3584K, reserved 1048576K
}
Event: 64.933 GC heap after
{Heap after GC invocations=75 (full 0):
 garbage-first heap   total 245760K, used 21442K [0x0000000701600000, 0x0000000800000000)
  region size 2048K, 1 young (2048K), 1 survivors (2048K)
 Metaspace       used 37544K, committed 38208K, reserved 1114112K
  class space    used 3341K, committed 3584K, reserved 1048576K
}
Event: 66.488 GC heap before
{Heap before GC invocations=75 (full 0):
 garbage-first heap   total 245760K, used 207810K [0x0000000701600000, 0x0000000800000000)
  region size 2048K, 51 young (104448K), 1 survivors (2048K)
 Metaspace       used 37609K, committed 38208K, reserved 1114112K
  class space    used 3344K, committed 3584K, reserved 1048576K
}
Event: 66.491 GC heap after
{Heap after GC invocations=76 (full 0):
 garbage-first heap   total 245760K, used 22956K [0x0000000701600000, 0x0000000800000000)
  region size 2048K, 3 young (6144K), 3 survivors (6144K)
 Metaspace       used 37609K, committed 38208K, reserved 1114112K
  class space    used 3344K, committed 3584K, reserved 1048576K
}

Dll operation events (20 events):
Event: 3.521 Loaded shared library C:\Users\Welcome\.javacpp\cache\javacpp-1.5.9-windows-x86_64.jar\org\bytedeco\javacpp\windows-x86_64\ucrtbase.dll
Event: 3.527 Loaded shared library C:\Users\Welcome\.javacpp\cache\javacpp-1.5.9-windows-x86_64.jar\org\bytedeco\javacpp\windows-x86_64\vcruntime140.dll
Event: 3.533 Loaded shared library C:\Users\Welcome\.javacpp\cache\javacpp-1.5.9-windows-x86_64.jar\org\bytedeco\javacpp\windows-x86_64\vcruntime140_1.dll
Event: 3.538 Loaded shared library C:\Users\Welcome\.javacpp\cache\javacpp-1.5.9-windows-x86_64.jar\org\bytedeco\javacpp\windows-x86_64\msvcp140.dll
Event: 3.544 Loaded shared library C:\Users\Welcome\.javacpp\cache\javacpp-1.5.9-windows-x86_64.jar\org\bytedeco\javacpp\windows-x86_64\msvcp140_1.dll
Event: 3.550 Loaded shared library C:\Users\Welcome\.javacpp\cache\javacpp-1.5.9-windows-x86_64.jar\org\bytedeco\javacpp\windows-x86_64\concrt140.dll
Event: 3.556 Loaded shared library C:\Users\Welcome\.javacpp\cache\javacpp-1.5.9-windows-x86_64.jar\org\bytedeco\javacpp\windows-x86_64\vcomp140.dll
Event: 3.561 Loaded shared library C:\Users\Welcome\.javacpp\cache\javacpp-1.5.9-windows-x86_64.jar\org\bytedeco\javacpp\windows-x86_64\jnijavacpp.dll
Event: 3.623 Loaded shared library C:\Users\Welcome\.javacpp\cache\openblas-0.3.23-1.5.9-windows-x86_64.jar\org\bytedeco\openblas\windows-x86_64\libopenblas_nolapack.dll
Event: 3.646 Loaded shared library C:\Users\Welcome\.javacpp\cache\openblas-0.3.23-1.5.9-windows-x86_64.jar\org\bytedeco\openblas\windows-x86_64\jniopenblas_nolapack.dll
Event: 3.773 Loaded shared library C:\Users\Welcome\.javacpp\cache\openblas-0.3.23-1.5.9-windows-x86_64.jar\org\bytedeco\openblas\windows-x86_64\libopenblas.dll
Event: 3.790 Loaded shared library C:\Users\Welcome\.javacpp\cache\openblas-0.3.23-1.5.9-windows-x86_64.jar\org\bytedeco\openblas\windows-x86_64\jniopenblas.dll
Event: 4.475 Loaded shared library C:\Users\Welcome\.javacpp\cache\opencv-4.7.0-1.5.9-windows-x86_64.jar\org\bytedeco\opencv\windows-x86_64\opencv_core470.dll
Event: 4.498 Loaded shared library C:\Users\Welcome\.javacpp\cache\opencv-4.7.0-1.5.9-windows-x86_64.jar\org\bytedeco\opencv\windows-x86_64\opencv_imgproc470.dll
Event: 4.521 Loaded shared library C:\Users\Welcome\.javacpp\cache\opencv-4.7.0-1.5.9-windows-x86_64.jar\org\bytedeco\opencv\windows-x86_64\jniopencv_core.dll
Event: 4.647 Loaded shared library C:\Users\Welcome\.javacpp\cache\opencv-4.7.0-1.5.9-windows-x86_64.jar\org\bytedeco\opencv\windows-x86_64\jniopencv_imgproc.dll
Event: 4.675 Loaded shared library C:\Users\Welcome\.javacpp\cache\opencv-4.7.0-1.5.9-windows-x86_64.jar\org\bytedeco\opencv\windows-x86_64\opencv_imgcodecs470.dll
Event: 4.681 Loaded shared library C:\Users\Welcome\.javacpp\cache\opencv-4.7.0-1.5.9-windows-x86_64.jar\org\bytedeco\opencv\windows-x86_64\jniopencv_imgcodecs.dll
Event: 4.722 Loaded shared library C:\Users\Welcome\.javacpp\cache\opencv-4.7.0-1.5.9-windows-x86_64.jar\org\bytedeco\opencv\windows-x86_64\opencv_videoio470.dll
Event: 4.728 Loaded shared library C:\Users\Welcome\.javacpp\cache\opencv-4.7.0-1.5.9-windows-x86_64.jar\org\bytedeco\opencv\windows-x86_64\jniopencv_videoio.dll

Deoptimization events (20 events):
Event: 66.658 Thread 0x000002317e56c050 Uncommon trap: trap_request=0xffffff45 fr.pc=0x000002316ab0843c relative=0x000000000000009c
Event: 66.658 Thread 0x000002317e56c050 Uncommon trap: reason=unstable_if action=reinterpret pc=0x000002316ab0843c method=java.awt.EventQueue.eventToCacheIndex(Ljava/awt/AWTEvent;)I @ 4 c2
Event: 66.658 Thread 0x000002317e56c050 DEOPT PACKING pc=0x000002316ab0843c sp=0x00000086c3bfdf90
Event: 66.658 Thread 0x000002317e56c050 DEOPT UNPACKING pc=0x000002316a344422 sp=0x00000086c3bfdf30 mode 2
Event: 66.658 Thread 0x000002317e56c050 Uncommon trap: trap_request=0xffffff45 fr.pc=0x000002316ac6a618 relative=0x0000000000002718
Event: 66.658 Thread 0x000002317e56c050 Uncommon trap: reason=unstable_if action=reinterpret pc=0x000002316ac6a618 method=java.awt.EventQueue.getPriority(Ljava/awt/AWTEvent;)I @ 4 c2
Event: 66.658 Thread 0x000002317e56c050 DEOPT PACKING pc=0x000002316ac6a618 sp=0x00000086c3bfe110
Event: 66.658 Thread 0x000002317e56c050 DEOPT UNPACKING pc=0x000002316a344422 sp=0x00000086c3bfe0e0 mode 2
Event: 66.658 Thread 0x000002317e56c050 Uncommon trap: trap_request=0xffffffde fr.pc=0x000002316ac73bd8 relative=0x0000000000000818
Event: 66.658 Thread 0x000002317e56c050 Uncommon trap: reason=class_check action=maybe_recompile pc=0x000002316ac73bd8 method=java.awt.EventQueue.setCurrentEventAndMostRecentTimeImpl(Ljava/awt/AWTEvent;)V @ 134 c2
Event: 66.658 Thread 0x000002317e56c050 DEOPT PACKING pc=0x000002316ac73bd8 sp=0x00000086c3bfe3a0
Event: 66.658 Thread 0x000002317e56c050 DEOPT UNPACKING pc=0x000002316a344422 sp=0x00000086c3bfe350 mode 2
Event: 66.658 Thread 0x000002317e56c050 Uncommon trap: trap_request=0xffffffde fr.pc=0x000002316ac73bd8 relative=0x0000000000000818
Event: 66.658 Thread 0x000002317e56c050 Uncommon trap: reason=class_check action=maybe_recompile pc=0x000002316ac73bd8 method=java.awt.EventQueue.setCurrentEventAndMostRecentTimeImpl(Ljava/awt/AWTEvent;)V @ 134 c2
Event: 66.658 Thread 0x000002317e56c050 DEOPT PACKING pc=0x000002316ac73bd8 sp=0x00000086c3bfe2d0
Event: 66.658 Thread 0x000002317e56c050 DEOPT UNPACKING pc=0x000002316a344422 sp=0x00000086c3bfe280 mode 2
Event: 66.670 Thread 0x000002317e56c050 Uncommon trap: trap_request=0xffffff45 fr.pc=0x000002316ac44df4 relative=0x0000000000000414
Event: 66.670 Thread 0x000002317e56c050 Uncommon trap: reason=unstable_if action=reinterpret pc=0x000002316ac44df4 method=androidx.collection.ScatterSet.contains(Ljava/lang/Object;)Z @ 225 c2
Event: 66.670 Thread 0x000002317e56c050 DEOPT PACKING pc=0x000002316ac44df4 sp=0x00000086c3bfe420
Event: 66.670 Thread 0x000002317e56c050 DEOPT UNPACKING pc=0x000002316a344422 sp=0x00000086c3bfe310 mode 2

Classes loaded (20 events):
Event: 13.712 Loading class sun/util/resources/LocaleData$CommonResourceBundleProvider
Event: 13.712 Loading class sun/util/resources/LocaleData$LocaleDataResourceBundleProvider
Event: 13.712 Loading class java/util/spi/ResourceBundleProvider
Event: 13.712 Loading class java/util/spi/ResourceBundleProvider done
Event: 13.712 Loading class sun/util/resources/LocaleData$LocaleDataResourceBundleProvider done
Event: 13.712 Loading class sun/util/resources/LocaleData$CommonResourceBundleProvider done
Event: 13.713 Loading class java/util/ArrayList$SubList$1
Event: 13.713 Loading class java/util/ArrayList$SubList$1 done
Event: 13.713 Loading class sun/text/resources/cldr/FormatData_en
Event: 13.714 Loading class sun/text/resources/cldr/FormatData_en done
Event: 13.714 Loading class sun/util/resources/Bundles$2
Event: 13.714 Loading class sun/util/resources/Bundles$2 done
Event: 48.381 Loading class java/lang/foreign/MemorySegment
Event: 48.382 Loading class java/lang/foreign/MemorySegment done
Event: 56.297 Loading class java/security/DomainCombiner
Event: 56.297 Loading class java/security/DomainCombiner done
Event: 66.657 Loading class java/awt/KeyboardFocusManager$2
Event: 66.657 Loading class java/awt/KeyboardFocusManager$2 done
Event: 66.657 Loading class sun/awt/SunToolkit$1
Event: 66.657 Loading class sun/awt/SunToolkit$1 done

Classes unloaded (0 events):
No events

Classes redefined (0 events):
No events

Internal exceptions (20 events):
Event: 3.627 Thread 0x0000023179b77230 Implicit null exception at 0x000002316a95d294 to 0x000002316a95d5b8
Event: 3.676 Thread 0x000002317e56c050 Exception <a 'java/lang/NoSuchMethodError'{0x00000007115bc7e8}: 'java.lang.Object java.lang.invoke.DirectMethodHandle$Holder.invokeStatic(java.lang.Object, java.lang.Object, java.lang.Object, java.lang.Object, java.lang.Object, java.lang.Object, java.lang.Object, java.lang.Object, java.lang.Object, java.lang.Object, long)'> (0x00000007115bc7e8) 
thrown [s\src\hotspot\share\interpreter\linkResolver.cpp, line 773]
Event: 11.998 Thread 0x000002317e56c050 Exception <a 'java/lang/NoSuchMethodError'{0x00000007089cb6e0}: 'long java.lang.invoke.DirectMethodHandle$Holder.invokeStatic(java.lang.Object, java.lang.Object)'> (0x00000007089cb6e0) 
thrown [s\src\hotspot\share\interpreter\linkResolver.cpp, line 773]
Event: 12.011 Thread 0x000002317e56c050 Exception <a 'java/lang/NoSuchMethodError'{0x000000070865ab50}: 'java.lang.Object java.lang.invoke.DirectMethodHandle$Holder.newInvokeSpecial(java.lang.Object, java.lang.Object, java.lang.Object, java.lang.Object, java.lang.Object, java.lang.Object, int)'> (0x000000070865ab50) 
thrown [s\src\hotspot\share\interpreter\linkResolver.cpp, line 773]
Event: 12.011 Thread 0x000002317e56c050 Exception <a 'java/lang/NoSuchMethodError'{0x000000070865f3c8}: 'java.lang.Object java.lang.invoke.DirectMethodHandle$Holder.invokeSpecial(java.lang.Object, java.lang.Object, java.lang.Object, java.lang.Object, java.lang.Object, java.lang.Object, java.lang.Object, int)'> (0x000000070865f3c8) 
thrown [s\src\hotspot\share\interpreter\linkResolver.cpp, line 773]
Event: 12.015 Thread 0x000002317e56c050 Exception <a 'java/lang/NoSuchMethodError'{0x0000000708683838}: 'java.lang.Object java.lang.invoke.DirectMethodHandle$Holder.newInvokeSpecial(java.lang.Object, int, java.lang.Object, java.lang.Object, java.lang.Object, java.lang.Object)'> (0x0000000708683838) 
thrown [s\src\hotspot\share\interpreter\linkResolver.cpp, line 773]
Event: 12.060 Thread 0x000002317e56c050 Exception <a 'java/lang/NoSuchMethodError'{0x0000000707fd9600}: 'java.lang.Object java.lang.invoke.DirectMethodHandle$Holder.newInvokeSpecial(java.lang.Object, java.lang.Object, float)'> (0x0000000707fd9600) 
thrown [s\src\hotspot\share\interpreter\linkResolver.cpp, line 773]
Event: 12.072 Thread 0x000002317e56c050 Exception <a 'java/lang/NoSuchMethodError'{0x0000000707c31ea0}: 'java.lang.Object java.lang.invoke.DirectMethodHandle$Holder.invokeStatic(java.lang.Object, java.lang.Object, int, java.lang.Object, java.lang.Object)'> (0x0000000707c31ea0) 
thrown [s\src\hotspot\share\interpreter\linkResolver.cpp, line 773]
Event: 12.072 Thread 0x000002317e56c050 Exception <a 'java/lang/NoSuchMethodError'{0x0000000707c39660}: 'java.lang.Object java.lang.invoke.DirectMethodHandle$Holder.newInvokeSpecial(java.lang.Object, java.lang.Object, int, java.lang.Object)'> (0x0000000707c39660) 
thrown [s\src\hotspot\share\interpreter\linkResolver.cpp, line 773]
Event: 12.072 Thread 0x000002317e56c050 Exception <a 'java/lang/NoSuchMethodError'{0x0000000707c3dad0}: 'java.lang.Object java.lang.invoke.DirectMethodHandle$Holder.invokeSpecial(java.lang.Object, java.lang.Object, java.lang.Object, int, java.lang.Object)'> (0x0000000707c3dad0) 
thrown [s\src\hotspot\share\interpreter\linkResolver.cpp, line 773]
Event: 12.073 Thread 0x000002317e56c050 Exception <a 'java/lang/NoSuchMethodError'{0x0000000707c417a8}: 'java.lang.Object java.lang.invoke.Invokers$Holder.linkToTargetMethod(java.lang.Object, int, java.lang.Object, java.lang.Object)'> (0x0000000707c417a8) 
thrown [s\src\hotspot\share\interpreter\linkResolver.cpp, line 773]
Event: 12.075 Thread 0x000002317e56c050 Exception <a 'java/lang/NoSuchMethodError'{0x0000000707c54570}: 'java.lang.Object java.lang.invoke.DirectMethodHandle$Holder.invokeStatic(java.lang.Object, java.lang.Object, long, java.lang.Object)'> (0x0000000707c54570) 
thrown [s\src\hotspot\share\interpreter\linkResolver.cpp, line 773]
Event: 12.075 Thread 0x000002317e56c050 Exception <a 'java/lang/NoSuchMethodError'{0x0000000707c5b5a0}: 'java.lang.Object java.lang.invoke.DirectMethodHandle$Holder.newInvokeSpecial(java.lang.Object, java.lang.Object, long)'> (0x0000000707c5b5a0) 
thrown [s\src\hotspot\share\interpreter\linkResolver.cpp, line 773]
Event: 12.076 Thread 0x000002317e56c050 Exception <a 'java/lang/NoSuchMethodError'{0x0000000707c5f038}: 'java.lang.Object java.lang.invoke.Invokers$Holder.linkToTargetMethod(java.lang.Object, long, java.lang.Object)'> (0x0000000707c5f038) 
thrown [s\src\hotspot\share\interpreter\linkResolver.cpp, line 773]
Event: 13.592 Thread 0x000002317e06a640 Exception <a 'java/lang/NoSuchMethodError'{0x000000070758f3b8}: 'java.lang.Object java.lang.invoke.DirectMethodHandle$Holder.invokeSpecial(java.lang.Object, java.lang.Object, int, float)'> (0x000000070758f3b8) 
thrown [s\src\hotspot\share\interpreter\linkResolver.cpp, line 773]
Event: 13.594 Thread 0x000002317e06a640 Exception <a 'java/lang/NoSuchMethodError'{0x00000007075a7e60}: 'java.lang.Object java.lang.invoke.DirectMethodHandle$Holder.invokeSpecial(java.lang.Object, java.lang.Object, java.lang.Object, java.lang.Object, double)'> (0x00000007075a7e60) 
thrown [s\src\hotspot\share\interpreter\linkResolver.cpp, line 773]
Event: 13.595 Thread 0x000002317e06a640 Exception <a 'java/lang/NoSuchMethodError'{0x00000007075aba10}: 'java.lang.Object java.lang.invoke.Invokers$Holder.linkToTargetMethod(java.lang.Object, java.lang.Object, double, java.lang.Object)'> (0x00000007075aba10) 
thrown [s\src\hotspot\share\interpreter\linkResolver.cpp, line 773]
Event: 18.438 Thread 0x0000023179b77890 Exception <a 'java/lang/NoSuchMethodError'{0x000000070ce195d8}: 'java.lang.Object java.lang.invoke.Invokers$Holder.linkToTargetMethod(java.lang.Object, float, float, float, float, java.lang.Object)'> (0x000000070ce195d8) 
thrown [s\src\hotspot\share\interpreter\linkResolver.cpp, line 773]
Event: 19.457 Thread 0x000002317e56c050 Exception <a 'java/lang/NoSuchMethodError'{0x000000070fa22ba0}: 'java.lang.Object java.lang.invoke.DirectMethodHandle$Holder.invokeSpecial(java.lang.Object, java.lang.Object, int, int, java.lang.Object)'> (0x000000070fa22ba0) 
thrown [s\src\hotspot\share\interpreter\linkResolver.cpp, line 773]
Event: 66.657 Thread 0x000002317e56c050 Implicit null exception at 0x000002316ac71521 to 0x000002316ac72728

ZGC Phase Switch (0 events):
No events

VM Operations (20 events):
Event: 58.453 Executing VM operation: G1TryInitiateConcMark (G1 Humongous Allocation)
Event: 58.454 Executing VM operation: G1TryInitiateConcMark (G1 Humongous Allocation) done
Event: 59.327 Executing VM operation: G1TryInitiateConcMark (G1 Humongous Allocation)
Event: 59.328 Executing VM operation: G1TryInitiateConcMark (G1 Humongous Allocation) done
Event: 60.250 Executing VM operation: HandshakeAllThreads (HandshakeForDeflation)
Event: 60.250 Executing VM operation: HandshakeAllThreads (HandshakeForDeflation) done
Event: 60.250 Executing VM operation: RendezvousGCThreads
Event: 60.250 Executing VM operation: RendezvousGCThreads done
Event: 60.270 Executing VM operation: G1TryInitiateConcMark (G1 Humongous Allocation)
Event: 60.271 Executing VM operation: G1TryInitiateConcMark (G1 Humongous Allocation) done
Event: 61.229 Executing VM operation: G1TryInitiateConcMark (G1 Humongous Allocation)
Event: 61.230 Executing VM operation: G1TryInitiateConcMark (G1 Humongous Allocation) done
Event: 62.399 Executing VM operation: G1TryInitiateConcMark (G1 Humongous Allocation)
Event: 62.409 Executing VM operation: G1TryInitiateConcMark (G1 Humongous Allocation) done
Event: 63.514 Executing VM operation: G1TryInitiateConcMark (G1 Humongous Allocation)
Event: 63.516 Executing VM operation: G1TryInitiateConcMark (G1 Humongous Allocation) done
Event: 64.932 Executing VM operation: G1TryInitiateConcMark (G1 Humongous Allocation)
Event: 64.933 Executing VM operation: G1TryInitiateConcMark (G1 Humongous Allocation) done
Event: 66.470 Executing VM operation: G1TryInitiateConcMark (G1 Humongous Allocation)
Event: 66.491 Executing VM operation: G1TryInitiateConcMark (G1 Humongous Allocation) done

Memory protections (0 events):
No events

Nmethod flushes (20 events):
Event: 13.109 Thread 0x00000231792228d0 flushing  nmethod 0x0000023162e40410
Event: 13.109 Thread 0x00000231792228d0 flushing  nmethod 0x0000023162e40f90
Event: 13.109 Thread 0x00000231792228d0 flushing  nmethod 0x0000023162e42490
Event: 13.109 Thread 0x00000231792228d0 flushing  nmethod 0x0000023162e6f710
Event: 13.109 Thread 0x00000231792228d0 flushing  nmethod 0x0000023162e72210
Event: 13.109 Thread 0x00000231792228d0 flushing  nmethod 0x0000023162e72b10
Event: 13.109 Thread 0x00000231792228d0 flushing  nmethod 0x0000023162e75a90
Event: 13.109 Thread 0x00000231792228d0 flushing  nmethod 0x0000023162eed490
Event: 13.109 Thread 0x00000231792228d0 flushing  nmethod 0x0000023162f33c10
Event: 13.109 Thread 0x00000231792228d0 flushing  nmethod 0x0000023162f34990
Event: 13.109 Thread 0x00000231792228d0 flushing  nmethod 0x0000023162f5a110
Event: 13.109 Thread 0x00000231792228d0 flushing  nmethod 0x0000023162fc0190
Event: 13.109 Thread 0x00000231792228d0 flushing  nmethod 0x0000023162fcc890
Event: 13.109 Thread 0x00000231792228d0 flushing  nmethod 0x0000023162fef610
Event: 13.109 Thread 0x00000231792228d0 flushing  nmethod 0x0000023162fefa10
Event: 13.109 Thread 0x00000231792228d0 flushing  nmethod 0x0000023162ff0790
Event: 13.109 Thread 0x00000231792228d0 flushing  nmethod 0x000002316301a790
Event: 13.109 Thread 0x00000231792228d0 flushing  nmethod 0x0000023163025a10
Event: 13.109 Thread 0x00000231792228d0 flushing  nmethod 0x0000023163025d10
Event: 13.109 Thread 0x00000231792228d0 flushing  nmethod 0x0000023163026c10

Events (20 events):
Event: 30.606 Thread 0x0000023179b77230 Thread added: 0x000002317e06acd0
Event: 31.276 Thread 0x0000023179254620 Thread added: 0x0000023144975410
Event: 32.401 Thread 0x0000023144975410 Thread exited: 0x0000023144975410
Event: 32.450 Thread 0x0000023179254620 Thread added: 0x0000023144970ff0
Event: 32.561 Thread 0x0000023144970ff0 Thread exited: 0x0000023144970ff0
Event: 32.590 Thread 0x0000023179254620 Thread added: 0x0000023144975410
Event: 32.873 Thread 0x0000023144975410 Thread exited: 0x0000023144975410
Event: 33.998 Thread 0x0000023179254620 Thread added: 0x0000023144972b30
Event: 34.232 Thread 0x0000023144972b30 Thread exited: 0x0000023144972b30
Event: 35.227 Thread 0x0000023179254620 Thread added: 0x000002314496fb80
Event: 35.663 Thread 0x000002314496fb80 Thread exited: 0x000002314496fb80
Event: 36.626 Thread 0x0000023179254620 Thread added: 0x0000023144970920
Event: 37.299 Thread 0x0000023144970920 Thread exited: 0x0000023144970920
Event: 38.794 Thread 0x0000023179254620 Thread added: 0x0000023144976880
Event: 39.163 Thread 0x0000023144976880 Thread exited: 0x0000023144976880
Event: 42.011 Thread 0x0000023179254620 Thread added: 0x0000023144975410
Event: 42.608 Thread 0x0000023144975410 Thread exited: 0x0000023144975410
Event: 65.073 Thread 0x0000023179254620 Thread added: 0x0000023144970250
Event: 65.810 Thread 0x0000023144970250 Thread exited: 0x0000023144970250
Event: 66.572 Thread 0x0000023179254620 Thread added: 0x0000023144973200


Dynamic libraries:
0x00007ff6266c0000 - 0x00007ff6266ce000 	C:\Program Files\BellSoft\LibericaJDK-21\bin\java.exe
0x00007ff9f6840000 - 0x00007ff9f6a49000 	C:\Windows\SYSTEM32\ntdll.dll
0x00007ff9f6000000 - 0x00007ff9f60bd000 	C:\Windows\System32\KERNEL32.DLL
0x00007ff9f3ff0000 - 0x00007ff9f4374000 	C:\Windows\System32\KERNELBASE.dll
0x00007ff9f44d0000 - 0x00007ff9f45e1000 	C:\Windows\System32\ucrtbase.dll
0x00007ff9bf7e0000 - 0x00007ff9bf7fb000 	C:\Program Files\BellSoft\LibericaJDK-21\bin\VCRUNTIME140.dll
0x00007ff9efbf0000 - 0x00007ff9efc08000 	C:\Program Files\BellSoft\LibericaJDK-21\bin\jli.dll
0x00007ff9f5230000 - 0x00007ff9f53dd000 	C:\Windows\System32\USER32.dll
0x00007ff9dfcc0000 - 0x00007ff9dff65000 	C:\Windows\WinSxS\amd64_microsoft.windows.common-controls_6595b64144ccf1df_6.0.22000.120_none_9d947278b86cc467\COMCTL32.dll
0x00007ff9f44a0000 - 0x00007ff9f44c6000 	C:\Windows\System32\win32u.dll
0x00007ff9f5180000 - 0x00007ff9f5223000 	C:\Windows\System32\msvcrt.dll
0x00007ff9f5fd0000 - 0x00007ff9f5ffa000 	C:\Windows\System32\GDI32.dll
0x00007ff9f4380000 - 0x00007ff9f449e000 	C:\Windows\System32\gdi32full.dll
0x00007ff9f45f0000 - 0x00007ff9f468d000 	C:\Windows\System32\msvcp_win.dll
0x00007ff9f5f90000 - 0x00007ff9f5fc1000 	C:\Windows\System32\IMM32.DLL
0x00007ff9e7580000 - 0x00007ff9e758c000 	C:\Program Files\BellSoft\LibericaJDK-21\bin\vcruntime140_1.dll
0x00007ff9721d0000 - 0x00007ff97225e000 	C:\Program Files\BellSoft\LibericaJDK-21\bin\msvcp140.dll
0x00007ff971410000 - 0x00007ff9721c3000 	C:\Program Files\BellSoft\LibericaJDK-21\bin\server\jvm.dll
0x00007ff9f5cc0000 - 0x00007ff9f5d6e000 	C:\Windows\System32\ADVAPI32.dll
0x00007ff9f5c20000 - 0x00007ff9f5cbe000 	C:\Windows\System32\sechost.dll
0x00007ff9f4900000 - 0x00007ff9f4a21000 	C:\Windows\System32\RPCRT4.dll
0x00007ff9f4770000 - 0x00007ff9f47df000 	C:\Windows\System32\WS2_32.dll
0x00007ff9f3a00000 - 0x00007ff9f3a4d000 	C:\Windows\SYSTEM32\POWRPROF.dll
0x00007ff9cd7b0000 - 0x00007ff9cd7e3000 	C:\Windows\SYSTEM32\WINMM.dll
0x00007ff9ecd80000 - 0x00007ff9ecd8a000 	C:\Windows\SYSTEM32\VERSION.dll
0x00007ff9f39e0000 - 0x00007ff9f39f3000 	C:\Windows\SYSTEM32\UMPDC.dll
0x00007ff9f2d00000 - 0x00007ff9f2d18000 	C:\Windows\SYSTEM32\kernel.appcore.dll
0x00007ff9c61e0000 - 0x00007ff9c61ea000 	C:\Program Files\BellSoft\LibericaJDK-21\bin\jimage.dll
0x00007ff9dfa90000 - 0x00007ff9dfcb1000 	C:\Windows\SYSTEM32\DBGHELP.DLL
0x00007ff9e00c0000 - 0x00007ff9e00f1000 	C:\Windows\SYSTEM32\dbgcore.DLL
0x00007ff9f3f70000 - 0x00007ff9f3fef000 	C:\Windows\System32\bcryptPrimitives.dll
0x00007ff9bf7c0000 - 0x00007ff9bf7df000 	C:\Program Files\BellSoft\LibericaJDK-21\bin\java.dll
0x00007ff9f53e0000 - 0x00007ff9f5ba5000 	C:\Windows\System32\SHELL32.dll
0x00007ff9f1d60000 - 0x00007ff9f25c2000 	C:\Windows\SYSTEM32\windows.storage.dll
0x00007ff9f4ae0000 - 0x00007ff9f4e56000 	C:\Windows\System32\combase.dll
0x00007ff9f1bf0000 - 0x00007ff9f1d57000 	C:\Windows\SYSTEM32\wintypes.dll
0x00007ff9f6290000 - 0x00007ff9f637a000 	C:\Windows\System32\SHCORE.dll
0x00007ff9f4710000 - 0x00007ff9f476d000 	C:\Windows\System32\shlwapi.dll
0x00007ff9f3c00000 - 0x00007ff9f3c25000 	C:\Windows\SYSTEM32\profapi.dll
0x00007ff971150000 - 0x00007ff971227000 	C:\Program Files\BellSoft\LibericaJDK-21\bin\jsvml.dll
0x00007ff9860c0000 - 0x00007ff9860d0000 	C:\Program Files\BellSoft\LibericaJDK-21\bin\net.dll
0x00007ff9ee6a0000 - 0x00007ff9ee7b4000 	C:\Windows\SYSTEM32\WINHTTP.dll
0x00007ff9f31a0000 - 0x00007ff9f3207000 	C:\Windows\system32\mswsock.dll
0x00007ff97f2f0000 - 0x00007ff97f306000 	C:\Program Files\BellSoft\LibericaJDK-21\bin\nio.dll
0x00007ff97f2d0000 - 0x00007ff97f2e8000 	C:\Program Files\BellSoft\LibericaJDK-21\bin\zip.dll
0x00007ff984a80000 - 0x00007ff98569f000 	C:\Users\Welcome\.skiko\64f176e39f60453df1ebf3b490935ff01e2e8db2dfc6217e7f91aacb376d7385\skiko-windows-x64.dll
0x00007ff9f4fe0000 - 0x00007ff9f517a000 	C:\Windows\System32\ole32.dll
0x00007ff9f18f0000 - 0x00007ff9f191f000 	C:\Windows\SYSTEM32\dwmapi.dll
0x00007ff9f0230000 - 0x00007ff9f0327000 	C:\Windows\SYSTEM32\PROPSYS.dll
0x00007ff9e36a0000 - 0x00007ff9e382e000 	C:\Program Files\BellSoft\LibericaJDK-21\bin\awt.dll
0x00007ff9f4f00000 - 0x00007ff9f4fd6000 	C:\Windows\System32\OLEAUT32.dll
0x00007ff9f11d0000 - 0x00007ff9f1262000 	C:\Windows\SYSTEM32\apphelp.dll
0x00007ff9f1380000 - 0x00007ff9f142c000 	C:\Windows\system32\uxtheme.dll
0x00007ff9f5d70000 - 0x00007ff9f5e8d000 	C:\Windows\System32\MSCTF.dll
0x00007ff9cace0000 - 0x00007ff9cade1000 	C:\Windows\system32\opengl32.dll
0x00007ff9cac70000 - 0x00007ff9cac9d000 	C:\Windows\SYSTEM32\GLU32.dll
0x00007ff9f1480000 - 0x00007ff9f14b8000 	C:\Windows\SYSTEM32\dxcore.dll
0x00007ff9e3e70000 - 0x00007ff9e3ef7000 	C:\Program Files\BellSoft\LibericaJDK-21\bin\freetype.dll
0x00007ff9e35a0000 - 0x00007ff9e3691000 	C:\Program Files\BellSoft\LibericaJDK-21\bin\fontmanager.dll
0x00007ff9d9380000 - 0x00007ff9d95df000 	C:\Windows\SYSTEM32\dwrite.dll
0x00007ff9f4a30000 - 0x00007ff9f4adf000 	C:\Windows\System32\clbcatq.dll
0x00007ff9ed9e0000 - 0x00007ff9edb8e000 	C:\Windows\SYSTEM32\WindowsCodecs.dll
0x00007ff9c9ca0000 - 0x00007ff9c9cfd000 	C:\Windows\system32\dataexchange.dll
0x00007ff9ecab0000 - 0x00007ff9ecd15000 	C:\Windows\system32\twinapi.appcore.dll
0x00007ff9efbb0000 - 0x00007ff9efbb7000 	C:\Program Files\BellSoft\LibericaJDK-21\bin\jawt.dll
0x00007ff9f14c0000 - 0x00007ff9f15b3000 	C:\Windows\SYSTEM32\Dxgi.dll
0x00007ff9ef660000 - 0x00007ff9ef6a4000 	C:\Windows\SYSTEM32\directxdatabasehelper.dll
0x00007ff9f2d20000 - 0x00007ff9f2d54000 	C:\Windows\SYSTEM32\ntmarta.dll
0x00007ff9efb80000 - 0x00007ff9efba8000 	C:\Windows\SYSTEM32\D3D12.dll
0x00007ff9d5cc0000 - 0x00007ff9d5ec5000 	C:\Windows\SYSTEM32\D3D12Core.dll
0x00007ff9f3950000 - 0x00007ff9f399c000 	C:\Windows\SYSTEM32\cfgmgr32.dll
0x00007ff9f3620000 - 0x00007ff9f3647000 	C:\Windows\SYSTEM32\bcrypt.dll
0x00007ff9e7a30000 - 0x00007ff9eb1c4000 	C:\Windows\System32\DriverStore\FileRepository\iigd_dch.inf_amd64_51f685305808e3a5\igc64.dll
0x00007ff9f3cd0000 - 0x00007ff9f3e32000 	C:\Windows\System32\CRYPT32.dll
0x00007ff9e0500000 - 0x00007ff9e052d000 	C:\Windows\SYSTEM32\D3DSCache.dll
0x00007ff9f3240000 - 0x00007ff9f326c000 	C:\Windows\SYSTEM32\USERENV.dll
0x00007ff9f3470000 - 0x00007ff9f3488000 	C:\Windows\SYSTEM32\CRYPTSP.dll
0x00007ff9f2c60000 - 0x00007ff9f2c95000 	C:\Windows\system32\rsaenh.dll
0x00007ff9f3390000 - 0x00007ff9f339c000 	C:\Windows\SYSTEM32\CRYPTBASE.dll
0x00007ff9f2810000 - 0x00007ff9f283d000 	C:\Windows\SYSTEM32\IPHLPAPI.DLL
0x00007ff9f4ef0000 - 0x00007ff9f4ef9000 	C:\Windows\System32\NSI.dll
0x00007ff974a80000 - 0x00007ff97553e000 	C:\Users\Welcome\AppData\Local\Temp\onnxruntime-java1837611797723084139\onnxruntime.dll
0x00007ff9efb70000 - 0x00007ff9efb79000 	C:\Windows\SYSTEM32\MSVCP140_1.dll
0x00007ff9efb30000 - 0x00007ff9efb47000 	C:\Users\Welcome\AppData\Local\Temp\onnxruntime-java1837611797723084139\onnxruntime4j_jni.dll
0x0000023144ba0000 - 0x0000023144ba4000 	C:\Users\Welcome\.javacpp\cache\javacpp-1.5.9-windows-x86_64.jar\org\bytedeco\javacpp\windows-x86_64\api-ms-win-crt-locale-l1-1-0.dll
0x0000023144bb0000 - 0x0000023144bb5000 	C:\Users\Welcome\.javacpp\cache\javacpp-1.5.9-windows-x86_64.jar\org\bytedeco\javacpp\windows-x86_64\api-ms-win-crt-string-l1-1-0.dll
0x0000023144bc0000 - 0x0000023144bc5000 	C:\Users\Welcome\.javacpp\cache\javacpp-1.5.9-windows-x86_64.jar\org\bytedeco\javacpp\windows-x86_64\api-ms-win-crt-stdio-l1-1-0.dll
0x0000023144bd0000 - 0x0000023144bd6000 	C:\Users\Welcome\.javacpp\cache\javacpp-1.5.9-windows-x86_64.jar\org\bytedeco\javacpp\windows-x86_64\api-ms-win-crt-math-l1-1-0.dll
0x0000023144be0000 - 0x0000023144be4000 	C:\Users\Welcome\.javacpp\cache\javacpp-1.5.9-windows-x86_64.jar\org\bytedeco\javacpp\windows-x86_64\api-ms-win-crt-heap-l1-1-0.dll
0x0000023144bf0000 - 0x0000023144bf5000 	C:\Users\Welcome\.javacpp\cache\javacpp-1.5.9-windows-x86_64.jar\org\bytedeco\javacpp\windows-x86_64\api-ms-win-crt-runtime-l1-1-0.dll
0x0000023144c00000 - 0x0000023144c05000 	C:\Users\Welcome\.javacpp\cache\javacpp-1.5.9-windows-x86_64.jar\org\bytedeco\javacpp\windows-x86_64\api-ms-win-crt-convert-l1-1-0.dll
0x0000023144c10000 - 0x0000023144c14000 	C:\Users\Welcome\.javacpp\cache\javacpp-1.5.9-windows-x86_64.jar\org\bytedeco\javacpp\windows-x86_64\api-ms-win-crt-environment-l1-1-0.dll
0x0000023144d10000 - 0x0000023144d14000 	C:\Users\Welcome\.javacpp\cache\javacpp-1.5.9-windows-x86_64.jar\org\bytedeco\javacpp\windows-x86_64\api-ms-win-crt-time-l1-1-0.dll
0x0000023144d20000 - 0x0000023144d24000 	C:\Users\Welcome\.javacpp\cache\javacpp-1.5.9-windows-x86_64.jar\org\bytedeco\javacpp\windows-x86_64\api-ms-win-crt-filesystem-l1-1-0.dll
0x0000023145630000 - 0x0000023145634000 	C:\Users\Welcome\.javacpp\cache\javacpp-1.5.9-windows-x86_64.jar\org\bytedeco\javacpp\windows-x86_64\api-ms-win-crt-utility-l1-1-0.dll
0x0000023145640000 - 0x0000023145646000 	C:\Users\Welcome\.javacpp\cache\javacpp-1.5.9-windows-x86_64.jar\org\bytedeco\javacpp\windows-x86_64\api-ms-win-crt-multibyte-l1-1-0.dll
0x0000023145650000 - 0x0000023145654000 	C:\Users\Welcome\.javacpp\cache\javacpp-1.5.9-windows-x86_64.jar\org\bytedeco\javacpp\windows-x86_64\api-ms-win-crt-conio-l1-1-0.dll
0x0000023145660000 - 0x0000023145671000 	C:\Users\Welcome\.javacpp\cache\javacpp-1.5.9-windows-x86_64.jar\org\bytedeco\javacpp\windows-x86_64\api-ms-win-crt-private-l1-1-0.dll
0x0000023145680000 - 0x0000023145684000 	C:\Users\Welcome\.javacpp\cache\javacpp-1.5.9-windows-x86_64.jar\org\bytedeco\javacpp\windows-x86_64\api-ms-win-crt-process-l1-1-0.dll
0x0000023145690000 - 0x0000023145694000 	C:\Users\Welcome\.javacpp\cache\javacpp-1.5.9-windows-x86_64.jar\org\bytedeco\javacpp\windows-x86_64\api-ms-win-core-console-l1-2-0.dll
0x00000231456a0000 - 0x00000231456a4000 	C:\Users\Welcome\.javacpp\cache\javacpp-1.5.9-windows-x86_64.jar\org\bytedeco\javacpp\windows-x86_64\api-ms-win-core-string-l1-1-0.dll
0x00000231456b0000 - 0x00000231456b4000 	C:\Users\Welcome\.javacpp\cache\javacpp-1.5.9-windows-x86_64.jar\org\bytedeco\javacpp\windows-x86_64\api-ms-win-core-errorhandling-l1-1-0.dll
0x00000231456c0000 - 0x00000231456c4000 	C:\Users\Welcome\.javacpp\cache\javacpp-1.5.9-windows-x86_64.jar\org\bytedeco\javacpp\windows-x86_64\api-ms-win-core-timezone-l1-1-0.dll
0x00000231456d0000 - 0x00000231456d5000 	C:\Users\Welcome\.javacpp\cache\javacpp-1.5.9-windows-x86_64.jar\org\bytedeco\javacpp\windows-x86_64\api-ms-win-core-file-l1-1-0.dll
0x00000231456e0000 - 0x00000231456e4000 	C:\Users\Welcome\.javacpp\cache\javacpp-1.5.9-windows-x86_64.jar\org\bytedeco\javacpp\windows-x86_64\api-ms-win-core-namedpipe-l1-1-0.dll
0x00000231456f0000 - 0x00000231456f4000 	C:\Users\Welcome\.javacpp\cache\javacpp-1.5.9-windows-x86_64.jar\org\bytedeco\javacpp\windows-x86_64\api-ms-win-core-handle-l1-1-0.dll
0x0000023145700000 - 0x0000023145704000 	C:\Users\Welcome\.javacpp\cache\javacpp-1.5.9-windows-x86_64.jar\org\bytedeco\javacpp\windows-x86_64\api-ms-win-core-file-l2-1-0.dll
0x0000023145710000 - 0x0000023145714000 	C:\Users\Welcome\.javacpp\cache\javacpp-1.5.9-windows-x86_64.jar\org\bytedeco\javacpp\windows-x86_64\api-ms-win-core-heap-l1-1-0.dll
0x0000023145720000 - 0x0000023145724000 	C:\Users\Welcome\.javacpp\cache\javacpp-1.5.9-windows-x86_64.jar\org\bytedeco\javacpp\windows-x86_64\api-ms-win-core-libraryloader-l1-1-0.dll
0x0000023145730000 - 0x0000023145734000 	C:\Users\Welcome\.javacpp\cache\javacpp-1.5.9-windows-x86_64.jar\org\bytedeco\javacpp\windows-x86_64\api-ms-win-core-synch-l1-1-0.dll
0x0000023145740000 - 0x0000023145744000 	C:\Users\Welcome\.javacpp\cache\javacpp-1.5.9-windows-x86_64.jar\org\bytedeco\javacpp\windows-x86_64\api-ms-win-core-processthreads-l1-1-0.dll
0x0000023145750000 - 0x0000023145754000 	C:\Users\Welcome\.javacpp\cache\javacpp-1.5.9-windows-x86_64.jar\org\bytedeco\javacpp\windows-x86_64\api-ms-win-core-processenvironment-l1-1-0.dll
0x0000023145760000 - 0x0000023145764000 	C:\Users\Welcome\.javacpp\cache\javacpp-1.5.9-windows-x86_64.jar\org\bytedeco\javacpp\windows-x86_64\api-ms-win-core-datetime-l1-1-0.dll
0x0000023145770000 - 0x0000023145774000 	C:\Users\Welcome\.javacpp\cache\javacpp-1.5.9-windows-x86_64.jar\org\bytedeco\javacpp\windows-x86_64\api-ms-win-core-localization-l1-2-0.dll
0x0000023145b90000 - 0x0000023145b94000 	C:\Users\Welcome\.javacpp\cache\javacpp-1.5.9-windows-x86_64.jar\org\bytedeco\javacpp\windows-x86_64\api-ms-win-core-sysinfo-l1-1-0.dll
0x0000023145ba0000 - 0x0000023145ba4000 	C:\Users\Welcome\.javacpp\cache\javacpp-1.5.9-windows-x86_64.jar\org\bytedeco\javacpp\windows-x86_64\api-ms-win-core-synch-l1-2-0.dll
0x00007ff9ef150000 - 0x00007ff9ef369000 	C:\Windows\SYSTEM32\dcomp.dll
0x0000023145bc0000 - 0x0000023145bc4000 	C:\Users\Welcome\.javacpp\cache\javacpp-1.5.9-windows-x86_64.jar\org\bytedeco\javacpp\windows-x86_64\api-ms-win-core-console-l1-1-0.dll
0x0000023145bd0000 - 0x0000023145bd4000 	C:\Users\Welcome\.javacpp\cache\javacpp-1.5.9-windows-x86_64.jar\org\bytedeco\javacpp\windows-x86_64\api-ms-win-core-debug-l1-1-0.dll
0x0000023145be0000 - 0x0000023145be4000 	C:\Users\Welcome\.javacpp\cache\javacpp-1.5.9-windows-x86_64.jar\org\bytedeco\javacpp\windows-x86_64\api-ms-win-core-rtlsupport-l1-1-0.dll
0x00007ff9f0500000 - 0x00007ff9f0966000 	C:\Windows\SYSTEM32\d3dcompiler_47.dll
0x0000023145bf0000 - 0x0000023145bf4000 	C:\Users\Welcome\.javacpp\cache\javacpp-1.5.9-windows-x86_64.jar\org\bytedeco\javacpp\windows-x86_64\api-ms-win-core-processthreads-l1-1-1.dll
0x0000023145c00000 - 0x0000023145c04000 	C:\Users\Welcome\.javacpp\cache\javacpp-1.5.9-windows-x86_64.jar\org\bytedeco\javacpp\windows-x86_64\api-ms-win-core-file-l1-2-0.dll
0x0000023145c10000 - 0x0000023145c14000 	C:\Users\Welcome\.javacpp\cache\javacpp-1.5.9-windows-x86_64.jar\org\bytedeco\javacpp\windows-x86_64\api-ms-win-core-profile-l1-1-0.dll
0x0000023145c20000 - 0x0000023145c24000 	C:\Users\Welcome\.javacpp\cache\javacpp-1.5.9-windows-x86_64.jar\org\bytedeco\javacpp\windows-x86_64\api-ms-win-core-memory-l1-1-0.dll
0x0000023145c30000 - 0x0000023145c34000 	C:\Users\Welcome\.javacpp\cache\javacpp-1.5.9-windows-x86_64.jar\org\bytedeco\javacpp\windows-x86_64\api-ms-win-core-util-l1-1-0.dll
0x0000023146500000 - 0x0000023146504000 	C:\Users\Welcome\.javacpp\cache\javacpp-1.5.9-windows-x86_64.jar\org\bytedeco\javacpp\windows-x86_64\api-ms-win-core-interlocked-l1-1-0.dll
0x00007ff9e0250000 - 0x00007ff9e0361000 	C:\Users\Welcome\.javacpp\cache\javacpp-1.5.9-windows-x86_64.jar\org\bytedeco\javacpp\windows-x86_64\ucrtbase.dll

JVMTI agents: none

dbghelp: loaded successfully - version: 4.0.5 - missing functions: none
symbol engine: initialized successfully - sym options: 0x614 - pdb path: .;C:\Program Files\BellSoft\LibericaJDK-21\bin;C:\Windows\SYSTEM32;C:\Windows\WinSxS\amd64_microsoft.windows.common-controls_6595b64144ccf1df_6.0.22000.120_none_9d947278b86cc467;C:\Program Files\BellSoft\LibericaJDK-21\bin\server;C:\Users\Welcome\.skiko\64f176e39f60453df1ebf3b490935ff01e2e8db2dfc6217e7f91aacb376d7385;C:\Windows\System32\DriverStore\FileRepository\iigd_dch.inf_amd64_51f685305808e3a5;C:\Users\Welcome\AppData\Local\Temp\onnxruntime-java1837611797723084139;C:\Users\Welcome\.javacpp\cache\javacpp-1.5.9-windows-x86_64.jar\org\bytedeco\javacpp\windows-x86_64;C:\Users\Welcome\.javacpp\cache\openblas-0.3.23-1.5.9-windows-x86_64.jar\org\bytedeco\openblas\windows-x86_64;C:\Users\Welcome\.javacpp\cache\opencv-4.7.0-1.5.9-windows-x86_64.jar\org\bytedeco\opencv\windows-x86_64;C:\Windows\WinSxS\amd64_microsoft.windows.gdiplus_6595b64144ccf1df_1.1.22000.2003_none_4c4fc4c1c574dc79

VM Arguments:
jvm_args: -Dcompose.application.configure.swing.globals=true -Dcompose.application.resources.dir=C:\Users\Welcome\IdeaProjects\orais- v1\composeApp\build\compose\tmp\prepareAppResources -Dfile.encoding=UTF-8 -Duser.country=IN -Duser.language=en -Duser.variant 
java_command: com.ram.orai.orais.MainKt
java_class_path (initial): C:\Users\Welcome\.gradle\.tmp\gradle-javaexec-classpath3502776769957157922.jar
Launcher Type: SUN_STANDARD

[Global flags]
     intx CICompilerCount                          = 3                                         {product} {ergonomic}
     uint ConcGCThreads                            = 1                                         {product} {ergonomic}
     uint G1ConcRefinementThreads                  = 4                                         {product} {ergonomic}
   size_t G1HeapRegionSize                         = 2097152                                   {product} {ergonomic}
    uintx GCDrainStackTargetSize                   = 64                                        {product} {ergonomic}
   size_t InitialHeapSize                          = 268435456                                 {product} {ergonomic}
   size_t MarkStackSize                            = 4194304                                   {product} {ergonomic}
   size_t MaxHeapSize                              = 4271898624                                {product} {ergonomic}
   size_t MaxNewSize                               = 2562719744                                {product} {ergonomic}
   size_t MinHeapDeltaBytes                        = 2097152                                   {product} {ergonomic}
   size_t MinHeapSize                              = 8388608                                   {product} {ergonomic}
    uintx NonNMethodCodeHeapSize                   = 5832780                                {pd product} {ergonomic}
    uintx NonProfiledCodeHeapSize                  = 122912730                              {pd product} {ergonomic}
    uintx ProfiledCodeHeapSize                     = 122912730                              {pd product} {ergonomic}
    uintx ReservedCodeCacheSize                    = 251658240                              {pd product} {ergonomic}
     bool SegmentedCodeCache                       = true                                      {product} {ergonomic}
   size_t SoftMaxHeapSize                          = 4271898624                             {manageable} {ergonomic}
     bool UseCompressedOops                        = true                           {product lp64_product} {ergonomic}
     bool UseG1GC                                  = true                                      {product} {ergonomic}
     bool UseLargePagesIndividualAllocation        = false                                  {pd product} {ergonomic}

Logging:
Log output configuration:
 #0: stdout all=warning uptime,level,tags foldmultilines=false
 #1: stderr all=off uptime,level,tags foldmultilines=false

Release file:
IMPLEMENTOR="BellSoft" 
JAVA_RUNTIME_VERSION="21.0.9+15-LTS" 
JAVA_VERSION="21.0.9" 
JAVA_VERSION_DATE="2025-10-21" 
LIBC="default" 
MODULES="java.base java.compiler java.datatransfer java.xml java.prefs java.desktop java.instrument java.logging java.management java.security.sasl java.naming java.rmi java.management.rmi java.net.http java.scripting java.security.jgss java.transaction.xa java.sql java.sql.rowset java.xml.crypto java.se java.smartcardio jdk.accessibility jdk.internal.jvmstat jdk.attach jdk.charsets jdk.internal.opt jdk.zipfs jdk.compiler jdk.crypto.ec jdk.crypto.cryptoki jdk.crypto.mscapi jdk.dynalink jdk.internal.ed jdk.editpad jdk.hotspot.agent jdk.httpserver jdk.incubator.vector jdk.internal.le jdk.internal.vm.ci jdk.internal.vm.compiler jdk.internal.vm.compiler.management jdk.jartool jdk.javadoc jdk.jcmd jdk.management jdk.management.agent jdk.jconsole jdk.jdeps jdk.jdwp.agent jdk.jdi jdk.jfr jdk.jlink jdk.jpackage jdk.jshell jdk.jsobject jdk.jstatd jdk.localedata jdk.management.jfr jdk.naming.dns jdk.naming.rmi jdk.net jdk.nio.mapmode jdk.random jdk.sctp jdk.security.auth jdk.security.jgss jdk.unsupported jdk.unsupported.desktop jdk.xml.dom" 
OS_ARCH="x86_64" 
OS_NAME="Windows" 
SOURCE=".:git:b00e41d2b14a+" 

Environment Variables:
JAVA_HOME=C:\Program Files\BellSoft\LibericaJDK-21\
PATH=C:\Program Files\PowerShell\7-preview;C:\Program Files\BellSoft\LibericaJDK-21\bin\;C:\Windows\system32;C:\Windows;C:\Windows\System32\Wbem;C:\Windows\System32\WindowsPowerShell\v1.0\;C:\Windows\System32\OpenSSH\;C:\Program Files\Git\cmd;C:\Program Files\BellSoft\LibericaJDK-21\\bin;C:\Program Files\GitHub CLI\;C:\Program Files\nodejs\;C:\Program Files\cursor\resources\app\bin;C:\Program Files\PowerShell\7-preview\preview;C:\Program Files (x86)\Windows Kits\10\Windows Performance Toolkit\;C:\ProgramData\chocolatey\bin;C:\Users\Welcome\AppData\Local\Programs\Python\Launcher\;C:\Users\Welcome\AppData\Local\Microsoft\WindowsApps;C:\Users\Welcome\AppData\Local\Programs\Windsurf\bin;C:\Users\Welcome\AppData\Local\Programs\Ollama;C:\Users\Welcome\flutter\bin;C:\Users\Welcome\AppData\Roaming\npm;C:\Users\Welcome\AppData\Local\Programs\Microsoft VS Code\bin;C:\Users\Welcome\AppData\Local\Programs\MiKTeX\miktex\bin\x64\;C:\Users\Welcome\AppData\Local\Pandoc\;C:\Users\Welcome\AppData\Local\Google\Cloud SDK\google-cloud-sdk\bin;C:\Users\Welcome\AppData\Local\GitHubDesktop\bin
USERNAME=Welcome
LANG=en_US.UTF-8
OS=Windows_NT
PROCESSOR_IDENTIFIER=Intel64 Family 6 Model 94 Stepping 3, GenuineIntel
TMP=C:\Users\Welcome\AppData\Local\Temp
TEMP=C:\Users\Welcome\AppData\Local\Temp




Periodic native trim disabled

---------------  S Y S T E M  ---------------

OS:
 Windows 11 , 64 bit Build 22000 (10.0.22000.2538)
OS uptime: 0 days 1:11 hours
Hyper-V role detected

CPU: total 4 (initial active 4) (4 cores per cpu, 1 threads per core) family 6 model 94 stepping 3 microcode 0xd6, cx8, cmov, fxsr, mmx, 3dnowpref, sse, sse2, sse3, ssse3, sse4.1, sse4.2, popcnt, lzcnt, tsc, tscinvbit, avx, avx2, aes, erms, clmul, bmi1, bmi2, rtm, adx, fma, vzeroupper, clflush, clflushopt, hv, rdtscp, f16c
Processor Information for the first 4 processors :
  Max Mhz: 3312, Current Mhz: 3312, Mhz Limit: 3312

Memory: 4k page, system-wide physical 16291M (6996M free)
TotalPageFile size 23971M (AvailPageFile size 12122M)
current process WorkingSet (physical memory assigned to process): 969M, peak: 1030M
current process commit charge ("private bytes"): 1899M, peak: 1967M

vm_info: OpenJDK 64-Bit Server VM (21.0.9+15-LTS) for windows-amd64 JRE (21.0.9+15-LTS), built on 2025-11-18T05:03:52Z by "hudson" with MS VC++ 17.1 (VS2022)

END.
