#
# A fatal error has been detected by the Java Runtime Environment:
#
#  EXCEPTION_ACCESS_VIOLATION (0xc0000005) at pc=0x00007ff8e5fe24cf, pid=5856, tid=12076
#
# JRE version: OpenJDK Runtime Environment (21.0.9+15) (build 21.0.9+15-LTS)
# Java VM: OpenJDK 64-Bit Server VM (21.0.9+15-LTS, mixed mode, sharing, tiered, compressed oops, compressed class ptrs, g1 gc, windows-amd64)
# Problematic frame:
# C  [onnxruntime.dll+0x6424cf]
#
# No core dump will be written. Minidumps are not enabled by default on client versions of Windows
#
# If you would like to submit a bug report, please visit:
#   https://bell-sw.com/support
# The crash happened outside the Java Virtual Machine in native code.
# See problematic frame for where to report the bug.
#

---------------  S U M M A R Y ------------

Command Line: -Dcompose.application.configure.swing.globals=true -Dcompose.application.resources.dir=C:\Users\Welcome\IdeaProjects\orais- v1\composeApp\build\compose\tmp\prepareAppResources -Dfile.encoding=UTF-8 -Duser.country=IN -Duser.language=en -Duser.variant com.ram.orai.orais.MainKt

Host: Intel(R) Core(TM) i5-6600 CPU @ 3.30GHz, 4 cores, 15G,  Windows 11 , 64 bit Build 22000 (10.0.22000.2538)
Time: Sat Jan  3 21:23:52 2026 India Standard Time elapsed time: 22.340973 seconds (0d 0h 0m 22s)

---------------  T H R E A D  ---------------

Current thread (0x0000022cd9278b00):  JavaThread "DefaultDispatcher-worker-3" daemon [_thread_in_native, id=12076, stack(0x0000006de6d00000,0x0000006de6e00000) (1024K)]

Stack: [0x0000006de6d00000,0x0000006de6e00000],  sp=0x0000006de6dfbbc0,  free space=1006k
Native frames: (J=compiled Java code, j=interpreted, Vv=VM code, C=native code)
C  [onnxruntime.dll+0x6424cf]

Java frames: (J=compiled Java code, j=interpreted, Vv=VM code)
j  ai.onnxruntime.OrtSession.run(JJJ[Ljava/lang/String;[JJ[Ljava/lang/String;J[Lai/onnxruntime/OnnxValue;[JJ)[Z+0
j  ai.onnxruntime.OrtSession.run(Ljava/util/Map;Ljava/util/Set;Ljava/util/Map;Lai/onnxruntime/OrtSession$RunOptions;)Lai/onnxruntime/OrtSession$Result;+722
j  ai.onnxruntime.OrtSession.run(Ljava/util/Map;Ljava/util/Set;)Lai/onnxruntime/OrtSession$Result;+7
j  ai.onnxruntime.OrtSession.run(Ljava/util/Map;)Lai/onnxruntime/OrtSession$Result;+6
j  com.ram.orai.orais.FaceDetector.detectFaces(Lcom/ram/orai/orais/ImageData;Lkotlin/jvm/functions/Function1;Lkotlin/jvm/functions/Function1;)V+116
j  com.ram.orai.orais.ComposableSingletons$AppKt$lambda$-1564548354$1$3$1$1$1$1.emit(Lcom/ram/orai/orais/CameraFrame;Lkotlin/coroutines/Continuation;)Ljava/lang/Object;+209
j  com.ram.orai.orais.ComposableSingletons$AppKt$lambda$-1564548354$1$3$1$1$1$1.emit(Ljava/lang/Object;Lkotlin/coroutines/Continuation;)Ljava/lang/Object;+6
j  kotlinx.coroutines.flow.FlowKt__DelayKt$sample$2$1$2.invokeSuspend(Ljava/lang/Object;)Ljava/lang/Object;+91
j  kotlinx.coroutines.flow.FlowKt__DelayKt$sample$2$1$2.invoke(Lkotlin/Unit;Lkotlin/coroutines/Continuation;)Ljava/lang/Object;+12
j  kotlinx.coroutines.flow.FlowKt__DelayKt$sample$2$1$2.invoke(Ljava/lang/Object;Ljava/lang/Object;)Ljava/lang/Object;+9
j  kotlinx.coroutines.selects.SelectImplementation$ClauseData.invokeBlock(Ljava/lang/Object;Lkotlin/coroutines/Continuation;)Ljava/lang/Object;+54
j  kotlinx.coroutines.selects.SelectImplementation.complete(Lkotlin/coroutines/Continuation;)Ljava/lang/Object;+68
j  kotlinx.coroutines.selects.SelectImplementation.doSelect$suspendImpl(Lkotlinx/coroutines/selects/SelectImplementation;Lkotlin/coroutines/Continuation;)Ljava/lang/Object;+9
j  kotlinx.coroutines.selects.SelectImplementation.doSelect(Lkotlin/coroutines/Continuation;)Ljava/lang/Object;+2
j  kotlinx.coroutines.flow.FlowKt__DelayKt$sample$2.invokeSuspend(Ljava/lang/Object;)Ljava/lang/Object;+227
J 2557 c1 kotlin.coroutines.jvm.internal.BaseContinuationImpl.resumeWith(Ljava/lang/Object;)V (124 bytes) @ 0x0000022c804d5d64 [0x0000022c804d5940+0x0000000000000424]
J 2644 c1 kotlinx.coroutines.DispatchedTask.run()V (387 bytes) @ 0x0000022c8050039c [0x0000022c804feda0+0x00000000000015fc]
j  kotlinx.coroutines.scheduling.CoroutineScheduler.runSafely(Lkotlinx/coroutines/scheduling/Task;)V+2
j  kotlinx.coroutines.scheduling.CoroutineScheduler$Worker.executeTask(Lkotlinx/coroutines/scheduling/Task;)V+164
j  kotlinx.coroutines.scheduling.CoroutineScheduler$Worker.runWorker()V+44
j  kotlinx.coroutines.scheduling.CoroutineScheduler$Worker.run()V+1
v  ~StubRoutines::call_stub 0x0000022c8753100d

siginfo: EXCEPTION_ACCESS_VIOLATION (0xc0000005), reading address 0x0000000000001f08


Registers:
RAX=0x0000022cdea2cae0, RBX=0x000000000000014b, RCX=0x0000022cdea2c750, RDX=0x0000000000000000
RSP=0x0000006de6dfbbc0, RBP=0x0000006de6dfc670, RSI=0x0000000000000000, RDI=0x0000006de6dfc350
R8 =0x00000000000003e1, R9 =0x0000000000000001, R10=0x0000022cf2150000, R11=0x0000006de6dfbd40
R12=0x0000022c93c08ab0, R13=0x0000000000000000, R14=0x0000006de6dfc710, R15=0x0000022cdea2cae0
RIP=0x00007ff8e5fe24cf, EFLAGS=0x0000000000010206

XMM[0]=0x3f8d584c3efea6c4 0x3faff2d43f70948a
XMM[1]=0x3fdb4caa3f042489 0x3fc9a42f401d9de6
XMM[2]=0x3fefdd663fb6f69a 0x3fc9a42f401d9de6
XMM[3]=0x4007ba333fdfac93 0x3fefdd663fb6f69a
XMM[4]=0x3f64c072400e9181 0x3faff2d43f70948a
XMM[5]=0x40112bb03f8f0646 0x3f64c072400e9181
XMM[6]=0x0000000000000000 0x000000003f1f9fa0
XMM[7]=0x0000000000000000 0x00000000431f0000
XMM[8]=0x0000000000000000 0x00000000399902d5
XMM[9]=0x0000000000000000 0x0000000000000000
XMM[10]=0x0000000000000000 0x0000000000000000
XMM[11]=0x0000000000000000 0x0000000000000000
XMM[12]=0x0000000000000000 0x0000000000000000
XMM[13]=0x0000000000000000 0x0000000000000000
XMM[14]=0x0000000000000000 0x0000000000000000
XMM[15]=0x0000000000000000 0x0000000000000000
  MXCSR=0x00001fa0


Register to memory mapping:

RAX=0x0000022cdea2cae0 points into unknown readable memory: 0x0000000000000000 | 00 00 00 00 00 00 00 00
RBX=0x000000000000014b is an unknown value
RCX=0x0000022cdea2c750 points into unknown readable memory: 0x0000000000000000 | 00 00 00 00 00 00 00 00
RDX=0x0 is null
RSP=0x0000006de6dfbbc0 is pointing into the stack for thread: 0x0000022cd9278b00
RBP=0x0000006de6dfc670 is pointing into the stack for thread: 0x0000022cd9278b00
RSI=0x0 is null
RDI=0x0000006de6dfc350 is pointing into the stack for thread: 0x0000022cd9278b00
R8 =0x00000000000003e1 is an unknown value
R9 =0x0000000000000001 is an unknown value
R10=0x0000022cf2150000 points into unknown readable memory: 0x0000000000000000 | 00 00 00 00 00 00 00 00
R11=0x0000006de6dfbd40 is pointing into the stack for thread: 0x0000022cd9278b00
R12=0x0000022c93c08ab0 points into unknown readable memory: 0x0000022cddc67380 | 80 73 c6 dd 2c 02 00 00
R13=0x0 is null
R14=0x0000006de6dfc710 is pointing into the stack for thread: 0x0000022cd9278b00
R15=0x0000022cdea2cae0 points into unknown readable memory: 0x0000000000000000 | 00 00 00 00 00 00 00 00

Top of Stack: (sp=0x0000006de6dfbbc0)
0x0000006de6dfbbc0:   0000022cddec9000 0000022c93c08ab0
0x0000006de6dfbbd0:   0000006de6dfc0e0 0000000000000000
0x0000006de6dfbbe0:   0000006de6dfbdc8 0000006de6dfc0e0
0x0000006de6dfbbf0:   0000006de6dfbd00 00007ff8e5ca5a90
0x0000006de6dfbc00:   0000000000000004 0000000000000003
0x0000006de6dfbc10:   0000022cdfc7a5b0 0000006de6dfbcd0
0x0000006de6dfbc20:   0000022d2d8d7080 0000022d2d5b7080
0x0000006de6dfbc30:   0000000000000080 0000000000000010
0x0000006de6dfbc40:   0000000000001900 0000022ce12e9390
0x0000006de6dfbc50:   0000000000000004 0000006de6dfbc90
0x0000006de6dfbc60:   0000022ce12e75c0 0000022ce12e99c0
0x0000006de6dfbc70:   0000000000000010 0000000000000080
0x0000006de6dfbc80:   0000000000000008 0000000000000008
0x0000006de6dfbc90:   0000000000000001 0000000000000080
0x0000006de6dfbca0:   0000000000000050 0000000000000050
0x0000006de6dfbcb0:   0000022ce12e75c0 0000000000032000
0x0000006de6dfbcc0:   0000006de6dfbc38 0000006de6dfbc70
0x0000006de6dfbcd0:   0000022cdfa85110 0000006de6dfbc40
0x0000006de6dfbce0:   0000006de6dfbc28 0000006de6dfbc78
0x0000006de6dfbcf0:   0000006de6dfbc20 0000006de6dfbc30
0x0000006de6dfbd00:   0000006de6dfbc80 0000022ce12e9390
0x0000006de6dfbd10:   0000000000000001 0000000000000000
0x0000006de6dfbd20:   000098b5e519f6d8 000000000000014b
0x0000006de6dfbd30:   000098b5e519f5e8 0000006de6dfc710
0x0000006de6dfbd40:   000000000000014b 0000006de6dfc710
0x0000006de6dfbd50:   0000006de6dfc350 0000000000000000
0x0000006de6dfbd60:   0000006de6dfc670 00007ff8e5fba85b
0x0000006de6dfbd70:   0000006de6dfc060 0000022cdfa85110
0x0000006de6dfbd80:   0000022cdfa85110 0000006de6dfc350
0x0000006de6dfbd90:   0000022c93c08ab0 0000006de6dfe0b8
0x0000006de6dfbda0:   0000000000000000 00007ff8e59eacc9
0x0000006de6dfbdb0:   0000022cdfa85110 0000006de6dfc710 

Instructions: (pc=0x00007ff8e5fe24cf)
0x00007ff8e5fe23cf:   cc 48 83 ec 28 48 81 c1 38 01 00 00 e8 30 43 9c
0x00007ff8e5fe23df:   ff 8b 08 85 c9 74 08 f3 90 8b 08 85 c9 75 f8 48
0x00007ff8e5fe23ef:   83 c4 28 c3 cc cc cc cc cc cc cc cc cc cc cc cc
0x00007ff8e5fe23ff:   cc 48 81 c1 40 01 00 00 48 83 39 00 75 0a 48 83
0x00007ff8e5fe240f:   3a 00 0f 85 19 c5 a0 ff c3 cc cc cc cc cc cc cc
0x00007ff8e5fe241f:   cc 48 89 5c 24 08 57 48 83 ec 20 48 8b d9 48 81
0x00007ff8e5fe242f:   c1 90 01 00 00 e8 d7 87 9d ff 48 8d 8b 50 01 00
0x00007ff8e5fe243f:   00 48 83 39 00 74 05 e8 15 0b a3 ff 48 8b bb 40
0x00007ff8e5fe244f:   01 00 00 48 85 ff 74 16 48 8d 4f 08 e8 10 3e 9c
0x00007ff8e5fe245f:   ff ba 28 00 00 00 48 8b cf e8 cf 8a 1f 00 48 8b
0x00007ff8e5fe246f:   8b 30 01 00 00 48 85 c9 74 05 e8 be 8a 1f 00 48
0x00007ff8e5fe247f:   8d 4b 08 48 8b 5c 24 30 48 83 c4 20 5f e9 df de
0x00007ff8e5fe248f:   fc ff cc cc cc cc cc cc cc cc cc cc cc cc cc cc
0x00007ff8e5fe249f:   cc 48 89 5c 24 18 55 56 57 41 56 41 57 48 81 ec
0x00007ff8e5fe24af:   80 01 00 00 48 8b da 4c 8b f1 48 8b 09 e8 af c0
0x00007ff8e5fe24bf:   fa ff 4c 8b f8 4c 8d 04 5b 48 8b 90 c0 00 00 00
0x00007ff8e5fe24cf:   4a 8b 1c c2 4a 8b 6c c2 08 48 3b dd 74 71 4c 8b
0x00007ff8e5fe24df:   03 49 8b 86 30 01 00 00 4a 8d 0c 80 e8 20 42 9c
0x00007ff8e5fe24ef:   ff b9 ff ff ff ff f0 0f c1 08 83 f9 01 75 4a 49
0x00007ff8e5fe24ff:   8d 4e 08 49 c1 e0 04 4d 03 87 a8 00 00 00 45 8b
0x00007ff8e5fe250f:   00 48 8d 94 24 b8 01 00 00 e8 b3 bf fc ff 48 8b
0x00007ff8e5fe251f:   30 48 8b bc 24 b8 01 00 00 48 85 ff 74 16 48 8d
0x00007ff8e5fe252f:   4f 08 e8 3a 3d 9c ff ba 28 00 00 00 48 8b cf e8
0x00007ff8e5fe253f:   f9 89 1f 00 48 85 f6 75 1d 48 83 c3 08 eb 8a 48
0x00007ff8e5fe254f:   8b 9c 24 c0 01 00 00 48 81 c4 80 01 00 00 41 5f
0x00007ff8e5fe255f:   41 5e 5f 5e 5d c3 48 8d 4c 24 48 e8 21 a0 9d ff
0x00007ff8e5fe256f:   48 8b d8 48 8d 4c 24 30 e8 24 7a 0c 00 90 48 89
0x00007ff8e5fe257f:   44 24 20 4c 8d 0d 87 54 2e 00 41 b8 aa 00 00 00
0x00007ff8e5fe258f:   48 8d 15 fa 53 2e 00 48 8d 8c 24 20 01 00 00 e8
0x00007ff8e5fe259f:   5d db 9c ff 90 4c 8b cb 4c 8d 05 a2 54 2e 00 48
0x00007ff8e5fe25af:   8b d0 48 8d 4c 24 70 e8 a5 de 9c ff 48 8d 15 06
0x00007ff8e5fe25bf:   31 3c 00 48 8d 4c 24 70 e8 fe 93 1f 00 cc cc cc 


Stack slot to memory mapping:

stack at sp + 0 slots: 0x0000022cddec9000 points into unknown readable memory: 0x0000000000000000 | 00 00 00 00 00 00 00 00
stack at sp + 1 slots: 0x0000022c93c08ab0 points into unknown readable memory: 0x0000022cddc67380 | 80 73 c6 dd 2c 02 00 00
stack at sp + 2 slots: 0x0000006de6dfc0e0 is pointing into the stack for thread: 0x0000022cd9278b00
stack at sp + 3 slots: 0x0 is null
stack at sp + 4 slots: 0x0000006de6dfbdc8 is pointing into the stack for thread: 0x0000022cd9278b00
stack at sp + 5 slots: 0x0000006de6dfc0e0 is pointing into the stack for thread: 0x0000022cd9278b00
stack at sp + 6 slots: 0x0000006de6dfbd00 is pointing into the stack for thread: 0x0000022cd9278b00
stack at sp + 7 slots: 0x00007ff8e5ca5a90 onnxruntime.dll


Compiled method (c1) 23247 2557   !   3       kotlin.coroutines.jvm.internal.BaseContinuationImpl::resumeWith (124 bytes)
 total in heap  [0x0000022c804d5510,0x0000022c804d8088] = 11128
 relocation     [0x0000022c804d5670,0x0000022c804d5928] = 696
 main code      [0x0000022c804d5940,0x0000022c804d7578] = 7224
 stub code      [0x0000022c804d7578,0x0000022c804d7628] = 176
 oops           [0x0000022c804d7628,0x0000022c804d7648] = 32
 metadata       [0x0000022c804d7648,0x0000022c804d76b0] = 104
 scopes data    [0x0000022c804d76b0,0x0000022c804d7ba0] = 1264
 scopes pcs     [0x0000022c804d7ba0,0x0000022c804d8010] = 1136
 dependencies   [0x0000022c804d8010,0x0000022c804d8018] = 8
 handler table  [0x0000022c804d8018,0x0000022c804d8030] = 24
 nul chk table  [0x0000022c804d8030,0x0000022c804d8088] = 88

[Constant Pool (empty)]

[MachCode]
[Entry Point]
  # {method} {0x0000022cd54d4c80} 'resumeWith' '(Ljava/lang/Object;)V' in 'kotlin/coroutines/jvm/internal/BaseContinuationImpl'
  # this:     rdx:rdx   = 'kotlin/coroutines/jvm/internal/BaseContinuationImpl'
  # parm0:    r8:r8     = 'java/lang/Object'
  #           [sp+0x120]  (sp of caller)
  0x0000022c804d5940: 448b 5208 | 49bb 0000 | 0094 2c02 | 0000 4d03 | d34c 3bd0 

  0x0000022c804d5954: ;   {runtime_call ic_miss_stub}
  0x0000022c804d5954: 0f85 268e | 0a07 660f | 1f44 0000 
[Verified Entry Point]
  0x0000022c804d5960: 8984 2400 | 80ff ff55 | 4881 ec10 | 0100 0090 | 4181 7f20 | 2400 0000 

  0x0000022c804d5978: ;   {runtime_call StubRoutines (final stubs)}
  0x0000022c804d5978: 7405 e861 

  0x0000022c804d597c: ;   {metadata(method data for {method} {0x0000022cd54d4c80} 'resumeWith' '(Ljava/lang/Object;)V' in 'kotlin/coroutines/jvm/internal/BaseContinuationImpl')}
  0x0000022c804d597c: 0b09 0748 | be68 01d4 | d62c 0200 | 008b becc | 0000 0083 | c702 89be | cc00 0000 | 81e7 fe07 
  0x0000022c804d599c: 0000 85ff | 0f84 f916 | 0000 6690 | 4885 d275 

  0x0000022c804d59ac: ;   {metadata(method data for {method} {0x0000022cd54d4c80} 'resumeWith' '(Ljava/lang/Object;)V' in 'kotlin/coroutines/jvm/internal/BaseContinuationImpl')}
  0x0000022c804d59ac: 1648 bb68 | 01d4 d62c | 0200 0080 | 8b09 0100 | 0001 e9e7 

  0x0000022c804d59c0: ;   {metadata('kotlin/coroutines/Continuation')}
  0x0000022c804d59c0: 0000 0048 | b818 2e08 | 952c 0200 | 008b 5a08 | 49ba 0000 | 0094 2c02 | 0000 4903 | da48 3b43 
  0x0000022c804d59e0: 200f 841a | 0000 0048 | 3bd8 0f84 | 1100 0000 

  0x0000022c804d59f0: ;   {runtime_call slow_subtype_check Runtime1 stub}
  0x0000022c804d59f0: 5350 e809 | 9116 075b | 5b85 db0f | 848d 0000 

  0x0000022c804d5a00: ;   {metadata(method data for {method} {0x0000022cd54d4c80} 'resumeWith' '(Ljava/lang/Object;)V' in 'kotlin/coroutines/jvm/internal/BaseContinuationImpl')}
  0x0000022c804d5a00: 0048 bb68 | 01d4 d62c | 0200 008b | 4208 49ba | 0000 0094 | 2c02 0000 | 4903 c248 | 3b83 2001 
  0x0000022c804d5a20: 0000 750d | 4883 8328 | 0100 0001 | e979 0000 | 0048 3b83 | 3001 0000 | 750d 4883 | 8338 0100 
  0x0000022c804d5a40: 0001 e963 | 0000 0048 | 83bb 2001 | 0000 0075 | 1748 8983 | 2001 0000 | 48c7 8328 | 0100 0001 
  0x0000022c804d5a60: 0000 00e9 | 4200 0000 | 4883 bb30 | 0100 0000 | 7517 4889 | 8330 0100 | 0048 c783 | 3801 0000 
  0x0000022c804d5a80: 0100 0000 | e921 0000 | 00e9 1c00 

  0x0000022c804d5a8c: ;   {metadata(method data for {method} {0x0000022cd54d4c80} 'resumeWith' '(Ljava/lang/Object;)V' in 'kotlin/coroutines/jvm/internal/BaseContinuationImpl')}
  0x0000022c804d5a8c: 0000 48bb | 6801 d4d6 | 2c02 0000 | 4883 ab10 | 0100 0001 | e91b 1600 | 00e9 0000 | 0000 488b 
  0x0000022c804d5aac: ;   {metadata(method data for {method} {0x0000022cd54d4c80} 'resumeWith' '(Ljava/lang/Object;)V' in 'kotlin/coroutines/jvm/internal/BaseContinuationImpl')}
  0x0000022c804d5aac: f248 bf68 | 01d4 d62c | 0200 0048 | 8387 4801 

  0x0000022c804d5abc: ;   {metadata(method data for {method} {0x0000022cd54fcad0} 'probeCoroutineResumed' '(Lkotlin/coroutines/Continuation;)V' in 'kotlin/coroutines/jvm/internal/DebugProbesKt')}
  0x0000022c804d5abc: 0000 0148 | bfe8 b8d3 | d62c 0200 | 008b 9fcc | 0000 0083 | c302 899f | cc00 0000 | 81e3 feff 
  0x0000022c804d5adc: 1f00 85db | 0f84 e315 

  0x0000022c804d5ae4: ;   {metadata(method data for {method} {0x0000022cd54fcad0} 'probeCoroutineResumed' '(Lkotlin/coroutines/Continuation;)V' in 'kotlin/coroutines/jvm/internal/DebugProbesKt')}
  0x0000022c804d5ae4: 0000 48bf | e8b8 d3d6 | 2c02 0000 | 4883 8710 | 0100 0001 

  0x0000022c804d5af8: ;   {metadata(method data for {method} {0x0000022cd5415410} 'checkNotNullParameter' '(Ljava/lang/Object;Ljava/lang/String;)V' in 'kotlin/jvm/internal/Intrinsics')}
  0x0000022c804d5af8: 48bf b0c3 | 5bd5 2c02 | 0000 8b9f | cc00 0000 | 83c3 0289 | 9fcc 0000 | 0081 e3fe | ff1f 0085 
  0x0000022c804d5b18: db0f 84cb | 1500 0048 

  0x0000022c804d5b20: ;   {metadata(method data for {method} {0x0000022cd5415410} 'checkNotNullParameter' '(Ljava/lang/Object;Ljava/lang/String;)V' in 'kotlin/jvm/internal/Intrinsics')}
  0x0000022c804d5b20: 85f6 48be | b0c3 5bd5 | 2c02 0000 | 48c7 c720 | 0100 0074 | 0748 c7c7 | 1001 0000 | 488b 1c3e 
  0x0000022c804d5b40: 488d 5b01 | 4889 1c3e | 0f84 a60d | 0000 4885 

  0x0000022c804d5b50: ;   {metadata(method data for {method} {0x0000022cd54d4c80} 'resumeWith' '(Ljava/lang/Object;)V' in 'kotlin/coroutines/jvm/internal/BaseContinuationImpl')}
  0x0000022c804d5b50: d275 1648 | bf68 01d4 | d62c 0200 | 0080 8f51 | 0100 0001 | e9cd 0000 

  0x0000022c804d5b68: ;   {metadata('kotlin/coroutines/jvm/internal/BaseContinuationImpl')}
  0x0000022c804d5b68: 0048 bb18 | 3208 952c | 0200 008b | 7a08 49ba | 0000 0094 | 2c02 0000 | 4903 fa48 | 3b5f 380f 
  0x0000022c804d5b88: 858d 0000 

  0x0000022c804d5b8c: ;   {metadata(method data for {method} {0x0000022cd54d4c80} 'resumeWith' '(Ljava/lang/Object;)V' in 'kotlin/coroutines/jvm/internal/BaseContinuationImpl')}
  0x0000022c804d5b8c: 0048 bf68 | 01d4 d62c | 0200 008b | 5a08 49ba | 0000 0094 | 2c02 0000 | 4903 da48 | 3b9f 6801 
  0x0000022c804d5bac: 0000 750d | 4883 8770 | 0100 0001 | e979 0000 | 0048 3b9f | 7801 0000 | 750d 4883 | 8780 0100 
  0x0000022c804d5bcc: 0001 e963 | 0000 0048 | 83bf 6801 | 0000 0075 | 1748 899f | 6801 0000 | 48c7 8770 | 0100 0001 
  0x0000022c804d5bec: 0000 00e9 | 4200 0000 | 4883 bf78 | 0100 0000 | 7517 4889 | 9f78 0100 | 0048 c787 | 8001 0000 
  0x0000022c804d5c0c: 0100 0000 | e921 0000 | 00e9 1c00 

  0x0000022c804d5c18: ;   {metadata(method data for {method} {0x0000022cd54d4c80} 'resumeWith' '(Ljava/lang/Object;)V' in 'kotlin/coroutines/jvm/internal/BaseContinuationImpl')}
  0x0000022c804d5c18: 0000 48bf | 6801 d4d6 | 2c02 0000 | 4883 af58 | 0100 0001 | e9da 1400 | 00e9 0000 | 0000 488b 
  0x0000022c804d5c38: f28b 7e0c | 48c1 e703 | 4889 bc24 | b000 0000 

  0x0000022c804d5c48: ;   {metadata(method data for {method} {0x0000022cd54d4c80} 'resumeWith' '(Ljava/lang/Object;)V' in 'kotlin/coroutines/jvm/internal/BaseContinuationImpl')}
  0x0000022c804d5c48: 48ba 6801 | d4d6 2c02 | 0000 4883 | 8290 0100 

  0x0000022c804d5c58: ;   {metadata(method data for {method} {0x0000022cd54143c8} 'checkNotNull' '(Ljava/lang/Object;)V' in 'kotlin/jvm/internal/Intrinsics')}
  0x0000022c804d5c58: 0001 48ba | d00e 2dd6 | 2c02 0000 | 8b9a cc00 | 0000 83c3 | 0289 9acc | 0000 0081 | e3fe ff1f 
  0x0000022c804d5c78: 0085 db0f | 8498 1400 | 0048 85ff 

  0x0000022c804d5c84: ;   {metadata(method data for {method} {0x0000022cd54143c8} 'checkNotNull' '(Ljava/lang/Object;)V' in 'kotlin/jvm/internal/Intrinsics')}
  0x0000022c804d5c84: 48ba d00e | 2dd6 2c02 | 0000 48c7 | c320 0100 | 0074 0748 | c7c3 1001 | 0000 488b | 041a 488d 
  0x0000022c804d5ca4: 4001 4889 | 041a 0f84 | 5c0a 0000 

  0x0000022c804d5cb0: ;   {metadata(method data for {method} {0x0000022cd54d4c80} 'resumeWith' '(Ljava/lang/Object;)V' in 'kotlin/coroutines/jvm/internal/BaseContinuationImpl')}
  0x0000022c804d5cb0: 488b d648 | bb68 01d4 | d62c 0200 | 008b 5208 | 49ba 0000 | 0094 2c02 | 0000 4903 | d248 3b93 
  0x0000022c804d5cd0: b001 0000 | 750d 4883 | 83b8 0100 | 0001 e960 | 0000 0048 | 3b93 c001 | 0000 750d | 4883 83c8 
  0x0000022c804d5cf0: 0100 0001 | e94a 0000 | 0048 83bb | b001 0000 | 0075 1748 | 8993 b001 | 0000 48c7 | 83b8 0100 
  0x0000022c804d5d10: 0001 0000 | 00e9 2900 | 0000 4883 | bbc0 0100 | 0000 7517 | 4889 93c0 | 0100 0048 | c783 c801 
  0x0000022c804d5d30: 0000 0100 | 0000 e908 | 0000 0048 | 8383 a001 | 0000 0148 | 8bd6 4889 | b424 a800 | 0000 0f1f 
  0x0000022c804d5d50: 8000 0000 | 0048 b8ff | ffff ffff 

  0x0000022c804d5d5c: ;   {virtual_call}
  0x0000022c804d5d5c: ffff ffe8 

  0x0000022c804d5d60: ; ImmutableOopMap {[168]=Oop [176]=Oop }
                      ;*invokevirtual invokeSuspend {reexecute=0 rethrow=0 return_oop=0}
                      ; - kotlin.coroutines.jvm.internal.BaseContinuationImpl::resumeWith@40 (line 34)
  0x0000022c804d5d60: 141e 1707 

  0x0000022c804d5d64: ;   {other}
  0x0000022c804d5d64: 0f1f 8400 | 5408 0000 

  0x0000022c804d5d6c: ;   {metadata(method data for {method} {0x0000022cd54d4c80} 'resumeWith' '(Ljava/lang/Object;)V' in 'kotlin/coroutines/jvm/internal/BaseContinuationImpl')}
  0x0000022c804d5d6c: 48ba 6801 | d4d6 2c02 | 0000 4883 | 82d8 0100 

  0x0000022c804d5d7c: ;   {metadata(method data for {method} {0x0000022cd54fab88} 'getCOROUTINE_SUSPENDED' '()Ljava/lang/Object;' in 'kotlin/coroutines/intrinsics/IntrinsicsKt__IntrinsicsKt')}
  0x0000022c804d5d7c: 0001 48ba | 30a2 6bd6 | 2c02 0000 | 8bb2 cc00 | 0000 83c6 | 0289 b2cc | 0000 0081 | e6fe ff1f 
  0x0000022c804d5d9c: 0085 f60f | 8495 1300 

  0x0000022c804d5da4: ;   {oop(a 'kotlin/coroutines/intrinsics/CoroutineSingletons'{0x00000007fffc80a0})}
  0x0000022c804d5da4: 0049 baa0 | 80fc ff07 | 0000 0049 

  0x0000022c804d5db0: ;   {metadata(method data for {method} {0x0000022cd54d4c80} 'resumeWith' '(Ljava/lang/Object;)V' in 'kotlin/coroutines/jvm/internal/BaseContinuationImpl')}
  0x0000022c804d5db0: 3bc2 48ba | 6801 d4d6 | 2c02 0000 | 48c7 c6f8 | 0100 0074 | 0748 c7c6 | e801 0000 | 488b 3c32 
  0x0000022c804d5dd0: 488d 7f01 | 4889 3c32 | 0f84 140e 

  0x0000022c804d5ddc: ;   {metadata(method data for {method} {0x0000022cd54d4c80} 'resumeWith' '(Ljava/lang/Object;)V' in 'kotlin/coroutines/jvm/internal/BaseContinuationImpl')}
  0x0000022c804d5ddc: 0000 48ba | 6801 d4d6 | 2c02 0000 | 4883 8208 | 0200 0001 

  0x0000022c804d5df0: ;   {metadata(method data for {method} {0x0000022cd550cf08} 'constructor-impl' '(Ljava/lang/Object;)Ljava/lang/Object;' in 'kotlin/Result')}
  0x0000022c804d5df0: 48ba 0000 | ced6 2c02 | 0000 8bb2 | cc00 0000 | 83c6 0289 | b2cc 0000 | 0081 e6fe | ff1f 0085 
  0x0000022c804d5e10: f60f 8444 

  0x0000022c804d5e14: ;   {metadata(method data for {method} {0x0000022cd54d4c80} 'resumeWith' '(Ljava/lang/Object;)V' in 'kotlin/coroutines/jvm/internal/BaseContinuationImpl')}
  0x0000022c804d5e14: 1300 0048 | ba68 01d4 | d62c 0200 | 00ff 8218 | 0200 00e9 | 5002 0000 | 498b 87f8 | 0400 004d 
  0x0000022c804d5e34: 33d2 4d89 | 97f8 0400 | 004d 33d2 | 4d89 9700 

  0x0000022c804d5e44: ;   {metadata(method data for {method} {0x0000022cd54d4c80} 'resumeWith' '(Ljava/lang/Object;)V' in 'kotlin/coroutines/jvm/internal/BaseContinuationImpl')}
  0x0000022c804d5e44: 0500 0048 | ba68 01d4 | d62c 0200 | 0048 8382 | 3002 0000 

  0x0000022c804d5e58: ;   {metadata(method data for {method} {0x0000022cd551ff70} 'createFailure' '(Ljava/lang/Throwable;)Ljava/lang/Object;' in 'kotlin/ResultKt')}
  0x0000022c804d5e58: 0148 baf8 | 04d4 d62c | 0200 008b | b2cc 0000 | 0083 c602 | 89b2 cc00 | 0000 81e6 | feff 1f00 
  0x0000022c804d5e78: 85f6 0f84 | fc12 0000 

  0x0000022c804d5e80: ;   {metadata(method data for {method} {0x0000022cd551ff70} 'createFailure' '(Ljava/lang/Throwable;)Ljava/lang/Object;' in 'kotlin/ResultKt')}
  0x0000022c804d5e80: 48ba f804 | d4d6 2c02 | 0000 4883 | 8210 0100 

  0x0000022c804d5e90: ;   {metadata(method data for {method} {0x0000022cd5415410} 'checkNotNullParameter' '(Ljava/lang/Object;Ljava/lang/String;)V' in 'kotlin/jvm/internal/Intrinsics')}
  0x0000022c804d5e90: 0001 48ba | b0c3 5bd5 | 2c02 0000 | 8bb2 cc00 | 0000 83c6 | 0289 b2cc | 0000 0081 | e6fe ff1f 
  0x0000022c804d5eb0: 0085 f60f | 84e4 1200 | 0048 85c0 

  0x0000022c804d5ebc: ;   {metadata(method data for {method} {0x0000022cd5415410} 'checkNotNullParameter' '(Ljava/lang/Object;Ljava/lang/String;)V' in 'kotlin/jvm/internal/Intrinsics')}
  0x0000022c804d5ebc: 48ba b0c3 | 5bd5 2c02 | 0000 48c7 | c620 0100 | 0074 0748 | c7c6 1001 | 0000 488b | 3c32 488d 
  0x0000022c804d5edc: 7f01 4889 | 3c32 0f84 | 0406 0000 

  0x0000022c804d5ee8: ;   {metadata('kotlin/Result$Failure')}
  0x0000022c804d5ee8: 48ba 48ea | 0895 2c02 | 0000 488b | d849 8b87 | b801 0000 | 488d 7810 | 493b bfc8 | 0100 000f 
  0x0000022c804d5f08: 87b1 1200 | 0049 89bf | b801 0000 | 48c7 0001 | 0000 0048 | 8bca 49ba | 0000 0094 | 2c02 0000 
  0x0000022c804d5f28: 492b ca89 | 4808 4833 | c989 480c | 4833 c948 

  0x0000022c804d5f38: ;   {metadata(method data for {method} {0x0000022cd551ff70} 'createFailure' '(Ljava/lang/Throwable;)Ljava/lang/Object;' in 'kotlin/ResultKt')}
  0x0000022c804d5f38: 8bd0 48be | f804 d4d6 | 2c02 0000 | 4883 8620 | 0100 0001 

  0x0000022c804d5f4c: ;   {metadata(method data for {method} {0x0000022cd550ee40} '<init>' '(Ljava/lang/Throwable;)V' in 'kotlin/Result$Failure')}
  0x0000022c804d5f4c: 48ba 6806 | d4d6 2c02 | 0000 8bb2 | cc00 0000 | 83c6 0289 | b2cc 0000 | 0081 e6fe | ff1f 0085 
  0x0000022c804d5f6c: f60f 8458 

  0x0000022c804d5f70: ;   {metadata(method data for {method} {0x0000022cd550ee40} '<init>' '(Ljava/lang/Throwable;)V' in 'kotlin/Result$Failure')}
  0x0000022c804d5f70: 1200 0048 | ba68 06d4 | d62c 0200 | 0048 8382 | 1001 0000 

  0x0000022c804d5f84: ;   {metadata(method data for {method} {0x0000022cd5415410} 'checkNotNullParameter' '(Ljava/lang/Object;Ljava/lang/String;)V' in 'kotlin/jvm/internal/Intrinsics')}
  0x0000022c804d5f84: 0148 bab0 | c35b d52c | 0200 008b | b2cc 0000 | 0083 c602 | 89b2 cc00 | 0000 81e6 | feff 1f00 
  0x0000022c804d5fa4: 85f6 0f84 | 4012 0000 

  0x0000022c804d5fac: ;   {metadata(method data for {method} {0x0000022cd5415410} 'checkNotNullParameter' '(Ljava/lang/Object;Ljava/lang/String;)V' in 'kotlin/jvm/internal/Intrinsics')}
  0x0000022c804d5fac: 4885 db48 | bab0 c35b | d52c 0200 | 0048 c7c6 | 2001 0000 | 7407 48c7 | c610 0100 | 0048 8b3c 
  0x0000022c804d5fcc: 3248 8d7f | 0148 893c | 320f 84ec | 0200 0048 

  0x0000022c804d5fdc: ;   {metadata(method data for {method} {0x0000022cd550ee40} '<init>' '(Ljava/lang/Throwable;)V' in 'kotlin/Result$Failure')}
  0x0000022c804d5fdc: 8bd0 48be | 6806 d4d6 | 2c02 0000 | 4883 8620 | 0100 0001 

  0x0000022c804d5ff0: ;   {metadata(method data for {method} {0x0000022c94476650} '<init>' '()V' in 'java/lang/Object')}
  0x0000022c804d5ff0: 48ba 5068 | 00d5 2c02 | 0000 8bb2 | cc00 0000 | 83c6 0289 | b2cc 0000 | 0081 e6fe | ff1f 0085 
  0x0000022c804d6010: f60f 84f6 | 1100 0041 | 0fbe 5740 | 85d2 0f85 | 0a12 0000 | 4c8b d349 | c1ea 0344 | 8950 0c48 
  0x0000022c804d6030: 8bd0 4833 | d348 c1ea | 1548 83fa | 000f 850a 

  0x0000022c804d6040: ;   {metadata(method data for {method} {0x0000022cd54d4c80} 'resumeWith' '(Ljava/lang/Object;)V' in 'kotlin/coroutines/jvm/internal/BaseContinuationImpl')}
  0x0000022c804d6040: 1200 0048 | ba68 01d4 | d62c 0200 | 0048 8382 | 4002 0000 

  0x0000022c804d6054: ;   {metadata(method data for {method} {0x0000022cd550cf08} 'constructor-impl' '(Ljava/lang/Object;)Ljava/lang/Object;' in 'kotlin/Result')}
  0x0000022c804d6054: 0148 ba00 | 00ce d62c | 0200 008b | b2cc 0000 | 0083 c602 | 89b2 cc00 | 0000 81e6 | feff 1f00 
  0x0000022c804d6074: 85f6 0f84 | e911 0000 | 4889 8424 | b800 0000 | 488b b424 | a800 0000 

  0x0000022c804d608c: ;   {metadata(method data for {method} {0x0000022cd54d4c80} 'resumeWith' '(Ljava/lang/Object;)V' in 'kotlin/coroutines/jvm/internal/BaseContinuationImpl')}
  0x0000022c804d608c: 48ba 6801 | d4d6 2c02 | 0000 8b76 | 0849 ba00 | 0000 942c | 0200 0049 | 03f2 483b | b260 0200 
  0x0000022c804d60ac: 0075 0d48 | 8382 6802 | 0000 01e9 | 6000 0000 | 483b b270 | 0200 0075 | 0d48 8382 | 7802 0000 
  0x0000022c804d60cc: 01e9 4a00 | 0000 4883 | ba60 0200 | 0000 7517 | 4889 b260 | 0200 0048 | c782 6802 | 0000 0100 
  0x0000022c804d60ec: 0000 e929 | 0000 0048 | 83ba 7002 | 0000 0075 | 1748 89b2 | 7002 0000 | 48c7 8278 | 0200 0001 
  0x0000022c804d610c: 0000 00e9 | 0800 0000 | 4883 8250 | 0200 0001 | 488b 9424 | a800 0000 | 9048 b8ff | ffff ffff 
  0x0000022c804d612c: ;   {virtual_call}
  0x0000022c804d612c: ffff ffe8 

  0x0000022c804d6130: ; ImmutableOopMap {[176]=Oop [184]=Oop }
                      ;*invokevirtual releaseIntercepted {reexecute=0 rethrow=0 return_oop=0}
                      ; - kotlin.coroutines.jvm.internal.BaseContinuationImpl::resumeWith@90 (line 40)
  0x0000022c804d6130: 6c18 1707 

  0x0000022c804d6134: ;   {other}
  0x0000022c804d6134: 0f1f 8400 | 240c 0001 | 488b bc24 | b000 0000 | 4885 ff75 

  0x0000022c804d6148: ;   {metadata(method data for {method} {0x0000022cd54d4c80} 'resumeWith' '(Ljava/lang/Object;)V' in 'kotlin/coroutines/jvm/internal/BaseContinuationImpl')}
  0x0000022c804d6148: 1648 b868 | 01d4 d62c | 0200 0080 | 8881 0200 | 0001 e9cd 

  0x0000022c804d615c: ;   {metadata('kotlin/coroutines/jvm/internal/BaseContinuationImpl')}
  0x0000022c804d615c: 0000 0048 | b918 3208 | 952c 0200 | 008b 4708 | 49ba 0000 | 0094 2c02 | 0000 4903 | c248 3b48 
  0x0000022c804d617c: 380f 858d 

  0x0000022c804d6180: ;   {metadata(method data for {method} {0x0000022cd54d4c80} 'resumeWith' '(Ljava/lang/Object;)V' in 'kotlin/coroutines/jvm/internal/BaseContinuationImpl')}
  0x0000022c804d6180: 0000 0048 | b868 01d4 | d62c 0200 | 008b 4f08 | 49ba 0000 | 0094 2c02 | 0000 4903 | ca48 3b88 
  0x0000022c804d61a0: 9802 0000 | 750d 4883 | 80a0 0200 | 0001 e97e | 0000 0048 | 3b88 a802 | 0000 750d | 4883 80b0 
  0x0000022c804d61c0: 0200 0001 | e968 0000 | 0048 83b8 | 9802 0000 | 0075 1748 | 8988 9802 | 0000 48c7 | 80a0 0200 
  0x0000022c804d61e0: 0001 0000 | 00e9 4700 | 0000 4883 | b8a8 0200 | 0000 7517 | 4889 88a8 | 0200 0048 | c780 b002 
  0x0000022c804d6200: 0000 0100 | 0000 e926 | 0000 00e9 | 2100 0000 

  0x0000022c804d6210: ;   {metadata(method data for {method} {0x0000022cd54d4c80} 'resumeWith' '(Ljava/lang/Object;)V' in 'kotlin/coroutines/jvm/internal/BaseContinuationImpl')}
  0x0000022c804d6210: 48b8 6801 | d4d6 2c02 | 0000 4883 | a888 0200 | 0001 e905 | 0000 00e9 | 0500 0000 | 4833 d2eb 
  0x0000022c804d6230: 0748 c7c2 | 0100 0000 

  0x0000022c804d6238: ;   {metadata(method data for {method} {0x0000022cd54d4c80} 'resumeWith' '(Ljava/lang/Object;)V' in 'kotlin/coroutines/jvm/internal/BaseContinuationImpl')}
  0x0000022c804d6238: 85d2 48ba | 6801 d4d6 | 2c02 0000 | 48c7 c6c0 | 0200 0074 | 0748 c7c6 | d002 0000 | 488b 0432 
  0x0000022c804d6258: 488d 4001 | 4889 0432 | 0f84 b608 

  0x0000022c804d6264: ;   {metadata(method data for {method} {0x0000022cd54d4c80} 'resumeWith' '(Ljava/lang/Object;)V' in 'kotlin/coroutines/jvm/internal/BaseContinuationImpl')}
  0x0000022c804d6264: 0000 48ba | 6801 d4d6 | 2c02 0000 | ff82 e002 

  0x0000022c804d6274: ;   {metadata(method data for {method} {0x0000022cd54d4c80} 'resumeWith' '(Ljava/lang/Object;)V' in 'kotlin/coroutines/jvm/internal/BaseContinuationImpl')}
  0x0000022c804d6274: 0000 48ba | 6801 d4d6 | 2c02 0000 | 8bb2 d000 | 0000 83c6 | 0289 b2d0 | 0000 0081 | e6fe 3f00 
  0x0000022c804d6294: 0085 f60f | 84e9 0f00 | 004d 8b97 

  0x0000022c804d62a0: ; ImmutableOopMap {rdi=Oop [176]=Oop [184]=Oop }
                      ;*goto {reexecute=1 rethrow=0 return_oop=0}
                      ; - (reexecute) kotlin.coroutines.jvm.internal.BaseContinuationImpl::resumeWith@121 (line 30)
  0x0000022c804d62a0: 5004 0000 

  0x0000022c804d62a4: ;   {poll}
  0x0000022c804d62a4: 4185 0248 | ba68 01d4 | d62c 0200 | 00ff 8230 | 0300 004c | 8b84 24b8 | 0000 0048 | 8bd7 e9e1 
  0x0000022c804d62c4: f6ff ff48 | 8984 24c8 | 0000 0048 | 899c 24d0 

  0x0000022c804d62d4: ;   {metadata(method data for {method} {0x0000022cd5415410} 'checkNotNullParameter' '(Ljava/lang/Object;Ljava/lang/String;)V' in 'kotlin/jvm/internal/Intrinsics')}
  0x0000022c804d62d4: 0000 0048 | bab0 c35b | d52c 0200 | 0048 8382 | 3001 0000 

  0x0000022c804d62e8: ;   {metadata(method data for {method} {0x0000022cd5415590} 'throwParameterIsNullNPE' '(Ljava/lang/String;)V' in 'kotlin/jvm/internal/Intrinsics')}
  0x0000022c804d62e8: 0148 ba38 | c55b d52c | 0200 008b | b2cc 0000 | 0083 c602 | 89b2 cc00 | 0000 81e6 | feff 1f00 
  0x0000022c804d6308: 85f6 0f84 | 970f 0000 

  0x0000022c804d6310: ;   {no_reloc}
  0x0000022c804d6310: e9c2 0f00 | 0000 0000 | 0000 498b | 87b8 0100 | 0048 8d78 | 3049 3bbf | c801 0000 | 0f87 af0f 
  0x0000022c804d6330: 0000 4989 | bfb8 0100 | 0048 c700 | 0100 0000 | 488b ca49 | ba00 0000 | 942c 0200 | 0049 2bca 
  0x0000022c804d6350: 8948 0848 | 33c9 8948 | 0c48 33c9 | 4889 4810 | 4889 4818 | 4889 4820 | 4889 4828 

  0x0000022c804d636c: ;   {metadata(method data for {method} {0x0000022cd5415590} 'throwParameterIsNullNPE' '(Ljava/lang/String;)V' in 'kotlin/jvm/internal/Intrinsics')}
  0x0000022c804d636c: 48ba 38c5 | 5bd5 2c02 | 0000 4883 | 8210 0100 

  0x0000022c804d637c: ;   {oop("exception"{0x0000000701b53ee8})}
  0x0000022c804d637c: 0001 48ba | e83e b501 | 0700 0000 | 4889 8424 | c000 0000 | 0f1f 8000 

  0x0000022c804d6394: ;   {static_call}
  0x0000022c804d6394: 0000 00e8 

  0x0000022c804d6398: ; ImmutableOopMap {[168]=Oop [176]=Oop [192]=Oop [200]=Oop [208]=Oop }
                      ;*invokestatic createParameterIsNullExceptionMessage {reexecute=0 rethrow=0 return_oop=0}
                      ; - kotlin.jvm.internal.Intrinsics::throwParameterIsNullNPE@5 (line 140)
                      ; - kotlin.jvm.internal.Intrinsics::checkNotNullParameter@5 (line 131)
                      ; - kotlin.Result$Failure::<init>@3
                      ; - kotlin.ResultKt::createFailure@11 (line 122)
                      ; - kotlin.coroutines.jvm.internal.BaseContinuationImpl::resumeWith@76 (line 38)
  0x0000022c804d6398: e48c 0a07 

  0x0000022c804d639c: ;   {other}
  0x0000022c804d639c: 0f1f 8400 | 8c0e 0003 | 4c8b 8424 | c000 0000 

  0x0000022c804d63ac: ;   {metadata(method data for {method} {0x0000022cd5415590} 'throwParameterIsNullNPE' '(Ljava/lang/String;)V' in 'kotlin/jvm/internal/Intrinsics')}
  0x0000022c804d63ac: 48ba 38c5 | 5bd5 2c02 | 0000 4883 | 8220 0100 | 0001 4c8b | c048 8b94 | 24c0 0000 | 0066 0f1f 
  0x0000022c804d63cc: ;   {optimized virtual_call}
  0x0000022c804d63cc: 4400 00e8 

  0x0000022c804d63d0: ; ImmutableOopMap {[168]=Oop [176]=Oop [192]=Oop [200]=Oop [208]=Oop }
                      ;*invokespecial <init> {reexecute=0 rethrow=0 return_oop=0}
                      ; - kotlin.jvm.internal.Intrinsics::throwParameterIsNullNPE@8 (line 140)
                      ; - kotlin.jvm.internal.Intrinsics::checkNotNullParameter@5 (line 131)
                      ; - kotlin.Result$Failure::<init>@3
                      ; - kotlin.ResultKt::createFailure@11 (line 122)
                      ; - kotlin.coroutines.jvm.internal.BaseContinuationImpl::resumeWith@76 (line 38)
  0x0000022c804d63d0: ac86 0a07 

  0x0000022c804d63d4: ;   {other}
  0x0000022c804d63d4: 0f1f 8400 | c40e 0004 

  0x0000022c804d63dc: ;   {metadata(method data for {method} {0x0000022cd5415590} 'throwParameterIsNullNPE' '(Ljava/lang/String;)V' in 'kotlin/jvm/internal/Intrinsics')}
  0x0000022c804d63dc: 48ba 38c5 | 5bd5 2c02 | 0000 4883 | 8230 0100 

  0x0000022c804d63ec: ;   {metadata(method data for {method} {0x0000022cd54164f8} 'sanitizeStackTrace' '(Ljava/lang/Throwable;)Ljava/lang/Throwable;' in 'kotlin/jvm/internal/Intrinsics')}
  0x0000022c804d63ec: 0001 48ba | 18cc 5bd5 | 2c02 0000 | 8bb2 cc00 | 0000 83c6 | 0289 b2cc | 0000 0081 | e6fe ff1f 
  0x0000022c804d640c: 0085 f60f | 84d9 0e00 

  0x0000022c804d6414: ;   {oop(a 'java/lang/Class'{0x0000000701a54ca8} = 'kotlin/jvm/internal/Intrinsics')}
  0x0000022c804d6414: 0048 baa8 | 4ca5 0107 | 0000 0048 

  0x0000022c804d6420: ;   {metadata(method data for {method} {0x0000022cd54164f8} 'sanitizeStackTrace' '(Ljava/lang/Throwable;)Ljava/lang/Throwable;' in 'kotlin/jvm/internal/Intrinsics')}
  0x0000022c804d6420: 8bf2 48bf | 18cc 5bd5 | 2c02 0000 | 4883 8710 | 0100 0001 

  0x0000022c804d6434: ;   {metadata(method data for {method} {0x0000022c9446b368} 'getName' '()Ljava/lang/String;' in 'java/lang/Class')}
  0x0000022c804d6434: 48be f079 | 03d5 2c02 | 0000 8bbe | cc00 0000 | 83c7 0289 | becc 0000 | 0081 e7fe | ff1f 0085 
  0x0000022c804d6454: ff0f 84b4 | 0e00 008b | 522c 48c1 | e203 4885 

  0x0000022c804d6464: ;   {metadata(method data for {method} {0x0000022c9446b368} 'getName' '()Ljava/lang/String;' in 'java/lang/Class')}
  0x0000022c804d6464: d248 bef0 | 7903 d52c | 0200 0048 | c7c7 1001 | 0000 7407 | 48c7 c720 | 0100 0048 | 8b1c 3e48 
  0x0000022c804d6484: 8d5b 0148 | 891c 3e0f | 8418 0000 

  0x0000022c804d6490: ;   {metadata(method data for {method} {0x0000022c9446b368} 'getName' '()Ljava/lang/String;' in 'java/lang/Class')}
  0x0000022c804d6490: 0048 bef0 | 7903 d52c | 0200 00ff | 8630 0100 | 0048 8bf2 | e936 0000 

  0x0000022c804d64a8: ;   {oop(a 'java/lang/Class'{0x0000000701a54ca8} = 'kotlin/jvm/internal/Intrinsics')}
  0x0000022c804d64a8: 0048 baa8 | 4ca5 0107 | 0000 0048 

  0x0000022c804d64b4: ;   {metadata(method data for {method} {0x0000022c9446b368} 'getName' '()Ljava/lang/String;' in 'java/lang/Class')}
  0x0000022c804d64b4: 8bf2 48bf | f079 03d5 | 2c02 0000 | 4883 8748 | 0100 0001 | 0f1f 8000 

  0x0000022c804d64cc: ;   {optimized virtual_call}
  0x0000022c804d64cc: 0000 00e8 

  0x0000022c804d64d0: ; ImmutableOopMap {[168]=Oop [176]=Oop [192]=Oop [200]=Oop [208]=Oop }
                      ;*invokevirtual initClassName {reexecute=0 rethrow=0 return_oop=0}
                      ; - java.lang.Class::getName@14 (line 950)
                      ; - kotlin.jvm.internal.Intrinsics::sanitizeStackTrace@3 (line 253)
                      ; - kotlin.jvm.internal.Intrinsics::throwParameterIsNullNPE@11 (line 140)
                      ; - kotlin.jvm.internal.Intrinsics::checkNotNullParameter@5 (line 131)
                      ; - kotlin.Result$Failure::<init>@3
                      ; - kotlin.ResultKt::createFailure@11 (line 122)
                      ; - kotlin.coroutines.jvm.internal.BaseContinuationImpl::resumeWith@76 (line 38)
  0x0000022c804d64d0: ac85 0a07 

  0x0000022c804d64d4: ;   {other}
  0x0000022c804d64d4: 0f1f 8400 | c40f 0005 | 488b f048 | 8b84 24c0 | 0000 00e9 | 7a0a 0000 | 4889 8424 | d000 0000 
  0x0000022c804d64f4: ;   {metadata(method data for {method} {0x0000022cd5415410} 'checkNotNullParameter' '(Ljava/lang/Object;Ljava/lang/String;)V' in 'kotlin/jvm/internal/Intrinsics')}
  0x0000022c804d64f4: 48ba b0c3 | 5bd5 2c02 | 0000 4883 | 8230 0100 

  0x0000022c804d6504: ;   {metadata(method data for {method} {0x0000022cd5415590} 'throwParameterIsNullNPE' '(Ljava/lang/String;)V' in 'kotlin/jvm/internal/Intrinsics')}
  0x0000022c804d6504: 0001 48ba | 38c5 5bd5 | 2c02 0000 | 8bb2 cc00 | 0000 83c6 | 0289 b2cc | 0000 0081 | e6fe ff1f 
  0x0000022c804d6524: 0085 f60f | 8408 0e00 | 0066 6690 

  0x0000022c804d6530: ;   {no_reloc}
  0x0000022c804d6530: e930 0e00 | 0000 0000 | 0000 498b | 87b8 0100 | 0048 8d78 | 3049 3bbf | c801 0000 | 0f87 1d0e 
  0x0000022c804d6550: 0000 4989 | bfb8 0100 | 0048 c700 | 0100 0000 | 488b ca49 | ba00 0000 | 942c 0200 | 0049 2bca 
  0x0000022c804d6570: 8948 0848 | 33c9 8948 | 0c48 33c9 | 4889 4810 | 4889 4818 | 4889 4820 | 4889 4828 

  0x0000022c804d658c: ;   {metadata(method data for {method} {0x0000022cd5415590} 'throwParameterIsNullNPE' '(Ljava/lang/String;)V' in 'kotlin/jvm/internal/Intrinsics')}
  0x0000022c804d658c: 48ba 38c5 | 5bd5 2c02 | 0000 4883 | 8210 0100 

  0x0000022c804d659c: ;   {oop("exception"{0x0000000701b53ee8})}
  0x0000022c804d659c: 0001 48ba | e83e b501 | 0700 0000 | 4889 8424 | d800 0000 | 0f1f 8000 

  0x0000022c804d65b4: ;   {static_call}
  0x0000022c804d65b4: 0000 00e8 

  0x0000022c804d65b8: ; ImmutableOopMap {[168]=Oop [176]=Oop [208]=Oop [216]=Oop }
                      ;*invokestatic createParameterIsNullExceptionMessage {reexecute=0 rethrow=0 return_oop=0}
                      ; - kotlin.jvm.internal.Intrinsics::throwParameterIsNullNPE@5 (line 140)
                      ; - kotlin.jvm.internal.Intrinsics::checkNotNullParameter@5 (line 131)
                      ; - kotlin.ResultKt::createFailure@3
                      ; - kotlin.coroutines.jvm.internal.BaseContinuationImpl::resumeWith@76 (line 38)
  0x0000022c804d65b8: c48a 0a07 

  0x0000022c804d65bc: ;   {other}
  0x0000022c804d65bc: 0f1f 8400 | ac10 0006 | 4c8b 8424 | d800 0000 

  0x0000022c804d65cc: ;   {metadata(method data for {method} {0x0000022cd5415590} 'throwParameterIsNullNPE' '(Ljava/lang/String;)V' in 'kotlin/jvm/internal/Intrinsics')}
  0x0000022c804d65cc: 48ba 38c5 | 5bd5 2c02 | 0000 4883 | 8220 0100 | 0001 4c8b | c048 8b94 | 24d8 0000 | 0066 0f1f 
  0x0000022c804d65ec: ;   {optimized virtual_call}
  0x0000022c804d65ec: 4400 00e8 

  0x0000022c804d65f0: ; ImmutableOopMap {[168]=Oop [176]=Oop [208]=Oop [216]=Oop }
                      ;*invokespecial <init> {reexecute=0 rethrow=0 return_oop=0}
                      ; - kotlin.jvm.internal.Intrinsics::throwParameterIsNullNPE@8 (line 140)
                      ; - kotlin.jvm.internal.Intrinsics::checkNotNullParameter@5 (line 131)
                      ; - kotlin.ResultKt::createFailure@3
                      ; - kotlin.coroutines.jvm.internal.BaseContinuationImpl::resumeWith@76 (line 38)
  0x0000022c804d65f0: 8c84 0a07 

  0x0000022c804d65f4: ;   {other}
  0x0000022c804d65f4: 0f1f 8400 | e410 0007 

  0x0000022c804d65fc: ;   {metadata(method data for {method} {0x0000022cd5415590} 'throwParameterIsNullNPE' '(Ljava/lang/String;)V' in 'kotlin/jvm/internal/Intrinsics')}
  0x0000022c804d65fc: 48ba 38c5 | 5bd5 2c02 | 0000 4883 | 8230 0100 

  0x0000022c804d660c: ;   {metadata(method data for {method} {0x0000022cd54164f8} 'sanitizeStackTrace' '(Ljava/lang/Throwable;)Ljava/lang/Throwable;' in 'kotlin/jvm/internal/Intrinsics')}
  0x0000022c804d660c: 0001 48ba | 18cc 5bd5 | 2c02 0000 | 8bb2 cc00 | 0000 83c6 | 0289 b2cc | 0000 0081 | e6fe ff1f 
  0x0000022c804d662c: 0085 f60f | 8447 0d00 

  0x0000022c804d6634: ;   {oop(a 'java/lang/Class'{0x0000000701a54ca8} = 'kotlin/jvm/internal/Intrinsics')}
  0x0000022c804d6634: 0048 baa8 | 4ca5 0107 | 0000 0048 

  0x0000022c804d6640: ;   {metadata(method data for {method} {0x0000022cd54164f8} 'sanitizeStackTrace' '(Ljava/lang/Throwable;)Ljava/lang/Throwable;' in 'kotlin/jvm/internal/Intrinsics')}
  0x0000022c804d6640: 8bf2 48bf | 18cc 5bd5 | 2c02 0000 | 4883 8710 | 0100 0001 

  0x0000022c804d6654: ;   {metadata(method data for {method} {0x0000022c9446b368} 'getName' '()Ljava/lang/String;' in 'java/lang/Class')}
  0x0000022c804d6654: 48be f079 | 03d5 2c02 | 0000 8bbe | cc00 0000 | 83c7 0289 | becc 0000 | 0081 e7fe | ff1f 0085 
  0x0000022c804d6674: ff0f 8422 | 0d00 008b | 522c 48c1 | e203 4885 

  0x0000022c804d6684: ;   {metadata(method data for {method} {0x0000022c9446b368} 'getName' '()Ljava/lang/String;' in 'java/lang/Class')}
  0x0000022c804d6684: d248 bef0 | 7903 d52c | 0200 0048 | c7c7 1001 | 0000 7407 | 48c7 c720 | 0100 0048 | 8b1c 3e48 
  0x0000022c804d66a4: 8d5b 0148 | 891c 3e0f | 8418 0000 

  0x0000022c804d66b0: ;   {metadata(method data for {method} {0x0000022c9446b368} 'getName' '()Ljava/lang/String;' in 'java/lang/Class')}
  0x0000022c804d66b0: 0048 bef0 | 7903 d52c | 0200 00ff | 8630 0100 | 0048 8bf2 | e936 0000 

  0x0000022c804d66c8: ;   {oop(a 'java/lang/Class'{0x0000000701a54ca8} = 'kotlin/jvm/internal/Intrinsics')}
  0x0000022c804d66c8: 0048 baa8 | 4ca5 0107 | 0000 0048 

  0x0000022c804d66d4: ;   {metadata(method data for {method} {0x0000022c9446b368} 'getName' '()Ljava/lang/String;' in 'java/lang/Class')}
  0x0000022c804d66d4: 8bf2 48bf | f079 03d5 | 2c02 0000 | 4883 8748 | 0100 0001 | 0f1f 8000 

  0x0000022c804d66ec: ;   {optimized virtual_call}
  0x0000022c804d66ec: 0000 00e8 

  0x0000022c804d66f0: ; ImmutableOopMap {[168]=Oop [176]=Oop [208]=Oop [216]=Oop }
                      ;*invokevirtual initClassName {reexecute=0 rethrow=0 return_oop=0}
                      ; - java.lang.Class::getName@14 (line 950)
                      ; - kotlin.jvm.internal.Intrinsics::sanitizeStackTrace@3 (line 253)
                      ; - kotlin.jvm.internal.Intrinsics::throwParameterIsNullNPE@11 (line 140)
                      ; - kotlin.jvm.internal.Intrinsics::checkNotNullParameter@5 (line 131)
                      ; - kotlin.ResultKt::createFailure@3
                      ; - kotlin.coroutines.jvm.internal.BaseContinuationImpl::resumeWith@76 (line 38)
  0x0000022c804d66f0: 8c83 0a07 

  0x0000022c804d66f4: ;   {other}
  0x0000022c804d66f4: 0f1f 8400 | e411 0008 | 488b f048 | 8b84 24d8 | 0000 00e9 | 4007 0000 | 4889 b424 | a800 0000 
  0x0000022c804d6714: 4c89 8424 | e800 0000 

  0x0000022c804d671c: ;   {metadata(method data for {method} {0x0000022cd54143c8} 'checkNotNull' '(Ljava/lang/Object;)V' in 'kotlin/jvm/internal/Intrinsics')}
  0x0000022c804d671c: 48ba d00e | 2dd6 2c02 | 0000 4883 | 8230 0100 

  0x0000022c804d672c: ;   {metadata(method data for {method} {0x0000022cd54146b0} 'throwJavaNpe' '()V' in 'kotlin/jvm/internal/Intrinsics')}
  0x0000022c804d672c: 0001 48ba | 5010 2dd6 | 2c02 0000 | 8bb2 cc00 | 0000 83c6 | 0289 b2cc | 0000 0081 | e6fe ff1f 
  0x0000022c804d674c: 0085 f60f | 846e 0c00 | 0066 6690 

  0x0000022c804d6758: ;   {no_reloc}
  0x0000022c804d6758: e996 0c00 | 0000 0000 | 0000 498b | 87b8 0100 | 0048 8d78 | 3049 3bbf | c801 0000 | 0f87 830c 
  0x0000022c804d6778: 0000 4989 | bfb8 0100 | 0048 c700 | 0100 0000 | 488b ca49 | ba00 0000 | 942c 0200 | 0049 2bca 
  0x0000022c804d6798: 8948 0848 | 33c9 8948 | 0c48 33c9 | 4889 4810 | 4889 4818 | 4889 4820 | 4889 4828 

  0x0000022c804d67b4: ;   {metadata(method data for {method} {0x0000022cd54146b0} 'throwJavaNpe' '()V' in 'kotlin/jvm/internal/Intrinsics')}
  0x0000022c804d67b4: 488b d048 | be50 102d | d62c 0200 | 0048 8386 | 1001 0000 | 0148 8bd0 | 4889 8424 | e000 0000 
  0x0000022c804d67d4: ;   {optimized virtual_call}
  0x0000022c804d67d4: 6666 90e8 

  0x0000022c804d67d8: ; ImmutableOopMap {[168]=Oop [176]=Oop [224]=Oop [232]=Oop }
                      ;*invokespecial <init> {reexecute=0 rethrow=0 return_oop=0}
                      ; - kotlin.jvm.internal.Intrinsics::throwJavaNpe@4 (line 45)
                      ; - kotlin.jvm.internal.Intrinsics::checkNotNull@4 (line 25)
                      ; - kotlin.coroutines.jvm.internal.BaseContinuationImpl::resumeWith@31 (line 31)
  0x0000022c804d67d8: a482 0a07 

  0x0000022c804d67dc: ;   {other}
  0x0000022c804d67dc: 0f1f 8400 | cc12 0009 

  0x0000022c804d67e4: ;   {metadata(method data for {method} {0x0000022cd54146b0} 'throwJavaNpe' '()V' in 'kotlin/jvm/internal/Intrinsics')}
  0x0000022c804d67e4: 48ba 5010 | 2dd6 2c02 | 0000 4883 | 8220 0100 

  0x0000022c804d67f4: ;   {metadata(method data for {method} {0x0000022cd54164f8} 'sanitizeStackTrace' '(Ljava/lang/Throwable;)Ljava/lang/Throwable;' in 'kotlin/jvm/internal/Intrinsics')}
  0x0000022c804d67f4: 0001 48ba | 18cc 5bd5 | 2c02 0000 | 8bb2 cc00 | 0000 83c6 | 0289 b2cc | 0000 0081 | e6fe ff1f 
  0x0000022c804d6814: 0085 f60f | 84ed 0b00 

  0x0000022c804d681c: ;   {oop(a 'java/lang/Class'{0x0000000701a54ca8} = 'kotlin/jvm/internal/Intrinsics')}
  0x0000022c804d681c: 0048 baa8 | 4ca5 0107 | 0000 0048 

  0x0000022c804d6828: ;   {metadata(method data for {method} {0x0000022cd54164f8} 'sanitizeStackTrace' '(Ljava/lang/Throwable;)Ljava/lang/Throwable;' in 'kotlin/jvm/internal/Intrinsics')}
  0x0000022c804d6828: 8bf2 48bf | 18cc 5bd5 | 2c02 0000 | 4883 8710 | 0100 0001 

  0x0000022c804d683c: ;   {metadata(method data for {method} {0x0000022c9446b368} 'getName' '()Ljava/lang/String;' in 'java/lang/Class')}
  0x0000022c804d683c: 48be f079 | 03d5 2c02 | 0000 8bbe | cc00 0000 | 83c7 0289 | becc 0000 | 0081 e7fe | ff1f 0085 
  0x0000022c804d685c: ff0f 84c8 | 0b00 008b | 522c 48c1 | e203 4885 

  0x0000022c804d686c: ;   {metadata(method data for {method} {0x0000022c9446b368} 'getName' '()Ljava/lang/String;' in 'java/lang/Class')}
  0x0000022c804d686c: d248 bef0 | 7903 d52c | 0200 0048 | c7c7 1001 | 0000 7407 | 48c7 c720 | 0100 0048 | 8b1c 3e48 
  0x0000022c804d688c: 8d5b 0148 | 891c 3e0f | 8418 0000 

  0x0000022c804d6898: ;   {metadata(method data for {method} {0x0000022c9446b368} 'getName' '()Ljava/lang/String;' in 'java/lang/Class')}
  0x0000022c804d6898: 0048 bef0 | 7903 d52c | 0200 00ff | 8630 0100 | 0048 8bf2 | e936 0000 

  0x0000022c804d68b0: ;   {oop(a 'java/lang/Class'{0x0000000701a54ca8} = 'kotlin/jvm/internal/Intrinsics')}
  0x0000022c804d68b0: 0048 baa8 | 4ca5 0107 | 0000 0048 

  0x0000022c804d68bc: ;   {metadata(method data for {method} {0x0000022c9446b368} 'getName' '()Ljava/lang/String;' in 'java/lang/Class')}
  0x0000022c804d68bc: 8bf2 48bf | f079 03d5 | 2c02 0000 | 4883 8748 | 0100 0001 | 0f1f 8000 

  0x0000022c804d68d4: ;   {optimized virtual_call}
  0x0000022c804d68d4: 0000 00e8 

  0x0000022c804d68d8: ; ImmutableOopMap {[168]=Oop [176]=Oop [224]=Oop [232]=Oop }
                      ;*invokevirtual initClassName {reexecute=0 rethrow=0 return_oop=0}
                      ; - java.lang.Class::getName@14 (line 950)
                      ; - kotlin.jvm.internal.Intrinsics::sanitizeStackTrace@3 (line 253)
                      ; - kotlin.jvm.internal.Intrinsics::throwJavaNpe@7 (line 45)
                      ; - kotlin.jvm.internal.Intrinsics::checkNotNull@4 (line 25)
                      ; - kotlin.coroutines.jvm.internal.BaseContinuationImpl::resumeWith@31 (line 31)
  0x0000022c804d68d8: a481 0a07 

  0x0000022c804d68dc: ;   {other}
  0x0000022c804d68dc: 0f1f 8400 | cc13 000a | 488b f048 | 8b84 24e0 | 0000 00e9 | 3804 0000 | 4c89 8424 | e800 0000 
  0x0000022c804d68fc: 4889 9424 | f800 0000 

  0x0000022c804d6904: ;   {metadata(method data for {method} {0x0000022cd5415410} 'checkNotNullParameter' '(Ljava/lang/Object;Ljava/lang/String;)V' in 'kotlin/jvm/internal/Intrinsics')}
  0x0000022c804d6904: 48be b0c3 | 5bd5 2c02 | 0000 4883 | 8630 0100 

  0x0000022c804d6914: ;   {metadata(method data for {method} {0x0000022cd5415590} 'throwParameterIsNullNPE' '(Ljava/lang/String;)V' in 'kotlin/jvm/internal/Intrinsics')}
  0x0000022c804d6914: 0001 48be | 38c5 5bd5 | 2c02 0000 | 8bbe cc00 | 0000 83c7 | 0289 becc | 0000 0081 | e7fe ff1f 
  0x0000022c804d6934: 0085 ff0f | 8414 0b00 | 0066 6690 

  0x0000022c804d6940: ;   {no_reloc}
  0x0000022c804d6940: e93c 0b00 | 0000 0000 | 0000 498b | 87b8 0100 | 0048 8d78 | 3049 3bbf | c801 0000 | 0f87 290b 
  0x0000022c804d6960: 0000 4989 | bfb8 0100 | 0048 c700 | 0100 0000 | 488b ca49 | ba00 0000 | 942c 0200 | 0049 2bca 
  0x0000022c804d6980: 8948 0848 | 33c9 8948 | 0c48 33c9 | 4889 4810 | 4889 4818 | 4889 4820 | 4889 4828 

  0x0000022c804d699c: ;   {metadata(method data for {method} {0x0000022cd5415590} 'throwParameterIsNullNPE' '(Ljava/lang/String;)V' in 'kotlin/jvm/internal/Intrinsics')}
  0x0000022c804d699c: 48ba 38c5 | 5bd5 2c02 | 0000 4883 | 8210 0100 

  0x0000022c804d69ac: ;   {oop("frame"{0x00000007ffff5b80})}
  0x0000022c804d69ac: 0001 48ba | 805b ffff | 0700 0000 | 4889 8424 | f000 0000 | 0f1f 8000 

  0x0000022c804d69c4: ;   {static_call}
  0x0000022c804d69c4: 0000 00e8 

  0x0000022c804d69c8: ; ImmutableOopMap {[232]=Oop [240]=Oop [248]=Oop }
                      ;*invokestatic createParameterIsNullExceptionMessage {reexecute=0 rethrow=0 return_oop=0}
                      ; - kotlin.jvm.internal.Intrinsics::throwParameterIsNullNPE@5 (line 140)
                      ; - kotlin.jvm.internal.Intrinsics::checkNotNullParameter@5 (line 131)
                      ; - kotlin.coroutines.jvm.internal.DebugProbesKt::probeCoroutineResumed@3
                      ; - kotlin.coroutines.jvm.internal.BaseContinuationImpl::resumeWith@13 (line 29)
  0x0000022c804d69c8: b486 0a07 

  0x0000022c804d69cc: ;   {other}
  0x0000022c804d69cc: 0f1f 8400 | bc14 000b | 4c8b 8424 | f000 0000 

  0x0000022c804d69dc: ;   {metadata(method data for {method} {0x0000022cd5415590} 'throwParameterIsNullNPE' '(Ljava/lang/String;)V' in 'kotlin/jvm/internal/Intrinsics')}
  0x0000022c804d69dc: 48ba 38c5 | 5bd5 2c02 | 0000 4883 | 8220 0100 | 0001 4c8b | c048 8b94 | 24f0 0000 | 0066 0f1f 
  0x0000022c804d69fc: ;   {optimized virtual_call}
  0x0000022c804d69fc: 4400 00e8 

  0x0000022c804d6a00: ; ImmutableOopMap {[232]=Oop [240]=Oop [248]=Oop }
                      ;*invokespecial <init> {reexecute=0 rethrow=0 return_oop=0}
                      ; - kotlin.jvm.internal.Intrinsics::throwParameterIsNullNPE@8 (line 140)
                      ; - kotlin.jvm.internal.Intrinsics::checkNotNullParameter@5 (line 131)
                      ; - kotlin.coroutines.jvm.internal.DebugProbesKt::probeCoroutineResumed@3
                      ; - kotlin.coroutines.jvm.internal.BaseContinuationImpl::resumeWith@13 (line 29)
  0x0000022c804d6a00: 7c80 0a07 

  0x0000022c804d6a04: ;   {other}
  0x0000022c804d6a04: 0f1f 8400 | f414 000c 

  0x0000022c804d6a0c: ;   {metadata(method data for {method} {0x0000022cd5415590} 'throwParameterIsNullNPE' '(Ljava/lang/String;)V' in 'kotlin/jvm/internal/Intrinsics')}
  0x0000022c804d6a0c: 48ba 38c5 | 5bd5 2c02 | 0000 4883 | 8230 0100 

  0x0000022c804d6a1c: ;   {metadata(method data for {method} {0x0000022cd54164f8} 'sanitizeStackTrace' '(Ljava/lang/Throwable;)Ljava/lang/Throwable;' in 'kotlin/jvm/internal/Intrinsics')}
  0x0000022c804d6a1c: 0001 48ba | 18cc 5bd5 | 2c02 0000 | 8bb2 cc00 | 0000 83c6 | 0289 b2cc | 0000 0081 | e6fe ff1f 
  0x0000022c804d6a3c: 0085 f60f | 8453 0a00 

  0x0000022c804d6a44: ;   {oop(a 'java/lang/Class'{0x0000000701a54ca8} = 'kotlin/jvm/internal/Intrinsics')}
  0x0000022c804d6a44: 0048 baa8 | 4ca5 0107 | 0000 0048 

  0x0000022c804d6a50: ;   {metadata(method data for {method} {0x0000022cd54164f8} 'sanitizeStackTrace' '(Ljava/lang/Throwable;)Ljava/lang/Throwable;' in 'kotlin/jvm/internal/Intrinsics')}
  0x0000022c804d6a50: 8bf2 48bf | 18cc 5bd5 | 2c02 0000 | 4883 8710 | 0100 0001 

  0x0000022c804d6a64: ;   {metadata(method data for {method} {0x0000022c9446b368} 'getName' '()Ljava/lang/String;' in 'java/lang/Class')}
  0x0000022c804d6a64: 48be f079 | 03d5 2c02 | 0000 8bbe | cc00 0000 | 83c7 0289 | becc 0000 | 0081 e7fe | ff1f 0085 
  0x0000022c804d6a84: ff0f 842e | 0a00 008b | 522c 48c1 | e203 4885 

  0x0000022c804d6a94: ;   {metadata(method data for {method} {0x0000022c9446b368} 'getName' '()Ljava/lang/String;' in 'java/lang/Class')}
  0x0000022c804d6a94: d248 bef0 | 7903 d52c | 0200 0048 | c7c7 1001 | 0000 7407 | 48c7 c720 | 0100 0048 | 8b1c 3e48 
  0x0000022c804d6ab4: 8d5b 0148 | 891c 3e0f | 8418 0000 

  0x0000022c804d6ac0: ;   {metadata(method data for {method} {0x0000022c9446b368} 'getName' '()Ljava/lang/String;' in 'java/lang/Class')}
  0x0000022c804d6ac0: 0048 bef0 | 7903 d52c | 0200 00ff | 8630 0100 | 0048 8bf2 | e936 0000 

  0x0000022c804d6ad8: ;   {oop(a 'java/lang/Class'{0x0000000701a54ca8} = 'kotlin/jvm/internal/Intrinsics')}
  0x0000022c804d6ad8: 0048 baa8 | 4ca5 0107 | 0000 0048 

  0x0000022c804d6ae4: ;   {metadata(method data for {method} {0x0000022c9446b368} 'getName' '()Ljava/lang/String;' in 'java/lang/Class')}
  0x0000022c804d6ae4: 8bf2 48bf | f079 03d5 | 2c02 0000 | 4883 8748 | 0100 0001 | 0f1f 8000 

  0x0000022c804d6afc: ;   {optimized virtual_call}
  0x0000022c804d6afc: 0000 00e8 

  0x0000022c804d6b00: ; ImmutableOopMap {[232]=Oop [240]=Oop [248]=Oop }
                      ;*invokevirtual initClassName {reexecute=0 rethrow=0 return_oop=0}
                      ; - java.lang.Class::getName@14 (line 950)
                      ; - kotlin.jvm.internal.Intrinsics::sanitizeStackTrace@3 (line 253)
                      ; - kotlin.jvm.internal.Intrinsics::throwParameterIsNullNPE@11 (line 140)
                      ; - kotlin.jvm.internal.Intrinsics::checkNotNullParameter@5 (line 131)
                      ; - kotlin.coroutines.jvm.internal.DebugProbesKt::probeCoroutineResumed@3
                      ; - kotlin.coroutines.jvm.internal.BaseContinuationImpl::resumeWith@13 (line 29)
  0x0000022c804d6b00: 7c7f 0a07 

  0x0000022c804d6b04: ;   {other}
  0x0000022c804d6b04: 0f1f 8400 | f415 000d | 488b f048 | 8b84 24f0 | 0000 00e9 | ec00 0000 | 488b 8424 | b800 0000 
  0x0000022c804d6b24: ; implicit exception: dispatches to 0x0000022c804d74df
  0x0000022c804d6b24: 483b 074c 

  0x0000022c804d6b28: ;   {metadata(method data for {method} {0x0000022cd54d4c80} 'resumeWith' '(Ljava/lang/Object;)V' in 'kotlin/coroutines/jvm/internal/BaseContinuationImpl')}
  0x0000022c804d6b28: 8bc7 48ba | 6801 d4d6 | 2c02 0000 | 458b 4008 | 49ba 0000 | 0094 2c02 | 0000 4d03 | c24c 3b82 
  0x0000022c804d6b48: 0803 0000 | 750d 4883 | 8210 0300 | 0001 e960 | 0000 004c | 3b82 1803 | 0000 750d | 4883 8220 
  0x0000022c804d6b68: 0300 0001 | e94a 0000 | 0048 83ba | 0803 0000 | 0075 174c | 8982 0803 | 0000 48c7 | 8210 0300 
  0x0000022c804d6b88: 0001 0000 | 00e9 2900 | 0000 4883 | ba18 0300 | 0000 7517 | 4c89 8218 | 0300 0048 | c782 2003 
  0x0000022c804d6ba8: 0000 0100 | 0000 e908 | 0000 0048 | 8382 f802 | 0000 014c | 8bc0 488b | d70f 1f40 | 0048 b8b0 
  0x0000022c804d6bc8: 85f8 df2c 

  0x0000022c804d6bcc: ;   {virtual_call}
  0x0000022c804d6bcc: 0200 00e8 

  0x0000022c804d6bd0: ; ImmutableOopMap {}
                      ;*invokeinterface resumeWith {reexecute=0 rethrow=0 return_oop=0}
                      ; - kotlin.coroutines.jvm.internal.BaseContinuationImpl::resumeWith@114 (line 47)
  0x0000022c804d6bd0: cc07 1707 

  0x0000022c804d6bd4: ;   {other}
  0x0000022c804d6bd4: 0f1f 8400 | c416 000e | 4881 c410 | 0100 005d 

  0x0000022c804d6be4: ;   {poll_return}
  0x0000022c804d6be4: 493b a748 | 0400 000f | 87f3 0800 | 00c3 4881 | c410 0100 

  0x0000022c804d6bf8: ;   {poll_return}
  0x0000022c804d6bf8: 005d 493b | a748 0400 | 000f 87f3 | 0800 00c3 

  0x0000022c804d6c08: ;   {metadata(method data for {method} {0x0000022cd54164f8} 'sanitizeStackTrace' '(Ljava/lang/Throwable;)Ljava/lang/Throwable;' in 'kotlin/jvm/internal/Intrinsics')}
  0x0000022c804d6c08: 48ba 18cc | 5bd5 2c02 | 0000 4883 | 8248 0100 | 0001 488b | d04c 8bc6 | 0f1f 8000 

  0x0000022c804d6c24: ;   {static_call}
  0x0000022c804d6c24: 0000 00e8 

  0x0000022c804d6c28: ; ImmutableOopMap {[232]=Oop [248]=Oop }
                      ;*invokestatic sanitizeStackTrace {reexecute=0 rethrow=0 return_oop=0}
                      ; - kotlin.jvm.internal.Intrinsics::sanitizeStackTrace@6 (line 253)
                      ; - kotlin.jvm.internal.Intrinsics::throwParameterIsNullNPE@11 (line 140)
                      ; - kotlin.jvm.internal.Intrinsics::checkNotNullParameter@5 (line 131)
                      ; - kotlin.coroutines.jvm.internal.DebugProbesKt::probeCoroutineResumed@3
                      ; - kotlin.coroutines.jvm.internal.BaseContinuationImpl::resumeWith@13 (line 29)
  0x0000022c804d6c28: 5484 0a07 

  0x0000022c804d6c2c: ;   {other}
  0x0000022c804d6c2c: 0f1f 8400 | 1c17 000f | 488b 9424 | f800 0000 | 4885 c075 

  0x0000022c804d6c40: ;   {metadata(method data for {method} {0x0000022cd5415590} 'throwParameterIsNullNPE' '(Ljava/lang/String;)V' in 'kotlin/jvm/internal/Intrinsics')}
  0x0000022c804d6c40: 1648 be38 | c55b d52c | 0200 0080 | 8e39 0100 | 0001 e9cd 

  0x0000022c804d6c54: ;   {metadata('java/lang/NullPointerException')}
  0x0000022c804d6c54: 0000 0048 | bf88 cd06 | 942c 0200 | 008b 7008 | 49ba 0000 | 0094 2c02 | 0000 4903 | f248 3b7e 
  0x0000022c804d6c74: 500f 858d 

  0x0000022c804d6c78: ;   {metadata(method data for {method} {0x0000022cd5415590} 'throwParameterIsNullNPE' '(Ljava/lang/String;)V' in 'kotlin/jvm/internal/Intrinsics')}
  0x0000022c804d6c78: 0000 0048 | be38 c55b | d52c 0200 | 008b 7808 | 49ba 0000 | 0094 2c02 | 0000 4903 | fa48 3bbe 
  0x0000022c804d6c98: 5001 0000 | 750d 4883 | 8658 0100 | 0001 e979 | 0000 0048 | 3bbe 6001 | 0000 750d | 4883 8668 
  0x0000022c804d6cb8: 0100 0001 | e963 0000 | 0048 83be | 5001 0000 | 0075 1748 | 89be 5001 | 0000 48c7 | 8658 0100 
  0x0000022c804d6cd8: 0001 0000 | 00e9 4200 | 0000 4883 | be60 0100 | 0000 7517 | 4889 be60 | 0100 0048 | c786 6801 
  0x0000022c804d6cf8: 0000 0100 | 0000 e921 | 0000 00e9 | 1c00 0000 

  0x0000022c804d6d08: ;   {metadata(method data for {method} {0x0000022cd5415590} 'throwParameterIsNullNPE' '(Ljava/lang/String;)V' in 'kotlin/jvm/internal/Intrinsics')}
  0x0000022c804d6d08: 48be 38c5 | 5bd5 2c02 | 0000 4883 | ae40 0100 | 0001 e9f1 | 0700 00e9 | 0000 0000 

  0x0000022c804d6d24: ; implicit exception: dispatches to 0x0000022c804d7519
  0x0000022c804d6d24: 483b 00e9 | 3908 0000 

  0x0000022c804d6d2c: ;   {metadata(method data for {method} {0x0000022cd54164f8} 'sanitizeStackTrace' '(Ljava/lang/Throwable;)Ljava/lang/Throwable;' in 'kotlin/jvm/internal/Intrinsics')}
  0x0000022c804d6d2c: 48ba 18cc | 5bd5 2c02 | 0000 4883 | 8248 0100 | 0001 488b | d04c 8bc6 

  0x0000022c804d6d44: ;   {static_call}
  0x0000022c804d6d44: 6666 90e8 

  0x0000022c804d6d48: ; ImmutableOopMap {[168]=Oop [176]=Oop [232]=Oop }
                      ;*invokestatic sanitizeStackTrace {reexecute=0 rethrow=0 return_oop=0}
                      ; - kotlin.jvm.internal.Intrinsics::sanitizeStackTrace@6 (line 253)
                      ; - kotlin.jvm.internal.Intrinsics::throwJavaNpe@7 (line 45)
                      ; - kotlin.jvm.internal.Intrinsics::checkNotNull@4 (line 25)
                      ; - kotlin.coroutines.jvm.internal.BaseContinuationImpl::resumeWith@31 (line 31)
  0x0000022c804d6d48: 3483 0a07 

  0x0000022c804d6d4c: ;   {other}
  0x0000022c804d6d4c: 0f1f 8400 | 3c18 0010 | 4c8b 8424 | e800 0000 | 4885 c075 

  0x0000022c804d6d60: ;   {metadata(method data for {method} {0x0000022cd54146b0} 'throwJavaNpe' '()V' in 'kotlin/jvm/internal/Intrinsics')}
  0x0000022c804d6d60: 1648 be50 | 102d d62c | 0200 0080 | 8e29 0100 | 0001 e9cd 

  0x0000022c804d6d74: ;   {metadata('java/lang/NullPointerException')}
  0x0000022c804d6d74: 0000 0048 | bf88 cd06 | 942c 0200 | 008b 7008 | 49ba 0000 | 0094 2c02 | 0000 4903 | f248 3b7e 
  0x0000022c804d6d94: 500f 858d 

  0x0000022c804d6d98: ;   {metadata(method data for {method} {0x0000022cd54146b0} 'throwJavaNpe' '()V' in 'kotlin/jvm/internal/Intrinsics')}
  0x0000022c804d6d98: 0000 0048 | be50 102d | d62c 0200 | 008b 7808 | 49ba 0000 | 0094 2c02 | 0000 4903 | fa48 3bbe 
  0x0000022c804d6db8: 4001 0000 | 750d 4883 | 8648 0100 | 0001 e979 | 0000 0048 | 3bbe 5001 | 0000 750d | 4883 8658 
  0x0000022c804d6dd8: 0100 0001 | e963 0000 | 0048 83be | 4001 0000 | 0075 1748 | 89be 4001 | 0000 48c7 | 8648 0100 
  0x0000022c804d6df8: 0001 0000 | 00e9 4200 | 0000 4883 | be50 0100 | 0000 7517 | 4889 be50 | 0100 0048 | c786 5801 
  0x0000022c804d6e18: 0000 0100 | 0000 e921 | 0000 00e9 | 1c00 0000 

  0x0000022c804d6e28: ;   {metadata(method data for {method} {0x0000022cd54146b0} 'throwJavaNpe' '()V' in 'kotlin/jvm/internal/Intrinsics')}
  0x0000022c804d6e28: 48be 5010 | 2dd6 2c02 | 0000 4883 | ae30 0100 | 0001 e9df | 0600 00e9 | 0000 0000 

  0x0000022c804d6e44: ; implicit exception: dispatches to 0x0000022c804d7527
  0x0000022c804d6e44: 483b 00e9 | 1907 0000 

  0x0000022c804d6e4c: ;   {metadata(method data for {method} {0x0000022cd54164f8} 'sanitizeStackTrace' '(Ljava/lang/Throwable;)Ljava/lang/Throwable;' in 'kotlin/jvm/internal/Intrinsics')}
  0x0000022c804d6e4c: 48ba 18cc | 5bd5 2c02 | 0000 4883 | 8248 0100 | 0001 488b | d04c 8bc6 

  0x0000022c804d6e64: ;   {static_call}
  0x0000022c804d6e64: 6666 90e8 

  0x0000022c804d6e68: ; ImmutableOopMap {[168]=Oop [176]=Oop [208]=Oop }
                      ;*invokestatic sanitizeStackTrace {reexecute=0 rethrow=0 return_oop=0}
                      ; - kotlin.jvm.internal.Intrinsics::sanitizeStackTrace@6 (line 253)
                      ; - kotlin.jvm.internal.Intrinsics::throwParameterIsNullNPE@11 (line 140)
                      ; - kotlin.jvm.internal.Intrinsics::checkNotNullParameter@5 (line 131)
                      ; - kotlin.ResultKt::createFailure@3
                      ; - kotlin.coroutines.jvm.internal.BaseContinuationImpl::resumeWith@76 (line 38)
  0x0000022c804d6e68: 1482 0a07 

  0x0000022c804d6e6c: ;   {other}
  0x0000022c804d6e6c: 0f1f 8400 | 5c19 0011 | 4885 c075 

  0x0000022c804d6e78: ;   {metadata(method data for {method} {0x0000022cd5415590} 'throwParameterIsNullNPE' '(Ljava/lang/String;)V' in 'kotlin/jvm/internal/Intrinsics')}
  0x0000022c804d6e78: 1749 b838 | c55b d52c | 0200 0041 | 8088 3901 | 0000 01e9 | ce00 0000 

  0x0000022c804d6e90: ;   {metadata('java/lang/NullPointerException')}
  0x0000022c804d6e90: 48be 88cd | 0694 2c02 | 0000 448b | 4008 49ba | 0000 0094 | 2c02 0000 | 4d03 c249 | 3b70 500f 
  0x0000022c804d6eb0: 858d 0000 

  0x0000022c804d6eb4: ;   {metadata(method data for {method} {0x0000022cd5415590} 'throwParameterIsNullNPE' '(Ljava/lang/String;)V' in 'kotlin/jvm/internal/Intrinsics')}
  0x0000022c804d6eb4: 0049 b838 | c55b d52c | 0200 008b | 7008 49ba | 0000 0094 | 2c02 0000 | 4903 f249 | 3bb0 5001 
  0x0000022c804d6ed4: 0000 750d | 4983 8058 | 0100 0001 | e979 0000 | 0049 3bb0 | 6001 0000 | 750d 4983 | 8068 0100 
  0x0000022c804d6ef4: 0001 e963 | 0000 0049 | 83b8 5001 | 0000 0075 | 1749 89b0 | 5001 0000 | 49c7 8058 | 0100 0001 
  0x0000022c804d6f14: 0000 00e9 | 4200 0000 | 4983 b860 | 0100 0000 | 7517 4989 | b060 0100 | 0049 c780 | 6801 0000 
  0x0000022c804d6f34: 0100 0000 | e921 0000 | 00e9 1c00 

  0x0000022c804d6f40: ;   {metadata(method data for {method} {0x0000022cd5415590} 'throwParameterIsNullNPE' '(Ljava/lang/String;)V' in 'kotlin/jvm/internal/Intrinsics')}
  0x0000022c804d6f40: 0000 49b8 | 38c5 5bd5 | 2c02 0000 | 4983 a840 | 0100 0001 | e9d3 0500 | 00e9 0000 | 0000 483b 
  0x0000022c804d6f60: 00e9 ff05 

  0x0000022c804d6f64: ;   {metadata(method data for {method} {0x0000022cd54164f8} 'sanitizeStackTrace' '(Ljava/lang/Throwable;)Ljava/lang/Throwable;' in 'kotlin/jvm/internal/Intrinsics')}
  0x0000022c804d6f64: 0000 48ba | 18cc 5bd5 | 2c02 0000 | 4883 8248 | 0100 0001 | 488b d04c 

  0x0000022c804d6f7c: ;   {static_call}
  0x0000022c804d6f7c: 8bc6 90e8 

  0x0000022c804d6f80: ; ImmutableOopMap {[168]=Oop [176]=Oop [200]=Oop [208]=Oop }
                      ;*invokestatic sanitizeStackTrace {reexecute=0 rethrow=0 return_oop=0}
                      ; - kotlin.jvm.internal.Intrinsics::sanitizeStackTrace@6 (line 253)
                      ; - kotlin.jvm.internal.Intrinsics::throwParameterIsNullNPE@11 (line 140)
                      ; - kotlin.jvm.internal.Intrinsics::checkNotNullParameter@5 (line 131)
                      ; - kotlin.Result$Failure::<init>@3
                      ; - kotlin.ResultKt::createFailure@11 (line 122)
                      ; - kotlin.coroutines.jvm.internal.BaseContinuationImpl::resumeWith@76 (line 38)
  0x0000022c804d6f80: fc80 0a07 

  0x0000022c804d6f84: ;   {other}
  0x0000022c804d6f84: 0f1f 8400 | 741a 0012 | 488b 9c24 | c800 0000 | 488b b424 | d000 0000 | 488b bc24 | b000 0000 
  0x0000022c804d6fa4: 488b 9424 | a800 0000 | 4885 c075 

  0x0000022c804d6fb0: ;   {metadata(method data for {method} {0x0000022cd5415590} 'throwParameterIsNullNPE' '(Ljava/lang/String;)V' in 'kotlin/jvm/internal/Intrinsics')}
  0x0000022c804d6fb0: 1749 b838 | c55b d52c | 0200 0041 | 8088 3901 | 0000 01e9 | cf00 0000 

  0x0000022c804d6fc8: ;   {metadata('java/lang/NullPointerException')}
  0x0000022c804d6fc8: 49b9 88cd | 0694 2c02 | 0000 448b | 4008 49ba | 0000 0094 | 2c02 0000 | 4d03 c24d | 3b48 500f 
  0x0000022c804d6fe8: 858e 0000 

  0x0000022c804d6fec: ;   {metadata(method data for {method} {0x0000022cd5415590} 'throwParameterIsNullNPE' '(Ljava/lang/String;)V' in 'kotlin/jvm/internal/Intrinsics')}
  0x0000022c804d6fec: 0049 b838 | c55b d52c | 0200 0044 | 8b48 0849 | ba00 0000 | 942c 0200 | 004d 03ca | 4d3b 8850 
  0x0000022c804d700c: 0100 0075 | 0d49 8380 | 5801 0000 | 01e9 7900 | 0000 4d3b | 8860 0100 | 0075 0d49 | 8380 6801 
  0x0000022c804d702c: 0000 01e9 | 6300 0000 | 4983 b850 | 0100 0000 | 7517 4d89 | 8850 0100 | 0049 c780 | 5801 0000 
  0x0000022c804d704c: 0100 0000 | e942 0000 | 0049 83b8 | 6001 0000 | 0075 174d | 8988 6001 | 0000 49c7 | 8068 0100 
  0x0000022c804d706c: 0001 0000 | 00e9 2100 | 0000 e91c 

  0x0000022c804d7078: ;   {metadata(method data for {method} {0x0000022cd5415590} 'throwParameterIsNullNPE' '(Ljava/lang/String;)V' in 'kotlin/jvm/internal/Intrinsics')}
  0x0000022c804d7078: 0000 0049 | b838 c55b | d52c 0200 | 0049 83a8 | 4001 0000 | 01e9 a804 | 0000 e900 | 0000 0048 
  0x0000022c804d7098: 3b00 e9c6 

  0x0000022c804d709c: ;   {metadata({method} {0x0000022cd54d4c80} 'resumeWith' '(Ljava/lang/Object;)V' in 'kotlin/coroutines/jvm/internal/BaseContinuationImpl')}
  0x0000022c804d709c: 0400 0049 | ba78 4c4d | d52c 0200 | 004c 8954 | 2408 48c7 | 0424 ffff 

  0x0000022c804d70b4: ;   {runtime_call counter_overflow Runtime1 stub}
  0x0000022c804d70b4: ffff e845 

  0x0000022c804d70b8: ; ImmutableOopMap {rdx=Oop r8=Oop }
                      ;*synchronization entry
                      ; - kotlin.coroutines.jvm.internal.BaseContinuationImpl::resumeWith@-1 (line 24)
  0x0000022c804d70b8: a516 07e9 | e6e8 ffff | 4889 1424 

  0x0000022c804d70c4: ;   {runtime_call throw_class_cast_exception Runtime1 stub}
  0x0000022c804d70c4: e837 7416 

  0x0000022c804d70c8: ; ImmutableOopMap {r8=Oop rdx=Oop }
                      ;*checkcast {reexecute=0 rethrow=0 return_oop=0}
                      ; - kotlin.coroutines.jvm.internal.BaseContinuationImpl::resumeWith@10 (line 29)
                      ;   {metadata({method} {0x0000022cd54fcad0} 'probeCoroutineResumed' '(Lkotlin/coroutines/Continuation;)V' in 'kotlin/coroutines/jvm/internal/DebugProbesKt')}
  0x0000022c804d70c8: 0749 bac8 | ca4f d52c | 0200 004c | 8954 2408 | 48c7 0424 | ffff ffff 

  0x0000022c804d70e0: ;   {runtime_call counter_overflow Runtime1 stub}
  0x0000022c804d70e0: e81b a516 

  0x0000022c804d70e4: ; ImmutableOopMap {r8=Oop rdx=Oop rsi=Oop }
                      ;*synchronization entry
                      ; - kotlin.coroutines.jvm.internal.DebugProbesKt::probeCoroutineResumed@-1
                      ; - kotlin.coroutines.jvm.internal.BaseContinuationImpl::resumeWith@13 (line 29)
  0x0000022c804d70e4: 07e9 fce9 

  0x0000022c804d70e8: ;   {metadata({method} {0x0000022cd5415410} 'checkNotNullParameter' '(Ljava/lang/Object;Ljava/lang/String;)V' in 'kotlin/jvm/internal/Intrinsics')}
  0x0000022c804d70e8: ffff 49ba | 0854 41d5 | 2c02 0000 | 4c89 5424 | 0848 c704 | 24ff ffff 

  0x0000022c804d7100: ;   {runtime_call counter_overflow Runtime1 stub}
  0x0000022c804d7100: ffe8 faa4 

  0x0000022c804d7104: ; ImmutableOopMap {r8=Oop rdx=Oop rsi=Oop }
                      ;*synchronization entry
                      ; - kotlin.jvm.internal.Intrinsics::checkNotNullParameter@-1 (line 130)
                      ; - kotlin.coroutines.jvm.internal.DebugProbesKt::probeCoroutineResumed@3
                      ; - kotlin.coroutines.jvm.internal.BaseContinuationImpl::resumeWith@13 (line 29)
  0x0000022c804d7104: 1607 e914 | eaff ff48 

  0x0000022c804d710c: ;   {runtime_call throw_class_cast_exception Runtime1 stub}
  0x0000022c804d710c: 8914 24e8 

  0x0000022c804d7110: ; ImmutableOopMap {r8=Oop }
                      ;*checkcast {reexecute=0 rethrow=0 return_oop=0}
                      ; - kotlin.coroutines.jvm.internal.BaseContinuationImpl::resumeWith@17 (line 30)
  0x0000022c804d7110: ec73 1607 

  0x0000022c804d7114: ;   {runtime_call throw_null_pointer_exception Runtime1 stub}
  0x0000022c804d7114: e8e7 3316 

  0x0000022c804d7118: ; ImmutableOopMap {r8=Oop rsi=Oop }
                      ;*getfield completion {reexecute=1 rethrow=0 return_oop=0}
                      ; - (reexecute) kotlin.coroutines.jvm.internal.BaseContinuationImpl::resumeWith@27 (line 31)
                      ;   {metadata({method} {0x0000022cd54143c8} 'checkNotNull' '(Ljava/lang/Object;)V' in 'kotlin/jvm/internal/Intrinsics')}
  0x0000022c804d7118: 0749 bac0 | 4341 d52c | 0200 004c | 8954 2408 | 48c7 0424 | ffff ffff 

  0x0000022c804d7130: ;   {runtime_call counter_overflow Runtime1 stub}
  0x0000022c804d7130: e8cb a416 

  0x0000022c804d7134: ; ImmutableOopMap {r8=Oop rsi=Oop rdi=Oop [176]=Oop }
                      ;*synchronization entry
                      ; - kotlin.jvm.internal.Intrinsics::checkNotNull@-1 (line 24)
                      ; - kotlin.coroutines.jvm.internal.BaseContinuationImpl::resumeWith@31 (line 31)
  0x0000022c804d7134: 07e9 47eb 

  0x0000022c804d7138: ;   {metadata({method} {0x0000022cd54fab88} 'getCOROUTINE_SUSPENDED' '()Ljava/lang/Object;' in 'kotlin/coroutines/intrinsics/IntrinsicsKt__IntrinsicsKt')}
  0x0000022c804d7138: ffff 49ba | 80ab 4fd5 | 2c02 0000 | 4c89 5424 | 0848 c704 | 24ff ffff 

  0x0000022c804d7150: ;   {runtime_call counter_overflow Runtime1 stub}
  0x0000022c804d7150: ffe8 aaa4 

  0x0000022c804d7154: ; ImmutableOopMap {rax=Oop [168]=Oop [176]=Oop }
                      ;*synchronization entry
                      ; - kotlin.coroutines.intrinsics.IntrinsicsKt__IntrinsicsKt::getCOROUTINE_SUSPENDED@-1 (line 57)
                      ; - kotlin.coroutines.jvm.internal.BaseContinuationImpl::resumeWith@47 (line 35)
  0x0000022c804d7154: 1607 e94a 

  0x0000022c804d7158: ;   {metadata({method} {0x0000022cd550cf08} 'constructor-impl' '(Ljava/lang/Object;)Ljava/lang/Object;' in 'kotlin/Result')}
  0x0000022c804d7158: ecff ff49 | ba00 cf50 | d52c 0200 | 004c 8954 | 2408 48c7 | 0424 ffff 

  0x0000022c804d7170: ;   {runtime_call counter_overflow Runtime1 stub}
  0x0000022c804d7170: ffff e889 

  0x0000022c804d7174: ; ImmutableOopMap {rax=Oop [168]=Oop [176]=Oop }
                      ;*synchronization entry
                      ; - kotlin.Result::constructor-impl@-1
                      ; - kotlin.coroutines.jvm.internal.BaseContinuationImpl::resumeWith@60 (line 36)
  0x0000022c804d7174: a416 07e9 | 9bec ffff 

  0x0000022c804d717c: ;   {metadata({method} {0x0000022cd551ff70} 'createFailure' '(Ljava/lang/Throwable;)Ljava/lang/Object;' in 'kotlin/ResultKt')}
  0x0000022c804d717c: 49ba 68ff | 51d5 2c02 | 0000 4c89 | 5424 0848 | c704 24ff 

  0x0000022c804d7190: ;   {runtime_call counter_overflow Runtime1 stub}
  0x0000022c804d7190: ffff ffe8 

  0x0000022c804d7194: ; ImmutableOopMap {rax=Oop [168]=Oop [176]=Oop }
                      ;*synchronization entry
                      ; - kotlin.ResultKt::createFailure@-1
                      ; - kotlin.coroutines.jvm.internal.BaseContinuationImpl::resumeWith@76 (line 38)
  0x0000022c804d7194: 68a4 1607 | e9e3 ecff 

  0x0000022c804d719c: ;   {metadata({method} {0x0000022cd5415410} 'checkNotNullParameter' '(Ljava/lang/Object;Ljava/lang/String;)V' in 'kotlin/jvm/internal/Intrinsics')}
  0x0000022c804d719c: ff49 ba08 | 5441 d52c | 0200 004c | 8954 2408 | 48c7 0424 | ffff ffff 

  0x0000022c804d71b4: ;   {runtime_call counter_overflow Runtime1 stub}
  0x0000022c804d71b4: e847 a416 

  0x0000022c804d71b8: ; ImmutableOopMap {rax=Oop [168]=Oop [176]=Oop }
                      ;*synchronization entry
                      ; - kotlin.jvm.internal.Intrinsics::checkNotNullParameter@-1 (line 130)
                      ; - kotlin.ResultKt::createFailure@3
                      ; - kotlin.coroutines.jvm.internal.BaseContinuationImpl::resumeWith@76 (line 38)
  0x0000022c804d71b8: 07e9 fbec | ffff 488b 

  0x0000022c804d71c0: ;   {runtime_call fast_new_instance Runtime1 stub}
  0x0000022c804d71c0: d2e8 3a44 

  0x0000022c804d71c4: ; ImmutableOopMap {rbx=Oop [168]=Oop [176]=Oop }
                      ;*new {reexecute=0 rethrow=0 return_oop=0}
                      ; - kotlin.ResultKt::createFailure@6 (line 122)
                      ; - kotlin.coroutines.jvm.internal.BaseContinuationImpl::resumeWith@76 (line 38)
  0x0000022c804d71c4: 1607 e96c 

  0x0000022c804d71c8: ;   {metadata({method} {0x0000022cd550ee40} '<init>' '(Ljava/lang/Throwable;)V' in 'kotlin/Result$Failure')}
  0x0000022c804d71c8: edff ff49 | ba38 ee50 | d52c 0200 | 004c 8954 | 2408 48c7 | 0424 ffff 

  0x0000022c804d71e0: ;   {runtime_call counter_overflow Runtime1 stub}
  0x0000022c804d71e0: ffff e819 

  0x0000022c804d71e4: ; ImmutableOopMap {rbx=Oop rax=Oop [168]=Oop [176]=Oop }
                      ;*synchronization entry
                      ; - kotlin.Result$Failure::<init>@-1
                      ; - kotlin.ResultKt::createFailure@11 (line 122)
                      ; - kotlin.coroutines.jvm.internal.BaseContinuationImpl::resumeWith@76 (line 38)
  0x0000022c804d71e4: a416 07e9 | 87ed ffff 

  0x0000022c804d71ec: ;   {metadata({method} {0x0000022cd5415410} 'checkNotNullParameter' '(Ljava/lang/Object;Ljava/lang/String;)V' in 'kotlin/jvm/internal/Intrinsics')}
  0x0000022c804d71ec: 49ba 0854 | 41d5 2c02 | 0000 4c89 | 5424 0848 | c704 24ff 

  0x0000022c804d7200: ;   {runtime_call counter_overflow Runtime1 stub}
  0x0000022c804d7200: ffff ffe8 

  0x0000022c804d7204: ; ImmutableOopMap {rbx=Oop rax=Oop [168]=Oop [176]=Oop }
                      ;*synchronization entry
                      ; - kotlin.jvm.internal.Intrinsics::checkNotNullParameter@-1 (line 130)
                      ; - kotlin.Result$Failure::<init>@3
                      ; - kotlin.ResultKt::createFailure@11 (line 122)
                      ; - kotlin.coroutines.jvm.internal.BaseContinuationImpl::resumeWith@76 (line 38)
  0x0000022c804d7204: f8a3 1607 | e99f edff 

  0x0000022c804d720c: ;   {metadata({method} {0x0000022c94476650} '<init>' '()V' in 'java/lang/Object')}
  0x0000022c804d720c: ff49 ba48 | 6647 942c | 0200 004c | 8954 2408 | 48c7 0424 | ffff ffff 

  0x0000022c804d7224: ;   {runtime_call counter_overflow Runtime1 stub}
  0x0000022c804d7224: e8d7 a316 

  0x0000022c804d7228: ; ImmutableOopMap {rbx=Oop rax=Oop [168]=Oop [176]=Oop }
                      ;*synchronization entry
                      ; - java.lang.Object::<init>@-1 (line 45)
                      ; - kotlin.Result$Failure::<init>@7 (line 105)
                      ; - kotlin.ResultKt::createFailure@11 (line 122)
                      ; - kotlin.coroutines.jvm.internal.BaseContinuationImpl::resumeWith@76 (line 38)
  0x0000022c804d7228: 07e9 e9ed | ffff 8b50 | 0c48 c1e2 | 0348 83fa | 000f 84e5 | edff ff48 

  0x0000022c804d7240: ;   {runtime_call g1_pre_barrier_slow}
  0x0000022c804d7240: 8914 24e8 | 38ae 1607 | e9d7 edff | ff48 83fb | 000f 84ec | edff ff48 

  0x0000022c804d7258: ;   {runtime_call g1_post_barrier_slow}
  0x0000022c804d7258: 8904 24e8 | 20b1 1607 | e9de edff 

  0x0000022c804d7264: ;   {metadata({method} {0x0000022cd550cf08} 'constructor-impl' '(Ljava/lang/Object;)Ljava/lang/Object;' in 'kotlin/Result')}
  0x0000022c804d7264: ff49 ba00 | cf50 d52c | 0200 004c | 8954 2408 | 48c7 0424 | ffff ffff 

  0x0000022c804d727c: ;   {runtime_call counter_overflow Runtime1 stub}
  0x0000022c804d727c: e87f a316 

  0x0000022c804d7280: ; ImmutableOopMap {rax=Oop [168]=Oop [176]=Oop }
                      ;*synchronization entry
                      ; - kotlin.Result::constructor-impl@-1
                      ; - kotlin.coroutines.jvm.internal.BaseContinuationImpl::resumeWith@79 (line 38)
  0x0000022c804d7280: 07e9 f6ed 

  0x0000022c804d7284: ;   {metadata({method} {0x0000022cd54d4c80} 'resumeWith' '(Ljava/lang/Object;)V' in 'kotlin/coroutines/jvm/internal/BaseContinuationImpl')}
  0x0000022c804d7284: ffff 49ba | 784c 4dd5 | 2c02 0000 | 4c89 5424 | 0848 c704 | 2479 0000 

  0x0000022c804d729c: ;   {runtime_call counter_overflow Runtime1 stub}
  0x0000022c804d729c: 00e8 5ea3 

  0x0000022c804d72a0: ; ImmutableOopMap {rdi=Oop [176]=Oop [184]=Oop }
                      ;*goto {reexecute=1 rethrow=0 return_oop=0}
                      ; - (reexecute) kotlin.coroutines.jvm.internal.BaseContinuationImpl::resumeWith@121 (line 30)
  0x0000022c804d72a0: 1607 e9f6 

  0x0000022c804d72a4: ;   {metadata({method} {0x0000022cd5415590} 'throwParameterIsNullNPE' '(Ljava/lang/String;)V' in 'kotlin/jvm/internal/Intrinsics')}
  0x0000022c804d72a4: efff ff49 | ba88 5541 | d52c 0200 | 004c 8954 | 2408 48c7 | 0424 ffff 

  0x0000022c804d72bc: ;   {runtime_call counter_overflow Runtime1 stub}
  0x0000022c804d72bc: ffff e83d 

  0x0000022c804d72c0: ; ImmutableOopMap {[168]=Oop [176]=Oop [200]=Oop [208]=Oop }
                      ;*synchronization entry
                      ; - kotlin.jvm.internal.Intrinsics::throwParameterIsNullNPE@-1 (line 140)
                      ; - kotlin.jvm.internal.Intrinsics::checkNotNullParameter@5 (line 131)
                      ; - kotlin.Result$Failure::<init>@3
                      ; - kotlin.ResultKt::createFailure@11 (line 122)
                      ; - kotlin.coroutines.jvm.internal.BaseContinuationImpl::resumeWith@76 (line 38)
  0x0000022c804d72c0: a316 07e9 | 48f0 ffff 

  0x0000022c804d72c8: ;   {metadata(nullptr)}
  0x0000022c804d72c8: 48ba 0000 | 0000 0000 | 0000 b800 

  0x0000022c804d72d4: ;   {runtime_call load_klass_patching Runtime1 stub}
  0x0000022c804d72d4: 0f05 0ae8 

  0x0000022c804d72d8: ; ImmutableOopMap {[168]=Oop [176]=Oop [200]=Oop [208]=Oop }
                      ;*new {reexecute=1 rethrow=0 return_oop=0}
                      ; - (reexecute) kotlin.jvm.internal.Intrinsics::throwParameterIsNullNPE@0 (line 140)
                      ; - kotlin.jvm.internal.Intrinsics::checkNotNullParameter@5 (line 131)
                      ; - kotlin.Result$Failure::<init>@3
                      ; - kotlin.ResultKt::createFailure@11 (line 122)
                      ; - kotlin.coroutines.jvm.internal.BaseContinuationImpl::resumeWith@76 (line 38)
  0x0000022c804d72d8: a48e 1607 | e92f f0ff | ff48 8bd2 

  0x0000022c804d72e4: ;   {runtime_call fast_new_instance Runtime1 stub}
  0x0000022c804d72e4: e817 4316 

  0x0000022c804d72e8: ; ImmutableOopMap {[168]=Oop [176]=Oop [200]=Oop [208]=Oop }
                      ;*new {reexecute=0 rethrow=0 return_oop=0}
                      ; - kotlin.jvm.internal.Intrinsics::throwParameterIsNullNPE@0 (line 140)
                      ; - kotlin.jvm.internal.Intrinsics::checkNotNullParameter@5 (line 131)
                      ; - kotlin.Result$Failure::<init>@3
                      ; - kotlin.ResultKt::createFailure@11 (line 122)
                      ; - kotlin.coroutines.jvm.internal.BaseContinuationImpl::resumeWith@76 (line 38)
  0x0000022c804d72e8: 07e9 7ef0 

  0x0000022c804d72ec: ;   {metadata({method} {0x0000022cd54164f8} 'sanitizeStackTrace' '(Ljava/lang/Throwable;)Ljava/lang/Throwable;' in 'kotlin/jvm/internal/Intrinsics')}
  0x0000022c804d72ec: ffff 49ba | f064 41d5 | 2c02 0000 | 4c89 5424 | 0848 c704 | 24ff ffff 

  0x0000022c804d7304: ;   {runtime_call counter_overflow Runtime1 stub}
  0x0000022c804d7304: ffe8 f6a2 

  0x0000022c804d7308: ; ImmutableOopMap {[168]=Oop [176]=Oop [192]=Oop [200]=Oop [208]=Oop }
                      ;*synchronization entry
                      ; - kotlin.jvm.internal.Intrinsics::sanitizeStackTrace@-1 (line 253)
                      ; - kotlin.jvm.internal.Intrinsics::throwParameterIsNullNPE@11 (line 140)
                      ; - kotlin.jvm.internal.Intrinsics::checkNotNullParameter@5 (line 131)
                      ; - kotlin.Result$Failure::<init>@3
                      ; - kotlin.ResultKt::createFailure@11 (line 122)
                      ; - kotlin.coroutines.jvm.internal.BaseContinuationImpl::resumeWith@76 (line 38)
  0x0000022c804d7308: 1607 e906 

  0x0000022c804d730c: ;   {metadata({method} {0x0000022c9446b368} 'getName' '()Ljava/lang/String;' in 'java/lang/Class')}
  0x0000022c804d730c: f1ff ff49 | ba60 b346 | 942c 0200 | 004c 8954 | 2408 48c7 | 0424 ffff 

  0x0000022c804d7324: ;   {runtime_call counter_overflow Runtime1 stub}
  0x0000022c804d7324: ffff e8d5 

  0x0000022c804d7328: ; ImmutableOopMap {rdx=Oop [168]=Oop [176]=Oop [192]=Oop [200]=Oop [208]=Oop }
                      ;*synchronization entry
                      ; - java.lang.Class::getName@-1 (line 949)
                      ; - kotlin.jvm.internal.Intrinsics::sanitizeStackTrace@3 (line 253)
                      ; - kotlin.jvm.internal.Intrinsics::throwParameterIsNullNPE@11 (line 140)
                      ; - kotlin.jvm.internal.Intrinsics::checkNotNullParameter@5 (line 131)
                      ; - kotlin.Result$Failure::<init>@3
                      ; - kotlin.ResultKt::createFailure@11 (line 122)
                      ; - kotlin.coroutines.jvm.internal.BaseContinuationImpl::resumeWith@76 (line 38)
  0x0000022c804d7328: a216 07e9 | 2bf1 ffff 

  0x0000022c804d7330: ;   {runtime_call throw_null_pointer_exception Runtime1 stub}
  0x0000022c804d7330: e8cb 3116 

  0x0000022c804d7334: ; ImmutableOopMap {[168]=Oop [176]=Oop [192]=Oop [200]=Oop [208]=Oop }
                      ;*getfield name {reexecute=1 rethrow=0 return_oop=0}
                      ; - (reexecute) java.lang.Class::getName@1 (line 949)
                      ; - kotlin.jvm.internal.Intrinsics::sanitizeStackTrace@3 (line 253)
                      ; - kotlin.jvm.internal.Intrinsics::throwParameterIsNullNPE@11 (line 140)
                      ; - kotlin.jvm.internal.Intrinsics::checkNotNullParameter@5 (line 131)
                      ; - kotlin.Result$Failure::<init>@3
                      ; - kotlin.ResultKt::createFailure@11 (line 122)
                      ; - kotlin.coroutines.jvm.internal.BaseContinuationImpl::resumeWith@76 (line 38)
                      ;   {metadata({method} {0x0000022cd5415590} 'throwParameterIsNullNPE' '(Ljava/lang/String;)V' in 'kotlin/jvm/internal/Intrinsics')}
  0x0000022c804d7334: 0749 ba88 | 5541 d52c | 0200 004c | 8954 2408 | 48c7 0424 | ffff ffff 

  0x0000022c804d734c: ;   {runtime_call counter_overflow Runtime1 stub}
  0x0000022c804d734c: e8af a216 

  0x0000022c804d7350: ; ImmutableOopMap {[168]=Oop [176]=Oop [208]=Oop }
                      ;*synchronization entry
                      ; - kotlin.jvm.internal.Intrinsics::throwParameterIsNullNPE@-1 (line 140)
                      ; - kotlin.jvm.internal.Intrinsics::checkNotNullParameter@5 (line 131)
                      ; - kotlin.ResultKt::createFailure@3
                      ; - kotlin.coroutines.jvm.internal.BaseContinuationImpl::resumeWith@76 (line 38)
  0x0000022c804d7350: 07e9 d7f1 

  0x0000022c804d7354: ;   {metadata(nullptr)}
  0x0000022c804d7354: ffff 48ba | 0000 0000 | 0000 0000 | b800 0f05 

  0x0000022c804d7364: ;   {runtime_call load_klass_patching Runtime1 stub}
  0x0000022c804d7364: 0ae8 168e 

  0x0000022c804d7368: ; ImmutableOopMap {[168]=Oop [176]=Oop [208]=Oop }
                      ;*new {reexecute=1 rethrow=0 return_oop=0}
                      ; - (reexecute) kotlin.jvm.internal.Intrinsics::throwParameterIsNullNPE@0 (line 140)
                      ; - kotlin.jvm.internal.Intrinsics::checkNotNullParameter@5 (line 131)
                      ; - kotlin.ResultKt::createFailure@3
                      ; - kotlin.coroutines.jvm.internal.BaseContinuationImpl::resumeWith@76 (line 38)
  0x0000022c804d7368: 1607 e9c1 | f1ff ff48 

  0x0000022c804d7370: ;   {runtime_call fast_new_instance Runtime1 stub}
  0x0000022c804d7370: 8bd2 e889 

  0x0000022c804d7374: ; ImmutableOopMap {[168]=Oop [176]=Oop [208]=Oop }
                      ;*new {reexecute=0 rethrow=0 return_oop=0}
                      ; - kotlin.jvm.internal.Intrinsics::throwParameterIsNullNPE@0 (line 140)
                      ; - kotlin.jvm.internal.Intrinsics::checkNotNullParameter@5 (line 131)
                      ; - kotlin.ResultKt::createFailure@3
                      ; - kotlin.coroutines.jvm.internal.BaseContinuationImpl::resumeWith@76 (line 38)
  0x0000022c804d7374: 4216 07e9 | 10f2 ffff 

  0x0000022c804d737c: ;   {metadata({method} {0x0000022cd54164f8} 'sanitizeStackTrace' '(Ljava/lang/Throwable;)Ljava/lang/Throwable;' in 'kotlin/jvm/internal/Intrinsics')}
  0x0000022c804d737c: 49ba f064 | 41d5 2c02 | 0000 4c89 | 5424 0848 | c704 24ff 

  0x0000022c804d7390: ;   {runtime_call counter_overflow Runtime1 stub}
  0x0000022c804d7390: ffff ffe8 

  0x0000022c804d7394: ; ImmutableOopMap {[168]=Oop [176]=Oop [208]=Oop [216]=Oop }
                      ;*synchronization entry
                      ; - kotlin.jvm.internal.Intrinsics::sanitizeStackTrace@-1 (line 253)
                      ; - kotlin.jvm.internal.Intrinsics::throwParameterIsNullNPE@11 (line 140)
                      ; - kotlin.jvm.internal.Intrinsics::checkNotNullParameter@5 (line 131)
                      ; - kotlin.ResultKt::createFailure@3
                      ; - kotlin.coroutines.jvm.internal.BaseContinuationImpl::resumeWith@76 (line 38)
  0x0000022c804d7394: 68a2 1607 | e998 f2ff 

  0x0000022c804d739c: ;   {metadata({method} {0x0000022c9446b368} 'getName' '()Ljava/lang/String;' in 'java/lang/Class')}
  0x0000022c804d739c: ff49 ba60 | b346 942c | 0200 004c | 8954 2408 | 48c7 0424 | ffff ffff 

  0x0000022c804d73b4: ;   {runtime_call counter_overflow Runtime1 stub}
  0x0000022c804d73b4: e847 a216 

  0x0000022c804d73b8: ; ImmutableOopMap {rdx=Oop [168]=Oop [176]=Oop [208]=Oop [216]=Oop }
                      ;*synchronization entry
                      ; - java.lang.Class::getName@-1 (line 949)
                      ; - kotlin.jvm.internal.Intrinsics::sanitizeStackTrace@3 (line 253)
                      ; - kotlin.jvm.internal.Intrinsics::throwParameterIsNullNPE@11 (line 140)
                      ; - kotlin.jvm.internal.Intrinsics::checkNotNullParameter@5 (line 131)
                      ; - kotlin.ResultKt::createFailure@3
                      ; - kotlin.coroutines.jvm.internal.BaseContinuationImpl::resumeWith@76 (line 38)
  0x0000022c804d73b8: 07e9 bdf2 

  0x0000022c804d73bc: ;   {runtime_call throw_null_pointer_exception Runtime1 stub}
  0x0000022c804d73bc: ffff e83d 

  0x0000022c804d73c0: ; ImmutableOopMap {[168]=Oop [176]=Oop [208]=Oop [216]=Oop }
                      ;*getfield name {reexecute=1 rethrow=0 return_oop=0}
                      ; - (reexecute) java.lang.Class::getName@1 (line 949)
                      ; - kotlin.jvm.internal.Intrinsics::sanitizeStackTrace@3 (line 253)
                      ; - kotlin.jvm.internal.Intrinsics::throwParameterIsNullNPE@11 (line 140)
                      ; - kotlin.jvm.internal.Intrinsics::checkNotNullParameter@5 (line 131)
                      ; - kotlin.ResultKt::createFailure@3
                      ; - kotlin.coroutines.jvm.internal.BaseContinuationImpl::resumeWith@76 (line 38)
                      ;   {metadata({method} {0x0000022cd54146b0} 'throwJavaNpe' '()V' in 'kotlin/jvm/internal/Intrinsics')}
  0x0000022c804d73c0: 3116 0749 | baa8 4641 | d52c 0200 | 004c 8954 | 2408 48c7 | 0424 ffff 

  0x0000022c804d73d8: ;   {runtime_call counter_overflow Runtime1 stub}
  0x0000022c804d73d8: ffff e821 

  0x0000022c804d73dc: ; ImmutableOopMap {[168]=Oop [176]=Oop [232]=Oop }
                      ;*synchronization entry
                      ; - kotlin.jvm.internal.Intrinsics::throwJavaNpe@-1 (line 45)
                      ; - kotlin.jvm.internal.Intrinsics::checkNotNull@4 (line 25)
                      ; - kotlin.coroutines.jvm.internal.BaseContinuationImpl::resumeWith@31 (line 31)
  0x0000022c804d73dc: a216 07e9 | 71f3 ffff 

  0x0000022c804d73e4: ;   {metadata(nullptr)}
  0x0000022c804d73e4: 48ba 0000 | 0000 0000 | 0000 b800 

  0x0000022c804d73f0: ;   {runtime_call load_klass_patching Runtime1 stub}
  0x0000022c804d73f0: 0f05 0ae8 

  0x0000022c804d73f4: ; ImmutableOopMap {[168]=Oop [176]=Oop [232]=Oop }
                      ;*new {reexecute=1 rethrow=0 return_oop=0}
                      ; - (reexecute) kotlin.jvm.internal.Intrinsics::throwJavaNpe@0 (line 45)
                      ; - kotlin.jvm.internal.Intrinsics::checkNotNull@4 (line 25)
                      ; - kotlin.coroutines.jvm.internal.BaseContinuationImpl::resumeWith@31 (line 31)
  0x0000022c804d73f4: 888d 1607 | e95b f3ff | ff48 8bd2 

  0x0000022c804d7400: ;   {runtime_call fast_new_instance Runtime1 stub}
  0x0000022c804d7400: e8fb 4116 

  0x0000022c804d7404: ; ImmutableOopMap {[168]=Oop [176]=Oop [232]=Oop }
                      ;*new {reexecute=0 rethrow=0 return_oop=0}
                      ; - kotlin.jvm.internal.Intrinsics::throwJavaNpe@0 (line 45)
                      ; - kotlin.jvm.internal.Intrinsics::checkNotNull@4 (line 25)
                      ; - kotlin.coroutines.jvm.internal.BaseContinuationImpl::resumeWith@31 (line 31)
  0x0000022c804d7404: 07e9 aaf3 

  0x0000022c804d7408: ;   {metadata({method} {0x0000022cd54164f8} 'sanitizeStackTrace' '(Ljava/lang/Throwable;)Ljava/lang/Throwable;' in 'kotlin/jvm/internal/Intrinsics')}
  0x0000022c804d7408: ffff 49ba | f064 41d5 | 2c02 0000 | 4c89 5424 | 0848 c704 | 24ff ffff 

  0x0000022c804d7420: ;   {runtime_call counter_overflow Runtime1 stub}
  0x0000022c804d7420: ffe8 daa1 

  0x0000022c804d7424: ; ImmutableOopMap {[168]=Oop [176]=Oop [224]=Oop [232]=Oop }
                      ;*synchronization entry
                      ; - kotlin.jvm.internal.Intrinsics::sanitizeStackTrace@-1 (line 253)
                      ; - kotlin.jvm.internal.Intrinsics::throwJavaNpe@7 (line 45)
                      ; - kotlin.jvm.internal.Intrinsics::checkNotNull@4 (line 25)
                      ; - kotlin.coroutines.jvm.internal.BaseContinuationImpl::resumeWith@31 (line 31)
  0x0000022c804d7424: 1607 e9f2 

  0x0000022c804d7428: ;   {metadata({method} {0x0000022c9446b368} 'getName' '()Ljava/lang/String;' in 'java/lang/Class')}
  0x0000022c804d7428: f3ff ff49 | ba60 b346 | 942c 0200 | 004c 8954 | 2408 48c7 | 0424 ffff 

  0x0000022c804d7440: ;   {runtime_call counter_overflow Runtime1 stub}
  0x0000022c804d7440: ffff e8b9 

  0x0000022c804d7444: ; ImmutableOopMap {rdx=Oop [168]=Oop [176]=Oop [224]=Oop [232]=Oop }
                      ;*synchronization entry
                      ; - java.lang.Class::getName@-1 (line 949)
                      ; - kotlin.jvm.internal.Intrinsics::sanitizeStackTrace@3 (line 253)
                      ; - kotlin.jvm.internal.Intrinsics::throwJavaNpe@7 (line 45)
                      ; - kotlin.jvm.internal.Intrinsics::checkNotNull@4 (line 25)
                      ; - kotlin.coroutines.jvm.internal.BaseContinuationImpl::resumeWith@31 (line 31)
  0x0000022c804d7444: a116 07e9 | 17f4 ffff 

  0x0000022c804d744c: ;   {runtime_call throw_null_pointer_exception Runtime1 stub}
  0x0000022c804d744c: e8af 3016 

  0x0000022c804d7450: ; ImmutableOopMap {[168]=Oop [176]=Oop [224]=Oop [232]=Oop }
                      ;*getfield name {reexecute=1 rethrow=0 return_oop=0}
                      ; - (reexecute) java.lang.Class::getName@1 (line 949)
                      ; - kotlin.jvm.internal.Intrinsics::sanitizeStackTrace@3 (line 253)
                      ; - kotlin.jvm.internal.Intrinsics::throwJavaNpe@7 (line 45)
                      ; - kotlin.jvm.internal.Intrinsics::checkNotNull@4 (line 25)
                      ; - kotlin.coroutines.jvm.internal.BaseContinuationImpl::resumeWith@31 (line 31)
                      ;   {metadata({method} {0x0000022cd5415590} 'throwParameterIsNullNPE' '(Ljava/lang/String;)V' in 'kotlin/jvm/internal/Intrinsics')}
  0x0000022c804d7450: 0749 ba88 | 5541 d52c | 0200 004c | 8954 2408 | 48c7 0424 | ffff ffff 

  0x0000022c804d7468: ;   {runtime_call counter_overflow Runtime1 stub}
  0x0000022c804d7468: e893 a116 

  0x0000022c804d746c: ; ImmutableOopMap {[232]=Oop [248]=Oop }
                      ;*synchronization entry
                      ; - kotlin.jvm.internal.Intrinsics::throwParameterIsNullNPE@-1 (line 140)
                      ; - kotlin.jvm.internal.Intrinsics::checkNotNullParameter@5 (line 131)
                      ; - kotlin.coroutines.jvm.internal.DebugProbesKt::probeCoroutineResumed@3
                      ; - kotlin.coroutines.jvm.internal.BaseContinuationImpl::resumeWith@13 (line 29)
  0x0000022c804d746c: 07e9 cbf4 

  0x0000022c804d7470: ;   {metadata(nullptr)}
  0x0000022c804d7470: ffff 48ba | 0000 0000 | 0000 0000 | b800 0f05 

  0x0000022c804d7480: ;   {runtime_call load_klass_patching Runtime1 stub}
  0x0000022c804d7480: 0ae8 fa8c 

  0x0000022c804d7484: ; ImmutableOopMap {[232]=Oop [248]=Oop }
                      ;*new {reexecute=1 rethrow=0 return_oop=0}
                      ; - (reexecute) kotlin.jvm.internal.Intrinsics::throwParameterIsNullNPE@0 (line 140)
                      ; - kotlin.jvm.internal.Intrinsics::checkNotNullParameter@5 (line 131)
                      ; - kotlin.coroutines.jvm.internal.DebugProbesKt::probeCoroutineResumed@3
                      ; - kotlin.coroutines.jvm.internal.BaseContinuationImpl::resumeWith@13 (line 29)
  0x0000022c804d7484: 1607 e9b5 | f4ff ff48 

  0x0000022c804d748c: ;   {runtime_call fast_new_instance Runtime1 stub}
  0x0000022c804d748c: 8bd2 e86d 

  0x0000022c804d7490: ; ImmutableOopMap {[232]=Oop [248]=Oop }
                      ;*new {reexecute=0 rethrow=0 return_oop=0}
                      ; - kotlin.jvm.internal.Intrinsics::throwParameterIsNullNPE@0 (line 140)
                      ; - kotlin.jvm.internal.Intrinsics::checkNotNullParameter@5 (line 131)
                      ; - kotlin.coroutines.jvm.internal.DebugProbesKt::probeCoroutineResumed@3
                      ; - kotlin.coroutines.jvm.internal.BaseContinuationImpl::resumeWith@13 (line 29)
  0x0000022c804d7490: 4116 07e9 | 04f5 ffff 

  0x0000022c804d7498: ;   {metadata({method} {0x0000022cd54164f8} 'sanitizeStackTrace' '(Ljava/lang/Throwable;)Ljava/lang/Throwable;' in 'kotlin/jvm/internal/Intrinsics')}
  0x0000022c804d7498: 49ba f064 | 41d5 2c02 | 0000 4c89 | 5424 0848 | c704 24ff 

  0x0000022c804d74ac: ;   {runtime_call counter_overflow Runtime1 stub}
  0x0000022c804d74ac: ffff ffe8 

  0x0000022c804d74b0: ; ImmutableOopMap {[232]=Oop [240]=Oop [248]=Oop }
                      ;*synchronization entry
                      ; - kotlin.jvm.internal.Intrinsics::sanitizeStackTrace@-1 (line 253)
                      ; - kotlin.jvm.internal.Intrinsics::throwParameterIsNullNPE@11 (line 140)
                      ; - kotlin.jvm.internal.Intrinsics::checkNotNullParameter@5 (line 131)
                      ; - kotlin.coroutines.jvm.internal.DebugProbesKt::probeCoroutineResumed@3
                      ; - kotlin.coroutines.jvm.internal.BaseContinuationImpl::resumeWith@13 (line 29)
  0x0000022c804d74b0: 4ca1 1607 | e98c f5ff 

  0x0000022c804d74b8: ;   {metadata({method} {0x0000022c9446b368} 'getName' '()Ljava/lang/String;' in 'java/lang/Class')}
  0x0000022c804d74b8: ff49 ba60 | b346 942c | 0200 004c | 8954 2408 | 48c7 0424 | ffff ffff 

  0x0000022c804d74d0: ;   {runtime_call counter_overflow Runtime1 stub}
  0x0000022c804d74d0: e82b a116 

  0x0000022c804d74d4: ; ImmutableOopMap {rdx=Oop [232]=Oop [240]=Oop [248]=Oop }
                      ;*synchronization entry
                      ; - java.lang.Class::getName@-1 (line 949)
                      ; - kotlin.jvm.internal.Intrinsics::sanitizeStackTrace@3 (line 253)
                      ; - kotlin.jvm.internal.Intrinsics::throwParameterIsNullNPE@11 (line 140)
                      ; - kotlin.jvm.internal.Intrinsics::checkNotNullParameter@5 (line 131)
                      ; - kotlin.coroutines.jvm.internal.DebugProbesKt::probeCoroutineResumed@3
                      ; - kotlin.coroutines.jvm.internal.BaseContinuationImpl::resumeWith@13 (line 29)
  0x0000022c804d74d4: 07e9 b1f5 

  0x0000022c804d74d8: ;   {runtime_call throw_null_pointer_exception Runtime1 stub}
  0x0000022c804d74d8: ffff e821 

  0x0000022c804d74dc: ; ImmutableOopMap {[232]=Oop [240]=Oop [248]=Oop }
                      ;*getfield name {reexecute=1 rethrow=0 return_oop=0}
                      ; - (reexecute) java.lang.Class::getName@1 (line 949)
                      ; - kotlin.jvm.internal.Intrinsics::sanitizeStackTrace@3 (line 253)
                      ; - kotlin.jvm.internal.Intrinsics::throwParameterIsNullNPE@11 (line 140)
                      ; - kotlin.jvm.internal.Intrinsics::checkNotNullParameter@5 (line 131)
                      ; - kotlin.coroutines.jvm.internal.DebugProbesKt::probeCoroutineResumed@3
                      ; - kotlin.coroutines.jvm.internal.BaseContinuationImpl::resumeWith@13 (line 29)
                      ;   {runtime_call throw_null_pointer_exception Runtime1 stub}
  0x0000022c804d74dc: 3016 07e8 

  0x0000022c804d74e0: ; ImmutableOopMap {rax=Oop rdi=Oop [176]=Oop }
                      ;*invokeinterface resumeWith {reexecute=0 rethrow=0 return_oop=0}
                      ; - kotlin.coroutines.jvm.internal.BaseContinuationImpl::resumeWith@114 (line 47)
  0x0000022c804d74e0: 1c30 1607 

  0x0000022c804d74e4: ;   {internal_word}
  0x0000022c804d74e4: 49ba e46b | 4d80 2c02 | 0000 4d89 | 9760 0400 

  0x0000022c804d74f4: ;   {runtime_call SafepointBlob}
  0x0000022c804d74f4: 00e9 86df 

  0x0000022c804d74f8: ;   {internal_word}
  0x0000022c804d74f8: 0a07 49ba | fa6b 4d80 | 2c02 0000 | 4d89 9760 

  0x0000022c804d7508: ;   {runtime_call SafepointBlob}
  0x0000022c804d7508: 0400 00e9 | 70df 0a07 | 4889 0424 

  0x0000022c804d7514: ;   {runtime_call throw_class_cast_exception Runtime1 stub}
  0x0000022c804d7514: e8e7 6f16 

  0x0000022c804d7518: ; ImmutableOopMap {rdx=Oop [232]=Oop }
                      ;*checkcast {reexecute=0 rethrow=0 return_oop=0}
                      ; - kotlin.jvm.internal.Intrinsics::throwParameterIsNullNPE@14 (line 140)
                      ; - kotlin.jvm.internal.Intrinsics::checkNotNullParameter@5 (line 131)
                      ; - kotlin.coroutines.jvm.internal.DebugProbesKt::probeCoroutineResumed@3
                      ; - kotlin.coroutines.jvm.internal.BaseContinuationImpl::resumeWith@13 (line 29)
                      ;   {runtime_call throw_null_pointer_exception Runtime1 stub}
  0x0000022c804d7518: 07e8 e22f 

  0x0000022c804d751c: ; ImmutableOopMap {rdx=Oop rax=Oop [232]=Oop }
                      ;*athrow {reexecute=1 rethrow=0 return_oop=0}
                      ; - (reexecute) kotlin.jvm.internal.Intrinsics::throwParameterIsNullNPE@17 (line 140)
                      ; - kotlin.jvm.internal.Intrinsics::checkNotNullParameter@5 (line 131)
                      ; - kotlin.coroutines.jvm.internal.DebugProbesKt::probeCoroutineResumed@3
                      ; - kotlin.coroutines.jvm.internal.BaseContinuationImpl::resumeWith@13 (line 29)
  0x0000022c804d751c: 1607 4889 

  0x0000022c804d7520: ;   {runtime_call throw_class_cast_exception Runtime1 stub}
  0x0000022c804d7520: 0424 e8d9 

  0x0000022c804d7524: ; ImmutableOopMap {r8=Oop [168]=Oop [176]=Oop }
                      ;*checkcast {reexecute=0 rethrow=0 return_oop=0}
                      ; - kotlin.jvm.internal.Intrinsics::throwJavaNpe@10 (line 45)
                      ; - kotlin.jvm.internal.Intrinsics::checkNotNull@4 (line 25)
                      ; - kotlin.coroutines.jvm.internal.BaseContinuationImpl::resumeWith@31 (line 31)
                      ;   {runtime_call throw_null_pointer_exception Runtime1 stub}
  0x0000022c804d7524: 6f16 07e8 

  0x0000022c804d7528: ; ImmutableOopMap {r8=Oop rax=Oop [168]=Oop [176]=Oop }
                      ;*athrow {reexecute=1 rethrow=0 return_oop=0}
                      ; - (reexecute) kotlin.jvm.internal.Intrinsics::throwJavaNpe@13 (line 45)
                      ; - kotlin.jvm.internal.Intrinsics::checkNotNull@4 (line 25)
                      ; - kotlin.coroutines.jvm.internal.BaseContinuationImpl::resumeWith@31 (line 31)
  0x0000022c804d7528: d42f 1607 | 4889 0424 

  0x0000022c804d7530: ;   {runtime_call throw_class_cast_exception Runtime1 stub}
  0x0000022c804d7530: e8cb 6f16 

  0x0000022c804d7534: ; ImmutableOopMap {[168]=Oop [176]=Oop [208]=Oop }
                      ;*checkcast {reexecute=0 rethrow=0 return_oop=0}
                      ; - kotlin.jvm.internal.Intrinsics::throwParameterIsNullNPE@14 (line 140)
                      ; - kotlin.jvm.internal.Intrinsics::checkNotNullParameter@5 (line 131)
                      ; - kotlin.ResultKt::createFailure@3
                      ; - kotlin.coroutines.jvm.internal.BaseContinuationImpl::resumeWith@76 (line 38)
                      ;   {runtime_call throw_null_pointer_exception Runtime1 stub}
  0x0000022c804d7534: 07e8 c62f 

  0x0000022c804d7538: ; ImmutableOopMap {rax=Oop [168]=Oop [176]=Oop [208]=Oop }
                      ;*athrow {reexecute=1 rethrow=0 return_oop=0}
                      ; - (reexecute) kotlin.jvm.internal.Intrinsics::throwParameterIsNullNPE@17 (line 140)
                      ; - kotlin.jvm.internal.Intrinsics::checkNotNullParameter@5 (line 131)
                      ; - kotlin.ResultKt::createFailure@3
                      ; - kotlin.coroutines.jvm.internal.BaseContinuationImpl::resumeWith@76 (line 38)
  0x0000022c804d7538: 1607 4889 

  0x0000022c804d753c: ;   {runtime_call throw_class_cast_exception Runtime1 stub}
  0x0000022c804d753c: 0424 e8bd 

  0x0000022c804d7540: ; ImmutableOopMap {rsi=Oop rdi=Oop rbx=Oop rdx=Oop [176]=Oop }
                      ;*checkcast {reexecute=0 rethrow=0 return_oop=0}
                      ; - kotlin.jvm.internal.Intrinsics::throwParameterIsNullNPE@14 (line 140)
                      ; - kotlin.jvm.internal.Intrinsics::checkNotNullParameter@5 (line 131)
                      ; - kotlin.Result$Failure::<init>@3
                      ; - kotlin.ResultKt::createFailure@11 (line 122)
                      ; - kotlin.coroutines.jvm.internal.BaseContinuationImpl::resumeWith@76 (line 38)
                      ;   {runtime_call throw_null_pointer_exception Runtime1 stub}
  0x0000022c804d7540: 6f16 07e8 

  0x0000022c804d7544: ; ImmutableOopMap {rsi=Oop rdi=Oop rbx=Oop rdx=Oop rax=Oop [176]=Oop }
                      ;*athrow {reexecute=1 rethrow=0 return_oop=0}
                      ; - (reexecute) kotlin.jvm.internal.Intrinsics::throwParameterIsNullNPE@17 (line 140)
                      ; - kotlin.jvm.internal.Intrinsics::checkNotNullParameter@5 (line 131)
                      ; - kotlin.Result$Failure::<init>@3
                      ; - kotlin.ResultKt::createFailure@11 (line 122)
                      ; - kotlin.coroutines.jvm.internal.BaseContinuationImpl::resumeWith@76 (line 38)
  0x0000022c804d7544: b82f 1607 | 498b 87f8 | 0400 0049 | c787 f804 | 0000 0000 | 0000 49c7 | 8700 0500 | 0000 0000 
  0x0000022c804d7564: 0048 81c4 | 1001 0000 

  0x0000022c804d756c: ;   {runtime_call unwind_exception Runtime1 stub}
  0x0000022c804d756c: 5de9 8e18 | 1607 f4f4 | f4f4 f4f4 
[Stub Code]
  0x0000022c804d7578: ;   {no_reloc}
  0x0000022c804d7578: 0f1f 4400 

  0x0000022c804d757c: ;   {static_stub}
  0x0000022c804d757c: 0048 bb00 | 0000 0000 

  0x0000022c804d7584: ;   {runtime_call nmethod}
  0x0000022c804d7584: 0000 00e9 | fbff ffff 

  0x0000022c804d758c: ;   {static_stub}
  0x0000022c804d758c: 9048 bb00 | 0000 0000 

  0x0000022c804d7594: ;   {runtime_call nmethod}
  0x0000022c804d7594: 0000 00e9 | fbff ffff 

  0x0000022c804d759c: ;   {static_stub}
  0x0000022c804d759c: 9048 bb00 | 0000 0000 

  0x0000022c804d75a4: ;   {runtime_call nmethod}
  0x0000022c804d75a4: 0000 00e9 | fbff ffff 

  0x0000022c804d75ac: ;   {static_stub}
  0x0000022c804d75ac: 48bb 0000 | 0000 0000 

  0x0000022c804d75b4: ;   {runtime_call nmethod}
  0x0000022c804d75b4: 0000 e9fb 

  0x0000022c804d75b8: ;   {static_stub}
  0x0000022c804d75b8: ffff ff48 | bb00 0000 | 0000 0000 

  0x0000022c804d75c4: ;   {runtime_call nmethod}
  0x0000022c804d75c4: 00e9 fbff 

  0x0000022c804d75c8: ;   {static_stub}
  0x0000022c804d75c8: ffff 48bb | 0000 0000 | 0000 0000 

  0x0000022c804d75d4: ;   {runtime_call nmethod}
  0x0000022c804d75d4: e9fb ffff 

  0x0000022c804d75d8: ;   {static_stub}
  0x0000022c804d75d8: ff48 bb00 | 0000 0000 

  0x0000022c804d75e0: ;   {runtime_call nmethod}
  0x0000022c804d75e0: 0000 00e9 | fbff ffff 

  0x0000022c804d75e8: ;   {static_stub}
  0x0000022c804d75e8: 48bb 0000 | 0000 0000 

  0x0000022c804d75f0: ;   {runtime_call nmethod}
  0x0000022c804d75f0: 0000 e9fb 

  0x0000022c804d75f4: ;   {runtime_call handle_exception_from_callee Runtime1 stub}
  0x0000022c804d75f4: ffff ffe8 | 0465 1607 

  0x0000022c804d75fc: ;   {external_word}
  0x0000022c804d75fc: 48b9 789b | ffd5 f87f | 0000 4883 

  0x0000022c804d7608: ;   {runtime_call}
  0x0000022c804d7608: e4f0 48b8 | d0e6 c1d5 | f87f 0000 

  0x0000022c804d7614: ;   {section_word}
  0x0000022c804d7614: ffd0 f449 | ba17 764d | 802c 0200 

  0x0000022c804d7620: ;   {runtime_call DeoptimizationBlob}
  0x0000022c804d7620: 0041 52e9 | f8d0 0a07 
[/MachCode]


Compiled method (c1) 23360 2644   !   3       kotlinx.coroutines.DispatchedTask::run (387 bytes)
 total in heap  [0x0000022c804fe710,0x0000022c80503ad8] = 21448
 relocation     [0x0000022c804fe870,0x0000022c804fed90] = 1312
 main code      [0x0000022c804feda0,0x0000022c80501e28] = 12424
 stub code      [0x0000022c80501e28,0x0000022c80501ff8] = 464
 oops           [0x0000022c80501ff8,0x0000022c80502018] = 32
 metadata       [0x0000022c80502018,0x0000022c805020a8] = 144
 scopes data    [0x0000022c805020a8,0x0000022c80502a10] = 2408
 scopes pcs     [0x0000022c80502a10,0x0000022c805031a0] = 1936
 dependencies   [0x0000022c805031a0,0x0000022c805031b0] = 16
 handler table  [0x0000022c805031b0,0x0000022c80503a48] = 2200
 nul chk table  [0x0000022c80503a48,0x0000022c80503ad8] = 144

[Constant Pool (empty)]

[MachCode]
[Entry Point]
  # {method} {0x0000022cd55013b0} 'run' '()V' in 'kotlinx/coroutines/DispatchedTask'
  #           [sp+0x180]  (sp of caller)
  0x0000022c804feda0: 448b 5208 | 49bb 0000 | 0094 2c02 | 0000 4d03 | d34c 3bd0 

  0x0000022c804fedb4: ;   {runtime_call ic_miss_stub}
  0x0000022c804fedb4: 0f85 c6f9 | 0707 660f | 1f44 0000 
[Verified Entry Point]
  0x0000022c804fedc0: 8984 2400 | 80ff ff55 | 4881 ec70 | 0100 0090 | 4181 7f20 | 2400 0000 

  0x0000022c804fedd8: ;   {runtime_call StubRoutines (final stubs)}
  0x0000022c804fedd8: 7405 e801 | 7706 0748 | 8994 24b0 

  0x0000022c804fede4: ;   {metadata(method data for {method} {0x0000022cd55013b0} 'run' '()V' in 'kotlinx/coroutines/DispatchedTask')}
  0x0000022c804fede4: 0000 0048 | be10 a7d4 | d62c 0200 | 008b becc | 0000 0083 | c702 89be | cc00 0000 | 81e7 fe07 
  0x0000022c804fee04: 0000 85ff | 0f84 8c29 

  0x0000022c804fee0c: ;   {metadata(method data for {method} {0x0000022cd55013b0} 'run' '()V' in 'kotlinx/coroutines/DispatchedTask')}
  0x0000022c804fee0c: 0000 48be | 10a7 d4d6 | 2c02 0000 | 4883 8610 | 0100 0001 

  0x0000022c804fee20: ;   {metadata(method data for {method} {0x0000022cd54de438} 'getASSERTIONS_ENABLED' '()Z' in 'kotlinx/coroutines/DebugKt')}
  0x0000022c804fee20: 48be 2875 | 6bd6 2c02 | 0000 8bbe | cc00 0000 | 83c7 0289 | becc 0000 | 0081 e7fe | ff1f 0085 
  0x0000022c804fee40: ff0f 8474 

  0x0000022c804fee44: ;   {metadata(method data for {method} {0x0000022cd55013b0} 'run' '()V' in 'kotlinx/coroutines/DispatchedTask')}
  0x0000022c804fee44: 2900 0048 | be10 a7d4 | d62c 0200 | 00ff 8620 | 0100 0048 

  0x0000022c804fee58: ;   {metadata(method data for {method} {0x0000022cd55013b0} 'run' '()V' in 'kotlinx/coroutines/DispatchedTask')}
  0x0000022c804fee58: 8bf2 48bf | 10a7 d4d6 | 2c02 0000 | 8b76 0849 | ba00 0000 | 942c 0200 | 0049 03f2 | 483b b7b8 
  0x0000022c804fee78: 0100 0075 | 0d48 8387 | c001 0000 | 01e9 6000 | 0000 483b | b7c8 0100 | 0075 0d48 | 8387 d001 
  0x0000022c804fee98: 0000 01e9 | 4a00 0000 | 4883 bfb8 | 0100 0000 | 7517 4889 | b7b8 0100 | 0048 c787 | c001 0000 
  0x0000022c804feeb8: 0100 0000 | e929 0000 | 0048 83bf | c801 0000 | 0075 1748 | 89b7 c801 | 0000 48c7 | 87d0 0100 
  0x0000022c804feed8: 0001 0000 | 00e9 0800 | 0000 4883 | 87a8 0100 | 0001 488b | f248 8bd6 | 0f1f 4400 | 0048 b8ff 
  0x0000022c804feef8: ffff ffff 

  0x0000022c804feefc: ;   {virtual_call}
  0x0000022c804feefc: ffff ffe8 

  0x0000022c804fef00: ; ImmutableOopMap {[176]=Oop }
                      ;*invokevirtual getDelegate$kotlinx_coroutines_core {reexecute=0 rethrow=0 return_oop=0}
                      ; - kotlinx.coroutines.DispatchedTask::run@34 (line 80)
  0x0000022c804fef00: 748c 1407 

  0x0000022c804fef04: ;   {other}
  0x0000022c804fef04: 0f1f 8400 | f407 0000 | 4889 8424 | b800 0000 

  0x0000022c804fef14: ;   {metadata(method data for {method} {0x0000022cd55013b0} 'run' '()V' in 'kotlinx/coroutines/DispatchedTask')}
  0x0000022c804fef14: 48ba 10a7 | d4d6 2c02 | 0000 4883 | 82e0 0100 

  0x0000022c804fef24: ;   {metadata(method data for {method} {0x0000022cd5414498} 'checkNotNull' '(Ljava/lang/Object;Ljava/lang/String;)V' in 'kotlin/jvm/internal/Intrinsics')}
  0x0000022c804fef24: 0001 48ba | 78cd edd5 | 2c02 0000 | 8bb2 cc00 | 0000 83c6 | 0289 b2cc | 0000 0081 | e6fe ff1f 
  0x0000022c804fef44: 0085 f60f | 848f 2800 | 0048 85c0 

  0x0000022c804fef50: ;   {metadata(method data for {method} {0x0000022cd5414498} 'checkNotNull' '(Ljava/lang/Object;Ljava/lang/String;)V' in 'kotlin/jvm/internal/Intrinsics')}
  0x0000022c804fef50: 48ba 78cd | edd5 2c02 | 0000 48c7 | c610 0100 | 0075 0748 | c7c6 2001 | 0000 488b | 3c32 488d 
  0x0000022c804fef70: 7f01 4889 | 3c32 0f85 | e001 0000 

  0x0000022c804fef7c: ;   {metadata(method data for {method} {0x0000022cd5414498} 'checkNotNull' '(Ljava/lang/Object;Ljava/lang/String;)V' in 'kotlin/jvm/internal/Intrinsics')}
  0x0000022c804fef7c: 48ba 78cd | edd5 2c02 | 0000 4883 | 8230 0100 

  0x0000022c804fef8c: ;   {metadata(method data for {method} {0x0000022cd5414768} 'throwJavaNpe' '(Ljava/lang/String;)V' in 'kotlin/jvm/internal/Intrinsics')}
  0x0000022c804fef8c: 0001 48ba | 60cf edd5 | 2c02 0000 | 8bb2 cc00 | 0000 83c6 | 0289 b2cc | 0000 0081 | e6fe ff1f 
  0x0000022c804fefac: 0085 f60f | 8448 2800 | 0066 6690 

  0x0000022c804fefb8: ;   {no_reloc}
  0x0000022c804fefb8: e970 2800 | 0000 0000 | 0000 498b | 87b8 0100 | 0048 8d78 | 3049 3bbf | c801 0000 | 0f87 5d28 
  0x0000022c804fefd8: 0000 4989 | bfb8 0100 | 0048 c700 | 0100 0000 | 488b ca49 | ba00 0000 | 942c 0200 | 0049 2bca 
  0x0000022c804feff8: 8948 0848 | 33c9 8948 | 0c48 33c9 | 4889 4810 | 4889 4818 | 4889 4820 | 4889 4828 

  0x0000022c804ff014: ;   {metadata(method data for {method} {0x0000022cd5414768} 'throwJavaNpe' '(Ljava/lang/String;)V' in 'kotlin/jvm/internal/Intrinsics')}
  0x0000022c804ff014: 4c8b c048 | ba60 cfed | d52c 0200 | 0048 8382 | 1001 0000 

  0x0000022c804ff028: ;   {oop("null cannot be cast to non-null type kotlinx.coroutines.internal.DispatchedContinuation<T of kotlinx.coroutines.DispatchedTask>"{0x00000007ffff5530})}
  0x0000022c804ff028: 0149 b830 | 55ff ff07 | 0000 0048 | 8bd0 4889 | 8424 c000 

  0x0000022c804ff03c: ;   {optimized virtual_call}
  0x0000022c804ff03c: 0000 90e8 

  0x0000022c804ff040: ; ImmutableOopMap {[176]=Oop [184]=Oop [192]=Oop }
                      ;*invokespecial <init> {reexecute=0 rethrow=0 return_oop=0}
                      ; - kotlin.jvm.internal.Intrinsics::throwJavaNpe@5 (line 50)
                      ; - kotlin.jvm.internal.Intrinsics::checkNotNull@5 (line 31)
                      ; - kotlinx.coroutines.DispatchedTask::run@40 (line 80)
  0x0000022c804ff040: 3cfa 0707 

  0x0000022c804ff044: ;   {other}
  0x0000022c804ff044: 0f1f 8400 | 3409 0001 

  0x0000022c804ff04c: ;   {metadata(method data for {method} {0x0000022cd5414768} 'throwJavaNpe' '(Ljava/lang/String;)V' in 'kotlin/jvm/internal/Intrinsics')}
  0x0000022c804ff04c: 48ba 60cf | edd5 2c02 | 0000 4883 | 8220 0100 

  0x0000022c804ff05c: ;   {metadata(method data for {method} {0x0000022cd54164f8} 'sanitizeStackTrace' '(Ljava/lang/Throwable;)Ljava/lang/Throwable;' in 'kotlin/jvm/internal/Intrinsics')}
  0x0000022c804ff05c: 0001 48ba | 18cc 5bd5 | 2c02 0000 | 8bb2 cc00 | 0000 83c6 | 0289 b2cc | 0000 0081 | e6fe ff1f 
  0x0000022c804ff07c: 0085 f60f | 84bf 2700 

  0x0000022c804ff084: ;   {oop(a 'java/lang/Class'{0x0000000701a54ca8} = 'kotlin/jvm/internal/Intrinsics')}
  0x0000022c804ff084: 0048 baa8 | 4ca5 0107 | 0000 0048 

  0x0000022c804ff090: ;   {metadata(method data for {method} {0x0000022cd54164f8} 'sanitizeStackTrace' '(Ljava/lang/Throwable;)Ljava/lang/Throwable;' in 'kotlin/jvm/internal/Intrinsics')}
  0x0000022c804ff090: 8bf2 48bf | 18cc 5bd5 | 2c02 0000 | 4883 8710 | 0100 0001 

  0x0000022c804ff0a4: ;   {metadata(method data for {method} {0x0000022c9446b368} 'getName' '()Ljava/lang/String;' in 'java/lang/Class')}
  0x0000022c804ff0a4: 48be f079 | 03d5 2c02 | 0000 8bbe | cc00 0000 | 83c7 0289 | becc 0000 | 0081 e7fe | ff1f 0085 
  0x0000022c804ff0c4: ff0f 849a | 2700 008b | 522c 48c1 | e203 4885 

  0x0000022c804ff0d4: ;   {metadata(method data for {method} {0x0000022c9446b368} 'getName' '()Ljava/lang/String;' in 'java/lang/Class')}
  0x0000022c804ff0d4: d248 bef0 | 7903 d52c | 0200 0048 | c7c7 1001 | 0000 7407 | 48c7 c720 | 0100 0048 | 8b1c 3e48 
  0x0000022c804ff0f4: 8d5b 0148 | 891c 3e0f | 8418 0000 

  0x0000022c804ff100: ;   {metadata(method data for {method} {0x0000022c9446b368} 'getName' '()Ljava/lang/String;' in 'java/lang/Class')}
  0x0000022c804ff100: 0048 bef0 | 7903 d52c | 0200 00ff | 8630 0100 | 0048 8bf2 | e936 0000 

  0x0000022c804ff118: ;   {oop(a 'java/lang/Class'{0x0000000701a54ca8} = 'kotlin/jvm/internal/Intrinsics')}
  0x0000022c804ff118: 0048 baa8 | 4ca5 0107 | 0000 0048 

  0x0000022c804ff124: ;   {metadata(method data for {method} {0x0000022c9446b368} 'getName' '()Ljava/lang/String;' in 'java/lang/Class')}
  0x0000022c804ff124: 8bf2 48bf | f079 03d5 | 2c02 0000 | 4883 8748 | 0100 0001 | 0f1f 8000 

  0x0000022c804ff13c: ;   {optimized virtual_call}
  0x0000022c804ff13c: 0000 00e8 

  0x0000022c804ff140: ; ImmutableOopMap {[176]=Oop [184]=Oop [192]=Oop }
                      ;*invokevirtual initClassName {reexecute=0 rethrow=0 return_oop=0}
                      ; - java.lang.Class::getName@14 (line 950)
                      ; - kotlin.jvm.internal.Intrinsics::sanitizeStackTrace@3 (line 253)
                      ; - kotlin.jvm.internal.Intrinsics::throwJavaNpe@8 (line 50)
                      ; - kotlin.jvm.internal.Intrinsics::checkNotNull@5 (line 31)
                      ; - kotlinx.coroutines.DispatchedTask::run@40 (line 80)
  0x0000022c804ff140: 3cf9 0707 

  0x0000022c804ff144: ;   {other}
  0x0000022c804ff144: 0f1f 8400 | 340a 0002 | 488b f048 | 8b84 24c0 | 0000 00e9 | 3022 0000 | 4885 c075 

  0x0000022c804ff160: ;   {metadata(method data for {method} {0x0000022cd55013b0} 'run' '()V' in 'kotlinx/coroutines/DispatchedTask')}
  0x0000022c804ff160: 1648 bf10 | a7d4 d62c | 0200 0080 | 8fe9 0100 | 0001 e9cc 

  0x0000022c804ff174: ;   {metadata('kotlinx/coroutines/internal/DispatchedContinuation')}
  0x0000022c804ff174: 0000 0048 | bba8 d008 | 952c 0200 | 008b 7008 | 49ba 0000 | 0094 2c02 | 0000 4903 | f248 3bde 
  0x0000022c804ff194: 0f85 8d00 

  0x0000022c804ff198: ;   {metadata(method data for {method} {0x0000022cd55013b0} 'run' '()V' in 'kotlinx/coroutines/DispatchedTask')}
  0x0000022c804ff198: 0000 48bf | 10a7 d4d6 | 2c02 0000 | 8b58 0849 | ba00 0000 | 942c 0200 | 0049 03da | 483b 9f00 
  0x0000022c804ff1b8: 0200 0075 | 0d48 8387 | 0802 0000 | 01e9 7900 | 0000 483b | 9f10 0200 | 0075 0d48 | 8387 1802 
  0x0000022c804ff1d8: 0000 01e9 | 6300 0000 | 4883 bf00 | 0200 0000 | 7517 4889 | 9f00 0200 | 0048 c787 | 0802 0000 
  0x0000022c804ff1f8: 0100 0000 | e942 0000 | 0048 83bf | 1002 0000 | 0075 1748 | 899f 1002 | 0000 48c7 | 8718 0200 
  0x0000022c804ff218: 0001 0000 | 00e9 2100 | 0000 e91c 

  0x0000022c804ff224: ;   {metadata(method data for {method} {0x0000022cd55013b0} 'run' '()V' in 'kotlinx/coroutines/DispatchedTask')}
  0x0000022c804ff224: 0000 0048 | bf10 a7d4 | d62c 0200 | 0048 83af | f001 0000 | 01e9 4d26 | 0000 e900 | 0000 0048 
  0x0000022c804ff244: 8bd0 8b72 | 2048 c1e6 | 038b 7a28 | 48c1 e703 

  0x0000022c804ff254: ; implicit exception: dispatches to 0x0000022c80501899
  0x0000022c804ff254: 483b 0648 

  0x0000022c804ff258: ;   {metadata(method data for {method} {0x0000022cd55013b0} 'run' '()V' in 'kotlinx/coroutines/DispatchedTask')}
  0x0000022c804ff258: 8bd6 48bb | 10a7 d4d6 | 2c02 0000 | 8b52 0849 | ba00 0000 | 942c 0200 | 0049 03d2 | 483b 9338 
  0x0000022c804ff278: 0200 0075 | 0d48 8383 | 4002 0000 | 01e9 6000 | 0000 483b | 9348 0200 | 0075 0d48 | 8383 5002 
  0x0000022c804ff298: 0000 01e9 | 4a00 0000 | 4883 bb38 | 0200 0000 | 7517 4889 | 9338 0200 | 0048 c783 | 4002 0000 
  0x0000022c804ff2b8: 0100 0000 | e929 0000 | 0048 83bb | 4802 0000 | 0075 1748 | 8993 4802 | 0000 48c7 | 8350 0200 
  0x0000022c804ff2d8: 0001 0000 | 00e9 0800 | 0000 4883 | 8328 0200 | 0001 488b | d648 89b4 | 24d0 0000 | 0048 89bc 
  0x0000022c804ff2f8: 24c8 0000 | 0048 b870 | 54bb e02c 

  0x0000022c804ff304: ;   {virtual_call}
  0x0000022c804ff304: 0200 00e8 

  0x0000022c804ff308: ; ImmutableOopMap {[176]=Oop [200]=Oop [208]=Oop }
                      ;*invokeinterface getContext {reexecute=0 rethrow=0 return_oop=0}
                      ; - kotlinx.coroutines.DispatchedTask::run@61 (line 222)
  0x0000022c804ff308: 2487 1407 

  0x0000022c804ff30c: ;   {other}
  0x0000022c804ff30c: 0f1f 8400 | fc0b 0003 

  0x0000022c804ff314: ;   {metadata(method data for {method} {0x0000022cd55013b0} 'run' '()V' in 'kotlinx/coroutines/DispatchedTask')}
  0x0000022c804ff314: 48ba 10a7 | d4d6 2c02 | 0000 4883 | 8260 0200 | 0001 488b | d04c 8b84 | 24c8 0000 | 0048 8984 
  0x0000022c804ff334: 24d8 0000 | 0066 0f1f 

  0x0000022c804ff33c: ;   {static_call}
  0x0000022c804ff33c: 4400 00e8 

  0x0000022c804ff340: ; ImmutableOopMap {[176]=Oop [208]=Oop [216]=Oop }
                      ;*invokestatic updateThreadContext {reexecute=0 rethrow=0 return_oop=0}
                      ; - kotlinx.coroutines.DispatchedTask::run@71 (line 223)
  0x0000022c804ff340: 9ca5 ffff 

  0x0000022c804ff344: ;   {other}
  0x0000022c804ff344: 0f1f 8400 | 340c 0004 

  0x0000022c804ff34c: ;   {oop(a 'kotlinx/coroutines/internal/Symbol'{0x00000007fffc8198})}
  0x0000022c804ff34c: 49ba 9881 | fcff 0700 | 0000 493b 

  0x0000022c804ff358: ;   {metadata(method data for {method} {0x0000022cd55013b0} 'run' '()V' in 'kotlinx/coroutines/DispatchedTask')}
  0x0000022c804ff358: c248 ba10 | a7d4 d62c | 0200 0049 | c7c0 7002 | 0000 7407 | 49c7 c080 | 0200 004e | 8b0c 024d 
  0x0000022c804ff378: 8d49 014e | 890c 020f | 8454 0000 

  0x0000022c804ff384: ;   {metadata(method data for {method} {0x0000022cd55013b0} 'run' '()V' in 'kotlinx/coroutines/DispatchedTask')}
  0x0000022c804ff384: 0048 ba10 | a7d4 d62c | 0200 0048 | 8382 9002 | 0000 0148 | 8b94 24d0 | 0000 004c | 8b84 24d8 
  0x0000022c804ff3a4: 0000 004c | 8bc8 4889 | 8424 e000 | 0000 0f1f 

  0x0000022c804ff3b4: ;   {static_call}
  0x0000022c804ff3b4: 4400 00e8 

  0x0000022c804ff3b8: ; ImmutableOopMap {[176]=Oop [208]=Oop [216]=Oop [224]=Oop }
                      ;*invokestatic updateUndispatchedCompletion {reexecute=0 rethrow=0 return_oop=0}
                      ; - kotlinx.coroutines.DispatchedTask::run@89 (line 226)
  0x0000022c804ff3b8: c4fc 0707 

  0x0000022c804ff3bc: ;   {other}
  0x0000022c804ff3bc: 0f1f 8400 | ac0c 0005 

  0x0000022c804ff3c4: ;   {metadata(method data for {method} {0x0000022cd55013b0} 'run' '()V' in 'kotlinx/coroutines/DispatchedTask')}
  0x0000022c804ff3c4: 48ba 10a7 | d4d6 2c02 | 0000 ff82 | a002 0000 | e912 0000 | 0048 8984 | 24e0 0000 

  0x0000022c804ff3e0: ;   {oop(nullptr)}
  0x0000022c804ff3e0: 0048 b800 | 0000 0000 | 0000 0048 | 8984 24e8 | 0000 0048 | 8bb4 24d0 

  0x0000022c804ff3f8: ;   {metadata(method data for {method} {0x0000022cd55013b0} 'run' '()V' in 'kotlinx/coroutines/DispatchedTask')}
  0x0000022c804ff3f8: 0000 0048 | ba10 a7d4 | d62c 0200 | 008b 7608 | 49ba 0000 | 0094 2c02 | 0000 4903 | f248 3bb2 
  0x0000022c804ff418: c802 0000 | 750d 4883 | 82d0 0200 | 0001 e960 | 0000 0048 | 3bb2 d802 | 0000 750d | 4883 82e0 
  0x0000022c804ff438: 0200 0001 | e94a 0000 | 0048 83ba | c802 0000 | 0075 1748 | 89b2 c802 | 0000 48c7 | 82d0 0200 
  0x0000022c804ff458: 0001 0000 | 00e9 2900 | 0000 4883 | bad8 0200 | 0000 7517 | 4889 b2d8 | 0200 0048 | c782 e002 
  0x0000022c804ff478: 0000 0100 | 0000 e908 | 0000 0048 | 8382 b802 | 0000 0148 | 8b94 24d0 | 0000 0066 | 9048 b810 
  0x0000022c804ff498: 5dbb e02c 

  0x0000022c804ff49c: ;   {virtual_call}
  0x0000022c804ff49c: 0200 00e8 

  0x0000022c804ff4a0: ; ImmutableOopMap {[176]=Oop [208]=Oop [216]=Oop [224]=Oop [232]=Oop }
                      ;*invokeinterface getContext {reexecute=0 rethrow=0 return_oop=0}
                      ; - kotlinx.coroutines.DispatchedTask::run@103 (line 83)
  0x0000022c804ff4a0: 8c85 1407 

  0x0000022c804ff4a4: ;   {other}
  0x0000022c804ff4a4: 0f1f 8400 | 940d 0006 | 488b 9424 | b000 0000 

  0x0000022c804ff4b4: ;   {metadata(method data for {method} {0x0000022cd55013b0} 'run' '()V' in 'kotlinx/coroutines/DispatchedTask')}
  0x0000022c804ff4b4: 48be 10a7 | d4d6 2c02 | 0000 8b52 | 0849 ba00 | 0000 942c | 0200 0049 | 03d2 483b | 9600 0300 
  0x0000022c804ff4d4: 0075 0d48 | 8386 0803 | 0000 01e9 | 6000 0000 | 483b 9610 | 0300 0075 | 0d48 8386 | 1803 0000 
  0x0000022c804ff4f4: 01e9 4a00 | 0000 4883 | be00 0300 | 0000 7517 | 4889 9600 | 0300 0048 | c786 0803 | 0000 0100 
  0x0000022c804ff514: 0000 e929 | 0000 0048 | 83be 1003 | 0000 0075 | 1748 8996 | 1003 0000 | 48c7 8618 | 0300 0001 
  0x0000022c804ff534: 0000 00e9 | 0800 0000 | 4883 86f0 | 0200 0001 | 488b 9424 | b000 0000 | 4889 8424 | f000 0000 
  0x0000022c804ff554: 9048 b8ff | ffff ffff 

  0x0000022c804ff55c: ;   {virtual_call}
  0x0000022c804ff55c: ffff ffe8 

  0x0000022c804ff560: ; ImmutableOopMap {[176]=Oop [208]=Oop [216]=Oop [224]=Oop [232]=Oop [240]=Oop }
                      ;*invokevirtual takeState$kotlinx_coroutines_core {reexecute=0 rethrow=0 return_oop=0}
                      ; - kotlinx.coroutines.DispatchedTask::run@111 (line 84)
  0x0000022c804ff560: 3c84 1407 

  0x0000022c804ff564: ;   {other}
  0x0000022c804ff564: 0f1f 8400 | 540e 0007 | 4889 8424 | f800 0000 | 488b 9424 | b000 0000 

  0x0000022c804ff57c: ;   {metadata(method data for {method} {0x0000022cd55013b0} 'run' '()V' in 'kotlinx/coroutines/DispatchedTask')}
  0x0000022c804ff57c: 49b8 10a7 | d4d6 2c02 | 0000 8b52 | 0849 ba00 | 0000 942c | 0200 0049 | 03d2 493b | 9038 0300 
  0x0000022c804ff59c: 0075 0d49 | 8380 4003 | 0000 01e9 | 6000 0000 | 493b 9048 | 0300 0075 | 0d49 8380 | 5003 0000 
  0x0000022c804ff5bc: 01e9 4a00 | 0000 4983 | b838 0300 | 0000 7517 | 4989 9038 | 0300 0049 | c780 4003 | 0000 0100 
  0x0000022c804ff5dc: 0000 e929 | 0000 0049 | 83b8 4803 | 0000 0075 | 1749 8990 | 4803 0000 | 49c7 8050 | 0300 0001 
  0x0000022c804ff5fc: 0000 00e9 | 0800 0000 | 4983 8028 | 0300 0001 | 4c8b c048 | 8b94 24b0 | 0000 0066 | 0f1f 4400 
  0x0000022c804ff61c: 0048 b8ff | ffff ffff 

  0x0000022c804ff624: ;   {virtual_call}
  0x0000022c804ff624: ffff ffe8 

  0x0000022c804ff628: ; ImmutableOopMap {[176]=Oop [208]=Oop [216]=Oop [224]=Oop [232]=Oop [240]=Oop [248]=Oop }
                      ;*invokevirtual getExceptionalResult$kotlinx_coroutines_core {reexecute=0 rethrow=0 return_oop=0}
                      ; - kotlinx.coroutines.DispatchedTask::run@119 (line 85)
  0x0000022c804ff628: 8480 1407 

  0x0000022c804ff62c: ;   {other}
  0x0000022c804ff62c: 0f1f 8400 | 1c0f 0008 | 4889 8424 | 0001 0000 

  0x0000022c804ff63c: ;   {metadata(method data for {method} {0x0000022cd55013b0} 'run' '()V' in 'kotlinx/coroutines/DispatchedTask')}
  0x0000022c804ff63c: 4885 c049 | b810 a7d4 | d62c 0200 | 0048 c7c2 | 6003 0000 | 7507 48c7 | c270 0300 | 0049 8b34 
  0x0000022c804ff65c: 1048 8d76 | 0149 8934 | 1048 8b94 | 24b0 0000 | 000f 85f2 | 0000 0044 

  0x0000022c804ff674: ;   {metadata(method data for {method} {0x0000022cd55013b0} 'run' '()V' in 'kotlinx/coroutines/DispatchedTask')}
  0x0000022c804ff674: 8b42 1848 | be10 a7d4 | d62c 0200 | 0048 8386 | 8003 0000 

  0x0000022c804ff688: ;   {metadata(method data for {method} {0x0000022cd551b798} 'isCancellableMode' '(I)Z' in 'kotlinx/coroutines/DispatchedTaskKt')}
  0x0000022c804ff688: 0148 be28 | facc d62c | 0200 008b | becc 0000 | 0083 c702 | 89be cc00 | 0000 81e7 | feff 1f00 
  0x0000022c804ff6a8: 85ff 0f84 | ee21 0000 | 4183 f801 

  0x0000022c804ff6b4: ;   {metadata(method data for {method} {0x0000022cd551b798} 'isCancellableMode' '(I)Z' in 'kotlinx/coroutines/DispatchedTaskKt')}
  0x0000022c804ff6b4: 48be 28fa | ccd6 2c02 | 0000 48c7 | c710 0100 | 0074 0748 | c7c7 2001 | 0000 488b | 1c3e 488d 
  0x0000022c804ff6d4: 5b01 4889 | 1c3e 0f84 | 3000 0000 | 4183 f802 

  0x0000022c804ff6e4: ;   {metadata(method data for {method} {0x0000022cd551b798} 'isCancellableMode' '(I)Z' in 'kotlinx/coroutines/DispatchedTaskKt')}
  0x0000022c804ff6e4: 49b8 28fa | ccd6 2c02 | 0000 48c7 | c630 0100 | 0075 0748 | c7c6 4001 | 0000 498b | 3c30 488d 
  0x0000022c804ff704: 7f01 4989 | 3c30 0f85 | 1c00 0000 

  0x0000022c804ff710: ;   {metadata(method data for {method} {0x0000022cd551b798} 'isCancellableMode' '(I)Z' in 'kotlinx/coroutines/DispatchedTaskKt')}
  0x0000022c804ff710: 49b8 28fa | ccd6 2c02 | 0000 41ff | 8050 0100 | 0041 b801 | 0000 00e9 | 0600 0000 | 41b8 0000 
  0x0000022c804ff730: 0000 4183 | e001 4585 

  0x0000022c804ff738: ;   {metadata(method data for {method} {0x0000022cd55013b0} 'run' '()V' in 'kotlinx/coroutines/DispatchedTask')}
  0x0000022c804ff738: c049 b810 | a7d4 d62c | 0200 0048 | c7c6 a003 | 0000 7507 | 48c7 c690 | 0300 0049 | 8b3c 3048 
  0x0000022c804ff758: 8d7f 0149 | 893c 300f | 850f 0000 

  0x0000022c804ff764: ;   {oop(nullptr)}
  0x0000022c804ff764: 0048 be00 | 0000 0000 | 0000 00e9 | e001 0000 | 488b 8424 | f000 0000 

  0x0000022c804ff77c: ; implicit exception: dispatches to 0x0000022c805018bf
  0x0000022c804ff77c: 483b 004c 

  0x0000022c804ff780: ;   {metadata(method data for {method} {0x0000022cd55013b0} 'run' '()V' in 'kotlinx/coroutines/DispatchedTask')}
  0x0000022c804ff780: 8bc0 48bf | 10a7 d4d6 | 2c02 0000 | 458b 4008 | 49ba 0000 | 0094 2c02 | 0000 4d03 | c24c 3b87 
  0x0000022c804ff7a0: f803 0000 | 750d 4883 | 8700 0400 | 0001 e960 | 0000 004c | 3b87 0804 | 0000 750d | 4883 8710 
  0x0000022c804ff7c0: 0400 0001 | e94a 0000 | 0048 83bf | f803 0000 | 0075 174c | 8987 f803 | 0000 48c7 | 8700 0400 
  0x0000022c804ff7e0: 0001 0000 | 00e9 2900 | 0000 4883 | bf08 0400 | 0000 7517 | 4c89 8708 | 0400 0048 | c787 1004 
  0x0000022c804ff800: 0000 0100 | 0000 e908 | 0000 0048 | 8387 e803 

  0x0000022c804ff810: ;   {oop(a 'kotlinx/coroutines/Job$Key'{0x00000007ffff7548})}
  0x0000022c804ff810: 0000 0149 | b848 75ff | ff07 0000 | 0048 8bd0 | 0f1f 4400 | 0048 b840 | 7d08 952c 

  0x0000022c804ff82c: ;   {virtual_call}
  0x0000022c804ff82c: 0200 00e8 

  0x0000022c804ff830: ; ImmutableOopMap {[176]=Oop [208]=Oop [216]=Oop [224]=Oop [232]=Oop [248]=Oop [256]=Oop }
                      ;*invokeinterface get {reexecute=0 rethrow=0 return_oop=0}
                      ; - kotlinx.coroutines.DispatchedTask::run@147 (line 91)
  0x0000022c804ff830: 8cc6 7707 

  0x0000022c804ff834: ;   {other}
  0x0000022c804ff834: 0f1f 8400 | 2411 0009 | 4885 c075 

  0x0000022c804ff840: ;   {metadata(method data for {method} {0x0000022cd55013b0} 'run' '()V' in 'kotlinx/coroutines/DispatchedTask')}
  0x0000022c804ff840: 1648 bf10 | a7d4 d62c | 0200 0080 | 8f19 0400 | 0001 e9e7 

  0x0000022c804ff854: ;   {metadata('kotlinx/coroutines/Job')}
  0x0000022c804ff854: 0000 0048 | bb18 5608 | 952c 0200 | 008b 7808 | 49ba 0000 | 0094 2c02 | 0000 4903 | fa48 3b5f 
  0x0000022c804ff874: 200f 841a | 0000 0048 | 3bfb 0f84 | 1100 0000 

  0x0000022c804ff884: ;   {runtime_call slow_subtype_check Runtime1 stub}
  0x0000022c804ff884: 5753 e875 | f213 075f | 5f85 ff0f | 848d 0000 

  0x0000022c804ff894: ;   {metadata(method data for {method} {0x0000022cd55013b0} 'run' '()V' in 'kotlinx/coroutines/DispatchedTask')}
  0x0000022c804ff894: 0048 bf10 | a7d4 d62c | 0200 008b | 5808 49ba | 0000 0094 | 2c02 0000 | 4903 da48 | 3b9f 3004 
  0x0000022c804ff8b4: 0000 750d | 4883 8738 | 0400 0001 | e979 0000 | 0048 3b9f | 4004 0000 | 750d 4883 | 8748 0400 
  0x0000022c804ff8d4: 0001 e963 | 0000 0048 | 83bf 3004 | 0000 0075 | 1748 899f | 3004 0000 | 48c7 8738 | 0400 0001 
  0x0000022c804ff8f4: 0000 00e9 | 4200 0000 | 4883 bf40 | 0400 0000 | 7517 4889 | 9f40 0400 | 0048 c787 | 4804 0000 
  0x0000022c804ff914: 0100 0000 | e921 0000 | 00e9 1c00 

  0x0000022c804ff920: ;   {metadata(method data for {method} {0x0000022cd55013b0} 'run' '()V' in 'kotlinx/coroutines/DispatchedTask')}
  0x0000022c804ff920: 0000 48bf | 10a7 d4d6 | 2c02 0000 | 4883 af20 | 0400 0001 | e98b 1f00 | 00e9 0000 | 0000 488b 
  0x0000022c804ff940: ;   {metadata(method data for {method} {0x0000022cd55013b0} 'run' '()V' in 'kotlinx/coroutines/DispatchedTask')}
  0x0000022c804ff940: d048 be10 | a7d4 d62c | 0200 00ff | 8658 0400 | 0048 8bf2 

  0x0000022c804ff954: ;   {metadata(method data for {method} {0x0000022cd55013b0} 'run' '()V' in 'kotlinx/coroutines/DispatchedTask')}
  0x0000022c804ff954: 4885 f648 | ba10 a7d4 | d62c 0200 | 0048 c7c7 | 7004 0000 | 7407 48c7 | c780 0400 | 0048 8b1c 
  0x0000022c804ff974: 3a48 8d5b | 0148 891c | 3a0f 84e7 | 0000 0048 | 3b06 488b 

  0x0000022c804ff988: ;   {metadata(method data for {method} {0x0000022cd55013b0} 'run' '()V' in 'kotlinx/coroutines/DispatchedTask')}
  0x0000022c804ff988: d648 bf10 | a7d4 d62c | 0200 008b | 5208 49ba | 0000 0094 | 2c02 0000 | 4903 d248 | 3b97 a004 
  0x0000022c804ff9a8: 0000 750d | 4883 87a8 | 0400 0001 | e960 0000 | 0048 3b97 | b004 0000 | 750d 4883 | 87b8 0400 
  0x0000022c804ff9c8: 0001 e94a | 0000 0048 | 83bf a004 | 0000 0075 | 1748 8997 | a004 0000 | 48c7 87a8 | 0400 0001 
  0x0000022c804ff9e8: 0000 00e9 | 2900 0000 | 4883 bfb0 | 0400 0000 | 7517 4889 | 97b0 0400 | 0048 c787 | b804 0000 
  0x0000022c804ffa08: 0100 0000 | e908 0000 | 0048 8387 | 9004 0000 | 0148 8bd6 | 4889 b424 | 0801 0000 | 9048 b8c0 
  0x0000022c804ffa28: 81f8 df2c 

  0x0000022c804ffa2c: ;   {virtual_call}
  0x0000022c804ffa2c: 0200 00e8 

  0x0000022c804ffa30: ; ImmutableOopMap {[176]=Oop [208]=Oop [216]=Oop [224]=Oop [232]=Oop [248]=Oop [256]=Oop [264]=Oop }
                      ;*invokeinterface isActive {reexecute=0 rethrow=0 return_oop=0}
                      ; - kotlinx.coroutines.DispatchedTask::run@168 (line 92)
  0x0000022c804ffa30: dc40 3007 

  0x0000022c804ffa34: ;   {other}
  0x0000022c804ffa34: 0f1f 8400 | 2413 000a 

  0x0000022c804ffa3c: ;   {metadata(method data for {method} {0x0000022cd55013b0} 'run' '()V' in 'kotlinx/coroutines/DispatchedTask')}
  0x0000022c804ffa3c: 85c0 48ba | 10a7 d4d6 | 2c02 0000 | 48c7 c6d8 | 0400 0074 | 0748 c7c6 | c804 0000 | 488b 3c32 
  0x0000022c804ffa5c: 488d 7f01 | 4889 3c32 | 0f84 3f09 | 0000 488b | 8424 0001 | 0000 4885 

  0x0000022c804ffa74: ;   {metadata(method data for {method} {0x0000022cd55013b0} 'run' '()V' in 'kotlinx/coroutines/DispatchedTask')}
  0x0000022c804ffa74: c048 ba10 | a7d4 d62c | 0200 0048 | c7c6 5807 | 0000 7407 | 48c7 c668 | 0700 0048 | 8b3c 3248 
  0x0000022c804ffa94: 8d7f 0148 | 893c 320f | 8449 0700 

  0x0000022c804ffaa0: ;   {metadata(method data for {method} {0x0000022cd55013b0} 'run' '()V' in 'kotlinx/coroutines/DispatchedTask')}
  0x0000022c804ffaa0: 0048 ba10 | a7d4 d62c | 0200 0048 | 8382 7807 

  0x0000022c804ffab0: ;   {metadata(method data for {method} {0x0000022cd551ff70} 'createFailure' '(Ljava/lang/Throwable;)Ljava/lang/Object;' in 'kotlin/ResultKt')}
  0x0000022c804ffab0: 0000 0148 | baf8 04d4 | d62c 0200 | 008b b2cc | 0000 0083 | c602 89b2 | cc00 0000 | 81e6 feff 
  0x0000022c804ffad0: 1f00 85f6 | 0f84 f81d 

  0x0000022c804ffad8: ;   {metadata(method data for {method} {0x0000022cd551ff70} 'createFailure' '(Ljava/lang/Throwable;)Ljava/lang/Object;' in 'kotlin/ResultKt')}
  0x0000022c804ffad8: 0000 48ba | f804 d4d6 | 2c02 0000 | 4883 8210 | 0100 0001 

  0x0000022c804ffaec: ;   {metadata(method data for {method} {0x0000022cd5415410} 'checkNotNullParameter' '(Ljava/lang/Object;Ljava/lang/String;)V' in 'kotlin/jvm/internal/Intrinsics')}
  0x0000022c804ffaec: 48ba b0c3 | 5bd5 2c02 | 0000 8bb2 | cc00 0000 | 83c6 0289 | b2cc 0000 | 0081 e6fe | ff1f 0085 
  0x0000022c804ffb0c: f60f 84e0 | 1d00 0048 

  0x0000022c804ffb14: ;   {metadata(method data for {method} {0x0000022cd5415410} 'checkNotNullParameter' '(Ljava/lang/Object;Ljava/lang/String;)V' in 'kotlin/jvm/internal/Intrinsics')}
  0x0000022c804ffb14: 85c0 48ba | b0c3 5bd5 | 2c02 0000 | 48c7 c610 | 0100 0075 | 0748 c7c6 | 2001 0000 | 488b 3c32 
  0x0000022c804ffb34: 488d 7f01 | 4889 3c32 | 0f85 1a02 

  0x0000022c804ffb40: ;   {metadata(method data for {method} {0x0000022cd5415410} 'checkNotNullParameter' '(Ljava/lang/Object;Ljava/lang/String;)V' in 'kotlin/jvm/internal/Intrinsics')}
  0x0000022c804ffb40: 0000 48ba | b0c3 5bd5 | 2c02 0000 | 4883 8230 | 0100 0001 

  0x0000022c804ffb54: ;   {metadata(method data for {method} {0x0000022cd5415590} 'throwParameterIsNullNPE' '(Ljava/lang/String;)V' in 'kotlin/jvm/internal/Intrinsics')}
  0x0000022c804ffb54: 48ba 38c5 | 5bd5 2c02 | 0000 8bb2 | cc00 0000 | 83c6 0289 | b2cc 0000 | 0081 e6fe | ff1f 0085 
  0x0000022c804ffb74: f60f 8499 | 1d00 000f | 1f44 0000 

  0x0000022c804ffb80: ;   {no_reloc}
  0x0000022c804ffb80: e9bf 1d00 | 0000 0000 | 0000 498b | 87b8 0100 | 0048 8d78 | 3049 3bbf | c801 0000 | 0f87 ac1d 
  0x0000022c804ffba0: 0000 4989 | bfb8 0100 | 0048 c700 | 0100 0000 | 488b ca49 | ba00 0000 | 942c 0200 | 0049 2bca 
  0x0000022c804ffbc0: 8948 0848 | 33c9 8948 | 0c48 33c9 | 4889 4810 | 4889 4818 | 4889 4820 | 4889 4828 

  0x0000022c804ffbdc: ;   {metadata(method data for {method} {0x0000022cd5415590} 'throwParameterIsNullNPE' '(Ljava/lang/String;)V' in 'kotlin/jvm/internal/Intrinsics')}
  0x0000022c804ffbdc: 48ba 38c5 | 5bd5 2c02 | 0000 4883 | 8210 0100 

  0x0000022c804ffbec: ;   {oop("exception"{0x0000000701b53ee8})}
  0x0000022c804ffbec: 0001 48ba | e83e b501 | 0700 0000 | 4889 8424 | 1001 0000 | 0f1f 8000 

  0x0000022c804ffc04: ;   {static_call}
  0x0000022c804ffc04: 0000 00e8 

  0x0000022c804ffc08: ; ImmutableOopMap {[176]=Oop [208]=Oop [216]=Oop [224]=Oop [232]=Oop [256]=Oop [272]=Oop }
                      ;*invokestatic createParameterIsNullExceptionMessage {reexecute=0 rethrow=0 return_oop=0}
                      ; - kotlin.jvm.internal.Intrinsics::throwParameterIsNullNPE@5 (line 140)
                      ; - kotlin.jvm.internal.Intrinsics::checkNotNullParameter@5 (line 131)
                      ; - kotlin.ResultKt::createFailure@3
                      ; - kotlinx.coroutines.DispatchedTask::run@273 (line 98)
  0x0000022c804ffc08: 74f4 0707 

  0x0000022c804ffc0c: ;   {other}
  0x0000022c804ffc0c: 0f1f 8400 | fc14 000b | 4c8b 8424 | 1001 0000 

  0x0000022c804ffc1c: ;   {metadata(method data for {method} {0x0000022cd5415590} 'throwParameterIsNullNPE' '(Ljava/lang/String;)V' in 'kotlin/jvm/internal/Intrinsics')}
  0x0000022c804ffc1c: 48ba 38c5 | 5bd5 2c02 | 0000 4883 | 8220 0100 | 0001 4c8b | c048 8b94 | 2410 0100 | 0066 0f1f 
  0x0000022c804ffc3c: ;   {optimized virtual_call}
  0x0000022c804ffc3c: 4400 00e8 

  0x0000022c804ffc40: ; ImmutableOopMap {[176]=Oop [208]=Oop [216]=Oop [224]=Oop [232]=Oop [256]=Oop [272]=Oop }
                      ;*invokespecial <init> {reexecute=0 rethrow=0 return_oop=0}
                      ; - kotlin.jvm.internal.Intrinsics::throwParameterIsNullNPE@8 (line 140)
                      ; - kotlin.jvm.internal.Intrinsics::checkNotNullParameter@5 (line 131)
                      ; - kotlin.ResultKt::createFailure@3
                      ; - kotlinx.coroutines.DispatchedTask::run@273 (line 98)
  0x0000022c804ffc40: 3cee 0707 

  0x0000022c804ffc44: ;   {other}
  0x0000022c804ffc44: 0f1f 8400 | 3415 000c 

  0x0000022c804ffc4c: ;   {metadata(method data for {method} {0x0000022cd5415590} 'throwParameterIsNullNPE' '(Ljava/lang/String;)V' in 'kotlin/jvm/internal/Intrinsics')}
  0x0000022c804ffc4c: 48ba 38c5 | 5bd5 2c02 | 0000 4883 | 8230 0100 

  0x0000022c804ffc5c: ;   {metadata(method data for {method} {0x0000022cd54164f8} 'sanitizeStackTrace' '(Ljava/lang/Throwable;)Ljava/lang/Throwable;' in 'kotlin/jvm/internal/Intrinsics')}
  0x0000022c804ffc5c: 0001 48ba | 18cc 5bd5 | 2c02 0000 | 8bb2 cc00 | 0000 83c6 | 0289 b2cc | 0000 0081 | e6fe ff1f 
  0x0000022c804ffc7c: 0085 f60f | 84d6 1c00 

  0x0000022c804ffc84: ;   {oop(a 'java/lang/Class'{0x0000000701a54ca8} = 'kotlin/jvm/internal/Intrinsics')}
  0x0000022c804ffc84: 0048 baa8 | 4ca5 0107 | 0000 0048 

  0x0000022c804ffc90: ;   {metadata(method data for {method} {0x0000022cd54164f8} 'sanitizeStackTrace' '(Ljava/lang/Throwable;)Ljava/lang/Throwable;' in 'kotlin/jvm/internal/Intrinsics')}
  0x0000022c804ffc90: 8bf2 48bf | 18cc 5bd5 | 2c02 0000 | 4883 8710 | 0100 0001 

  0x0000022c804ffca4: ;   {metadata(method data for {method} {0x0000022c9446b368} 'getName' '()Ljava/lang/String;' in 'java/lang/Class')}
  0x0000022c804ffca4: 48be f079 | 03d5 2c02 | 0000 8bbe | cc00 0000 | 83c7 0289 | becc 0000 | 0081 e7fe | ff1f 0085 
  0x0000022c804ffcc4: ff0f 84b1 | 1c00 008b | 522c 48c1 | e203 4885 

  0x0000022c804ffcd4: ;   {metadata(method data for {method} {0x0000022c9446b368} 'getName' '()Ljava/lang/String;' in 'java/lang/Class')}
  0x0000022c804ffcd4: d248 bef0 | 7903 d52c | 0200 0048 | c7c7 1001 | 0000 7407 | 48c7 c720 | 0100 0048 | 8b1c 3e48 
  0x0000022c804ffcf4: 8d5b 0148 | 891c 3e0f | 8418 0000 

  0x0000022c804ffd00: ;   {metadata(method data for {method} {0x0000022c9446b368} 'getName' '()Ljava/lang/String;' in 'java/lang/Class')}
  0x0000022c804ffd00: 0048 bef0 | 7903 d52c | 0200 00ff | 8630 0100 | 0048 8bf2 | e936 0000 

  0x0000022c804ffd18: ;   {oop(a 'java/lang/Class'{0x0000000701a54ca8} = 'kotlin/jvm/internal/Intrinsics')}
  0x0000022c804ffd18: 0048 baa8 | 4ca5 0107 | 0000 0048 

  0x0000022c804ffd24: ;   {metadata(method data for {method} {0x0000022c9446b368} 'getName' '()Ljava/lang/String;' in 'java/lang/Class')}
  0x0000022c804ffd24: 8bf2 48bf | f079 03d5 | 2c02 0000 | 4883 8748 | 0100 0001 | 0f1f 8000 

  0x0000022c804ffd3c: ;   {optimized virtual_call}
  0x0000022c804ffd3c: 0000 00e8 

  0x0000022c804ffd40: ; ImmutableOopMap {[176]=Oop [208]=Oop [216]=Oop [224]=Oop [232]=Oop [256]=Oop [272]=Oop }
                      ;*invokevirtual initClassName {reexecute=0 rethrow=0 return_oop=0}
                      ; - java.lang.Class::getName@14 (line 950)
                      ; - kotlin.jvm.internal.Intrinsics::sanitizeStackTrace@3 (line 253)
                      ; - kotlin.jvm.internal.Intrinsics::throwParameterIsNullNPE@11 (line 140)
                      ; - kotlin.jvm.internal.Intrinsics::checkNotNullParameter@5 (line 131)
                      ; - kotlin.ResultKt::createFailure@3
                      ; - kotlinx.coroutines.DispatchedTask::run@273 (line 98)
  0x0000022c804ffd40: 3ced 0707 

  0x0000022c804ffd44: ;   {other}
  0x0000022c804ffd44: 0f1f 8400 | 3416 000d | 488b f048 | 8b84 2410 | 0100 00e9 | 0314 0000 

  0x0000022c804ffd5c: ;   {metadata('kotlin/Result$Failure')}
  0x0000022c804ffd5c: 48ba 48ea | 0895 2c02 | 0000 488b | d849 8b87 | b801 0000 | 488d 7810 | 493b bfc8 | 0100 000f 
  0x0000022c804ffd7c: 8721 1c00 | 0049 89bf | b801 0000 | 48c7 0001 | 0000 0048 | 8bca 49ba | 0000 0094 | 2c02 0000 
  0x0000022c804ffd9c: 492b ca89 | 4808 4833 | c989 480c | 4833 c948 | 8984 2420 | 0100 0048 

  0x0000022c804ffdb4: ;   {metadata(method data for {method} {0x0000022cd551ff70} 'createFailure' '(Ljava/lang/Throwable;)Ljava/lang/Object;' in 'kotlin/ResultKt')}
  0x0000022c804ffdb4: 8bd0 48be | f804 d4d6 | 2c02 0000 | 4883 8620 | 0100 0001 

  0x0000022c804ffdc8: ;   {metadata(method data for {method} {0x0000022cd550ee40} '<init>' '(Ljava/lang/Throwable;)V' in 'kotlin/Result$Failure')}
  0x0000022c804ffdc8: 48ba 6806 | d4d6 2c02 | 0000 8bb2 | cc00 0000 | 83c6 0289 | b2cc 0000 | 0081 e6fe | ff1f 0085 
  0x0000022c804ffde8: f60f 84c0 

  0x0000022c804ffdec: ;   {metadata(method data for {method} {0x0000022cd550ee40} '<init>' '(Ljava/lang/Throwable;)V' in 'kotlin/Result$Failure')}
  0x0000022c804ffdec: 1b00 0048 | ba68 06d4 | d62c 0200 | 0048 8382 | 1001 0000 

  0x0000022c804ffe00: ;   {metadata(method data for {method} {0x0000022cd5415410} 'checkNotNullParameter' '(Ljava/lang/Object;Ljava/lang/String;)V' in 'kotlin/jvm/internal/Intrinsics')}
  0x0000022c804ffe00: 0148 bab0 | c35b d52c | 0200 008b | b2cc 0000 | 0083 c602 | 89b2 cc00 | 0000 81e6 | feff 1f00 
  0x0000022c804ffe20: 85f6 0f84 | a81b 0000 

  0x0000022c804ffe28: ;   {metadata(method data for {method} {0x0000022cd5415410} 'checkNotNullParameter' '(Ljava/lang/Object;Ljava/lang/String;)V' in 'kotlin/jvm/internal/Intrinsics')}
  0x0000022c804ffe28: 4885 db48 | bab0 c35b | d52c 0200 | 0048 c7c6 | 1001 0000 | 7507 48c7 | c620 0100 | 0048 8b3c 
  0x0000022c804ffe48: 3248 8d7f | 0148 893c | 320f 8515 

  0x0000022c804ffe54: ;   {metadata(method data for {method} {0x0000022cd5415410} 'checkNotNullParameter' '(Ljava/lang/Object;Ljava/lang/String;)V' in 'kotlin/jvm/internal/Intrinsics')}
  0x0000022c804ffe54: 0200 0048 | bab0 c35b | d52c 0200 | 0048 8382 | 3001 0000 

  0x0000022c804ffe68: ;   {metadata(method data for {method} {0x0000022cd5415590} 'throwParameterIsNullNPE' '(Ljava/lang/String;)V' in 'kotlin/jvm/internal/Intrinsics')}
  0x0000022c804ffe68: 0148 ba38 | c55b d52c | 0200 008b | b2cc 0000 | 0083 c602 | 89b2 cc00 | 0000 81e6 | feff 1f00 
  0x0000022c804ffe88: 85f6 0f84 | 611b 0000 

  0x0000022c804ffe90: ;   {no_reloc}
  0x0000022c804ffe90: e98c 1b00 | 0000 0000 | 0000 498b | 87b8 0100 | 0048 8d78 | 3049 3bbf | c801 0000 | 0f87 791b 
  0x0000022c804ffeb0: 0000 4989 | bfb8 0100 | 0048 c700 | 0100 0000 | 488b ca49 | ba00 0000 | 942c 0200 | 0049 2bca 
  0x0000022c804ffed0: 8948 0848 | 33c9 8948 | 0c48 33c9 | 4889 4810 | 4889 4818 | 4889 4820 | 4889 4828 

  0x0000022c804ffeec: ;   {metadata(method data for {method} {0x0000022cd5415590} 'throwParameterIsNullNPE' '(Ljava/lang/String;)V' in 'kotlin/jvm/internal/Intrinsics')}
  0x0000022c804ffeec: 48ba 38c5 | 5bd5 2c02 | 0000 4883 | 8210 0100 

  0x0000022c804ffefc: ;   {oop("exception"{0x0000000701b53ee8})}
  0x0000022c804ffefc: 0001 48ba | e83e b501 | 0700 0000 | 4889 8424 | 1801 0000 | 0f1f 8000 

  0x0000022c804fff14: ;   {static_call}
  0x0000022c804fff14: 0000 00e8 

  0x0000022c804fff18: ; ImmutableOopMap {[176]=Oop [208]=Oop [216]=Oop [224]=Oop [232]=Oop [256]=Oop [280]=Oop [288]=Oop }
                      ;*invokestatic createParameterIsNullExceptionMessage {reexecute=0 rethrow=0 return_oop=0}
                      ; - kotlin.jvm.internal.Intrinsics::throwParameterIsNullNPE@5 (line 140)
                      ; - kotlin.jvm.internal.Intrinsics::checkNotNullParameter@5 (line 131)
                      ; - kotlin.Result$Failure::<init>@3
                      ; - kotlin.ResultKt::createFailure@11 (line 122)
                      ; - kotlinx.coroutines.DispatchedTask::run@273 (line 98)
  0x0000022c804fff18: 64f1 0707 

  0x0000022c804fff1c: ;   {other}
  0x0000022c804fff1c: 0f1f 8400 | 0c18 000e | 4c8b 8424 | 1801 0000 

  0x0000022c804fff2c: ;   {metadata(method data for {method} {0x0000022cd5415590} 'throwParameterIsNullNPE' '(Ljava/lang/String;)V' in 'kotlin/jvm/internal/Intrinsics')}
  0x0000022c804fff2c: 48ba 38c5 | 5bd5 2c02 | 0000 4883 | 8220 0100 | 0001 4c8b | c048 8b94 | 2418 0100 | 0066 0f1f 
  0x0000022c804fff4c: ;   {optimized virtual_call}
  0x0000022c804fff4c: 4400 00e8 

  0x0000022c804fff50: ; ImmutableOopMap {[176]=Oop [208]=Oop [216]=Oop [224]=Oop [232]=Oop [256]=Oop [280]=Oop [288]=Oop }
                      ;*invokespecial <init> {reexecute=0 rethrow=0 return_oop=0}
                      ; - kotlin.jvm.internal.Intrinsics::throwParameterIsNullNPE@8 (line 140)
                      ; - kotlin.jvm.internal.Intrinsics::checkNotNullParameter@5 (line 131)
                      ; - kotlin.Result$Failure::<init>@3
                      ; - kotlin.ResultKt::createFailure@11 (line 122)
                      ; - kotlinx.coroutines.DispatchedTask::run@273 (line 98)
  0x0000022c804fff50: 2ceb 0707 

  0x0000022c804fff54: ;   {other}
  0x0000022c804fff54: 0f1f 8400 | 4418 000f 

  0x0000022c804fff5c: ;   {metadata(method data for {method} {0x0000022cd5415590} 'throwParameterIsNullNPE' '(Ljava/lang/String;)V' in 'kotlin/jvm/internal/Intrinsics')}
  0x0000022c804fff5c: 48ba 38c5 | 5bd5 2c02 | 0000 4883 | 8230 0100 

  0x0000022c804fff6c: ;   {metadata(method data for {method} {0x0000022cd54164f8} 'sanitizeStackTrace' '(Ljava/lang/Throwable;)Ljava/lang/Throwable;' in 'kotlin/jvm/internal/Intrinsics')}
  0x0000022c804fff6c: 0001 48ba | 18cc 5bd5 | 2c02 0000 | 8bb2 cc00 | 0000 83c6 | 0289 b2cc | 0000 0081 | e6fe ff1f 
  0x0000022c804fff8c: 0085 f60f | 84a3 1a00 

  0x0000022c804fff94: ;   {oop(a 'java/lang/Class'{0x0000000701a54ca8} = 'kotlin/jvm/internal/Intrinsics')}
  0x0000022c804fff94: 0048 baa8 | 4ca5 0107 | 0000 0048 

  0x0000022c804fffa0: ;   {metadata(method data for {method} {0x0000022cd54164f8} 'sanitizeStackTrace' '(Ljava/lang/Throwable;)Ljava/lang/Throwable;' in 'kotlin/jvm/internal/Intrinsics')}
  0x0000022c804fffa0: 8bf2 48bf | 18cc 5bd5 | 2c02 0000 | 4883 8710 | 0100 0001 

  0x0000022c804fffb4: ;   {metadata(method data for {method} {0x0000022c9446b368} 'getName' '()Ljava/lang/String;' in 'java/lang/Class')}
  0x0000022c804fffb4: 48be f079 | 03d5 2c02 | 0000 8bbe | cc00 0000 | 83c7 0289 | becc 0000 | 0081 e7fe | ff1f 0085 
  0x0000022c804fffd4: ff0f 847e | 1a00 008b | 522c 48c1 | e203 4885 

  0x0000022c804fffe4: ;   {metadata(method data for {method} {0x0000022c9446b368} 'getName' '()Ljava/lang/String;' in 'java/lang/Class')}
  0x0000022c804fffe4: d248 bef0 | 7903 d52c | 0200 0048 | c7c7 1001 | 0000 7407 | 48c7 c720 | 0100 0048 | 8b1c 3e48 
  0x0000022c80500004: 8d5b 0148 | 891c 3e0f | 8418 0000 

  0x0000022c80500010: ;   {metadata(method data for {method} {0x0000022c9446b368} 'getName' '()Ljava/lang/String;' in 'java/lang/Class')}
  0x0000022c80500010: 0048 bef0 | 7903 d52c | 0200 00ff | 8630 0100 | 0048 8bf2 | e936 0000 

  0x0000022c80500028: ;   {oop(a 'java/lang/Class'{0x0000000701a54ca8} = 'kotlin/jvm/internal/Intrinsics')}
  0x0000022c80500028: 0048 baa8 | 4ca5 0107 | 0000 0048 

  0x0000022c80500034: ;   {metadata(method data for {method} {0x0000022c9446b368} 'getName' '()Ljava/lang/String;' in 'java/lang/Class')}
  0x0000022c80500034: 8bf2 48bf | f079 03d5 | 2c02 0000 | 4883 8748 | 0100 0001 | 0f1f 8000 

  0x0000022c8050004c: ;   {optimized virtual_call}
  0x0000022c8050004c: 0000 00e8 

  0x0000022c80500050: ; ImmutableOopMap {[176]=Oop [208]=Oop [216]=Oop [224]=Oop [232]=Oop [256]=Oop [280]=Oop [288]=Oop }
                      ;*invokevirtual initClassName {reexecute=0 rethrow=0 return_oop=0}
                      ; - java.lang.Class::getName@14 (line 950)
                      ; - kotlin.jvm.internal.Intrinsics::sanitizeStackTrace@3 (line 253)
                      ; - kotlin.jvm.internal.Intrinsics::throwParameterIsNullNPE@11 (line 140)
                      ; - kotlin.jvm.internal.Intrinsics::checkNotNullParameter@5 (line 131)
                      ; - kotlin.Result$Failure::<init>@3
                      ; - kotlin.ResultKt::createFailure@11 (line 122)
                      ; - kotlinx.coroutines.DispatchedTask::run@273 (line 98)
  0x0000022c80500050: 2cea 0707 

  0x0000022c80500054: ;   {other}
  0x0000022c80500054: 0f1f 8400 | 4419 0010 | 488b f048 | 8b84 2418 | 0100 00e9 | cb0f 0000 | 488b fb4c 

  0x0000022c80500070: ;   {metadata(method data for {method} {0x0000022cd550ee40} '<init>' '(Ljava/lang/Throwable;)V' in 'kotlin/Result$Failure')}
  0x0000022c80500070: 8bc0 48ba | 6806 d4d6 | 2c02 0000 | 4883 8220 | 0100 0001 

  0x0000022c80500084: ;   {metadata(method data for {method} {0x0000022c94476650} '<init>' '()V' in 'java/lang/Object')}
  0x0000022c80500084: 49b8 5068 | 00d5 2c02 | 0000 418b | 90cc 0000 | 0083 c202 | 4189 90cc | 0000 0081 | e2fe ff1f 
  0x0000022c805000a4: 0085 d20f | 84d2 1900 | 0045 0fbe | 4740 4585 | c00f 85e5 | 1900 004c | 8bd7 49c1 | ea03 4489 
  0x0000022c805000c4: 500c 4c8b | c04c 33c7 | 49c1 e815 | 4983 f800 | 0f85 e619 

  0x0000022c805000d8: ;   {metadata(method data for {method} {0x0000022cd55013b0} 'run' '()V' in 'kotlinx/coroutines/DispatchedTask')}
  0x0000022c805000d8: 0000 49b8 | 10a7 d4d6 | 2c02 0000 | 4983 8088 | 0700 0001 

  0x0000022c805000ec: ;   {metadata(method data for {method} {0x0000022cd550cf08} 'constructor-impl' '(Ljava/lang/Object;)Ljava/lang/Object;' in 'kotlin/Result')}
  0x0000022c805000ec: 49b8 0000 | ced6 2c02 | 0000 418b | 90cc 0000 | 0083 c202 | 4189 90cc | 0000 0081 | e2fe ff1f 
  0x0000022c8050010c: 0085 d20f | 84c3 1900 | 0048 8bb4 | 24d0 0000 

  0x0000022c8050011c: ;   {metadata(method data for {method} {0x0000022cd55013b0} 'run' '()V' in 'kotlinx/coroutines/DispatchedTask')}
  0x0000022c8050011c: 0049 b810 | a7d4 d62c | 0200 008b | 7608 49ba | 0000 0094 | 2c02 0000 | 4903 f249 | 3bb0 a807 
  0x0000022c8050013c: 0000 750d | 4983 80b0 | 0700 0001 | e960 0000 | 0049 3bb0 | b807 0000 | 750d 4983 | 80c0 0700 
  0x0000022c8050015c: 0001 e94a | 0000 0049 | 83b8 a807 | 0000 0075 | 1749 89b0 | a807 0000 | 49c7 80b0 | 0700 0001 
  0x0000022c8050017c: 0000 00e9 | 2900 0000 | 4983 b8b8 | 0700 0000 | 7517 4989 | b0b8 0700 | 0049 c780 | c007 0000 
  0x0000022c8050019c: 0100 0000 | e908 0000 | 0049 8380 | 9807 0000 | 014c 8bc0 | 488b 9424 | d000 0000 | 0f1f 4400 
  0x0000022c805001bc: 0048 b8f0 | 5a2b e02c 

  0x0000022c805001c4: ;   {virtual_call}
  0x0000022c805001c4: 0200 00e8 

  0x0000022c805001c8: ; ImmutableOopMap {[176]=Oop [216]=Oop [224]=Oop [232]=Oop }
                      ;*invokeinterface resumeWith {reexecute=0 rethrow=0 return_oop=0}
                      ; - kotlinx.coroutines.DispatchedTask::run@279 (line 98)
  0x0000022c805001c8: d471 1407 

  0x0000022c805001cc: ;   {other}
  0x0000022c805001cc: 0f1f 8400 | bc1a 0011 

  0x0000022c805001d4: ;   {metadata(method data for {method} {0x0000022cd55013b0} 'run' '()V' in 'kotlinx/coroutines/DispatchedTask')}
  0x0000022c805001d4: 49b8 10a7 | d4d6 2c02 | 0000 41ff | 80d0 0700 | 00e9 120b | 0000 488b | 9424 b000 

  0x0000022c805001f0: ;   {metadata(method data for {method} {0x0000022cd55013b0} 'run' '()V' in 'kotlinx/coroutines/DispatchedTask')}
  0x0000022c805001f0: 0000 49b8 | 10a7 d4d6 | 2c02 0000 | 8b52 0849 | ba00 0000 | 942c 0200 | 0049 03d2 | 493b 90f8 
  0x0000022c80500210: 0700 0075 | 0d49 8380 | 0008 0000 | 01e9 6000 | 0000 493b | 9008 0800 | 0075 0d49 | 8380 1008 
  0x0000022c80500230: 0000 01e9 | 4a00 0000 | 4983 b8f8 | 0700 0000 | 7517 4989 | 90f8 0700 | 0049 c780 | 0008 0000 
  0x0000022c80500250: 0100 0000 | e929 0000 | 0049 83b8 | 0808 0000 | 0075 1749 | 8990 0808 | 0000 49c7 | 8010 0800 
  0x0000022c80500270: 0001 0000 | 00e9 0800 | 0000 4983 | 80e8 0700 | 0001 4c8b | 8424 f800 | 0000 488b | 9424 b000 
  0x0000022c80500290: 0000 6666 | 9048 b8ff | ffff ffff 

  0x0000022c8050029c: ;   {virtual_call}
  0x0000022c8050029c: ffff ffe8 

  0x0000022c805002a0: ; ImmutableOopMap {[176]=Oop [208]=Oop [216]=Oop [224]=Oop [232]=Oop }
                      ;*invokevirtual getSuccessfulResult$kotlinx_coroutines_core {reexecute=0 rethrow=0 return_oop=0}
                      ; - kotlinx.coroutines.DispatchedTask::run@295 (line 100)
  0x0000022c805002a0: cc70 1407 

  0x0000022c805002a4: ;   {other}
  0x0000022c805002a4: 0f1f 8400 | 941b 0012 

  0x0000022c805002ac: ;   {metadata(method data for {method} {0x0000022cd55013b0} 'run' '()V' in 'kotlinx/coroutines/DispatchedTask')}
  0x0000022c805002ac: 49b8 10a7 | d4d6 2c02 | 0000 4983 | 8020 0800 

  0x0000022c805002bc: ;   {metadata(method data for {method} {0x0000022cd550cf08} 'constructor-impl' '(Ljava/lang/Object;)Ljava/lang/Object;' in 'kotlin/Result')}
  0x0000022c805002bc: 0001 49b8 | 0000 ced6 | 2c02 0000 | 418b 90cc | 0000 0083 | c202 4189 | 90cc 0000 | 0081 e2fe 
  0x0000022c805002dc: ff1f 0085 | d20f 8412 | 1800 0048 | 8bb4 24d0 

  0x0000022c805002ec: ;   {metadata(method data for {method} {0x0000022cd55013b0} 'run' '()V' in 'kotlinx/coroutines/DispatchedTask')}
  0x0000022c805002ec: 0000 0049 | b810 a7d4 | d62c 0200 | 008b 7608 | 49ba 0000 | 0094 2c02 | 0000 4903 | f249 3bb0 
  0x0000022c8050030c: 4008 0000 | 750d 4983 | 8048 0800 | 0001 e960 | 0000 0049 | 3bb0 5008 | 0000 750d | 4983 8058 
  0x0000022c8050032c: 0800 0001 | e94a 0000 | 0049 83b8 | 4008 0000 | 0075 1749 | 89b0 4008 | 0000 49c7 | 8048 0800 
  0x0000022c8050034c: 0001 0000 | 00e9 2900 | 0000 4983 | b850 0800 | 0000 7517 | 4989 b050 | 0800 0049 | c780 5808 
  0x0000022c8050036c: 0000 0100 | 0000 e908 | 0000 0049 | 8380 3008 | 0000 014c | 8bc0 488b | 9424 d000 | 0000 6666 
  0x0000022c8050038c: 9048 b8c0 | 5ebb e02c 

  0x0000022c80500394: ;   {virtual_call}
  0x0000022c80500394: 0200 00e8 

  0x0000022c80500398: ; ImmutableOopMap {[176]=Oop [216]=Oop [224]=Oop [232]=Oop }
                      ;*invokeinterface resumeWith {reexecute=0 rethrow=0 return_oop=0}
                      ; - kotlinx.coroutines.DispatchedTask::run@301 (line 100)
  0x0000022c80500398: 0470 1407 

  0x0000022c8050039c: ;   {other}
  0x0000022c8050039c: 0f1f 8400 | 8c1c 0013 | e953 0900 | 0048 8bb4 | 2408 0100 | 0048 85f6 | 0f84 2900 

  0x0000022c805003b8: ;   {metadata('kotlinx/coroutines/JobSupport')}
  0x0000022c805003b8: 0000 48b9 | 185c 0895 | 2c02 0000 | 8b5e 0849 | ba00 0000 | 942c 0200 | 0049 03da | 483b 4b38 
  0x0000022c805003d8: 0f85 3c17 | 0000 e900 | 0000 0048 | 8bd6 488b 

  0x0000022c805003e8: ;   {metadata(method data for {method} {0x0000022cd55013b0} 'run' '()V' in 'kotlinx/coroutines/DispatchedTask')}
  0x0000022c805003e8: d648 bf10 | a7d4 d62c | 0200 008b | 5208 49ba | 0000 0094 | 2c02 0000 | 4903 d248 | 3b97 f804 
  0x0000022c80500408: 0000 750d | 4883 8700 | 0500 0001 | e960 0000 | 0048 3b97 | 0805 0000 | 750d 4883 | 8710 0500 
  0x0000022c80500428: 0001 e94a | 0000 0048 | 83bf f804 | 0000 0075 | 1748 8997 | f804 0000 | 48c7 8700 | 0500 0001 
  0x0000022c80500448: 0000 00e9 | 2900 0000 | 4883 bf08 | 0500 0000 | 7517 4889 | 9708 0500 | 0048 c787 | 1005 0000 
  0x0000022c80500468: 0100 0000 | e908 0000 | 0048 8387 | e804 0000 | 0148 8bd6 

  0x0000022c8050047c: ;   {optimized virtual_call}
  0x0000022c8050047c: 6666 90e8 

  0x0000022c80500480: ; ImmutableOopMap {[176]=Oop [208]=Oop [216]=Oop [224]=Oop [232]=Oop [248]=Oop }
                      ;*invokeinterface getCancellationException {reexecute=0 rethrow=0 return_oop=0}
                      ; - kotlinx.coroutines.DispatchedTask::run@178 (line 93)
  0x0000022c80500480: 491a 0000 

  0x0000022c80500484: ;   {other}
  0x0000022c80500484: 0f1f 8400 | 741d 0014 | 4889 8424 | 2801 0000 | 488b 9424 | b000 0000 

  0x0000022c8050049c: ;   {metadata(method data for {method} {0x0000022cd55013b0} 'run' '()V' in 'kotlinx/coroutines/DispatchedTask')}
  0x0000022c8050049c: 49b8 10a7 | d4d6 2c02 | 0000 8b52 | 0849 ba00 | 0000 942c | 0200 0049 | 03d2 493b | 9068 0500 
  0x0000022c805004bc: 0075 0d49 | 8380 7005 | 0000 01e9 | 6000 0000 | 493b 9078 | 0500 0075 | 0d49 8380 | 8005 0000 
  0x0000022c805004dc: 01e9 4a00 | 0000 4983 | b868 0500 | 0000 7517 | 4989 9068 | 0500 0049 | c780 7005 | 0000 0100 
  0x0000022c805004fc: 0000 e929 | 0000 0049 | 83b8 7805 | 0000 0075 | 1749 8990 | 7805 0000 | 49c7 8080 | 0500 0001 
  0x0000022c8050051c: 0000 00e9 | 0800 0000 | 4983 8058 | 0500 0001 | 4c8b 8424 | f800 0000 | 4c8b c848 | 8b94 24b0 
  0x0000022c8050053c: 0000 0066 | 0f1f 4400 | 0048 b8ff | ffff ffff 

  0x0000022c8050054c: ;   {virtual_call}
  0x0000022c8050054c: ffff ffe8 

  0x0000022c80500550: ; ImmutableOopMap {[176]=Oop [208]=Oop [216]=Oop [224]=Oop [232]=Oop [296]=Oop }
                      ;*invokevirtual cancelCompletedResult$kotlinx_coroutines_core {reexecute=0 rethrow=0 return_oop=0}
                      ; - kotlinx.coroutines.DispatchedTask::run@193 (line 94)
  0x0000022c80500550: d43c 3007 

  0x0000022c80500554: ;   {other}
  0x0000022c80500554: 0f1f 8400 | 441e 0015 

  0x0000022c8050055c: ;   {metadata(method data for {method} {0x0000022cd55013b0} 'run' '()V' in 'kotlinx/coroutines/DispatchedTask')}
  0x0000022c8050055c: 48ba 10a7 | d4d6 2c02 | 0000 4883 | 8290 0500 

  0x0000022c8050056c: ;   {metadata(method data for {method} {0x0000022cd54de568} 'getRECOVER_STACK_TRACES' '()Z' in 'kotlinx/coroutines/DebugKt')}
  0x0000022c8050056c: 0001 48ba | 10bd d4d6 | 2c02 0000 | 8bb2 cc00 | 0000 83c6 | 0289 b2cc | 0000 0081 | e6fe ff1f 
  0x0000022c8050058c: 0085 f60f | 848a 1500 

  0x0000022c80500594: ;   {metadata(method data for {method} {0x0000022cd55013b0} 'run' '()V' in 'kotlinx/coroutines/DispatchedTask')}
  0x0000022c80500594: 0048 ba10 | a7d4 d62c | 0200 00ff | 82a0 0500 

  0x0000022c805005a4: ;   {metadata(method data for {method} {0x0000022cd55013b0} 'run' '()V' in 'kotlinx/coroutines/DispatchedTask')}
  0x0000022c805005a4: 0048 ba10 | a7d4 d62c | 0200 00ff | 8250 0600 | 0048 8b84 | 2428 0100 

  0x0000022c805005bc: ;   {metadata(method data for {method} {0x0000022cd55013b0} 'run' '()V' in 'kotlinx/coroutines/DispatchedTask')}
  0x0000022c805005bc: 0048 ba10 | a7d4 d62c | 0200 0048 | 8382 e806 

  0x0000022c805005cc: ;   {metadata(method data for {method} {0x0000022cd551ff70} 'createFailure' '(Ljava/lang/Throwable;)Ljava/lang/Object;' in 'kotlin/ResultKt')}
  0x0000022c805005cc: 0000 0148 | baf8 04d4 | d62c 0200 | 008b b2cc | 0000 0083 | c602 89b2 | cc00 0000 | 81e6 feff 
  0x0000022c805005ec: 1f00 85f6 | 0f84 4a15 

  0x0000022c805005f4: ;   {metadata(method data for {method} {0x0000022cd551ff70} 'createFailure' '(Ljava/lang/Throwable;)Ljava/lang/Object;' in 'kotlin/ResultKt')}
  0x0000022c805005f4: 0000 48ba | f804 d4d6 | 2c02 0000 | 4883 8210 | 0100 0001 

  0x0000022c80500608: ;   {metadata(method data for {method} {0x0000022cd5415410} 'checkNotNullParameter' '(Ljava/lang/Object;Ljava/lang/String;)V' in 'kotlin/jvm/internal/Intrinsics')}
  0x0000022c80500608: 48ba b0c3 | 5bd5 2c02 | 0000 8bb2 | cc00 0000 | 83c6 0289 | b2cc 0000 | 0081 e6fe | ff1f 0085 
  0x0000022c80500628: f60f 8432 | 1500 0048 

  0x0000022c80500630: ;   {metadata(method data for {method} {0x0000022cd5415410} 'checkNotNullParameter' '(Ljava/lang/Object;Ljava/lang/String;)V' in 'kotlin/jvm/internal/Intrinsics')}
  0x0000022c80500630: 85c0 48ba | b0c3 5bd5 | 2c02 0000 | 48c7 c610 | 0100 0075 | 0748 c7c6 | 2001 0000 | 488b 3c32 
  0x0000022c80500650: 488d 7f01 | 4889 3c32 | 0f85 1602 

  0x0000022c8050065c: ;   {metadata(method data for {method} {0x0000022cd5415410} 'checkNotNullParameter' '(Ljava/lang/Object;Ljava/lang/String;)V' in 'kotlin/jvm/internal/Intrinsics')}
  0x0000022c8050065c: 0000 48ba | b0c3 5bd5 | 2c02 0000 | 4883 8230 | 0100 0001 

  0x0000022c80500670: ;   {metadata(method data for {method} {0x0000022cd5415590} 'throwParameterIsNullNPE' '(Ljava/lang/String;)V' in 'kotlin/jvm/internal/Intrinsics')}
  0x0000022c80500670: 48ba 38c5 | 5bd5 2c02 | 0000 8bb2 | cc00 0000 | 83c6 0289 | b2cc 0000 | 0081 e6fe | ff1f 0085 
  0x0000022c80500690: f60f 84eb | 1400 0090 

  0x0000022c80500698: ;   {no_reloc}
  0x0000022c80500698: e915 1500 | 0000 0000 | 0000 498b | 87b8 0100 | 0048 8d78 | 3049 3bbf | c801 0000 | 0f87 0215 
  0x0000022c805006b8: 0000 4989 | bfb8 0100 | 0048 c700 | 0100 0000 | 488b ca49 | ba00 0000 | 942c 0200 | 0049 2bca 
  0x0000022c805006d8: 8948 0848 | 33c9 8948 | 0c48 33c9 | 4889 4810 | 4889 4818 | 4889 4820 | 4889 4828 

  0x0000022c805006f4: ;   {metadata(method data for {method} {0x0000022cd5415590} 'throwParameterIsNullNPE' '(Ljava/lang/String;)V' in 'kotlin/jvm/internal/Intrinsics')}
  0x0000022c805006f4: 48ba 38c5 | 5bd5 2c02 | 0000 4883 | 8210 0100 

  0x0000022c80500704: ;   {oop("exception"{0x0000000701b53ee8})}
  0x0000022c80500704: 0001 48ba | e83e b501 | 0700 0000 | 4889 8424 | 3001 0000 | 0f1f 8000 

  0x0000022c8050071c: ;   {static_call}
  0x0000022c8050071c: 0000 00e8 

  0x0000022c80500720: ; ImmutableOopMap {[176]=Oop [208]=Oop [216]=Oop [224]=Oop [232]=Oop [296]=Oop [304]=Oop }
                      ;*invokestatic createParameterIsNullExceptionMessage {reexecute=0 rethrow=0 return_oop=0}
                      ; - kotlin.jvm.internal.Intrinsics::throwParameterIsNullNPE@5 (line 140)
                      ; - kotlin.jvm.internal.Intrinsics::checkNotNullParameter@5 (line 131)
                      ; - kotlin.ResultKt::createFailure@3
                      ; - kotlinx.coroutines.DispatchedTask::run@246 (line 232)
  0x0000022c80500720: 5ce9 0707 

  0x0000022c80500724: ;   {other}
  0x0000022c80500724: 0f1f 8400 | 1420 0016 | 4c8b 8424 | 3001 0000 

  0x0000022c80500734: ;   {metadata(method data for {method} {0x0000022cd5415590} 'throwParameterIsNullNPE' '(Ljava/lang/String;)V' in 'kotlin/jvm/internal/Intrinsics')}
  0x0000022c80500734: 48ba 38c5 | 5bd5 2c02 | 0000 4883 | 8220 0100 | 0001 4c8b | c048 8b94 | 2430 0100 | 0066 0f1f 
  0x0000022c80500754: ;   {optimized virtual_call}
  0x0000022c80500754: 4400 00e8 

  0x0000022c80500758: ; ImmutableOopMap {[176]=Oop [208]=Oop [216]=Oop [224]=Oop [232]=Oop [296]=Oop [304]=Oop }
                      ;*invokespecial <init> {reexecute=0 rethrow=0 return_oop=0}
                      ; - kotlin.jvm.internal.Intrinsics::throwParameterIsNullNPE@8 (line 140)
                      ; - kotlin.jvm.internal.Intrinsics::checkNotNullParameter@5 (line 131)
                      ; - kotlin.ResultKt::createFailure@3
                      ; - kotlinx.coroutines.DispatchedTask::run@246 (line 232)
  0x0000022c80500758: 24e3 0707 

  0x0000022c8050075c: ;   {other}
  0x0000022c8050075c: 0f1f 8400 | 4c20 0017 

  0x0000022c80500764: ;   {metadata(method data for {method} {0x0000022cd5415590} 'throwParameterIsNullNPE' '(Ljava/lang/String;)V' in 'kotlin/jvm/internal/Intrinsics')}
  0x0000022c80500764: 48ba 38c5 | 5bd5 2c02 | 0000 4883 | 8230 0100 

  0x0000022c80500774: ;   {metadata(method data for {method} {0x0000022cd54164f8} 'sanitizeStackTrace' '(Ljava/lang/Throwable;)Ljava/lang/Throwable;' in 'kotlin/jvm/internal/Intrinsics')}
  0x0000022c80500774: 0001 48ba | 18cc 5bd5 | 2c02 0000 | 8bb2 cc00 | 0000 83c6 | 0289 b2cc | 0000 0081 | e6fe ff1f 
  0x0000022c80500794: 0085 f60f | 842c 1400 

  0x0000022c8050079c: ;   {oop(a 'java/lang/Class'{0x0000000701a54ca8} = 'kotlin/jvm/internal/Intrinsics')}
  0x0000022c8050079c: 0048 baa8 | 4ca5 0107 | 0000 0048 

  0x0000022c805007a8: ;   {metadata(method data for {method} {0x0000022cd54164f8} 'sanitizeStackTrace' '(Ljava/lang/Throwable;)Ljava/lang/Throwable;' in 'kotlin/jvm/internal/Intrinsics')}
  0x0000022c805007a8: 8bf2 48bf | 18cc 5bd5 | 2c02 0000 | 4883 8710 | 0100 0001 

  0x0000022c805007bc: ;   {metadata(method data for {method} {0x0000022c9446b368} 'getName' '()Ljava/lang/String;' in 'java/lang/Class')}
  0x0000022c805007bc: 48be f079 | 03d5 2c02 | 0000 8bbe | cc00 0000 | 83c7 0289 | becc 0000 | 0081 e7fe | ff1f 0085 
  0x0000022c805007dc: ff0f 8407 | 1400 008b | 522c 48c1 | e203 4885 

  0x0000022c805007ec: ;   {metadata(method data for {method} {0x0000022c9446b368} 'getName' '()Ljava/lang/String;' in 'java/lang/Class')}
  0x0000022c805007ec: d248 bef0 | 7903 d52c | 0200 0048 | c7c7 1001 | 0000 7407 | 48c7 c720 | 0100 0048 | 8b1c 3e48 
  0x0000022c8050080c: 8d5b 0148 | 891c 3e0f | 8418 0000 

  0x0000022c80500818: ;   {metadata(method data for {method} {0x0000022c9446b368} 'getName' '()Ljava/lang/String;' in 'java/lang/Class')}
  0x0000022c80500818: 0048 bef0 | 7903 d52c | 0200 00ff | 8630 0100 | 0048 8bf2 | e936 0000 

  0x0000022c80500830: ;   {oop(a 'java/lang/Class'{0x0000000701a54ca8} = 'kotlin/jvm/internal/Intrinsics')}
  0x0000022c80500830: 0048 baa8 | 4ca5 0107 | 0000 0048 

  0x0000022c8050083c: ;   {metadata(method data for {method} {0x0000022c9446b368} 'getName' '()Ljava/lang/String;' in 'java/lang/Class')}
  0x0000022c8050083c: 8bf2 48bf | f079 03d5 | 2c02 0000 | 4883 8748 | 0100 0001 | 0f1f 8000 

  0x0000022c80500854: ;   {optimized virtual_call}
  0x0000022c80500854: 0000 00e8 

  0x0000022c80500858: ; ImmutableOopMap {[176]=Oop [208]=Oop [216]=Oop [224]=Oop [232]=Oop [296]=Oop [304]=Oop }
                      ;*invokevirtual initClassName {reexecute=0 rethrow=0 return_oop=0}
                      ; - java.lang.Class::getName@14 (line 950)
                      ; - kotlin.jvm.internal.Intrinsics::sanitizeStackTrace@3 (line 253)
                      ; - kotlin.jvm.internal.Intrinsics::throwParameterIsNullNPE@11 (line 140)
                      ; - kotlin.jvm.internal.Intrinsics::checkNotNullParameter@5 (line 131)
                      ; - kotlin.ResultKt::createFailure@3
                      ; - kotlinx.coroutines.DispatchedTask::run@246 (line 232)
  0x0000022c80500858: 24e2 0707 

  0x0000022c8050085c: ;   {other}
  0x0000022c8050085c: 0f1f 8400 | 4c21 0018 | 488b f048 | 8b84 2430 | 0100 00e9 | 9b06 0000 

  0x0000022c80500874: ;   {metadata('kotlin/Result$Failure')}
  0x0000022c80500874: 48ba 48ea | 0895 2c02 | 0000 488b | d849 8b87 | b801 0000 | 488d 7810 | 493b bfc8 | 0100 000f 
  0x0000022c80500894: 8777 1300 | 0049 89bf | b801 0000 | 48c7 0001 | 0000 0048 | 8bca 49ba | 0000 0094 | 2c02 0000 
  0x0000022c805008b4: 492b ca89 | 4808 4833 | c989 480c | 4833 c948 | 8984 2440 | 0100 0048 

  0x0000022c805008cc: ;   {metadata(method data for {method} {0x0000022cd551ff70} 'createFailure' '(Ljava/lang/Throwable;)Ljava/lang/Object;' in 'kotlin/ResultKt')}
  0x0000022c805008cc: 8bd0 48be | f804 d4d6 | 2c02 0000 | 4883 8620 | 0100 0001 

  0x0000022c805008e0: ;   {metadata(method data for {method} {0x0000022cd550ee40} '<init>' '(Ljava/lang/Throwable;)V' in 'kotlin/Result$Failure')}
  0x0000022c805008e0: 48ba 6806 | d4d6 2c02 | 0000 8bb2 | cc00 0000 | 83c6 0289 | b2cc 0000 | 0081 e6fe | ff1f 0085 
  0x0000022c80500900: f60f 8416 

  0x0000022c80500904: ;   {metadata(method data for {method} {0x0000022cd550ee40} '<init>' '(Ljava/lang/Throwable;)V' in 'kotlin/Result$Failure')}
  0x0000022c80500904: 1300 0048 | ba68 06d4 | d62c 0200 | 0048 8382 | 1001 0000 

  0x0000022c80500918: ;   {metadata(method data for {method} {0x0000022cd5415410} 'checkNotNullParameter' '(Ljava/lang/Object;Ljava/lang/String;)V' in 'kotlin/jvm/internal/Intrinsics')}
  0x0000022c80500918: 0148 bab0 | c35b d52c | 0200 008b | b2cc 0000 | 0083 c602 | 89b2 cc00 | 0000 81e6 | feff 1f00 
  0x0000022c80500938: 85f6 0f84 | fe12 0000 

  0x0000022c80500940: ;   {metadata(method data for {method} {0x0000022cd5415410} 'checkNotNullParameter' '(Ljava/lang/Object;Ljava/lang/String;)V' in 'kotlin/jvm/internal/Intrinsics')}
  0x0000022c80500940: 4885 db48 | bab0 c35b | d52c 0200 | 0048 c7c6 | 1001 0000 | 7507 48c7 | c620 0100 | 0048 8b3c 
  0x0000022c80500960: 3248 8d7f | 0148 893c | 320f 8515 

  0x0000022c8050096c: ;   {metadata(method data for {method} {0x0000022cd5415410} 'checkNotNullParameter' '(Ljava/lang/Object;Ljava/lang/String;)V' in 'kotlin/jvm/internal/Intrinsics')}
  0x0000022c8050096c: 0200 0048 | bab0 c35b | d52c 0200 | 0048 8382 | 3001 0000 

  0x0000022c80500980: ;   {metadata(method data for {method} {0x0000022cd5415590} 'throwParameterIsNullNPE' '(Ljava/lang/String;)V' in 'kotlin/jvm/internal/Intrinsics')}
  0x0000022c80500980: 0148 ba38 | c55b d52c | 0200 008b | b2cc 0000 | 0083 c602 | 89b2 cc00 | 0000 81e6 | feff 1f00 
  0x0000022c805009a0: 85f6 0f84 | b712 0000 

  0x0000022c805009a8: ;   {no_reloc}
  0x0000022c805009a8: e9e2 1200 | 0000 0000 | 0000 498b | 87b8 0100 | 0048 8d78 | 3049 3bbf | c801 0000 | 0f87 cf12 
  0x0000022c805009c8: 0000 4989 | bfb8 0100 | 0048 c700 | 0100 0000 | 488b ca49 | ba00 0000 | 942c 0200 | 0049 2bca 
  0x0000022c805009e8: 8948 0848 | 33c9 8948 | 0c48 33c9 | 4889 4810 | 4889 4818 | 4889 4820 | 4889 4828 

  0x0000022c80500a04: ;   {metadata(method data for {method} {0x0000022cd5415590} 'throwParameterIsNullNPE' '(Ljava/lang/String;)V' in 'kotlin/jvm/internal/Intrinsics')}
  0x0000022c80500a04: 48ba 38c5 | 5bd5 2c02 | 0000 4883 | 8210 0100 

  0x0000022c80500a14: ;   {oop("exception"{0x0000000701b53ee8})}
  0x0000022c80500a14: 0001 48ba | e83e b501 | 0700 0000 | 4889 8424 | 3801 0000 | 0f1f 8000 

  0x0000022c80500a2c: ;   {static_call}
  0x0000022c80500a2c: 0000 00e8 

  0x0000022c80500a30: ; ImmutableOopMap {[176]=Oop [208]=Oop [216]=Oop [224]=Oop [232]=Oop [296]=Oop [312]=Oop [320]=Oop }
                      ;*invokestatic createParameterIsNullExceptionMessage {reexecute=0 rethrow=0 return_oop=0}
                      ; - kotlin.jvm.internal.Intrinsics::throwParameterIsNullNPE@5 (line 140)
                      ; - kotlin.jvm.internal.Intrinsics::checkNotNullParameter@5 (line 131)
                      ; - kotlin.Result$Failure::<init>@3
                      ; - kotlin.ResultKt::createFailure@11 (line 122)
                      ; - kotlinx.coroutines.DispatchedTask::run@246 (line 232)
  0x0000022c80500a30: 4ce6 0707 

  0x0000022c80500a34: ;   {other}
  0x0000022c80500a34: 0f1f 8400 | 2423 0019 | 4c8b 8424 | 3801 0000 

  0x0000022c80500a44: ;   {metadata(method data for {method} {0x0000022cd5415590} 'throwParameterIsNullNPE' '(Ljava/lang/String;)V' in 'kotlin/jvm/internal/Intrinsics')}
  0x0000022c80500a44: 48ba 38c5 | 5bd5 2c02 | 0000 4883 | 8220 0100 | 0001 4c8b | c048 8b94 | 2438 0100 | 0066 0f1f 
  0x0000022c80500a64: ;   {optimized virtual_call}
  0x0000022c80500a64: 4400 00e8 

  0x0000022c80500a68: ; ImmutableOopMap {[176]=Oop [208]=Oop [216]=Oop [224]=Oop [232]=Oop [296]=Oop [312]=Oop [320]=Oop }
                      ;*invokespecial <init> {reexecute=0 rethrow=0 return_oop=0}
                      ; - kotlin.jvm.internal.Intrinsics::throwParameterIsNullNPE@8 (line 140)
                      ; - kotlin.jvm.internal.Intrinsics::checkNotNullParameter@5 (line 131)
                      ; - kotlin.Result$Failure::<init>@3
                      ; - kotlin.ResultKt::createFailure@11 (line 122)
                      ; - kotlinx.coroutines.DispatchedTask::run@246 (line 232)
  0x0000022c80500a68: 14e0 0707 

  0x0000022c80500a6c: ;   {other}
  0x0000022c80500a6c: 0f1f 8400 | 5c23 001a 

  0x0000022c80500a74: ;   {metadata(method data for {method} {0x0000022cd5415590} 'throwParameterIsNullNPE' '(Ljava/lang/String;)V' in 'kotlin/jvm/internal/Intrinsics')}
  0x0000022c80500a74: 48ba 38c5 | 5bd5 2c02 | 0000 4883 | 8230 0100 

  0x0000022c80500a84: ;   {metadata(method data for {method} {0x0000022cd54164f8} 'sanitizeStackTrace' '(Ljava/lang/Throwable;)Ljava/lang/Throwable;' in 'kotlin/jvm/internal/Intrinsics')}
  0x0000022c80500a84: 0001 48ba | 18cc 5bd5 | 2c02 0000 | 8bb2 cc00 | 0000 83c6 | 0289 b2cc | 0000 0081 | e6fe ff1f 
  0x0000022c80500aa4: 0085 f60f | 84f9 1100 

  0x0000022c80500aac: ;   {oop(a 'java/lang/Class'{0x0000000701a54ca8} = 'kotlin/jvm/internal/Intrinsics')}
  0x0000022c80500aac: 0048 baa8 | 4ca5 0107 | 0000 0048 

  0x0000022c80500ab8: ;   {metadata(method data for {method} {0x0000022cd54164f8} 'sanitizeStackTrace' '(Ljava/lang/Throwable;)Ljava/lang/Throwable;' in 'kotlin/jvm/internal/Intrinsics')}
  0x0000022c80500ab8: 8bf2 48bf | 18cc 5bd5 | 2c02 0000 | 4883 8710 | 0100 0001 

  0x0000022c80500acc: ;   {metadata(method data for {method} {0x0000022c9446b368} 'getName' '()Ljava/lang/String;' in 'java/lang/Class')}
  0x0000022c80500acc: 48be f079 | 03d5 2c02 | 0000 8bbe | cc00 0000 | 83c7 0289 | becc 0000 | 0081 e7fe | ff1f 0085 
  0x0000022c80500aec: ff0f 84d4 | 1100 008b | 522c 48c1 | e203 4885 

  0x0000022c80500afc: ;   {metadata(method data for {method} {0x0000022c9446b368} 'getName' '()Ljava/lang/String;' in 'java/lang/Class')}
  0x0000022c80500afc: d248 bef0 | 7903 d52c | 0200 0048 | c7c7 1001 | 0000 7407 | 48c7 c720 | 0100 0048 | 8b1c 3e48 
  0x0000022c80500b1c: 8d5b 0148 | 891c 3e0f | 8418 0000 

  0x0000022c80500b28: ;   {metadata(method data for {method} {0x0000022c9446b368} 'getName' '()Ljava/lang/String;' in 'java/lang/Class')}
  0x0000022c80500b28: 0048 bef0 | 7903 d52c | 0200 00ff | 8630 0100 | 0048 8bf2 | e936 0000 

  0x0000022c80500b40: ;   {oop(a 'java/lang/Class'{0x0000000701a54ca8} = 'kotlin/jvm/internal/Intrinsics')}
  0x0000022c80500b40: 0048 baa8 | 4ca5 0107 | 0000 0048 

  0x0000022c80500b4c: ;   {metadata(method data for {method} {0x0000022c9446b368} 'getName' '()Ljava/lang/String;' in 'java/lang/Class')}
  0x0000022c80500b4c: 8bf2 48bf | f079 03d5 | 2c02 0000 | 4883 8748 | 0100 0001 | 0f1f 8000 

  0x0000022c80500b64: ;   {optimized virtual_call}
  0x0000022c80500b64: 0000 00e8 

  0x0000022c80500b68: ; ImmutableOopMap {[176]=Oop [208]=Oop [216]=Oop [224]=Oop [232]=Oop [296]=Oop [312]=Oop [320]=Oop }
                      ;*invokevirtual initClassName {reexecute=0 rethrow=0 return_oop=0}
                      ; - java.lang.Class::getName@14 (line 950)
                      ; - kotlin.jvm.internal.Intrinsics::sanitizeStackTrace@3 (line 253)
                      ; - kotlin.jvm.internal.Intrinsics::throwParameterIsNullNPE@11 (line 140)
                      ; - kotlin.jvm.internal.Intrinsics::checkNotNullParameter@5 (line 131)
                      ; - kotlin.Result$Failure::<init>@3
                      ; - kotlin.ResultKt::createFailure@11 (line 122)
                      ; - kotlinx.coroutines.DispatchedTask::run@246 (line 232)
  0x0000022c80500b68: 14df 0707 

  0x0000022c80500b6c: ;   {other}
  0x0000022c80500b6c: 0f1f 8400 | 5c24 001b | 488b f048 | 8b84 2438 | 0100 00e9 | 5e02 0000 | 488b fb4c 

  0x0000022c80500b88: ;   {metadata(method data for {method} {0x0000022cd550ee40} '<init>' '(Ljava/lang/Throwable;)V' in 'kotlin/Result$Failure')}
  0x0000022c80500b88: 8bc0 48ba | 6806 d4d6 | 2c02 0000 | 4883 8220 | 0100 0001 

  0x0000022c80500b9c: ;   {metadata(method data for {method} {0x0000022c94476650} '<init>' '()V' in 'java/lang/Object')}
  0x0000022c80500b9c: 49b8 5068 | 00d5 2c02 | 0000 418b | 90cc 0000 | 0083 c202 | 4189 90cc | 0000 0081 | e2fe ff1f 
  0x0000022c80500bbc: 0085 d20f | 8428 1100 | 0045 0fbe | 4740 4585 | c00f 853b | 1100 004c | 8bd7 49c1 | ea03 4489 
  0x0000022c80500bdc: 500c 4c8b | c04c 33c7 | 49c1 e815 | 4983 f800 | 0f85 3c11 

  0x0000022c80500bf0: ;   {metadata(method data for {method} {0x0000022cd55013b0} 'run' '()V' in 'kotlinx/coroutines/DispatchedTask')}
  0x0000022c80500bf0: 0000 49b8 | 10a7 d4d6 | 2c02 0000 | 4983 80f8 | 0600 0001 

  0x0000022c80500c04: ;   {metadata(method data for {method} {0x0000022cd550cf08} 'constructor-impl' '(Ljava/lang/Object;)Ljava/lang/Object;' in 'kotlin/Result')}
  0x0000022c80500c04: 49b8 0000 | ced6 2c02 | 0000 418b | 90cc 0000 | 0083 c202 | 4189 90cc | 0000 0081 | e2fe ff1f 
  0x0000022c80500c24: 0085 d20f | 8419 1100 | 0048 8bb4 | 24d0 0000 

  0x0000022c80500c34: ;   {metadata(method data for {method} {0x0000022cd55013b0} 'run' '()V' in 'kotlinx/coroutines/DispatchedTask')}
  0x0000022c80500c34: 0049 b810 | a7d4 d62c | 0200 008b | 7608 49ba | 0000 0094 | 2c02 0000 | 4903 f249 | 3bb0 1807 
  0x0000022c80500c54: 0000 750d | 4983 8020 | 0700 0001 | e960 0000 | 0049 3bb0 | 2807 0000 | 750d 4983 | 8030 0700 
  0x0000022c80500c74: 0001 e94a | 0000 0049 | 83b8 1807 | 0000 0075 | 1749 89b0 | 1807 0000 | 49c7 8020 | 0700 0001 
  0x0000022c80500c94: 0000 00e9 | 2900 0000 | 4983 b828 | 0700 0000 | 7517 4989 | b028 0700 | 0049 c780 | 3007 0000 
  0x0000022c80500cb4: 0100 0000 | e908 0000 | 0049 8380 | 0807 0000 | 014c 8bc0 | 488b 9424 | d000 0000 | 0f1f 4400 
  0x0000022c80500cd4: 0048 b8e0 | 23bb e02c 

  0x0000022c80500cdc: ;   {virtual_call}
  0x0000022c80500cdc: 0200 00e8 

  0x0000022c80500ce0: ; ImmutableOopMap {[176]=Oop [216]=Oop [224]=Oop [232]=Oop }
                      ;*invokeinterface resumeWith {reexecute=0 rethrow=0 return_oop=0}
                      ; - kotlinx.coroutines.DispatchedTask::run@252 (line 232)
  0x0000022c80500ce0: bc66 1407 

  0x0000022c80500ce4: ;   {other}
  0x0000022c80500ce4: 0f1f 8400 | d425 001c 

  0x0000022c80500cec: ;   {metadata(method data for {method} {0x0000022cd55013b0} 'run' '()V' in 'kotlinx/coroutines/DispatchedTask')}
  0x0000022c80500cec: 48ba 10a7 | d4d6 2c02 | 0000 ff82 | 4007 0000 | 488b 8424 | e800 0000 

  0x0000022c80500d04: ;   {metadata(method data for {method} {0x0000022cd55013b0} 'run' '()V' in 'kotlinx/coroutines/DispatchedTask')}
  0x0000022c80500d04: 4885 c048 | ba10 a7d4 | d62c 0200 | 0048 c7c6 | 6808 0000 | 7407 48c7 | c678 0800 | 0048 8b3c 
  0x0000022c80500d24: 3248 8d7f | 0148 893c | 320f 8457 | 0000 0048 | 3b00 488b 

  0x0000022c80500d38: ;   {metadata(method data for {method} {0x0000022cd55013b0} 'run' '()V' in 'kotlinx/coroutines/DispatchedTask')}
  0x0000022c80500d38: d048 be10 | a7d4 d62c | 0200 0048 | 8386 8808 | 0000 0148 

  0x0000022c80500d4c: ;   {optimized virtual_call}
  0x0000022c80500d4c: 8bd0 90e8 

  0x0000022c80500d50: ; ImmutableOopMap {[176]=Oop [216]=Oop [224]=Oop }
                      ;*invokevirtual clearThreadContext {reexecute=0 rethrow=0 return_oop=0}
                      ; - kotlinx.coroutines.DispatchedTask::run@319 (line 236)
  0x0000022c80500d50: 2cdd 0707 

  0x0000022c80500d54: ;   {other}
  0x0000022c80500d54: 0f1f 8400 | 4426 001d 

  0x0000022c80500d5c: ;   {metadata(method data for {method} {0x0000022cd55013b0} 'run' '()V' in 'kotlinx/coroutines/DispatchedTask')}
  0x0000022c80500d5c: 85c0 48ba | 10a7 d4d6 | 2c02 0000 | 49c7 c0c0 | 0800 0074 | 0749 c7c0 | d008 0000 | 4a8b 3402 
  0x0000022c80500d7c: 488d 7601 | 4a89 3402 | 0f84 3200 

  0x0000022c80500d88: ;   {metadata(method data for {method} {0x0000022cd55013b0} 'run' '()V' in 'kotlinx/coroutines/DispatchedTask')}
  0x0000022c80500d88: 0000 48ba | 10a7 d4d6 | 2c02 0000 | 4883 82e0 | 0800 0001 | 488b 9424 | d800 0000 | 4c8b 8424 
  0x0000022c80500da8: e000 0000 

  0x0000022c80500dac: ;   {static_call}
  0x0000022c80500dac: 6666 90e8 

  0x0000022c80500db0: ; ImmutableOopMap {[176]=Oop }
                      ;*invokestatic restoreThreadContext {reexecute=0 rethrow=0 return_oop=0}
                      ; - kotlinx.coroutines.DispatchedTask::run@329 (line 237)
  0x0000022c80500db0: 4ca6 ffff 

  0x0000022c80500db4: ;   {other}
  0x0000022c80500db4: 0f1f 8400 | a426 001e 

  0x0000022c80500dbc: ;   {metadata(method data for {method} {0x0000022cd55013b0} 'run' '()V' in 'kotlinx/coroutines/DispatchedTask')}
  0x0000022c80500dbc: 48ba 10a7 | d4d6 2c02 | 0000 ff82 | f008 0000 | 4881 c470 | 0100 005d 

  0x0000022c80500dd4: ;   {poll_return}
  0x0000022c80500dd4: 493b a748 | 0400 000f | 878b 0f00 

  0x0000022c80500de0: ;   {metadata(method data for {method} {0x0000022cd54164f8} 'sanitizeStackTrace' '(Ljava/lang/Throwable;)Ljava/lang/Throwable;' in 'kotlin/jvm/internal/Intrinsics')}
  0x0000022c80500de0: 00c3 48ba | 18cc 5bd5 | 2c02 0000 | 4883 8248 | 0100 0001 | 488b d04c | 8bc6 0f1f 

  0x0000022c80500dfc: ;   {static_call}
  0x0000022c80500dfc: 4400 00e8 

  0x0000022c80500e00: ; ImmutableOopMap {[176]=Oop [208]=Oop [216]=Oop [224]=Oop [232]=Oop [296]=Oop [320]=Oop }
                      ;*invokestatic sanitizeStackTrace {reexecute=0 rethrow=0 return_oop=0}
                      ; - kotlin.jvm.internal.Intrinsics::sanitizeStackTrace@6 (line 253)
                      ; - kotlin.jvm.internal.Intrinsics::throwParameterIsNullNPE@11 (line 140)
                      ; - kotlin.jvm.internal.Intrinsics::checkNotNullParameter@5 (line 131)
                      ; - kotlin.Result$Failure::<init>@3
                      ; - kotlin.ResultKt::createFailure@11 (line 122)
                      ; - kotlinx.coroutines.DispatchedTask::run@246 (line 232)
  0x0000022c80500e00: 7ce2 0707 

  0x0000022c80500e04: ;   {other}
  0x0000022c80500e04: 0f1f 8400 | f426 001f | 4c8b 8424 | 4001 0000 | 4885 c075 

  0x0000022c80500e18: ;   {metadata(method data for {method} {0x0000022cd5415590} 'throwParameterIsNullNPE' '(Ljava/lang/String;)V' in 'kotlin/jvm/internal/Intrinsics')}
  0x0000022c80500e18: 1648 be38 | c55b d52c | 0200 0080 | 8e39 0100 | 0001 e9cd 

  0x0000022c80500e2c: ;   {metadata('java/lang/NullPointerException')}
  0x0000022c80500e2c: 0000 0048 | bf88 cd06 | 942c 0200 | 008b 7008 | 49ba 0000 | 0094 2c02 | 0000 4903 | f248 3b7e 
  0x0000022c80500e4c: 500f 858d 

  0x0000022c80500e50: ;   {metadata(method data for {method} {0x0000022cd5415590} 'throwParameterIsNullNPE' '(Ljava/lang/String;)V' in 'kotlin/jvm/internal/Intrinsics')}
  0x0000022c80500e50: 0000 0048 | be38 c55b | d52c 0200 | 008b 7808 | 49ba 0000 | 0094 2c02 | 0000 4903 | fa48 3bbe 
  0x0000022c80500e70: 5001 0000 | 750d 4883 | 8658 0100 | 0001 e979 | 0000 0048 | 3bbe 6001 | 0000 750d | 4883 8668 
  0x0000022c80500e90: 0100 0001 | e963 0000 | 0048 83be | 5001 0000 | 0075 1748 | 89be 5001 | 0000 48c7 | 8658 0100 
  0x0000022c80500eb0: 0001 0000 | 00e9 4200 | 0000 4883 | be60 0100 | 0000 7517 | 4889 be60 | 0100 0048 | c786 6801 
  0x0000022c80500ed0: 0000 0100 | 0000 e921 | 0000 00e9 | 1c00 0000 

  0x0000022c80500ee0: ;   {metadata(method data for {method} {0x0000022cd5415590} 'throwParameterIsNullNPE' '(Ljava/lang/String;)V' in 'kotlin/jvm/internal/Intrinsics')}
  0x0000022c80500ee0: 48be 38c5 | 5bd5 2c02 | 0000 4883 | ae40 0100 | 0001 e98b | 0e00 00e9 | 0000 0000 

  0x0000022c80500efc: ; implicit exception: dispatches to 0x0000022c80501d8b
                      ; ImmutableOopMap {r8=Oop rax=Oop [176]=Oop [208]=Oop [216]=Oop [224]=Oop [232]=Oop [296]=Oop [320]=Oop }
                      ;*athrow {reexecute=1 rethrow=0 return_oop=0}
                      ; - (reexecute) kotlin.jvm.internal.Intrinsics::throwParameterIsNullNPE@17 (line 140)
                      ; - kotlin.jvm.internal.Intrinsics::checkNotNullParameter@5 (line 131)
                      ; - kotlin.Result$Failure::<init>@3
                      ; - kotlin.ResultKt::createFailure@11 (line 122)
                      ; - kotlinx.coroutines.DispatchedTask::run@246 (line 232)
                      ;   {section_word}
  0x0000022c80500efc: 483b 0048 | baff 0e50 | 802c 0200 

  0x0000022c80500f08: ;   {runtime_call handle_exception_nofpu Runtime1 stub}
  0x0000022c80500f08: 00e8 f2c5 

  0x0000022c80500f0c: ;   {metadata(method data for {method} {0x0000022cd54164f8} 'sanitizeStackTrace' '(Ljava/lang/Throwable;)Ljava/lang/Throwable;' in 'kotlin/jvm/internal/Intrinsics')}
  0x0000022c80500f0c: 1307 9048 | ba18 cc5b | d52c 0200 | 0048 8382 | 4801 0000 | 0148 8bd0 

  0x0000022c80500f24: ;   {static_call}
  0x0000022c80500f24: 4c8b c6e8 

  0x0000022c80500f28: ; ImmutableOopMap {[176]=Oop [208]=Oop [216]=Oop [224]=Oop [232]=Oop [296]=Oop }
                      ;*invokestatic sanitizeStackTrace {reexecute=0 rethrow=0 return_oop=0}
                      ; - kotlin.jvm.internal.Intrinsics::sanitizeStackTrace@6 (line 253)
                      ; - kotlin.jvm.internal.Intrinsics::throwParameterIsNullNPE@11 (line 140)
                      ; - kotlin.jvm.internal.Intrinsics::checkNotNullParameter@5 (line 131)
                      ; - kotlin.ResultKt::createFailure@3
                      ; - kotlinx.coroutines.DispatchedTask::run@246 (line 232)
  0x0000022c80500f28: 54e1 0707 

  0x0000022c80500f2c: ;   {other}
  0x0000022c80500f2c: 0f1f 8400 | 1c28 0021 | 4c8b 8424 | 2801 0000 | 4885 c075 

  0x0000022c80500f40: ;   {metadata(method data for {method} {0x0000022cd5415590} 'throwParameterIsNullNPE' '(Ljava/lang/String;)V' in 'kotlin/jvm/internal/Intrinsics')}
  0x0000022c80500f40: 1648 be38 | c55b d52c | 0200 0080 | 8e39 0100 | 0001 e9cd 

  0x0000022c80500f54: ;   {metadata('java/lang/NullPointerException')}
  0x0000022c80500f54: 0000 0048 | bf88 cd06 | 942c 0200 | 008b 7008 | 49ba 0000 | 0094 2c02 | 0000 4903 | f248 3b7e 
  0x0000022c80500f74: 500f 858d 

  0x0000022c80500f78: ;   {metadata(method data for {method} {0x0000022cd5415590} 'throwParameterIsNullNPE' '(Ljava/lang/String;)V' in 'kotlin/jvm/internal/Intrinsics')}
  0x0000022c80500f78: 0000 0048 | be38 c55b | d52c 0200 | 008b 7808 | 49ba 0000 | 0094 2c02 | 0000 4903 | fa48 3bbe 
  0x0000022c80500f98: 5001 0000 | 750d 4883 | 8658 0100 | 0001 e979 | 0000 0048 | 3bbe 6001 | 0000 750d | 4883 8668 
  0x0000022c80500fb8: 0100 0001 | e963 0000 | 0048 83be | 5001 0000 | 0075 1748 | 89be 5001 | 0000 48c7 | 8658 0100 
  0x0000022c80500fd8: 0001 0000 | 00e9 4200 | 0000 4883 | be60 0100 | 0000 7517 | 4889 be60 | 0100 0048 | c786 6801 
  0x0000022c80500ff8: 0000 0100 | 0000 e921 | 0000 00e9 | 1c00 0000 

  0x0000022c80501008: ;   {metadata(method data for {method} {0x0000022cd5415590} 'throwParameterIsNullNPE' '(Ljava/lang/String;)V' in 'kotlin/jvm/internal/Intrinsics')}
  0x0000022c80501008: 48be 38c5 | 5bd5 2c02 | 0000 4883 | ae40 0100 | 0001 e971 | 0d00 00e9 | 0000 0000 

  0x0000022c80501024: ; implicit exception: dispatches to 0x0000022c80501d99
                      ; ImmutableOopMap {r8=Oop rax=Oop [176]=Oop [208]=Oop [216]=Oop [224]=Oop [232]=Oop [296]=Oop }
                      ;*athrow {reexecute=1 rethrow=0 return_oop=0}
                      ; - (reexecute) kotlin.jvm.internal.Intrinsics::throwParameterIsNullNPE@17 (line 140)
                      ; - kotlin.jvm.internal.Intrinsics::checkNotNullParameter@5 (line 131)
                      ; - kotlin.ResultKt::createFailure@3
                      ; - kotlinx.coroutines.DispatchedTask::run@246 (line 232)
                      ;   {section_word}
  0x0000022c80501024: 483b 0048 | ba27 1050 | 802c 0200 

  0x0000022c80501030: ;   {runtime_call handle_exception_nofpu Runtime1 stub}
  0x0000022c80501030: 00e8 cac4 

  0x0000022c80501034: ;   {metadata(method data for {method} {0x0000022cd54164f8} 'sanitizeStackTrace' '(Ljava/lang/Throwable;)Ljava/lang/Throwable;' in 'kotlin/jvm/internal/Intrinsics')}
  0x0000022c80501034: 1307 9048 | ba18 cc5b | d52c 0200 | 0048 8382 | 4801 0000 | 0148 8bd0 

  0x0000022c8050104c: ;   {static_call}
  0x0000022c8050104c: 4c8b c6e8 

  0x0000022c80501050: ; ImmutableOopMap {[176]=Oop [208]=Oop [216]=Oop [224]=Oop [232]=Oop [256]=Oop [288]=Oop }
                      ;*invokestatic sanitizeStackTrace {reexecute=0 rethrow=0 return_oop=0}
                      ; - kotlin.jvm.internal.Intrinsics::sanitizeStackTrace@6 (line 253)
                      ; - kotlin.jvm.internal.Intrinsics::throwParameterIsNullNPE@11 (line 140)
                      ; - kotlin.jvm.internal.Intrinsics::checkNotNullParameter@5 (line 131)
                      ; - kotlin.Result$Failure::<init>@3
                      ; - kotlin.ResultKt::createFailure@11 (line 122)
                      ; - kotlinx.coroutines.DispatchedTask::run@273 (line 98)
  0x0000022c80501050: 2ce0 0707 

  0x0000022c80501054: ;   {other}
  0x0000022c80501054: 0f1f 8400 | 4429 0023 | 4c8b 8424 | 2001 0000 | 4885 c075 

  0x0000022c80501068: ;   {metadata(method data for {method} {0x0000022cd5415590} 'throwParameterIsNullNPE' '(Ljava/lang/String;)V' in 'kotlin/jvm/internal/Intrinsics')}
  0x0000022c80501068: 1648 be38 | c55b d52c | 0200 0080 | 8e39 0100 | 0001 e9cd 

  0x0000022c8050107c: ;   {metadata('java/lang/NullPointerException')}
  0x0000022c8050107c: 0000 0048 | bf88 cd06 | 942c 0200 | 008b 7008 | 49ba 0000 | 0094 2c02 | 0000 4903 | f248 3b7e 
  0x0000022c8050109c: 500f 858d 

  0x0000022c805010a0: ;   {metadata(method data for {method} {0x0000022cd5415590} 'throwParameterIsNullNPE' '(Ljava/lang/String;)V' in 'kotlin/jvm/internal/Intrinsics')}
  0x0000022c805010a0: 0000 0048 | be38 c55b | d52c 0200 | 008b 7808 | 49ba 0000 | 0094 2c02 | 0000 4903 | fa48 3bbe 
  0x0000022c805010c0: 5001 0000 | 750d 4883 | 8658 0100 | 0001 e979 | 0000 0048 | 3bbe 6001 | 0000 750d | 4883 8668 
  0x0000022c805010e0: 0100 0001 | e963 0000 | 0048 83be | 5001 0000 | 0075 1748 | 89be 5001 | 0000 48c7 | 8658 0100 
  0x0000022c80501100: 0001 0000 | 00e9 4200 | 0000 4883 | be60 0100 | 0000 7517 | 4889 be60 | 0100 0048 | c786 6801 
  0x0000022c80501120: 0000 0100 | 0000 e921 | 0000 00e9 | 1c00 0000 

  0x0000022c80501130: ;   {metadata(method data for {method} {0x0000022cd5415590} 'throwParameterIsNullNPE' '(Ljava/lang/String;)V' in 'kotlin/jvm/internal/Intrinsics')}
  0x0000022c80501130: 48be 38c5 | 5bd5 2c02 | 0000 4883 | ae40 0100 | 0001 e957 | 0c00 00e9 | 0000 0000 

  0x0000022c8050114c: ; implicit exception: dispatches to 0x0000022c80501da7
                      ; ImmutableOopMap {r8=Oop rax=Oop [176]=Oop [208]=Oop [216]=Oop [224]=Oop [232]=Oop [256]=Oop [288]=Oop }
                      ;*athrow {reexecute=1 rethrow=0 return_oop=0}
                      ; - (reexecute) kotlin.jvm.internal.Intrinsics::throwParameterIsNullNPE@17 (line 140)
                      ; - kotlin.jvm.internal.Intrinsics::checkNotNullParameter@5 (line 131)
                      ; - kotlin.Result$Failure::<init>@3
                      ; - kotlin.ResultKt::createFailure@11 (line 122)
                      ; - kotlinx.coroutines.DispatchedTask::run@273 (line 98)
                      ;   {section_word}
  0x0000022c8050114c: 483b 0048 | ba4f 1150 | 802c 0200 

  0x0000022c80501158: ;   {runtime_call handle_exception_nofpu Runtime1 stub}
  0x0000022c80501158: 00e8 a2c3 

  0x0000022c8050115c: ;   {metadata(method data for {method} {0x0000022cd54164f8} 'sanitizeStackTrace' '(Ljava/lang/Throwable;)Ljava/lang/Throwable;' in 'kotlin/jvm/internal/Intrinsics')}
  0x0000022c8050115c: 1307 9048 | ba18 cc5b | d52c 0200 | 0048 8382 | 4801 0000 | 0148 8bd0 

  0x0000022c80501174: ;   {static_call}
  0x0000022c80501174: 4c8b c6e8 

  0x0000022c80501178: ; ImmutableOopMap {[176]=Oop [208]=Oop [216]=Oop [224]=Oop [232]=Oop [256]=Oop }
                      ;*invokestatic sanitizeStackTrace {reexecute=0 rethrow=0 return_oop=0}
                      ; - kotlin.jvm.internal.Intrinsics::sanitizeStackTrace@6 (line 253)
                      ; - kotlin.jvm.internal.Intrinsics::throwParameterIsNullNPE@11 (line 140)
                      ; - kotlin.jvm.internal.Intrinsics::checkNotNullParameter@5 (line 131)
                      ; - kotlin.ResultKt::createFailure@3
                      ; - kotlinx.coroutines.DispatchedTask::run@273 (line 98)
  0x0000022c80501178: 04df 0707 

  0x0000022c8050117c: ;   {other}
  0x0000022c8050117c: 0f1f 8400 | 6c2a 0025 | 488b b424 | 0001 0000 | 488b bc24 | d000 0000 | 4885 c075 

  0x0000022c80501198: ;   {metadata(method data for {method} {0x0000022cd5415590} 'throwParameterIsNullNPE' '(Ljava/lang/String;)V' in 'kotlin/jvm/internal/Intrinsics')}
  0x0000022c80501198: 1648 bb38 | c55b d52c | 0200 0080 | 8b39 0100 | 0001 e9cd 

  0x0000022c805011ac: ;   {metadata('java/lang/NullPointerException')}
  0x0000022c805011ac: 0000 0048 | b988 cd06 | 942c 0200 | 008b 5808 | 49ba 0000 | 0094 2c02 | 0000 4903 | da48 3b4b 
  0x0000022c805011cc: 500f 858d 

  0x0000022c805011d0: ;   {metadata(method data for {method} {0x0000022cd5415590} 'throwParameterIsNullNPE' '(Ljava/lang/String;)V' in 'kotlin/jvm/internal/Intrinsics')}
  0x0000022c805011d0: 0000 0048 | bb38 c55b | d52c 0200 | 008b 4808 | 49ba 0000 | 0094 2c02 | 0000 4903 | ca48 3b8b 
  0x0000022c805011f0: 5001 0000 | 750d 4883 | 8358 0100 | 0001 e979 | 0000 0048 | 3b8b 6001 | 0000 750d | 4883 8368 
  0x0000022c80501210: 0100 0001 | e963 0000 | 0048 83bb | 5001 0000 | 0075 1748 | 898b 5001 | 0000 48c7 | 8358 0100 
  0x0000022c80501230: 0001 0000 | 00e9 4200 | 0000 4883 | bb60 0100 | 0000 7517 | 4889 8b60 | 0100 0048 | c783 6801 
  0x0000022c80501250: 0000 0100 | 0000 e921 | 0000 00e9 | 1c00 0000 

  0x0000022c80501260: ;   {metadata(method data for {method} {0x0000022cd5415590} 'throwParameterIsNullNPE' '(Ljava/lang/String;)V' in 'kotlin/jvm/internal/Intrinsics')}
  0x0000022c80501260: 48bb 38c5 | 5bd5 2c02 | 0000 4883 | ab40 0100 | 0001 e935 | 0b00 00e9 | 0000 0000 

  0x0000022c8050127c: ; implicit exception: dispatches to 0x0000022c80501db5
                      ; ImmutableOopMap {rdi=Oop rsi=Oop rax=Oop [176]=Oop [216]=Oop [224]=Oop [232]=Oop [256]=Oop }
                      ;*athrow {reexecute=1 rethrow=0 return_oop=0}
                      ; - (reexecute) kotlin.jvm.internal.Intrinsics::throwParameterIsNullNPE@17 (line 140)
                      ; - kotlin.jvm.internal.Intrinsics::checkNotNullParameter@5 (line 131)
                      ; - kotlin.ResultKt::createFailure@3
                      ; - kotlinx.coroutines.DispatchedTask::run@273 (line 98)
                      ;   {section_word}
  0x0000022c8050127c: 483b 0048 | ba7f 1250 | 802c 0200 

  0x0000022c80501288: ;   {runtime_call handle_exception_nofpu Runtime1 stub}
  0x0000022c80501288: 00e8 72c2 | 1307 9049 | 8b87 f804 | 0000 4d33 | d24d 8997 | f804 0000 | 4d33 d24d | 8997 0005 
  0x0000022c805012a8: 0000 488b | 9424 e800 | 0000 4885 

  0x0000022c805012b4: ;   {metadata(method data for {method} {0x0000022cd55013b0} 'run' '()V' in 'kotlinx/coroutines/DispatchedTask')}
  0x0000022c805012b4: d248 be10 | a7d4 d62c | 0200 0048 | c7c7 0809 | 0000 7407 | 48c7 c718 | 0900 0048 | 8b1c 3e48 
  0x0000022c805012d4: 8d5b 0148 | 891c 3e48 | 8984 2448 | 0100 000f | 8459 0000 | 0048 3b02 

  0x0000022c805012ec: ;   {metadata(method data for {method} {0x0000022cd55013b0} 'run' '()V' in 'kotlinx/coroutines/DispatchedTask')}
  0x0000022c805012ec: 488b f248 | bf10 a7d4 | d62c 0200 | 0048 8387 | 2809 0000 | 0166 0f1f 

  0x0000022c80501304: ;   {optimized virtual_call}
  0x0000022c80501304: 4400 00e8 

  0x0000022c80501308: ; ImmutableOopMap {[176]=Oop [216]=Oop [224]=Oop [328]=Oop }
                      ;*invokevirtual clearThreadContext {reexecute=0 rethrow=0 return_oop=0}
                      ; - kotlinx.coroutines.DispatchedTask::run@344 (line 236)
  0x0000022c80501308: 74d7 0707 

  0x0000022c8050130c: ;   {other}
  0x0000022c8050130c: 0f1f 8400 | fc2b 0027 

  0x0000022c80501314: ;   {metadata(method data for {method} {0x0000022cd55013b0} 'run' '()V' in 'kotlinx/coroutines/DispatchedTask')}
  0x0000022c80501314: 85c0 48ba | 10a7 d4d6 | 2c02 0000 | 49c7 c060 | 0900 0074 | 0749 c7c0 | 7009 0000 | 4a8b 3402 
  0x0000022c80501334: 488d 7601 | 4a89 3402 | 0f84 3200 | 0000 4c8b | 8424 e000 | 0000 488b | 8424 d800 

  0x0000022c80501350: ;   {metadata(method data for {method} {0x0000022cd55013b0} 'run' '()V' in 'kotlinx/coroutines/DispatchedTask')}
  0x0000022c80501350: 0000 48ba | 10a7 d4d6 | 2c02 0000 | 4883 8280 | 0900 0001 

  0x0000022c80501364: ;   {static_call}
  0x0000022c80501364: 488b d0e8 

  0x0000022c80501368: ; ImmutableOopMap {[176]=Oop [328]=Oop }
                      ;*invokestatic restoreThreadContext {reexecute=0 rethrow=0 return_oop=0}
                      ; - kotlinx.coroutines.DispatchedTask::run@354 (line 237)
  0x0000022c80501368: 14dd 0707 

  0x0000022c8050136c: ;   {other}
  0x0000022c8050136c: 0f1f 8400 | 5c2c 0028 | 488b 8424 

  0x0000022c80501378: ; ImmutableOopMap {rax=Oop [176]=Oop }
                      ;*athrow {reexecute=1 rethrow=0 return_oop=0}
                      ; - (reexecute) kotlinx.coroutines.DispatchedTask::run@359 (line 237)
  0x0000022c80501378: 4801 0000 

  0x0000022c8050137c: ;   {section_word}
  0x0000022c8050137c: 48ba 7c13 | 5080 2c02 

  0x0000022c80501384: ;   {runtime_call handle_exception_nofpu Runtime1 stub}
  0x0000022c80501384: 0000 e875 | c113 0790 

  0x0000022c8050138c: ;   {metadata(method data for {method} {0x0000022cd54164f8} 'sanitizeStackTrace' '(Ljava/lang/Throwable;)Ljava/lang/Throwable;' in 'kotlin/jvm/internal/Intrinsics')}
  0x0000022c8050138c: 48ba 18cc | 5bd5 2c02 | 0000 4883 | 8248 0100 | 0001 488b | d04c 8bc6 

  0x0000022c805013a4: ;   {static_call}
  0x0000022c805013a4: 6666 90e8 

  0x0000022c805013a8: ; ImmutableOopMap {[176]=Oop [184]=Oop }
                      ;*invokestatic sanitizeStackTrace {reexecute=0 rethrow=0 return_oop=0}
                      ; - kotlin.jvm.internal.Intrinsics::sanitizeStackTrace@6 (line 253)
                      ; - kotlin.jvm.internal.Intrinsics::throwJavaNpe@8 (line 50)
                      ; - kotlin.jvm.internal.Intrinsics::checkNotNull@5 (line 31)
                      ; - kotlinx.coroutines.DispatchedTask::run@40 (line 80)
  0x0000022c805013a8: d4dc 0707 

  0x0000022c805013ac: ;   {other}
  0x0000022c805013ac: 0f1f 8400 | 9c2c 002a | 4c8b 8424 | b800 0000 | 4885 c075 

  0x0000022c805013c0: ;   {metadata(method data for {method} {0x0000022cd5414768} 'throwJavaNpe' '(Ljava/lang/String;)V' in 'kotlin/jvm/internal/Intrinsics')}
  0x0000022c805013c0: 1648 be60 | cfed d52c | 0200 0080 | 8e29 0100 | 0001 e9cd 

  0x0000022c805013d4: ;   {metadata('java/lang/NullPointerException')}
  0x0000022c805013d4: 0000 0048 | bf88 cd06 | 942c 0200 | 008b 7008 | 49ba 0000 | 0094 2c02 | 0000 4903 | f248 3b7e 
  0x0000022c805013f4: 500f 858d 

  0x0000022c805013f8: ;   {metadata(method data for {method} {0x0000022cd5414768} 'throwJavaNpe' '(Ljava/lang/String;)V' in 'kotlin/jvm/internal/Intrinsics')}
  0x0000022c805013f8: 0000 0048 | be60 cfed | d52c 0200 | 008b 7808 | 49ba 0000 | 0094 2c02 | 0000 4903 | fa48 3bbe 
  0x0000022c80501418: 4001 0000 | 750d 4883 | 8648 0100 | 0001 e979 | 0000 0048 | 3bbe 5001 | 0000 750d | 4883 8658 
  0x0000022c80501438: 0100 0001 | e963 0000 | 0048 83be | 4001 0000 | 0075 1748 | 89be 4001 | 0000 48c7 | 8648 0100 
  0x0000022c80501458: 0001 0000 | 00e9 4200 | 0000 4883 | be50 0100 | 0000 7517 | 4889 be50 | 0100 0048 | c786 5801 
  0x0000022c80501478: 0000 0100 | 0000 e921 | 0000 00e9 | 1c00 0000 

  0x0000022c80501488: ;   {metadata(method data for {method} {0x0000022cd5414768} 'throwJavaNpe' '(Ljava/lang/String;)V' in 'kotlin/jvm/internal/Intrinsics')}
  0x0000022c80501488: 48be 60cf | edd5 2c02 | 0000 4883 | ae30 0100 | 0001 e920 | 0900 00e9 | 0000 0000 

  0x0000022c805014a4: ; implicit exception: dispatches to 0x0000022c80501dc8
                      ; ImmutableOopMap {r8=Oop rax=Oop [176]=Oop [184]=Oop }
                      ;*athrow {reexecute=1 rethrow=0 return_oop=0}
                      ; - (reexecute) kotlin.jvm.internal.Intrinsics::throwJavaNpe@14 (line 50)
                      ; - kotlin.jvm.internal.Intrinsics::checkNotNull@5 (line 31)
                      ; - kotlinx.coroutines.DispatchedTask::run@40 (line 80)
                      ;   {section_word}
  0x0000022c805014a4: 483b 0048 | baa7 1450 | 802c 0200 

  0x0000022c805014b0: ;   {runtime_call handle_exception_nofpu Runtime1 stub}
  0x0000022c805014b0: 00e8 4ac0 | 1307 9049 | 8b87 f804 | 0000 4d33 | d24d 8997 | f804 0000 | 4d33 d24d | 8997 0005 
  0x0000022c805014d0: 0000 488b | 9424 b000 

  0x0000022c805014d8: ;   {metadata(method data for {method} {0x0000022cd55013b0} 'run' '()V' in 'kotlinx/coroutines/DispatchedTask')}
  0x0000022c805014d8: 0000 49b8 | 10a7 d4d6 | 2c02 0000 | 4983 8060 | 0a00 0001 | 4c8b c048 | 8b94 24b0 

  0x0000022c805014f4: ;   {optimized virtual_call}
  0x0000022c805014f4: 0000 00e8 

  0x0000022c805014f8: ; ImmutableOopMap {}
                      ;*invokevirtual handleFatalException$kotlinx_coroutines_core {reexecute=0 rethrow=0 return_oop=0}
                      ; - kotlinx.coroutines.DispatchedTask::run@383 (line 107)
  0x0000022c805014f8: 84d5 0707 

  0x0000022c805014fc: ;   {other}
  0x0000022c805014fc: 0f1f 8400 | ec2d 002c | 4881 c470 | 0100 005d 

  0x0000022c8050150c: ;   {poll_return}
  0x0000022c8050150c: 493b a748 | 0400 000f | 87b4 0800 | 00c3 488b | 9424 b000 | 0000 498b | 87f8 0400 | 004d 33d2 
  0x0000022c8050152c: 4d89 97f8 | 0400 004d | 33d2 4d89 | 9700 0500 | 0048 8bf2 

  0x0000022c80501540: ;   {metadata(method data for {method} {0x0000022cd55013b0} 'run' '()V' in 'kotlinx/coroutines/DispatchedTask')}
  0x0000022c80501540: 48bf 10a7 | d4d6 2c02 | 0000 8b76 | 0849 ba00 | 0000 942c | 0200 0049 | 03f2 483b | b7a0 0900 
  0x0000022c80501560: 0075 0d48 | 8387 a809 | 0000 01e9 | 6000 0000 | 483b b7b0 | 0900 0075 | 0d48 8387 | b809 0000 
  0x0000022c80501580: 01e9 4a00 | 0000 4883 | bfa0 0900 | 0000 7517 | 4889 b7a0 | 0900 0048 | c787 a809 | 0000 0100 
  0x0000022c805015a0: 0000 e929 | 0000 0048 | 83bf b009 | 0000 0075 | 1748 89b7 | b009 0000 | 48c7 87b8 | 0900 0001 
  0x0000022c805015c0: 0000 00e9 | 0800 0000 | 4883 8790 | 0900 0001 | 4889 8424 | 5001 0000 | 0f1f 4400 | 0048 b8ff 
  0x0000022c805015e0: ffff ffff 

  0x0000022c805015e4: ;   {virtual_call}
  0x0000022c805015e4: ffff ffe8 

  0x0000022c805015e8: ; ImmutableOopMap {[336]=Oop }
                      ;*invokevirtual getDelegate$kotlinx_coroutines_core {reexecute=0 rethrow=0 return_oop=0}
                      ; - kotlinx.coroutines.DispatchedTask::run@362 (line 105)
  0x0000022c805015e8: 94d7 0707 

  0x0000022c805015ec: ;   {other}
  0x0000022c805015ec: 0f1f 8400 | dc2e 002d 

  0x0000022c805015f4: ; implicit exception: dispatches to 0x0000022c80501de3
  0x0000022c805015f4: 483b 0048 

  0x0000022c805015f8: ;   {metadata(method data for {method} {0x0000022cd55013b0} 'run' '()V' in 'kotlinx/coroutines/DispatchedTask')}
  0x0000022c805015f8: 8bd0 48be | 10a7 d4d6 | 2c02 0000 | 8b52 0849 | ba00 0000 | 942c 0200 | 0049 03d2 | 483b 96d8 
  0x0000022c80501618: 0900 0075 | 0d48 8386 | e009 0000 | 01e9 6000 | 0000 483b | 96e8 0900 | 0075 0d48 | 8386 f009 
  0x0000022c80501638: 0000 01e9 | 4a00 0000 | 4883 bed8 | 0900 0000 | 7517 4889 | 96d8 0900 | 0048 c786 | e009 0000 
  0x0000022c80501658: 0100 0000 | e929 0000 | 0048 83be | e809 0000 | 0075 1748 | 8996 e809 | 0000 48c7 | 86f0 0900 
  0x0000022c80501678: 0001 0000 | 00e9 0800 | 0000 4883 | 86c8 0900 | 0001 488b | d048 b8ff | ffff ffff 

  0x0000022c80501694: ;   {virtual_call}
  0x0000022c80501694: ffff ffe8 

  0x0000022c80501698: ; ImmutableOopMap {[336]=Oop }
                      ;*invokeinterface getContext {reexecute=0 rethrow=0 return_oop=0}
                      ; - kotlinx.coroutines.DispatchedTask::run@365 (line 105)
  0x0000022c80501698: e4d6 0707 

  0x0000022c8050169c: ;   {other}
  0x0000022c8050169c: 0f1f 8400 | 8c2f 002e | 488b 9424 | 5001 0000 

  0x0000022c805016ac: ;   {metadata(method data for {method} {0x0000022cd55013b0} 'run' '()V' in 'kotlinx/coroutines/DispatchedTask')}
  0x0000022c805016ac: 48be 10a7 | d4d6 2c02 | 0000 8b52 | 0849 ba00 | 0000 942c | 0200 0049 | 03d2 483b | 9610 0a00 
  0x0000022c805016cc: 0075 0d48 | 8386 180a | 0000 01e9 | 6000 0000 | 483b 9620 | 0a00 0075 | 0d48 8386 | 280a 0000 
  0x0000022c805016ec: 01e9 4a00 | 0000 4883 | be10 0a00 | 0000 7517 | 4889 9610 | 0a00 0048 | c786 180a | 0000 0100 
  0x0000022c8050170c: 0000 e929 | 0000 0048 | 83be 200a | 0000 0075 | 1748 8996 | 200a 0000 | 48c7 8628 | 0a00 0001 
  0x0000022c8050172c: 0000 00e9 | 0800 0000 | 4883 8600 | 0a00 0001 | 488b 9424 | 5001 0000 | 4889 8424 | 5801 0000 
  0x0000022c8050174c: ;   {optimized virtual_call}
  0x0000022c8050174c: 6666 90e8 

  0x0000022c80501750: ; ImmutableOopMap {[344]=Oop }
                      ;*invokevirtual getCause {reexecute=0 rethrow=0 return_oop=0}
                      ; - kotlinx.coroutines.DispatchedTask::run@371 (line 105)
  0x0000022c80501750: 2cd3 0707 

  0x0000022c80501754: ;   {other}
  0x0000022c80501754: 0f1f 8400 | 4430 002f | 488b 9424 | 5801 0000 

  0x0000022c80501764: ;   {static_call}
  0x0000022c80501764: 4c8b c0e8 

  0x0000022c80501768: ; ImmutableOopMap {}
                      ;*invokestatic handleCoroutineException {reexecute=0 rethrow=0 return_oop=0}
                      ; - kotlinx.coroutines.DispatchedTask::run@374 (line 105)
  0x0000022c80501768: 14d9 0707 

  0x0000022c8050176c: ;   {other}
  0x0000022c8050176c: 0f1f 8400 | 5c30 0030 

  0x0000022c80501774: ;   {metadata(method data for {method} {0x0000022cd55013b0} 'run' '()V' in 'kotlinx/coroutines/DispatchedTask')}
  0x0000022c80501774: 48be 10a7 | d4d6 2c02 | 0000 ff86 | 480a 0000 | 4881 c470 | 0100 005d 

  0x0000022c8050178c: ;   {poll_return}
  0x0000022c8050178c: 493b a748 | 0400 000f | 874f 0600 

  0x0000022c80501798: ;   {metadata({method} {0x0000022cd55013b0} 'run' '()V' in 'kotlinx/coroutines/DispatchedTask')}
  0x0000022c80501798: 00c3 49ba | a813 50d5 | 2c02 0000 | 4c89 5424 | 0848 c704 | 24ff ffff 

  0x0000022c805017b0: ;   {runtime_call counter_overflow Runtime1 stub}
  0x0000022c805017b0: ffe8 4afe 

  0x0000022c805017b4: ; ImmutableOopMap {rdx=Oop [176]=Oop }
                      ;*synchronization entry
                      ; - kotlinx.coroutines.DispatchedTask::run@-1 (line 78)
  0x0000022c805017b4: 1307 e953 

  0x0000022c805017b8: ;   {metadata({method} {0x0000022cd54de438} 'getASSERTIONS_ENABLED' '()Z' in 'kotlinx/coroutines/DebugKt')}
  0x0000022c805017b8: d6ff ff49 | ba30 e44d | d52c 0200 | 004c 8954 | 2408 48c7 | 0424 ffff 

  0x0000022c805017d0: ;   {runtime_call counter_overflow Runtime1 stub}
  0x0000022c805017d0: ffff e829 

  0x0000022c805017d4: ; ImmutableOopMap {rdx=Oop [176]=Oop }
                      ;*synchronization entry
                      ; - kotlinx.coroutines.DebugKt::getASSERTIONS_ENABLED@-1 (line 63)
                      ; - kotlinx.coroutines.DispatchedTask::run@0 (line 78)
  0x0000022c805017d4: fe13 07e9 | 6bd6 ffff 

  0x0000022c805017dc: ;   {metadata({method} {0x0000022cd5414498} 'checkNotNull' '(Ljava/lang/Object;Ljava/lang/String;)V' in 'kotlin/jvm/internal/Intrinsics')}
  0x0000022c805017dc: 49ba 9044 | 41d5 2c02 | 0000 4c89 | 5424 0848 | c704 24ff 

  0x0000022c805017f0: ;   {runtime_call counter_overflow Runtime1 stub}
  0x0000022c805017f0: ffff ffe8 

  0x0000022c805017f4: ; ImmutableOopMap {rax=Oop [176]=Oop [184]=Oop }
                      ;*synchronization entry
                      ; - kotlin.jvm.internal.Intrinsics::checkNotNull@-1 (line 30)
                      ; - kotlinx.coroutines.DispatchedTask::run@40 (line 80)
  0x0000022c805017f4: 08fe 1307 | e950 d7ff 

  0x0000022c805017fc: ;   {metadata({method} {0x0000022cd5414768} 'throwJavaNpe' '(Ljava/lang/String;)V' in 'kotlin/jvm/internal/Intrinsics')}
  0x0000022c805017fc: ff49 ba60 | 4741 d52c | 0200 004c | 8954 2408 | 48c7 0424 | ffff ffff 

  0x0000022c80501814: ;   {runtime_call counter_overflow Runtime1 stub}
  0x0000022c80501814: e8e7 fd13 

  0x0000022c80501818: ; ImmutableOopMap {[176]=Oop [184]=Oop }
                      ;*synchronization entry
                      ; - kotlin.jvm.internal.Intrinsics::throwJavaNpe@-1 (line 50)
                      ; - kotlin.jvm.internal.Intrinsics::checkNotNull@5 (line 31)
                      ; - kotlinx.coroutines.DispatchedTask::run@40 (line 80)
  0x0000022c80501818: 07e9 97d7 

  0x0000022c8050181c: ;   {metadata(nullptr)}
  0x0000022c8050181c: ffff 48ba | 0000 0000 | 0000 0000 | b800 0f05 

  0x0000022c8050182c: ;   {runtime_call load_klass_patching Runtime1 stub}
  0x0000022c8050182c: 0ae8 4ee9 

  0x0000022c80501830: ; ImmutableOopMap {[176]=Oop [184]=Oop }
                      ;*new {reexecute=1 rethrow=0 return_oop=0}
                      ; - (reexecute) kotlin.jvm.internal.Intrinsics::throwJavaNpe@0 (line 50)
                      ; - kotlin.jvm.internal.Intrinsics::checkNotNull@5 (line 31)
                      ; - kotlinx.coroutines.DispatchedTask::run@40 (line 80)
  0x0000022c80501830: 1307 e981 | d7ff ff48 

  0x0000022c80501838: ;   {runtime_call fast_new_instance Runtime1 stub}
  0x0000022c80501838: 8bd2 e8c1 

  0x0000022c8050183c: ; ImmutableOopMap {[176]=Oop [184]=Oop }
                      ;*new {reexecute=0 rethrow=0 return_oop=0}
                      ; - kotlin.jvm.internal.Intrinsics::throwJavaNpe@0 (line 50)
                      ; - kotlin.jvm.internal.Intrinsics::checkNotNull@5 (line 31)
                      ; - kotlinx.coroutines.DispatchedTask::run@40 (line 80)
  0x0000022c8050183c: 9d13 07e9 | d0d7 ffff 

  0x0000022c80501844: ;   {metadata({method} {0x0000022cd54164f8} 'sanitizeStackTrace' '(Ljava/lang/Throwable;)Ljava/lang/Throwable;' in 'kotlin/jvm/internal/Intrinsics')}
  0x0000022c80501844: 49ba f064 | 41d5 2c02 | 0000 4c89 | 5424 0848 | c704 24ff 

  0x0000022c80501858: ;   {runtime_call counter_overflow Runtime1 stub}
  0x0000022c80501858: ffff ffe8 

  0x0000022c8050185c: ; ImmutableOopMap {[176]=Oop [184]=Oop [192]=Oop }
                      ;*synchronization entry
                      ; - kotlin.jvm.internal.Intrinsics::sanitizeStackTrace@-1 (line 253)
                      ; - kotlin.jvm.internal.Intrinsics::throwJavaNpe@8 (line 50)
                      ; - kotlin.jvm.internal.Intrinsics::checkNotNull@5 (line 31)
                      ; - kotlinx.coroutines.DispatchedTask::run@40 (line 80)
  0x0000022c8050185c: a0fd 1307 | e920 d8ff 

  0x0000022c80501864: ;   {metadata({method} {0x0000022c9446b368} 'getName' '()Ljava/lang/String;' in 'java/lang/Class')}
  0x0000022c80501864: ff49 ba60 | b346 942c | 0200 004c | 8954 2408 | 48c7 0424 | ffff ffff 

  0x0000022c8050187c: ;   {runtime_call counter_overflow Runtime1 stub}
  0x0000022c8050187c: e87f fd13 

  0x0000022c80501880: ; ImmutableOopMap {rdx=Oop [176]=Oop [184]=Oop [192]=Oop }
                      ;*synchronization entry
                      ; - java.lang.Class::getName@-1 (line 949)
                      ; - kotlin.jvm.internal.Intrinsics::sanitizeStackTrace@3 (line 253)
                      ; - kotlin.jvm.internal.Intrinsics::throwJavaNpe@8 (line 50)
                      ; - kotlin.jvm.internal.Intrinsics::checkNotNull@5 (line 31)
                      ; - kotlinx.coroutines.DispatchedTask::run@40 (line 80)
  0x0000022c80501880: 07e9 45d8 

  0x0000022c80501884: ;   {runtime_call throw_null_pointer_exception Runtime1 stub}
  0x0000022c80501884: ffff e875 

  0x0000022c80501888: ; ImmutableOopMap {[176]=Oop [184]=Oop [192]=Oop }
                      ;*getfield name {reexecute=1 rethrow=0 return_oop=0}
                      ; - (reexecute) java.lang.Class::getName@1 (line 949)
                      ; - kotlin.jvm.internal.Intrinsics::sanitizeStackTrace@3 (line 253)
                      ; - kotlin.jvm.internal.Intrinsics::throwJavaNpe@8 (line 50)
                      ; - kotlin.jvm.internal.Intrinsics::checkNotNull@5 (line 31)
                      ; - kotlinx.coroutines.DispatchedTask::run@40 (line 80)
  0x0000022c80501888: 8c13 0748 

  0x0000022c8050188c: ;   {runtime_call throw_class_cast_exception Runtime1 stub}
  0x0000022c8050188c: 8904 24e8 

  0x0000022c80501890: ; ImmutableOopMap {[176]=Oop }
                      ;*checkcast {reexecute=0 rethrow=0 return_oop=0}
                      ; - kotlinx.coroutines.DispatchedTask::run@43 (line 80)
  0x0000022c80501890: 6ccc 1307 

  0x0000022c80501894: ;   {runtime_call throw_null_pointer_exception Runtime1 stub}
  0x0000022c80501894: e867 8c13 

  0x0000022c80501898: ; ImmutableOopMap {rdx=Oop [176]=Oop }
                      ;*getfield continuation {reexecute=1 rethrow=0 return_oop=0}
                      ; - (reexecute) kotlinx.coroutines.DispatchedTask::run@48 (line 81)
                      ;   {runtime_call throw_null_pointer_exception Runtime1 stub}
  0x0000022c80501898: 07e8 628c 

  0x0000022c8050189c: ; ImmutableOopMap {rsi=Oop rdi=Oop [176]=Oop }
                      ;*invokeinterface getContext {reexecute=0 rethrow=0 return_oop=0}
                      ; - kotlinx.coroutines.DispatchedTask::run@61 (line 222)
                      ;   {metadata({method} {0x0000022cd551b798} 'isCancellableMode' '(I)Z' in 'kotlinx/coroutines/DispatchedTaskKt')}
  0x0000022c8050189c: 1307 49ba | 90b7 51d5 | 2c02 0000 | 4c89 5424 | 0848 c704 | 24ff ffff 

  0x0000022c805018b4: ;   {runtime_call counter_overflow Runtime1 stub}
  0x0000022c805018b4: ffe8 46fd 

  0x0000022c805018b8: ; ImmutableOopMap {rax=Oop rdx=Oop [176]=Oop [208]=Oop [216]=Oop [224]=Oop [232]=Oop [240]=Oop [248]=Oop [256]=Oop }
                      ;*synchronization entry
                      ; - kotlinx.coroutines.DispatchedTaskKt::isCancellableMode@-1 (line 43)
                      ; - kotlinx.coroutines.DispatchedTask::run@133 (line 91)
  0x0000022c805018b8: 1307 e9f1 

  0x0000022c805018bc: ;   {runtime_call throw_null_pointer_exception Runtime1 stub}
  0x0000022c805018bc: ddff ffe8 

  0x0000022c805018c0: ; ImmutableOopMap {rax=Oop [176]=Oop [208]=Oop [216]=Oop [224]=Oop [232]=Oop [248]=Oop [256]=Oop }
                      ;*invokeinterface get {reexecute=0 rethrow=0 return_oop=0}
                      ; - kotlinx.coroutines.DispatchedTask::run@147 (line 91)
  0x0000022c805018c0: 3c8c 1307 | 4889 0424 

  0x0000022c805018c8: ;   {runtime_call throw_class_cast_exception Runtime1 stub}
  0x0000022c805018c8: e833 cc13 

  0x0000022c805018cc: ; ImmutableOopMap {[176]=Oop [208]=Oop [216]=Oop [224]=Oop [232]=Oop [248]=Oop [256]=Oop }
                      ;*checkcast {reexecute=0 rethrow=0 return_oop=0}
                      ; - kotlinx.coroutines.DispatchedTask::run@152 (line 91)
                      ;   {runtime_call throw_null_pointer_exception Runtime1 stub}
  0x0000022c805018cc: 07e8 2e8c 

  0x0000022c805018d0: ; ImmutableOopMap {rsi=Oop [176]=Oop [208]=Oop [216]=Oop [224]=Oop [232]=Oop [248]=Oop [256]=Oop }
                      ;*invokeinterface isActive {reexecute=0 rethrow=0 return_oop=0}
                      ; - kotlinx.coroutines.DispatchedTask::run@168 (line 92)
                      ;   {metadata({method} {0x0000022cd551ff70} 'createFailure' '(Ljava/lang/Throwable;)Ljava/lang/Object;' in 'kotlin/ResultKt')}
  0x0000022c805018d0: 1307 49ba | 68ff 51d5 | 2c02 0000 | 4c89 5424 | 0848 c704 | 24ff ffff 

  0x0000022c805018e8: ;   {runtime_call counter_overflow Runtime1 stub}
  0x0000022c805018e8: ffe8 12fd 

  0x0000022c805018ec: ; ImmutableOopMap {rax=Oop [176]=Oop [208]=Oop [216]=Oop [224]=Oop [232]=Oop [256]=Oop }
                      ;*synchronization entry
                      ; - kotlin.ResultKt::createFailure@-1
                      ; - kotlinx.coroutines.DispatchedTask::run@273 (line 98)
  0x0000022c805018ec: 1307 e9e7 

  0x0000022c805018f0: ;   {metadata({method} {0x0000022cd5415410} 'checkNotNullParameter' '(Ljava/lang/Object;Ljava/lang/String;)V' in 'kotlin/jvm/internal/Intrinsics')}
  0x0000022c805018f0: e1ff ff49 | ba08 5441 | d52c 0200 | 004c 8954 | 2408 48c7 | 0424 ffff 

  0x0000022c80501908: ;   {runtime_call counter_overflow Runtime1 stub}
  0x0000022c80501908: ffff e8f1 

  0x0000022c8050190c: ; ImmutableOopMap {rax=Oop [176]=Oop [208]=Oop [216]=Oop [224]=Oop [232]=Oop [256]=Oop }
                      ;*synchronization entry
                      ; - kotlin.jvm.internal.Intrinsics::checkNotNullParameter@-1 (line 130)
                      ; - kotlin.ResultKt::createFailure@3
                      ; - kotlinx.coroutines.DispatchedTask::run@273 (line 98)
  0x0000022c8050190c: fc13 07e9 | ffe1 ffff 

  0x0000022c80501914: ;   {metadata({method} {0x0000022cd5415590} 'throwParameterIsNullNPE' '(Ljava/lang/String;)V' in 'kotlin/jvm/internal/Intrinsics')}
  0x0000022c80501914: 49ba 8855 | 41d5 2c02 | 0000 4c89 | 5424 0848 | c704 24ff 

  0x0000022c80501928: ;   {runtime_call counter_overflow Runtime1 stub}
  0x0000022c80501928: ffff ffe8 

  0x0000022c8050192c: ; ImmutableOopMap {[176]=Oop [208]=Oop [216]=Oop [224]=Oop [232]=Oop [256]=Oop }
                      ;*synchronization entry
                      ; - kotlin.jvm.internal.Intrinsics::throwParameterIsNullNPE@-1 (line 140)
                      ; - kotlin.jvm.internal.Intrinsics::checkNotNullParameter@5 (line 131)
                      ; - kotlin.ResultKt::createFailure@3
                      ; - kotlinx.coroutines.DispatchedTask::run@273 (line 98)
  0x0000022c8050192c: d0fc 1307 | e946 e2ff 

  0x0000022c80501934: ;   {metadata(nullptr)}
  0x0000022c80501934: ff48 ba00 | 0000 0000 | 0000 00b8 | 000f 050a 

  0x0000022c80501944: ;   {runtime_call load_klass_patching Runtime1 stub}
  0x0000022c80501944: e837 e813 

  0x0000022c80501948: ; ImmutableOopMap {[176]=Oop [208]=Oop [216]=Oop [224]=Oop [232]=Oop [256]=Oop }
                      ;*new {reexecute=1 rethrow=0 return_oop=0}
                      ; - (reexecute) kotlin.jvm.internal.Intrinsics::throwParameterIsNullNPE@0 (line 140)
                      ; - kotlin.jvm.internal.Intrinsics::checkNotNullParameter@5 (line 131)
                      ; - kotlin.ResultKt::createFailure@3
                      ; - kotlinx.coroutines.DispatchedTask::run@273 (line 98)
  0x0000022c80501948: 07e9 32e2 | ffff 488b 

  0x0000022c80501950: ;   {runtime_call fast_new_instance Runtime1 stub}
  0x0000022c80501950: d2e8 aa9c 

  0x0000022c80501954: ; ImmutableOopMap {[176]=Oop [208]=Oop [216]=Oop [224]=Oop [232]=Oop [256]=Oop }
                      ;*new {reexecute=0 rethrow=0 return_oop=0}
                      ; - kotlin.jvm.internal.Intrinsics::throwParameterIsNullNPE@0 (line 140)
                      ; - kotlin.jvm.internal.Intrinsics::checkNotNullParameter@5 (line 131)
                      ; - kotlin.ResultKt::createFailure@3
                      ; - kotlinx.coroutines.DispatchedTask::run@273 (line 98)
  0x0000022c80501954: 1307 e981 

  0x0000022c80501958: ;   {metadata({method} {0x0000022cd54164f8} 'sanitizeStackTrace' '(Ljava/lang/Throwable;)Ljava/lang/Throwable;' in 'kotlin/jvm/internal/Intrinsics')}
  0x0000022c80501958: e2ff ff49 | baf0 6441 | d52c 0200 | 004c 8954 | 2408 48c7 | 0424 ffff 

  0x0000022c80501970: ;   {runtime_call counter_overflow Runtime1 stub}
  0x0000022c80501970: ffff e889 

  0x0000022c80501974: ; ImmutableOopMap {[176]=Oop [208]=Oop [216]=Oop [224]=Oop [232]=Oop [256]=Oop [272]=Oop }
                      ;*synchronization entry
                      ; - kotlin.jvm.internal.Intrinsics::sanitizeStackTrace@-1 (line 253)
                      ; - kotlin.jvm.internal.Intrinsics::throwParameterIsNullNPE@11 (line 140)
                      ; - kotlin.jvm.internal.Intrinsics::checkNotNullParameter@5 (line 131)
                      ; - kotlin.ResultKt::createFailure@3
                      ; - kotlinx.coroutines.DispatchedTask::run@273 (line 98)
  0x0000022c80501974: fc13 07e9 | 09e3 ffff 

  0x0000022c8050197c: ;   {metadata({method} {0x0000022c9446b368} 'getName' '()Ljava/lang/String;' in 'java/lang/Class')}
  0x0000022c8050197c: 49ba 60b3 | 4694 2c02 | 0000 4c89 | 5424 0848 | c704 24ff 

  0x0000022c80501990: ;   {runtime_call counter_overflow Runtime1 stub}
  0x0000022c80501990: ffff ffe8 

  0x0000022c80501994: ; ImmutableOopMap {rdx=Oop [176]=Oop [208]=Oop [216]=Oop [224]=Oop [232]=Oop [256]=Oop [272]=Oop }
                      ;*synchronization entry
                      ; - java.lang.Class::getName@-1 (line 949)
                      ; - kotlin.jvm.internal.Intrinsics::sanitizeStackTrace@3 (line 253)
                      ; - kotlin.jvm.internal.Intrinsics::throwParameterIsNullNPE@11 (line 140)
                      ; - kotlin.jvm.internal.Intrinsics::checkNotNullParameter@5 (line 131)
                      ; - kotlin.ResultKt::createFailure@3
                      ; - kotlinx.coroutines.DispatchedTask::run@273 (line 98)
  0x0000022c80501994: 68fc 1307 | e92e e3ff 

  0x0000022c8050199c: ;   {runtime_call throw_null_pointer_exception Runtime1 stub}
  0x0000022c8050199c: ffe8 5e8b 

  0x0000022c805019a0: ; ImmutableOopMap {[176]=Oop [208]=Oop [216]=Oop [224]=Oop [232]=Oop [256]=Oop [272]=Oop }
                      ;*getfield name {reexecute=1 rethrow=0 return_oop=0}
                      ; - (reexecute) java.lang.Class::getName@1 (line 949)
                      ; - kotlin.jvm.internal.Intrinsics::sanitizeStackTrace@3 (line 253)
                      ; - kotlin.jvm.internal.Intrinsics::throwParameterIsNullNPE@11 (line 140)
                      ; - kotlin.jvm.internal.Intrinsics::checkNotNullParameter@5 (line 131)
                      ; - kotlin.ResultKt::createFailure@3
                      ; - kotlinx.coroutines.DispatchedTask::run@273 (line 98)
  0x0000022c805019a0: 1307 488b 

  0x0000022c805019a4: ;   {runtime_call fast_new_instance Runtime1 stub}
  0x0000022c805019a4: d2e8 569c 

  0x0000022c805019a8: ; ImmutableOopMap {rbx=Oop [176]=Oop [208]=Oop [216]=Oop [224]=Oop [232]=Oop [256]=Oop }
                      ;*new {reexecute=0 rethrow=0 return_oop=0}
                      ; - kotlin.ResultKt::createFailure@6 (line 122)
                      ; - kotlinx.coroutines.DispatchedTask::run@273 (line 98)
  0x0000022c805019a8: 1307 e9fc 

  0x0000022c805019ac: ;   {metadata({method} {0x0000022cd550ee40} '<init>' '(Ljava/lang/Throwable;)V' in 'kotlin/Result$Failure')}
  0x0000022c805019ac: e3ff ff49 | ba38 ee50 | d52c 0200 | 004c 8954 | 2408 48c7 | 0424 ffff 

  0x0000022c805019c4: ;   {runtime_call counter_overflow Runtime1 stub}
  0x0000022c805019c4: ffff e835 

  0x0000022c805019c8: ; ImmutableOopMap {rbx=Oop rax=Oop [176]=Oop [208]=Oop [216]=Oop [224]=Oop [232]=Oop [256]=Oop [288]=Oop }
                      ;*synchronization entry
                      ; - kotlin.Result$Failure::<init>@-1
                      ; - kotlin.ResultKt::createFailure@11 (line 122)
                      ; - kotlinx.coroutines.DispatchedTask::run@273 (line 98)
  0x0000022c805019c8: fc13 07e9 | 1fe4 ffff 

  0x0000022c805019d0: ;   {metadata({method} {0x0000022cd5415410} 'checkNotNullParameter' '(Ljava/lang/Object;Ljava/lang/String;)V' in 'kotlin/jvm/internal/Intrinsics')}
  0x0000022c805019d0: 49ba 0854 | 41d5 2c02 | 0000 4c89 | 5424 0848 | c704 24ff 

  0x0000022c805019e4: ;   {runtime_call counter_overflow Runtime1 stub}
  0x0000022c805019e4: ffff ffe8 

  0x0000022c805019e8: ; ImmutableOopMap {rbx=Oop rax=Oop [176]=Oop [208]=Oop [216]=Oop [224]=Oop [232]=Oop [256]=Oop [288]=Oop }
                      ;*synchronization entry
                      ; - kotlin.jvm.internal.Intrinsics::checkNotNullParameter@-1 (line 130)
                      ; - kotlin.Result$Failure::<init>@3
                      ; - kotlin.ResultKt::createFailure@11 (line 122)
                      ; - kotlinx.coroutines.DispatchedTask::run@273 (line 98)
  0x0000022c805019e8: 14fc 1307 | e937 e4ff 

  0x0000022c805019f0: ;   {metadata({method} {0x0000022cd5415590} 'throwParameterIsNullNPE' '(Ljava/lang/String;)V' in 'kotlin/jvm/internal/Intrinsics')}
  0x0000022c805019f0: ff49 ba88 | 5541 d52c | 0200 004c | 8954 2408 | 48c7 0424 | ffff ffff 

  0x0000022c80501a08: ;   {runtime_call counter_overflow Runtime1 stub}
  0x0000022c80501a08: e8f3 fb13 

  0x0000022c80501a0c: ; ImmutableOopMap {[176]=Oop [208]=Oop [216]=Oop [224]=Oop [232]=Oop [256]=Oop [288]=Oop }
                      ;*synchronization entry
                      ; - kotlin.jvm.internal.Intrinsics::throwParameterIsNullNPE@-1 (line 140)
                      ; - kotlin.jvm.internal.Intrinsics::checkNotNullParameter@5 (line 131)
                      ; - kotlin.Result$Failure::<init>@3
                      ; - kotlin.ResultKt::createFailure@11 (line 122)
                      ; - kotlinx.coroutines.DispatchedTask::run@273 (line 98)
  0x0000022c80501a0c: 07e9 7ee4 

  0x0000022c80501a10: ;   {metadata(nullptr)}
  0x0000022c80501a10: ffff 48ba | 0000 0000 | 0000 0000 | b800 0f05 

  0x0000022c80501a20: ;   {runtime_call load_klass_patching Runtime1 stub}
  0x0000022c80501a20: 0ae8 5ae7 

  0x0000022c80501a24: ; ImmutableOopMap {[176]=Oop [208]=Oop [216]=Oop [224]=Oop [232]=Oop [256]=Oop [288]=Oop }
                      ;*new {reexecute=1 rethrow=0 return_oop=0}
                      ; - (reexecute) kotlin.jvm.internal.Intrinsics::throwParameterIsNullNPE@0 (line 140)
                      ; - kotlin.jvm.internal.Intrinsics::checkNotNullParameter@5 (line 131)
                      ; - kotlin.Result$Failure::<init>@3
                      ; - kotlin.ResultKt::createFailure@11 (line 122)
                      ; - kotlinx.coroutines.DispatchedTask::run@273 (line 98)
  0x0000022c80501a24: 1307 e965 | e4ff ff48 

  0x0000022c80501a2c: ;   {runtime_call fast_new_instance Runtime1 stub}
  0x0000022c80501a2c: 8bd2 e8cd 

  0x0000022c80501a30: ; ImmutableOopMap {[176]=Oop [208]=Oop [216]=Oop [224]=Oop [232]=Oop [256]=Oop [288]=Oop }
                      ;*new {reexecute=0 rethrow=0 return_oop=0}
                      ; - kotlin.jvm.internal.Intrinsics::throwParameterIsNullNPE@0 (line 140)
                      ; - kotlin.jvm.internal.Intrinsics::checkNotNullParameter@5 (line 131)
                      ; - kotlin.Result$Failure::<init>@3
                      ; - kotlin.ResultKt::createFailure@11 (line 122)
                      ; - kotlinx.coroutines.DispatchedTask::run@273 (line 98)
  0x0000022c80501a30: 9b13 07e9 | b4e4 ffff 

  0x0000022c80501a38: ;   {metadata({method} {0x0000022cd54164f8} 'sanitizeStackTrace' '(Ljava/lang/Throwable;)Ljava/lang/Throwable;' in 'kotlin/jvm/internal/Intrinsics')}
  0x0000022c80501a38: 49ba f064 | 41d5 2c02 | 0000 4c89 | 5424 0848 | c704 24ff 

  0x0000022c80501a4c: ;   {runtime_call counter_overflow Runtime1 stub}
  0x0000022c80501a4c: ffff ffe8 

  0x0000022c80501a50: ; ImmutableOopMap {[176]=Oop [208]=Oop [216]=Oop [224]=Oop [232]=Oop [256]=Oop [280]=Oop [288]=Oop }
                      ;*synchronization entry
                      ; - kotlin.jvm.internal.Intrinsics::sanitizeStackTrace@-1 (line 253)
                      ; - kotlin.jvm.internal.Intrinsics::throwParameterIsNullNPE@11 (line 140)
                      ; - kotlin.jvm.internal.Intrinsics::checkNotNullParameter@5 (line 131)
                      ; - kotlin.Result$Failure::<init>@3
                      ; - kotlin.ResultKt::createFailure@11 (line 122)
                      ; - kotlinx.coroutines.DispatchedTask::run@273 (line 98)
  0x0000022c80501a50: acfb 1307 | e93c e5ff 

  0x0000022c80501a58: ;   {metadata({method} {0x0000022c9446b368} 'getName' '()Ljava/lang/String;' in 'java/lang/Class')}
  0x0000022c80501a58: ff49 ba60 | b346 942c | 0200 004c | 8954 2408 | 48c7 0424 | ffff ffff 

  0x0000022c80501a70: ;   {runtime_call counter_overflow Runtime1 stub}
  0x0000022c80501a70: e88b fb13 

  0x0000022c80501a74: ; ImmutableOopMap {rdx=Oop [176]=Oop [208]=Oop [216]=Oop [224]=Oop [232]=Oop [256]=Oop [280]=Oop [288]=Oop }
                      ;*synchronization entry
                      ; - java.lang.Class::getName@-1 (line 949)
                      ; - kotlin.jvm.internal.Intrinsics::sanitizeStackTrace@3 (line 253)
                      ; - kotlin.jvm.internal.Intrinsics::throwParameterIsNullNPE@11 (line 140)
                      ; - kotlin.jvm.internal.Intrinsics::checkNotNullParameter@5 (line 131)
                      ; - kotlin.Result$Failure::<init>@3
                      ; - kotlin.ResultKt::createFailure@11 (line 122)
                      ; - kotlinx.coroutines.DispatchedTask::run@273 (line 98)
  0x0000022c80501a74: 07e9 61e5 

  0x0000022c80501a78: ;   {runtime_call throw_null_pointer_exception Runtime1 stub}
  0x0000022c80501a78: ffff e881 

  0x0000022c80501a7c: ; ImmutableOopMap {[176]=Oop [208]=Oop [216]=Oop [224]=Oop [232]=Oop [256]=Oop [280]=Oop [288]=Oop }
                      ;*getfield name {reexecute=1 rethrow=0 return_oop=0}
                      ; - (reexecute) java.lang.Class::getName@1 (line 949)
                      ; - kotlin.jvm.internal.Intrinsics::sanitizeStackTrace@3 (line 253)
                      ; - kotlin.jvm.internal.Intrinsics::throwParameterIsNullNPE@11 (line 140)
                      ; - kotlin.jvm.internal.Intrinsics::checkNotNullParameter@5 (line 131)
                      ; - kotlin.Result$Failure::<init>@3
                      ; - kotlin.ResultKt::createFailure@11 (line 122)
                      ; - kotlinx.coroutines.DispatchedTask::run@273 (line 98)
                      ;   {metadata({method} {0x0000022c94476650} '<init>' '()V' in 'java/lang/Object')}
  0x0000022c80501a7c: 8a13 0749 | ba48 6647 | 942c 0200 | 004c 8954 | 2408 48c7 | 0424 ffff 

  0x0000022c80501a94: ;   {runtime_call counter_overflow Runtime1 stub}
  0x0000022c80501a94: ffff e865 

  0x0000022c80501a98: ; ImmutableOopMap {rax=Oop rdi=Oop [176]=Oop [208]=Oop [216]=Oop [224]=Oop [232]=Oop [256]=Oop [288]=Oop }
                      ;*synchronization entry
                      ; - java.lang.Object::<init>@-1 (line 45)
                      ; - kotlin.Result$Failure::<init>@7 (line 105)
                      ; - kotlin.ResultKt::createFailure@11 (line 122)
                      ; - kotlinx.coroutines.DispatchedTask::run@273 (line 98)
  0x0000022c80501a98: fb13 07e9 | 0de6 ffff | 448b 400c | 49c1 e003 | 4983 f800 | 0f84 09e6 | ffff 4c89 

  0x0000022c80501ab4: ;   {runtime_call g1_pre_barrier_slow}
  0x0000022c80501ab4: 0424 e8c5 | 0514 07e9 | fbe5 ffff | 4883 ff00 | 0f84 10e6 | ffff 4889 

  0x0000022c80501acc: ;   {runtime_call g1_post_barrier_slow}
  0x0000022c80501acc: 0424 e8ad | 0814 07e9 | 02e6 ffff 

  0x0000022c80501ad8: ;   {metadata({method} {0x0000022cd550cf08} 'constructor-impl' '(Ljava/lang/Object;)Ljava/lang/Object;' in 'kotlin/Result')}
  0x0000022c80501ad8: 49ba 00cf | 50d5 2c02 | 0000 4c89 | 5424 0848 | c704 24ff 

  0x0000022c80501aec: ;   {runtime_call counter_overflow Runtime1 stub}
  0x0000022c80501aec: ffff ffe8 

  0x0000022c80501af0: ; ImmutableOopMap {rax=Oop [176]=Oop [208]=Oop [216]=Oop [224]=Oop [232]=Oop [288]=Oop }
                      ;*synchronization entry
                      ; - kotlin.Result::constructor-impl@-1
                      ; - kotlinx.coroutines.DispatchedTask::run@276 (line 98)
  0x0000022c80501af0: 0cfb 1307 | e91c e6ff 

  0x0000022c80501af8: ;   {metadata({method} {0x0000022cd550cf08} 'constructor-impl' '(Ljava/lang/Object;)Ljava/lang/Object;' in 'kotlin/Result')}
  0x0000022c80501af8: ff49 ba00 | cf50 d52c | 0200 004c | 8954 2408 | 48c7 0424 | ffff ffff 

  0x0000022c80501b10: ;   {runtime_call counter_overflow Runtime1 stub}
  0x0000022c80501b10: e8eb fa13 

  0x0000022c80501b14: ; ImmutableOopMap {rax=Oop [176]=Oop [208]=Oop [216]=Oop [224]=Oop [232]=Oop }
                      ;*synchronization entry
                      ; - kotlin.Result::constructor-impl@-1
                      ; - kotlinx.coroutines.DispatchedTask::run@298 (line 100)
  0x0000022c80501b14: 07e9 cde7 

  0x0000022c80501b18: ;   {runtime_call throw_incompatible_class_change_error Runtime1 stub}
  0x0000022c80501b18: ffff e8e1 

  0x0000022c80501b1c: ; ImmutableOopMap {rsi=Oop [176]=Oop [208]=Oop [216]=Oop [224]=Oop [232]=Oop [248]=Oop }
                      ;*invokeinterface getCancellationException {reexecute=0 rethrow=0 return_oop=0}
                      ; - kotlinx.coroutines.DispatchedTask::run@178 (line 93)
                      ;   {metadata({method} {0x0000022cd54de568} 'getRECOVER_STACK_TRACES' '()Z' in 'kotlinx/coroutines/DebugKt')}
  0x0000022c80501b1c: cc13 0749 | ba60 e54d | d52c 0200 | 004c 8954 | 2408 48c7 | 0424 ffff 

  0x0000022c80501b34: ;   {runtime_call counter_overflow Runtime1 stub}
  0x0000022c80501b34: ffff e8c5 

  0x0000022c80501b38: ; ImmutableOopMap {[176]=Oop [208]=Oop [216]=Oop [224]=Oop [232]=Oop [296]=Oop }
                      ;*synchronization entry
                      ; - kotlinx.coroutines.DebugKt::getRECOVER_STACK_TRACES@-1 (line 77)
                      ; - kotlinx.coroutines.DispatchedTask::run@211 (line 233)
  0x0000022c80501b38: fa13 07e9 | 55ea ffff 

  0x0000022c80501b40: ;   {metadata({method} {0x0000022cd551ff70} 'createFailure' '(Ljava/lang/Throwable;)Ljava/lang/Object;' in 'kotlin/ResultKt')}
  0x0000022c80501b40: 49ba 68ff | 51d5 2c02 | 0000 4c89 | 5424 0848 | c704 24ff 

  0x0000022c80501b54: ;   {runtime_call counter_overflow Runtime1 stub}
  0x0000022c80501b54: ffff ffe8 

  0x0000022c80501b58: ; ImmutableOopMap {rax=Oop [176]=Oop [208]=Oop [216]=Oop [224]=Oop [232]=Oop [296]=Oop }
                      ;*synchronization entry
                      ; - kotlin.ResultKt::createFailure@-1
                      ; - kotlinx.coroutines.DispatchedTask::run@246 (line 232)
  0x0000022c80501b58: a4fa 1307 | e995 eaff 

  0x0000022c80501b60: ;   {metadata({method} {0x0000022cd5415410} 'checkNotNullParameter' '(Ljava/lang/Object;Ljava/lang/String;)V' in 'kotlin/jvm/internal/Intrinsics')}
  0x0000022c80501b60: ff49 ba08 | 5441 d52c | 0200 004c | 8954 2408 | 48c7 0424 | ffff ffff 

  0x0000022c80501b78: ;   {runtime_call counter_overflow Runtime1 stub}
  0x0000022c80501b78: e883 fa13 

  0x0000022c80501b7c: ; ImmutableOopMap {rax=Oop [176]=Oop [208]=Oop [216]=Oop [224]=Oop [232]=Oop [296]=Oop }
                      ;*synchronization entry
                      ; - kotlin.jvm.internal.Intrinsics::checkNotNullParameter@-1 (line 130)
                      ; - kotlin.ResultKt::createFailure@3
                      ; - kotlinx.coroutines.DispatchedTask::run@246 (line 232)
  0x0000022c80501b7c: 07e9 adea 

  0x0000022c80501b80: ;   {metadata({method} {0x0000022cd5415590} 'throwParameterIsNullNPE' '(Ljava/lang/String;)V' in 'kotlin/jvm/internal/Intrinsics')}
  0x0000022c80501b80: ffff 49ba | 8855 41d5 | 2c02 0000 | 4c89 5424 | 0848 c704 | 24ff ffff 

  0x0000022c80501b98: ;   {runtime_call counter_overflow Runtime1 stub}
  0x0000022c80501b98: ffe8 62fa 

  0x0000022c80501b9c: ; ImmutableOopMap {[176]=Oop [208]=Oop [216]=Oop [224]=Oop [232]=Oop [296]=Oop }
                      ;*synchronization entry
                      ; - kotlin.jvm.internal.Intrinsics::throwParameterIsNullNPE@-1 (line 140)
                      ; - kotlin.jvm.internal.Intrinsics::checkNotNullParameter@5 (line 131)
                      ; - kotlin.ResultKt::createFailure@3
                      ; - kotlinx.coroutines.DispatchedTask::run@246 (line 232)
  0x0000022c80501b9c: 1307 e9f4 

  0x0000022c80501ba0: ;   {metadata(nullptr)}
  0x0000022c80501ba0: eaff ff48 | ba00 0000 | 0000 0000 | 00b8 000f 

  0x0000022c80501bb0: ;   {runtime_call load_klass_patching Runtime1 stub}
  0x0000022c80501bb0: 050a e8c9 

  0x0000022c80501bb4: ; ImmutableOopMap {[176]=Oop [208]=Oop [216]=Oop [224]=Oop [232]=Oop [296]=Oop }
                      ;*new {reexecute=1 rethrow=0 return_oop=0}
                      ; - (reexecute) kotlin.jvm.internal.Intrinsics::throwParameterIsNullNPE@0 (line 140)
                      ; - kotlin.jvm.internal.Intrinsics::checkNotNullParameter@5 (line 131)
                      ; - kotlin.ResultKt::createFailure@3
                      ; - kotlinx.coroutines.DispatchedTask::run@246 (line 232)
  0x0000022c80501bb4: e513 07e9 | dcea ffff 

  0x0000022c80501bbc: ;   {runtime_call fast_new_instance Runtime1 stub}
  0x0000022c80501bbc: 488b d2e8 

  0x0000022c80501bc0: ; ImmutableOopMap {[176]=Oop [208]=Oop [216]=Oop [224]=Oop [232]=Oop [296]=Oop }
                      ;*new {reexecute=0 rethrow=0 return_oop=0}
                      ; - kotlin.jvm.internal.Intrinsics::throwParameterIsNullNPE@0 (line 140)
                      ; - kotlin.jvm.internal.Intrinsics::checkNotNullParameter@5 (line 131)
                      ; - kotlin.ResultKt::createFailure@3
                      ; - kotlinx.coroutines.DispatchedTask::run@246 (line 232)
  0x0000022c80501bc0: 3c9a 1307 | e92b ebff 

  0x0000022c80501bc8: ;   {metadata({method} {0x0000022cd54164f8} 'sanitizeStackTrace' '(Ljava/lang/Throwable;)Ljava/lang/Throwable;' in 'kotlin/jvm/internal/Intrinsics')}
  0x0000022c80501bc8: ff49 baf0 | 6441 d52c | 0200 004c | 8954 2408 | 48c7 0424 | ffff ffff 

  0x0000022c80501be0: ;   {runtime_call counter_overflow Runtime1 stub}
  0x0000022c80501be0: e81b fa13 

  0x0000022c80501be4: ; ImmutableOopMap {[176]=Oop [208]=Oop [216]=Oop [224]=Oop [232]=Oop [296]=Oop [304]=Oop }
                      ;*synchronization entry
                      ; - kotlin.jvm.internal.Intrinsics::sanitizeStackTrace@-1 (line 253)
                      ; - kotlin.jvm.internal.Intrinsics::throwParameterIsNullNPE@11 (line 140)
                      ; - kotlin.jvm.internal.Intrinsics::checkNotNullParameter@5 (line 131)
                      ; - kotlin.ResultKt::createFailure@3
                      ; - kotlinx.coroutines.DispatchedTask::run@246 (line 232)
  0x0000022c80501be4: 07e9 b3eb 

  0x0000022c80501be8: ;   {metadata({method} {0x0000022c9446b368} 'getName' '()Ljava/lang/String;' in 'java/lang/Class')}
  0x0000022c80501be8: ffff 49ba | 60b3 4694 | 2c02 0000 | 4c89 5424 | 0848 c704 | 24ff ffff 

  0x0000022c80501c00: ;   {runtime_call counter_overflow Runtime1 stub}
  0x0000022c80501c00: ffe8 faf9 

  0x0000022c80501c04: ; ImmutableOopMap {rdx=Oop [176]=Oop [208]=Oop [216]=Oop [224]=Oop [232]=Oop [296]=Oop [304]=Oop }
                      ;*synchronization entry
                      ; - java.lang.Class::getName@-1 (line 949)
                      ; - kotlin.jvm.internal.Intrinsics::sanitizeStackTrace@3 (line 253)
                      ; - kotlin.jvm.internal.Intrinsics::throwParameterIsNullNPE@11 (line 140)
                      ; - kotlin.jvm.internal.Intrinsics::checkNotNullParameter@5 (line 131)
                      ; - kotlin.ResultKt::createFailure@3
                      ; - kotlinx.coroutines.DispatchedTask::run@246 (line 232)
  0x0000022c80501c04: 1307 e9d8 

  0x0000022c80501c08: ;   {runtime_call throw_null_pointer_exception Runtime1 stub}
  0x0000022c80501c08: ebff ffe8 

  0x0000022c80501c0c: ; ImmutableOopMap {[176]=Oop [208]=Oop [216]=Oop [224]=Oop [232]=Oop [296]=Oop [304]=Oop }
                      ;*getfield name {reexecute=1 rethrow=0 return_oop=0}
                      ; - (reexecute) java.lang.Class::getName@1 (line 949)
                      ; - kotlin.jvm.internal.Intrinsics::sanitizeStackTrace@3 (line 253)
                      ; - kotlin.jvm.internal.Intrinsics::throwParameterIsNullNPE@11 (line 140)
                      ; - kotlin.jvm.internal.Intrinsics::checkNotNullParameter@5 (line 131)
                      ; - kotlin.ResultKt::createFailure@3
                      ; - kotlinx.coroutines.DispatchedTask::run@246 (line 232)
  0x0000022c80501c0c: f088 1307 

  0x0000022c80501c10: ;   {runtime_call fast_new_instance Runtime1 stub}
  0x0000022c80501c10: 488b d2e8 

  0x0000022c80501c14: ; ImmutableOopMap {rbx=Oop [176]=Oop [208]=Oop [216]=Oop [224]=Oop [232]=Oop [296]=Oop }
                      ;*new {reexecute=0 rethrow=0 return_oop=0}
                      ; - kotlin.ResultKt::createFailure@6 (line 122)
                      ; - kotlinx.coroutines.DispatchedTask::run@246 (line 232)
  0x0000022c80501c14: e899 1307 | e9a6 ecff 

  0x0000022c80501c1c: ;   {metadata({method} {0x0000022cd550ee40} '<init>' '(Ljava/lang/Throwable;)V' in 'kotlin/Result$Failure')}
  0x0000022c80501c1c: ff49 ba38 | ee50 d52c | 0200 004c | 8954 2408 | 48c7 0424 | ffff ffff 

  0x0000022c80501c34: ;   {runtime_call counter_overflow Runtime1 stub}
  0x0000022c80501c34: e8c7 f913 

  0x0000022c80501c38: ; ImmutableOopMap {rbx=Oop rax=Oop [176]=Oop [208]=Oop [216]=Oop [224]=Oop [232]=Oop [296]=Oop [320]=Oop }
                      ;*synchronization entry
                      ; - kotlin.Result$Failure::<init>@-1
                      ; - kotlin.ResultKt::createFailure@11 (line 122)
                      ; - kotlinx.coroutines.DispatchedTask::run@246 (line 232)
  0x0000022c80501c38: 07e9 c9ec 

  0x0000022c80501c3c: ;   {metadata({method} {0x0000022cd5415410} 'checkNotNullParameter' '(Ljava/lang/Object;Ljava/lang/String;)V' in 'kotlin/jvm/internal/Intrinsics')}
  0x0000022c80501c3c: ffff 49ba | 0854 41d5 | 2c02 0000 | 4c89 5424 | 0848 c704 | 24ff ffff 

  0x0000022c80501c54: ;   {runtime_call counter_overflow Runtime1 stub}
  0x0000022c80501c54: ffe8 a6f9 

  0x0000022c80501c58: ; ImmutableOopMap {rbx=Oop rax=Oop [176]=Oop [208]=Oop [216]=Oop [224]=Oop [232]=Oop [296]=Oop [320]=Oop }
                      ;*synchronization entry
                      ; - kotlin.jvm.internal.Intrinsics::checkNotNullParameter@-1 (line 130)
                      ; - kotlin.Result$Failure::<init>@3
                      ; - kotlin.ResultKt::createFailure@11 (line 122)
                      ; - kotlinx.coroutines.DispatchedTask::run@246 (line 232)
  0x0000022c80501c58: 1307 e9e1 

  0x0000022c80501c5c: ;   {metadata({method} {0x0000022cd5415590} 'throwParameterIsNullNPE' '(Ljava/lang/String;)V' in 'kotlin/jvm/internal/Intrinsics')}
  0x0000022c80501c5c: ecff ff49 | ba88 5541 | d52c 0200 | 004c 8954 | 2408 48c7 | 0424 ffff 

  0x0000022c80501c74: ;   {runtime_call counter_overflow Runtime1 stub}
  0x0000022c80501c74: ffff e885 

  0x0000022c80501c78: ; ImmutableOopMap {[176]=Oop [208]=Oop [216]=Oop [224]=Oop [232]=Oop [296]=Oop [320]=Oop }
                      ;*synchronization entry
                      ; - kotlin.jvm.internal.Intrinsics::throwParameterIsNullNPE@-1 (line 140)
                      ; - kotlin.jvm.internal.Intrinsics::checkNotNullParameter@5 (line 131)
                      ; - kotlin.Result$Failure::<init>@3
                      ; - kotlin.ResultKt::createFailure@11 (line 122)
                      ; - kotlinx.coroutines.DispatchedTask::run@246 (line 232)
  0x0000022c80501c78: f913 07e9 | 28ed ffff 

  0x0000022c80501c80: ;   {metadata(nullptr)}
  0x0000022c80501c80: 48ba 0000 | 0000 0000 | 0000 b800 

  0x0000022c80501c8c: ;   {runtime_call load_klass_patching Runtime1 stub}
  0x0000022c80501c8c: 0f05 0ae8 

  0x0000022c80501c90: ; ImmutableOopMap {[176]=Oop [208]=Oop [216]=Oop [224]=Oop [232]=Oop [296]=Oop [320]=Oop }
                      ;*new {reexecute=1 rethrow=0 return_oop=0}
                      ; - (reexecute) kotlin.jvm.internal.Intrinsics::throwParameterIsNullNPE@0 (line 140)
                      ; - kotlin.jvm.internal.Intrinsics::checkNotNullParameter@5 (line 131)
                      ; - kotlin.Result$Failure::<init>@3
                      ; - kotlin.ResultKt::createFailure@11 (line 122)
                      ; - kotlinx.coroutines.DispatchedTask::run@246 (line 232)
  0x0000022c80501c90: ece4 1307 | e90f edff | ff48 8bd2 

  0x0000022c80501c9c: ;   {runtime_call fast_new_instance Runtime1 stub}
  0x0000022c80501c9c: e85f 9913 

  0x0000022c80501ca0: ; ImmutableOopMap {[176]=Oop [208]=Oop [216]=Oop [224]=Oop [232]=Oop [296]=Oop [320]=Oop }
                      ;*new {reexecute=0 rethrow=0 return_oop=0}
                      ; - kotlin.jvm.internal.Intrinsics::throwParameterIsNullNPE@0 (line 140)
                      ; - kotlin.jvm.internal.Intrinsics::checkNotNullParameter@5 (line 131)
                      ; - kotlin.Result$Failure::<init>@3
                      ; - kotlin.ResultKt::createFailure@11 (line 122)
                      ; - kotlinx.coroutines.DispatchedTask::run@246 (line 232)
  0x0000022c80501ca0: 07e9 5eed 

  0x0000022c80501ca4: ;   {metadata({method} {0x0000022cd54164f8} 'sanitizeStackTrace' '(Ljava/lang/Throwable;)Ljava/lang/Throwable;' in 'kotlin/jvm/internal/Intrinsics')}
  0x0000022c80501ca4: ffff 49ba | f064 41d5 | 2c02 0000 | 4c89 5424 | 0848 c704 | 24ff ffff 

  0x0000022c80501cbc: ;   {runtime_call counter_overflow Runtime1 stub}
  0x0000022c80501cbc: ffe8 3ef9 

  0x0000022c80501cc0: ; ImmutableOopMap {[176]=Oop [208]=Oop [216]=Oop [224]=Oop [232]=Oop [296]=Oop [312]=Oop [320]=Oop }
                      ;*synchronization entry
                      ; - kotlin.jvm.internal.Intrinsics::sanitizeStackTrace@-1 (line 253)
                      ; - kotlin.jvm.internal.Intrinsics::throwParameterIsNullNPE@11 (line 140)
                      ; - kotlin.jvm.internal.Intrinsics::checkNotNullParameter@5 (line 131)
                      ; - kotlin.Result$Failure::<init>@3
                      ; - kotlin.ResultKt::createFailure@11 (line 122)
                      ; - kotlinx.coroutines.DispatchedTask::run@246 (line 232)
  0x0000022c80501cc0: 1307 e9e6 

  0x0000022c80501cc4: ;   {metadata({method} {0x0000022c9446b368} 'getName' '()Ljava/lang/String;' in 'java/lang/Class')}
  0x0000022c80501cc4: edff ff49 | ba60 b346 | 942c 0200 | 004c 8954 | 2408 48c7 | 0424 ffff 

  0x0000022c80501cdc: ;   {runtime_call counter_overflow Runtime1 stub}
  0x0000022c80501cdc: ffff e81d 

  0x0000022c80501ce0: ; ImmutableOopMap {rdx=Oop [176]=Oop [208]=Oop [216]=Oop [224]=Oop [232]=Oop [296]=Oop [312]=Oop [320]=Oop }
                      ;*synchronization entry
                      ; - java.lang.Class::getName@-1 (line 949)
                      ; - kotlin.jvm.internal.Intrinsics::sanitizeStackTrace@3 (line 253)
                      ; - kotlin.jvm.internal.Intrinsics::throwParameterIsNullNPE@11 (line 140)
                      ; - kotlin.jvm.internal.Intrinsics::checkNotNullParameter@5 (line 131)
                      ; - kotlin.Result$Failure::<init>@3
                      ; - kotlin.ResultKt::createFailure@11 (line 122)
                      ; - kotlinx.coroutines.DispatchedTask::run@246 (line 232)
  0x0000022c80501ce0: f913 07e9 | 0bee ffff 

  0x0000022c80501ce8: ;   {runtime_call throw_null_pointer_exception Runtime1 stub}
  0x0000022c80501ce8: e813 8813 

  0x0000022c80501cec: ; ImmutableOopMap {[176]=Oop [208]=Oop [216]=Oop [224]=Oop [232]=Oop [296]=Oop [312]=Oop [320]=Oop }
                      ;*getfield name {reexecute=1 rethrow=0 return_oop=0}
                      ; - (reexecute) java.lang.Class::getName@1 (line 949)
                      ; - kotlin.jvm.internal.Intrinsics::sanitizeStackTrace@3 (line 253)
                      ; - kotlin.jvm.internal.Intrinsics::throwParameterIsNullNPE@11 (line 140)
                      ; - kotlin.jvm.internal.Intrinsics::checkNotNullParameter@5 (line 131)
                      ; - kotlin.Result$Failure::<init>@3
                      ; - kotlin.ResultKt::createFailure@11 (line 122)
                      ; - kotlinx.coroutines.DispatchedTask::run@246 (line 232)
                      ;   {metadata({method} {0x0000022c94476650} '<init>' '()V' in 'java/lang/Object')}
  0x0000022c80501cec: 0749 ba48 | 6647 942c | 0200 004c | 8954 2408 | 48c7 0424 | ffff ffff 

  0x0000022c80501d04: ;   {runtime_call counter_overflow Runtime1 stub}
  0x0000022c80501d04: e8f7 f813 

  0x0000022c80501d08: ; ImmutableOopMap {rdi=Oop rax=Oop [176]=Oop [208]=Oop [216]=Oop [224]=Oop [232]=Oop [296]=Oop [320]=Oop }
                      ;*synchronization entry
                      ; - java.lang.Object::<init>@-1 (line 45)
                      ; - kotlin.Result$Failure::<init>@7 (line 105)
                      ; - kotlin.ResultKt::createFailure@11 (line 122)
                      ; - kotlinx.coroutines.DispatchedTask::run@246 (line 232)
  0x0000022c80501d08: 07e9 b7ee | ffff 448b | 400c 49c1 | e003 4983 | f800 0f84 | b3ee ffff | 4c89 0424 

  0x0000022c80501d24: ;   {runtime_call g1_pre_barrier_slow}
  0x0000022c80501d24: e857 0314 | 07e9 a5ee | ffff 4883 | ff00 0f84 | baee ffff | 4889 0424 

  0x0000022c80501d3c: ;   {runtime_call g1_post_barrier_slow}
  0x0000022c80501d3c: e83f 0614 | 07e9 acee 

  0x0000022c80501d44: ;   {metadata({method} {0x0000022cd550cf08} 'constructor-impl' '(Ljava/lang/Object;)Ljava/lang/Object;' in 'kotlin/Result')}
  0x0000022c80501d44: ffff 49ba | 00cf 50d5 | 2c02 0000 | 4c89 5424 | 0848 c704 | 24ff ffff 

  0x0000022c80501d5c: ;   {runtime_call counter_overflow Runtime1 stub}
  0x0000022c80501d5c: ffe8 9ef8 

  0x0000022c80501d60: ; ImmutableOopMap {rax=Oop [176]=Oop [208]=Oop [216]=Oop [224]=Oop [232]=Oop [320]=Oop }
                      ;*synchronization entry
                      ; - kotlin.Result::constructor-impl@-1
                      ; - kotlinx.coroutines.DispatchedTask::run@249 (line 232)
  0x0000022c80501d60: 1307 e9c6 

  0x0000022c80501d64: ;   {runtime_call throw_null_pointer_exception Runtime1 stub}
  0x0000022c80501d64: eeff ffe8 

  0x0000022c80501d68: ; ImmutableOopMap {rax=Oop [176]=Oop [216]=Oop [224]=Oop }
                      ;*invokevirtual clearThreadContext {reexecute=0 rethrow=0 return_oop=0}
                      ; - kotlinx.coroutines.DispatchedTask::run@319 (line 236)
  0x0000022c80501d68: 9487 1307 

  0x0000022c80501d6c: ;   {internal_word}
  0x0000022c80501d6c: 49ba d40d | 5080 2c02 | 0000 4d89 | 9760 0400 

  0x0000022c80501d7c: ;   {runtime_call SafepointBlob}
  0x0000022c80501d7c: 00e9 fe36 | 0807 4889 

  0x0000022c80501d84: ;   {runtime_call throw_class_cast_exception Runtime1 stub}
  0x0000022c80501d84: 0424 e875 

  0x0000022c80501d88: ; ImmutableOopMap {r8=Oop [176]=Oop [208]=Oop [216]=Oop [224]=Oop [232]=Oop [296]=Oop [320]=Oop }
                      ;*checkcast {reexecute=0 rethrow=0 return_oop=0}
                      ; - kotlin.jvm.internal.Intrinsics::throwParameterIsNullNPE@14 (line 140)
                      ; - kotlin.jvm.internal.Intrinsics::checkNotNullParameter@5 (line 131)
                      ; - kotlin.Result$Failure::<init>@3
                      ; - kotlin.ResultKt::createFailure@11 (line 122)
                      ; - kotlinx.coroutines.DispatchedTask::run@246 (line 232)
                      ;   {runtime_call throw_null_pointer_exception Runtime1 stub}
  0x0000022c80501d88: c713 07e8 

  0x0000022c80501d8c: ; ImmutableOopMap {r8=Oop rax=Oop [176]=Oop [208]=Oop [216]=Oop [224]=Oop [232]=Oop [296]=Oop [320]=Oop }
                      ;*athrow {reexecute=1 rethrow=0 return_oop=0}
                      ; - (reexecute) kotlin.jvm.internal.Intrinsics::throwParameterIsNullNPE@17 (line 140)
                      ; - kotlin.jvm.internal.Intrinsics::checkNotNullParameter@5 (line 131)
                      ; - kotlin.Result$Failure::<init>@3
                      ; - kotlin.ResultKt::createFailure@11 (line 122)
                      ; - kotlinx.coroutines.DispatchedTask::run@246 (line 232)
  0x0000022c80501d8c: 7087 1307 | 4889 0424 

  0x0000022c80501d94: ;   {runtime_call throw_class_cast_exception Runtime1 stub}
  0x0000022c80501d94: e867 c713 

  0x0000022c80501d98: ; ImmutableOopMap {r8=Oop [176]=Oop [208]=Oop [216]=Oop [224]=Oop [232]=Oop [296]=Oop }
                      ;*checkcast {reexecute=0 rethrow=0 return_oop=0}
                      ; - kotlin.jvm.internal.Intrinsics::throwParameterIsNullNPE@14 (line 140)
                      ; - kotlin.jvm.internal.Intrinsics::checkNotNullParameter@5 (line 131)
                      ; - kotlin.ResultKt::createFailure@3
                      ; - kotlinx.coroutines.DispatchedTask::run@246 (line 232)
                      ;   {runtime_call throw_null_pointer_exception Runtime1 stub}
  0x0000022c80501d98: 07e8 6287 

  0x0000022c80501d9c: ; ImmutableOopMap {r8=Oop rax=Oop [176]=Oop [208]=Oop [216]=Oop [224]=Oop [232]=Oop [296]=Oop }
                      ;*athrow {reexecute=1 rethrow=0 return_oop=0}
                      ; - (reexecute) kotlin.jvm.internal.Intrinsics::throwParameterIsNullNPE@17 (line 140)
                      ; - kotlin.jvm.internal.Intrinsics::checkNotNullParameter@5 (line 131)
                      ; - kotlin.ResultKt::createFailure@3
                      ; - kotlinx.coroutines.DispatchedTask::run@246 (line 232)
  0x0000022c80501d9c: 1307 4889 

  0x0000022c80501da0: ;   {runtime_call throw_class_cast_exception Runtime1 stub}
  0x0000022c80501da0: 0424 e859 

  0x0000022c80501da4: ; ImmutableOopMap {r8=Oop [176]=Oop [208]=Oop [216]=Oop [224]=Oop [232]=Oop [256]=Oop [288]=Oop }
                      ;*checkcast {reexecute=0 rethrow=0 return_oop=0}
                      ; - kotlin.jvm.internal.Intrinsics::throwParameterIsNullNPE@14 (line 140)
                      ; - kotlin.jvm.internal.Intrinsics::checkNotNullParameter@5 (line 131)
                      ; - kotlin.Result$Failure::<init>@3
                      ; - kotlin.ResultKt::createFailure@11 (line 122)
                      ; - kotlinx.coroutines.DispatchedTask::run@273 (line 98)
                      ;   {runtime_call throw_null_pointer_exception Runtime1 stub}
  0x0000022c80501da4: c713 07e8 

  0x0000022c80501da8: ; ImmutableOopMap {r8=Oop rax=Oop [176]=Oop [208]=Oop [216]=Oop [224]=Oop [232]=Oop [256]=Oop [288]=Oop }
                      ;*athrow {reexecute=1 rethrow=0 return_oop=0}
                      ; - (reexecute) kotlin.jvm.internal.Intrinsics::throwParameterIsNullNPE@17 (line 140)
                      ; - kotlin.jvm.internal.Intrinsics::checkNotNullParameter@5 (line 131)
                      ; - kotlin.Result$Failure::<init>@3
                      ; - kotlin.ResultKt::createFailure@11 (line 122)
                      ; - kotlinx.coroutines.DispatchedTask::run@273 (line 98)
  0x0000022c80501da8: 5487 1307 | 4889 0424 

  0x0000022c80501db0: ;   {runtime_call throw_class_cast_exception Runtime1 stub}
  0x0000022c80501db0: e84b c713 

  0x0000022c80501db4: ; ImmutableOopMap {rdi=Oop rsi=Oop [176]=Oop [216]=Oop [224]=Oop [232]=Oop [256]=Oop }
                      ;*checkcast {reexecute=0 rethrow=0 return_oop=0}
                      ; - kotlin.jvm.internal.Intrinsics::throwParameterIsNullNPE@14 (line 140)
                      ; - kotlin.jvm.internal.Intrinsics::checkNotNullParameter@5 (line 131)
                      ; - kotlin.ResultKt::createFailure@3
                      ; - kotlinx.coroutines.DispatchedTask::run@273 (line 98)
                      ;   {runtime_call throw_null_pointer_exception Runtime1 stub}
  0x0000022c80501db4: 07e8 4687 

  0x0000022c80501db8: ; ImmutableOopMap {rdi=Oop rsi=Oop rax=Oop [176]=Oop [216]=Oop [224]=Oop [232]=Oop [256]=Oop }
                      ;*athrow {reexecute=1 rethrow=0 return_oop=0}
                      ; - (reexecute) kotlin.jvm.internal.Intrinsics::throwParameterIsNullNPE@17 (line 140)
                      ; - kotlin.jvm.internal.Intrinsics::checkNotNullParameter@5 (line 131)
                      ; - kotlin.ResultKt::createFailure@3
                      ; - kotlinx.coroutines.DispatchedTask::run@273 (line 98)
                      ;   {runtime_call throw_null_pointer_exception Runtime1 stub}
  0x0000022c80501db8: 1307 e841 

  0x0000022c80501dbc: ; ImmutableOopMap {rdx=Oop [176]=Oop [216]=Oop [224]=Oop [328]=Oop }
                      ;*invokevirtual clearThreadContext {reexecute=0 rethrow=0 return_oop=0}
                      ; - kotlinx.coroutines.DispatchedTask::run@344 (line 236)
  0x0000022c80501dbc: 8713 0748 

  0x0000022c80501dc0: ;   {runtime_call throw_class_cast_exception Runtime1 stub}
  0x0000022c80501dc0: 8904 24e8 

  0x0000022c80501dc4: ; ImmutableOopMap {r8=Oop [176]=Oop [184]=Oop }
                      ;*checkcast {reexecute=0 rethrow=0 return_oop=0}
                      ; - kotlin.jvm.internal.Intrinsics::throwJavaNpe@11 (line 50)
                      ; - kotlin.jvm.internal.Intrinsics::checkNotNull@5 (line 31)
                      ; - kotlinx.coroutines.DispatchedTask::run@40 (line 80)
  0x0000022c80501dc4: 38c7 1307 

  0x0000022c80501dc8: ;   {runtime_call throw_null_pointer_exception Runtime1 stub}
  0x0000022c80501dc8: e833 8713 

  0x0000022c80501dcc: ; ImmutableOopMap {r8=Oop rax=Oop [176]=Oop [184]=Oop }
                      ;*athrow {reexecute=1 rethrow=0 return_oop=0}
                      ; - (reexecute) kotlin.jvm.internal.Intrinsics::throwJavaNpe@14 (line 50)
                      ; - kotlin.jvm.internal.Intrinsics::checkNotNull@5 (line 31)
                      ; - kotlinx.coroutines.DispatchedTask::run@40 (line 80)
                      ;   {internal_word}
  0x0000022c80501dcc: 0749 ba0c | 1550 802c | 0200 004d | 8997 6004 

  0x0000022c80501ddc: ;   {runtime_call SafepointBlob}
  0x0000022c80501ddc: 0000 e99d 

  0x0000022c80501de0: ;   {runtime_call throw_null_pointer_exception Runtime1 stub}
  0x0000022c80501de0: 3608 07e8 

  0x0000022c80501de4: ; ImmutableOopMap {rax=Oop [336]=Oop }
                      ;*invokeinterface getContext {reexecute=0 rethrow=0 return_oop=0}
                      ; - kotlinx.coroutines.DispatchedTask::run@365 (line 105)
  0x0000022c80501de4: 1887 1307 

  0x0000022c80501de8: ;   {internal_word}
  0x0000022c80501de8: 49ba 8c17 | 5080 2c02 | 0000 4d89 | 9760 0400 

  0x0000022c80501df8: ;   {runtime_call SafepointBlob}
  0x0000022c80501df8: 00e9 8236 | 0807 498b | 87f8 0400 | 0049 c787 | f804 0000 | 0000 0000 | 49c7 8700 | 0500 0000 
  0x0000022c80501e18: 0000 0048 | 81c4 7001 

  0x0000022c80501e20: ;   {runtime_call unwind_exception Runtime1 stub}
  0x0000022c80501e20: 0000 5de9 | d86f 1307 
[Stub Code]
  0x0000022c80501e28: ;   {no_reloc}
  0x0000022c80501e28: 0f1f 4400 

  0x0000022c80501e2c: ;   {static_stub}
  0x0000022c80501e2c: 0048 bb00 | 0000 0000 

  0x0000022c80501e34: ;   {runtime_call nmethod}
  0x0000022c80501e34: 0000 00e9 | fbff ffff 

  0x0000022c80501e3c: ;   {static_stub}
  0x0000022c80501e3c: 9048 bb00 | 0000 0000 

  0x0000022c80501e44: ;   {runtime_call nmethod}
  0x0000022c80501e44: 0000 00e9 | fbff ffff 

  0x0000022c80501e4c: ;   {static_stub}
  0x0000022c80501e4c: 9048 bb00 | 0000 0000 

  0x0000022c80501e54: ;   {runtime_call nmethod}
  0x0000022c80501e54: 0000 00e9 | fbff ffff 

  0x0000022c80501e5c: ;   {static_stub}
  0x0000022c80501e5c: 9048 bb00 | 0000 0000 

  0x0000022c80501e64: ;   {runtime_call nmethod}
  0x0000022c80501e64: 0000 00e9 | fbff ffff 

  0x0000022c80501e6c: ;   {static_stub}
  0x0000022c80501e6c: 9048 bb00 | 0000 0000 

  0x0000022c80501e74: ;   {runtime_call nmethod}
  0x0000022c80501e74: 0000 00e9 | fbff ffff 

  0x0000022c80501e7c: ;   {static_stub}
  0x0000022c80501e7c: 9048 bb00 | 0000 0000 

  0x0000022c80501e84: ;   {runtime_call nmethod}
  0x0000022c80501e84: 0000 00e9 | fbff ffff 

  0x0000022c80501e8c: ;   {static_stub}
  0x0000022c80501e8c: 9048 bb00 | 0000 0000 

  0x0000022c80501e94: ;   {runtime_call nmethod}
  0x0000022c80501e94: 0000 00e9 | fbff ffff 

  0x0000022c80501e9c: ;   {static_stub}
  0x0000022c80501e9c: 9048 bb00 | 0000 0000 

  0x0000022c80501ea4: ;   {runtime_call nmethod}
  0x0000022c80501ea4: 0000 00e9 | fbff ffff 

  0x0000022c80501eac: ;   {static_stub}
  0x0000022c80501eac: 9048 bb00 | 0000 0000 

  0x0000022c80501eb4: ;   {runtime_call nmethod}
  0x0000022c80501eb4: 0000 00e9 | fbff ffff 

  0x0000022c80501ebc: ;   {static_stub}
  0x0000022c80501ebc: 9048 bb00 | 0000 0000 

  0x0000022c80501ec4: ;   {runtime_call nmethod}
  0x0000022c80501ec4: 0000 00e9 | fbff ffff 

  0x0000022c80501ecc: ;   {static_stub}
  0x0000022c80501ecc: 9048 bbb0 | d84e d52c 

  0x0000022c80501ed4: ;   {runtime_call I2C/C2I adapters}
  0x0000022c80501ed4: 0200 00e9 | 8715 0807 

  0x0000022c80501edc: ;   {static_stub}
  0x0000022c80501edc: 9048 bb00 | 0000 0000 

  0x0000022c80501ee4: ;   {runtime_call nmethod}
  0x0000022c80501ee4: 0000 00e9 | fbff ffff 

  0x0000022c80501eec: ;   {static_stub}
  0x0000022c80501eec: 9048 bb00 | 0000 0000 

  0x0000022c80501ef4: ;   {runtime_call nmethod}
  0x0000022c80501ef4: 0000 00e9 | fbff ffff 

  0x0000022c80501efc: ;   {static_stub}
  0x0000022c80501efc: 9048 bb00 | 0000 0000 

  0x0000022c80501f04: ;   {runtime_call nmethod}
  0x0000022c80501f04: 0000 00e9 | fbff ffff 

  0x0000022c80501f0c: ;   {static_stub}
  0x0000022c80501f0c: 9048 bb00 | 0000 0000 

  0x0000022c80501f14: ;   {runtime_call nmethod}
  0x0000022c80501f14: 0000 00e9 | fbff ffff 

  0x0000022c80501f1c: ;   {static_stub}
  0x0000022c80501f1c: 9048 bb00 | 0000 0000 

  0x0000022c80501f24: ;   {runtime_call nmethod}
  0x0000022c80501f24: 0000 00e9 | fbff ffff 

  0x0000022c80501f2c: ;   {static_stub}
  0x0000022c80501f2c: 9048 bb00 | 0000 0000 

  0x0000022c80501f34: ;   {runtime_call nmethod}
  0x0000022c80501f34: 0000 00e9 | fbff ffff 

  0x0000022c80501f3c: ;   {static_stub}
  0x0000022c80501f3c: 48bb 0000 | 0000 0000 

  0x0000022c80501f44: ;   {runtime_call nmethod}
  0x0000022c80501f44: 0000 e9fb 

  0x0000022c80501f48: ;   {static_stub}
  0x0000022c80501f48: ffff ff48 | bb00 0000 | 0000 0000 

  0x0000022c80501f54: ;   {runtime_call nmethod}
  0x0000022c80501f54: 00e9 fbff 

  0x0000022c80501f58: ;   {static_stub}
  0x0000022c80501f58: ffff 48bb | 0000 0000 | 0000 0000 

  0x0000022c80501f64: ;   {runtime_call nmethod}
  0x0000022c80501f64: e9fb ffff 

  0x0000022c80501f68: ;   {static_stub}
  0x0000022c80501f68: ff48 bb00 | 0000 0000 

  0x0000022c80501f70: ;   {runtime_call nmethod}
  0x0000022c80501f70: 0000 00e9 | fbff ffff 

  0x0000022c80501f78: ;   {static_stub}
  0x0000022c80501f78: 48bb 0000 | 0000 0000 

  0x0000022c80501f80: ;   {runtime_call nmethod}
  0x0000022c80501f80: 0000 e9fb 

  0x0000022c80501f84: ;   {static_stub}
  0x0000022c80501f84: ffff ff48 | bb00 0000 | 0000 0000 

  0x0000022c80501f90: ;   {runtime_call nmethod}
  0x0000022c80501f90: 00e9 fbff 

  0x0000022c80501f94: ;   {static_stub}
  0x0000022c80501f94: ffff 48bb | 0000 0000 | 0000 0000 

  0x0000022c80501fa0: ;   {runtime_call nmethod}
  0x0000022c80501fa0: e9fb ffff 

  0x0000022c80501fa4: ;   {static_stub}
  0x0000022c80501fa4: ff48 bb00 | 0000 0000 

  0x0000022c80501fac: ;   {runtime_call nmethod}
  0x0000022c80501fac: 0000 00e9 | fbff ffff 

  0x0000022c80501fb4: ;   {static_stub}
  0x0000022c80501fb4: 48bb 0000 | 0000 0000 

  0x0000022c80501fbc: ;   {runtime_call nmethod}
  0x0000022c80501fbc: 0000 e9fb 

  0x0000022c80501fc0: ;   {runtime_call handle_exception_from_callee Runtime1 stub}
  0x0000022c80501fc0: ffff ffe8 | 38bb 1307 

  0x0000022c80501fc8: ;   {external_word}
  0x0000022c80501fc8: 48b9 789b | ffd5 f87f | 0000 4883 

  0x0000022c80501fd4: ;   {runtime_call}
  0x0000022c80501fd4: e4f0 48b8 | d0e6 c1d5 | f87f 0000 

  0x0000022c80501fe0: ;   {section_word}
  0x0000022c80501fe0: ffd0 f449 | bae3 1f50 | 802c 0200 

  0x0000022c80501fec: ;   {runtime_call DeoptimizationBlob}
  0x0000022c80501fec: 0041 52e9 | 2c27 0807 | f4f4 f4f4 
[/MachCode]


---------------  P R O C E S S  ---------------

Threads class SMR info:
_java_thread_list=0x0000022cde720690, length=21, elements={
0x0000022cf2363610, 0x0000022c93150c50, 0x0000022c93151960, 0x0000022c93152db0,
0x0000022c93154fb0, 0x0000022c9315ac40, 0x0000022c931632b0, 0x0000022c93158760,
0x0000022c93159b40, 0x0000022c932eb860, 0x0000022c932f97f0, 0x0000022c9393f220,
0x0000022cd92aa300, 0x0000022cd92aa960, 0x0000022cd9278b00, 0x0000022c93c65e60,
0x0000022cd95305b0, 0x0000022cd952f200, 0x0000022cd952ff20, 0x0000022cdff804c0,
0x0000022cde918880
}

Java Threads: ( => current thread )
  0x0000022cf2363610 JavaThread "main"                              [_thread_blocked, id=11752, stack(0x0000006de5200000,0x0000006de5300000) (1024K)]
  0x0000022c93150c50 JavaThread "Reference Handler"          daemon [_thread_blocked, id=9120, stack(0x0000006de5a00000,0x0000006de5b00000) (1024K)]
  0x0000022c93151960 JavaThread "Finalizer"                  daemon [_thread_blocked, id=12892, stack(0x0000006de5b00000,0x0000006de5c00000) (1024K)]
  0x0000022c93152db0 JavaThread "Signal Dispatcher"          daemon [_thread_blocked, id=1192, stack(0x0000006de5c00000,0x0000006de5d00000) (1024K)]
  0x0000022c93154fb0 JavaThread "Attach Listener"            daemon [_thread_blocked, id=13380, stack(0x0000006de5d00000,0x0000006de5e00000) (1024K)]
  0x0000022c9315ac40 JavaThread "Service Thread"             daemon [_thread_blocked, id=2304, stack(0x0000006de5e00000,0x0000006de5f00000) (1024K)]
  0x0000022c931632b0 JavaThread "Monitor Deflation Thread"   daemon [_thread_blocked, id=11948, stack(0x0000006de5f00000,0x0000006de6000000) (1024K)]
  0x0000022c93158760 JavaThread "C2 CompilerThread0"         daemon [_thread_blocked, id=10560, stack(0x0000006de6000000,0x0000006de6100000) (1024K)]
  0x0000022c93159b40 JavaThread "C1 CompilerThread0"         daemon [_thread_blocked, id=7216, stack(0x0000006de6100000,0x0000006de6200000) (1024K)]
  0x0000022c932eb860 JavaThread "Notification Thread"        daemon [_thread_blocked, id=10168, stack(0x0000006de6200000,0x0000006de6300000) (1024K)]
  0x0000022c932f97f0 JavaThread "Common-Cleaner"             daemon [_thread_blocked, id=1740, stack(0x0000006de6300000,0x0000006de6400000) (1024K)]
  0x0000022c9393f220 JavaThread "Java2D Disposer"            daemon [_thread_blocked, id=3972, stack(0x0000006de6800000,0x0000006de6900000) (1024K)]
  0x0000022cd92aa300 JavaThread "DefaultDispatcher-worker-1" daemon [_thread_blocked, id=3148, stack(0x0000006de6b00000,0x0000006de6c00000) (1024K)]
  0x0000022cd92aa960 JavaThread "DefaultDispatcher-worker-2" daemon [_thread_blocked, id=3104, stack(0x0000006de6c00000,0x0000006de6d00000) (1024K)]
=>0x0000022cd9278b00 JavaThread "DefaultDispatcher-worker-3" daemon [_thread_in_native, id=12076, stack(0x0000006de6d00000,0x0000006de6e00000) (1024K)]
  0x0000022c93c65e60 JavaThread "Reference Cleaner"          daemon [_thread_blocked, id=1588, stack(0x0000006de6e00000,0x0000006de6f00000) (1024K)]
  0x0000022cd95305b0 JavaThread "kotlinx.coroutines.DefaultExecutor" daemon [_thread_blocked, id=2648, stack(0x0000006de6f00000,0x0000006de7000000) (1024K)]
  0x0000022cd952f200 JavaThread "TimerQueue"                 daemon [_thread_blocked, id=11860, stack(0x0000006de7100000,0x0000006de7200000) (1024K)]
  0x0000022cd952ff20 JavaThread "JavaCPP Deallocator"        daemon [_thread_blocked, id=14228, stack(0x0000006de7a00000,0x0000006de7b00000) (1024K)]
  0x0000022cdff804c0 JavaThread "pool-1-thread-1"            daemon [_thread_blocked, id=9564, stack(0x0000006de7f00000,0x0000006de8000000) (1024K)]
  0x0000022cde918880 JavaThread "DefaultDispatcher-worker-4" daemon [_thread_in_native, id=1788, stack(0x0000006de8a00000,0x0000006de8b00000) (1024K)]
Total: 21

Other Threads:
  0x0000022c931320c0 VMThread "VM Thread"                           [id=1840, stack(0x0000006de5900000,0x0000006de5a00000) (1024K)]
  0x0000022c9311fee0 WatcherThread "VM Periodic Task Thread"        [id=11712, stack(0x0000006de5800000,0x0000006de5900000) (1024K)]
  0x0000022cf45b0f30 WorkerThread "GC Thread#0"                     [id=10920, stack(0x0000006de5300000,0x0000006de5400000) (1024K)]
  0x0000022c9368f4f0 WorkerThread "GC Thread#1"                     [id=14072, stack(0x0000006de6500000,0x0000006de6600000) (1024K)]
  0x0000022c93ac2630 WorkerThread "GC Thread#2"                     [id=3824, stack(0x0000006de6600000,0x0000006de6700000) (1024K)]
  0x0000022c93ac29d0 WorkerThread "GC Thread#3"                     [id=8720, stack(0x0000006de6700000,0x0000006de6800000) (1024K)]
  0x0000022cf45c1da0 ConcurrentGCThread "G1 Main Marker"            [id=12016, stack(0x0000006de5400000,0x0000006de5500000) (1024K)]
  0x0000022cf45c2a50 WorkerThread "G1 Conc#0"                       [id=8912, stack(0x0000006de5500000,0x0000006de5600000) (1024K)]
  0x0000022cf461e910 ConcurrentGCThread "G1 Refine#0"               [id=7528, stack(0x0000006de5600000,0x0000006de5700000) (1024K)]
  0x0000022c92fe56c0 ConcurrentGCThread "G1 Service"                [id=8488, stack(0x0000006de5700000,0x0000006de5800000) (1024K)]
Total: 10

Threads with active compile tasks:
Total: 0

VM state: not at safepoint (normal execution)

VM Mutex/Monitor currently owned by a thread: None

Heap address: 0x0000000701600000, size: 4074 MB, Compressed Oops mode: Zero based, Oop shift amount: 3

CDS archive(s) mapped at: [0x0000022c94000000-0x0000022c94c80000-0x0000022c94c80000), size 13107200, SharedBaseAddress: 0x0000022c94000000, ArchiveRelocationMode: 1.
Compressed class space mapped at: 0x0000022c95000000-0x0000022cd5000000, reserved size: 1073741824
Narrow klass base: 0x0000022c94000000, Narrow klass shift: 0, Narrow klass range: 0x100000000

GC Precious Log:
 CardTable entry size: 512
 Card Set container configuration: InlinePtr #cards 4 size 8 Array Of Cards #cards 16 size 48 Howl #buckets 8 coarsen threshold 3686 Howl Bitmap #cards 512 size 80 coarsen threshold 460 Card regions per heap region 1 cards per card region 4096
 CPUs: 4 total, 4 available
 Memory: 16291M
 Large Page Support: Disabled
 NUMA Support: Disabled
 Compressed Oops: Enabled (Zero based)
 Heap Region Size: 2M
 Heap Min Capacity: 8M
 Heap Initial Capacity: 256M
 Heap Max Capacity: 4074M
 Pre-touch: Disabled
 Parallel Workers: 4
 Concurrent Workers: 1
 Concurrent Refinement Workers: 4
 Periodic GC: Disabled

Heap:
 garbage-first heap   total 169984K, used 36233K [0x0000000701600000, 0x0000000800000000)
  region size 2048K, 3 young (6144K), 1 survivors (2048K)
 Metaspace       used 36799K, committed 37312K, reserved 1114112K
  class space    used 3312K, committed 3520K, reserved 1048576K

Heap Regions: E=young(eden), S=young(survivor), O=old, HS=humongous(starts), HC=humongous(continues), CS=collection set, F=free, TAMS=top-at-mark-start, PB=parsable bottom
|   0|0x0000000701600000, 0x0000000701800000, 0x0000000701800000|100%| O|  |TAMS 0x0000000701600000| PB 0x0000000701600000| Untracked 
|   1|0x0000000701800000, 0x0000000701a00000, 0x0000000701a00000|100%| O|  |TAMS 0x0000000701800000| PB 0x0000000701800000| Untracked 
|   2|0x0000000701a00000, 0x0000000701c00000, 0x0000000701c00000|100%| O|  |TAMS 0x0000000701a00000| PB 0x0000000701a00000| Untracked 
|   3|0x0000000701c00000, 0x0000000701e00000, 0x0000000701e00000|100%| O|  |TAMS 0x0000000701c00000| PB 0x0000000701c00000| Untracked 
|   4|0x0000000701e00000, 0x0000000702000000, 0x0000000702000000|100%|HS|  |TAMS 0x0000000701e00000| PB 0x0000000701e00000| Complete 
|   5|0x0000000702000000, 0x0000000702200000, 0x0000000702200000|100%|HC|  |TAMS 0x0000000702000000| PB 0x0000000702000000| Complete 
|   6|0x0000000702200000, 0x0000000702200000, 0x0000000702400000|  0%| F|  |TAMS 0x0000000702200000| PB 0x0000000702200000| Untracked 
|   7|0x0000000702400000, 0x0000000702600000, 0x0000000702600000|100%|HS|  |TAMS 0x0000000702400000| PB 0x0000000702400000| Complete 
|   8|0x0000000702600000, 0x0000000702600000, 0x0000000702800000|  0%| F|  |TAMS 0x0000000702600000| PB 0x0000000702600000| Untracked 
|   9|0x0000000702800000, 0x0000000702800000, 0x0000000702a00000|  0%| F|  |TAMS 0x0000000702800000| PB 0x0000000702800000| Untracked 
|  10|0x0000000702a00000, 0x0000000702a00000, 0x0000000702c00000|  0%| F|  |TAMS 0x0000000702a00000| PB 0x0000000702a00000| Untracked 
|  11|0x0000000702c00000, 0x0000000702c00000, 0x0000000702e00000|  0%| F|  |TAMS 0x0000000702c00000| PB 0x0000000702c00000| Untracked 
|  12|0x0000000702e00000, 0x0000000702e00000, 0x0000000703000000|  0%| F|  |TAMS 0x0000000702e00000| PB 0x0000000702e00000| Untracked 
|  13|0x0000000703000000, 0x0000000703000000, 0x0000000703200000|  0%| F|  |TAMS 0x0000000703000000| PB 0x0000000703000000| Untracked 
|  14|0x0000000703200000, 0x0000000703200000, 0x0000000703400000|  0%| F|  |TAMS 0x0000000703200000| PB 0x0000000703200000| Untracked 
|  15|0x0000000703400000, 0x0000000703400000, 0x0000000703600000|  0%| F|  |TAMS 0x0000000703400000| PB 0x0000000703400000| Untracked 
|  16|0x0000000703600000, 0x0000000703800000, 0x0000000703800000|100%|HS|  |TAMS 0x0000000703600000| PB 0x0000000703600000| Complete 
|  17|0x0000000703800000, 0x0000000703a00000, 0x0000000703a00000|100%|HC|  |TAMS 0x0000000703800000| PB 0x0000000703800000| Complete 
|  18|0x0000000703a00000, 0x0000000703a00000, 0x0000000703c00000|  0%| F|  |TAMS 0x0000000703a00000| PB 0x0000000703a00000| Untracked 
|  19|0x0000000703c00000, 0x0000000703c00000, 0x0000000703e00000|  0%| F|  |TAMS 0x0000000703c00000| PB 0x0000000703c00000| Untracked 
|  20|0x0000000703e00000, 0x0000000703e00000, 0x0000000704000000|  0%| F|  |TAMS 0x0000000703e00000| PB 0x0000000703e00000| Untracked 
|  21|0x0000000704000000, 0x0000000704000000, 0x0000000704200000|  0%| F|  |TAMS 0x0000000704000000| PB 0x0000000704000000| Untracked 
|  22|0x0000000704200000, 0x0000000704200000, 0x0000000704400000|  0%| F|  |TAMS 0x0000000704200000| PB 0x0000000704200000| Untracked 
|  23|0x0000000704400000, 0x0000000704400000, 0x0000000704600000|  0%| F|  |TAMS 0x0000000704400000| PB 0x0000000704400000| Untracked 
|  24|0x0000000704600000, 0x0000000704600000, 0x0000000704800000|  0%| F|  |TAMS 0x0000000704600000| PB 0x0000000704600000| Untracked 
|  25|0x0000000704800000, 0x0000000704a00000, 0x0000000704a00000|100%|HS|  |TAMS 0x0000000704800000| PB 0x0000000704800000| Complete 
|  26|0x0000000704a00000, 0x0000000704c00000, 0x0000000704c00000|100%|HC|  |TAMS 0x0000000704a00000| PB 0x0000000704a00000| Complete 
|  27|0x0000000704c00000, 0x0000000704c00000, 0x0000000704e00000|  0%| F|  |TAMS 0x0000000704c00000| PB 0x0000000704c00000| Untracked 
|  28|0x0000000704e00000, 0x0000000704e00000, 0x0000000705000000|  0%| F|  |TAMS 0x0000000704e00000| PB 0x0000000704e00000| Untracked 
|  29|0x0000000705000000, 0x0000000705000000, 0x0000000705200000|  0%| F|  |TAMS 0x0000000705000000| PB 0x0000000705000000| Untracked 
|  30|0x0000000705200000, 0x0000000705200000, 0x0000000705400000|  0%| F|  |TAMS 0x0000000705200000| PB 0x0000000705200000| Untracked 
|  31|0x0000000705400000, 0x0000000705400000, 0x0000000705600000|  0%| F|  |TAMS 0x0000000705400000| PB 0x0000000705400000| Untracked 
|  32|0x0000000705600000, 0x0000000705600000, 0x0000000705800000|  0%| F|  |TAMS 0x0000000705600000| PB 0x0000000705600000| Untracked 
|  33|0x0000000705800000, 0x0000000705a00000, 0x0000000705a00000|100%|HS|  |TAMS 0x0000000705800000| PB 0x0000000705800000| Complete 
|  34|0x0000000705a00000, 0x0000000705c00000, 0x0000000705c00000|100%|HC|  |TAMS 0x0000000705a00000| PB 0x0000000705a00000| Complete 
|  35|0x0000000705c00000, 0x0000000705e00000, 0x0000000705e00000|100%|HS|  |TAMS 0x0000000705c00000| PB 0x0000000705c00000| Complete 
|  36|0x0000000705e00000, 0x0000000706000000, 0x0000000706000000|100%|HC|  |TAMS 0x0000000705e00000| PB 0x0000000705e00000| Complete 
|  37|0x0000000706000000, 0x0000000706000000, 0x0000000706200000|  0%| F|  |TAMS 0x0000000706000000| PB 0x0000000706000000| Untracked 
|  38|0x0000000706200000, 0x0000000706200000, 0x0000000706400000|  0%| F|  |TAMS 0x0000000706200000| PB 0x0000000706200000| Untracked 
|  39|0x0000000706400000, 0x0000000706400000, 0x0000000706600000|  0%| F|  |TAMS 0x0000000706400000| PB 0x0000000706400000| Untracked 
|  40|0x0000000706600000, 0x0000000706600000, 0x0000000706800000|  0%| F|  |TAMS 0x0000000706600000| PB 0x0000000706600000| Untracked 
|  41|0x0000000706800000, 0x0000000706800000, 0x0000000706a00000|  0%| F|  |TAMS 0x0000000706800000| PB 0x0000000706800000| Untracked 
|  42|0x0000000706a00000, 0x0000000706a00000, 0x0000000706c00000|  0%| F|  |TAMS 0x0000000706a00000| PB 0x0000000706a00000| Untracked 
|  43|0x0000000706c00000, 0x0000000706c00000, 0x0000000706e00000|  0%| F|  |TAMS 0x0000000706c00000| PB 0x0000000706c00000| Untracked 
|  44|0x0000000706e00000, 0x0000000706e00000, 0x0000000707000000|  0%| F|  |TAMS 0x0000000706e00000| PB 0x0000000706e00000| Untracked 
|  45|0x0000000707000000, 0x0000000707000000, 0x0000000707200000|  0%| F|  |TAMS 0x0000000707000000| PB 0x0000000707000000| Untracked 
|  46|0x0000000707200000, 0x0000000707200000, 0x0000000707400000|  0%| F|  |TAMS 0x0000000707200000| PB 0x0000000707200000| Untracked 
|  47|0x0000000707400000, 0x0000000707400000, 0x0000000707600000|  0%| F|  |TAMS 0x0000000707400000| PB 0x0000000707400000| Untracked 
|  48|0x0000000707600000, 0x0000000707600000, 0x0000000707800000|  0%| F|  |TAMS 0x0000000707600000| PB 0x0000000707600000| Untracked 
|  49|0x0000000707800000, 0x0000000707800000, 0x0000000707a00000|  0%| F|  |TAMS 0x0000000707800000| PB 0x0000000707800000| Untracked 
|  50|0x0000000707a00000, 0x0000000707a00000, 0x0000000707c00000|  0%| F|  |TAMS 0x0000000707a00000| PB 0x0000000707a00000| Untracked 
|  51|0x0000000707c00000, 0x0000000707c00000, 0x0000000707e00000|  0%| F|  |TAMS 0x0000000707c00000| PB 0x0000000707c00000| Untracked 
|  52|0x0000000707e00000, 0x0000000707e00000, 0x0000000708000000|  0%| F|  |TAMS 0x0000000707e00000| PB 0x0000000707e00000| Untracked 
|  53|0x0000000708000000, 0x0000000708000000, 0x0000000708200000|  0%| F|  |TAMS 0x0000000708000000| PB 0x0000000708000000| Untracked 
|  54|0x0000000708200000, 0x000000070825a400, 0x0000000708400000| 17%| S|CS|TAMS 0x0000000708200000| PB 0x0000000708200000| Complete 
|  55|0x0000000708400000, 0x0000000708400000, 0x0000000708600000|  0%| F|  |TAMS 0x0000000708400000| PB 0x0000000708400000| Untracked 
|  56|0x0000000708600000, 0x0000000708600000, 0x0000000708800000|  0%| F|  |TAMS 0x0000000708600000| PB 0x0000000708600000| Untracked 
|  57|0x0000000708800000, 0x0000000708800000, 0x0000000708a00000|  0%| F|  |TAMS 0x0000000708800000| PB 0x0000000708800000| Untracked 
|  58|0x0000000708a00000, 0x0000000708a00000, 0x0000000708c00000|  0%| F|  |TAMS 0x0000000708a00000| PB 0x0000000708a00000| Untracked 
|  59|0x0000000708c00000, 0x0000000708c00000, 0x0000000708e00000|  0%| F|  |TAMS 0x0000000708c00000| PB 0x0000000708c00000| Untracked 
|  60|0x0000000708e00000, 0x0000000708e00000, 0x0000000709000000|  0%| F|  |TAMS 0x0000000708e00000| PB 0x0000000708e00000| Untracked 
|  61|0x0000000709000000, 0x0000000709000000, 0x0000000709200000|  0%| F|  |TAMS 0x0000000709000000| PB 0x0000000709000000| Untracked 
|  62|0x0000000709200000, 0x0000000709200000, 0x0000000709400000|  0%| F|  |TAMS 0x0000000709200000| PB 0x0000000709200000| Untracked 
|  63|0x0000000709400000, 0x0000000709400000, 0x0000000709600000|  0%| F|  |TAMS 0x0000000709400000| PB 0x0000000709400000| Untracked 
|  64|0x0000000709600000, 0x0000000709600000, 0x0000000709800000|  0%| F|  |TAMS 0x0000000709600000| PB 0x0000000709600000| Untracked 
|  65|0x0000000709800000, 0x0000000709800000, 0x0000000709a00000|  0%| F|  |TAMS 0x0000000709800000| PB 0x0000000709800000| Untracked 
|  66|0x0000000709a00000, 0x0000000709a00000, 0x0000000709c00000|  0%| F|  |TAMS 0x0000000709a00000| PB 0x0000000709a00000| Untracked 
|  67|0x0000000709c00000, 0x0000000709c00000, 0x0000000709e00000|  0%| F|  |TAMS 0x0000000709c00000| PB 0x0000000709c00000| Untracked 
|  68|0x0000000709e00000, 0x0000000709e00000, 0x000000070a000000|  0%| F|  |TAMS 0x0000000709e00000| PB 0x0000000709e00000| Untracked 
|  69|0x000000070a000000, 0x000000070a000000, 0x000000070a200000|  0%| F|  |TAMS 0x000000070a000000| PB 0x000000070a000000| Untracked 
|  70|0x000000070a200000, 0x000000070a200000, 0x000000070a400000|  0%| F|  |TAMS 0x000000070a200000| PB 0x000000070a200000| Untracked 
|  71|0x000000070a400000, 0x000000070a400000, 0x000000070a600000|  0%| F|  |TAMS 0x000000070a400000| PB 0x000000070a400000| Untracked 
|  72|0x000000070a600000, 0x000000070a600000, 0x000000070a800000|  0%| F|  |TAMS 0x000000070a600000| PB 0x000000070a600000| Untracked 
|  73|0x000000070a800000, 0x000000070a800000, 0x000000070aa00000|  0%| F|  |TAMS 0x000000070a800000| PB 0x000000070a800000| Untracked 
|  74|0x000000070aa00000, 0x000000070aa00000, 0x000000070ac00000|  0%| F|  |TAMS 0x000000070aa00000| PB 0x000000070aa00000| Untracked 
|  75|0x000000070ac00000, 0x000000070ac00000, 0x000000070ae00000|  0%| F|  |TAMS 0x000000070ac00000| PB 0x000000070ac00000| Untracked 
|  76|0x000000070ae00000, 0x000000070ae00000, 0x000000070b000000|  0%| F|  |TAMS 0x000000070ae00000| PB 0x000000070ae00000| Untracked 
|  77|0x000000070b000000, 0x000000070b000000, 0x000000070b200000|  0%| F|  |TAMS 0x000000070b000000| PB 0x000000070b000000| Untracked 
|  78|0x000000070b200000, 0x000000070b200000, 0x000000070b400000|  0%| F|  |TAMS 0x000000070b200000| PB 0x000000070b200000| Untracked 
|  79|0x000000070b400000, 0x000000070b407ae0, 0x000000070b600000|  1%| E|  |TAMS 0x000000070b400000| PB 0x000000070b400000| Complete 
| 127|0x0000000711400000, 0x0000000711600000, 0x0000000711600000|100%| E|CS|TAMS 0x0000000711400000| PB 0x0000000711400000| Complete 
|2035|0x00000007ffc00000, 0x00000007ffd083d8, 0x00000007ffe00000| 51%| O|  |TAMS 0x00000007ffc00000| PB 0x00000007ffc00000| Untracked 
|2036|0x00000007ffe00000, 0x0000000800000000, 0x0000000800000000|100%| O|  |TAMS 0x00000007ffe00000| PB 0x00000007ffe00000| Untracked 

Card table byte_map: [0x0000022cfd480000,0x0000022cfdc80000] _byte_map_base: 0x0000022cf9c75000

Marking Bits: (CMBitMap*) 0x0000022cf45b1630
 Bits: [0x0000022c8f000000, 0x0000022c92fa8000)

Polling page: 0x0000022cf2300000

Metaspace:

Usage:
  Non-class:     32.70 MB used.
      Class:      3.23 MB used.
       Both:     35.94 MB used.

Virtual space:
  Non-class space:       64.00 MB reserved,      33.00 MB ( 52%) committed,  1 nodes.
      Class space:        1.00 GB reserved,       3.44 MB ( <1%) committed,  1 nodes.
             Both:        1.06 GB reserved,      36.44 MB (  3%) committed. 

Chunk freelists:
   Non-Class:  14.20 MB
       Class:  12.56 MB
        Both:  26.77 MB

MaxMetaspaceSize: unlimited
CompressedClassSpaceSize: 1.00 GB
Initial GC threshold: 21.00 MB
Current GC threshold: 58.69 MB
CDS: on
 - commit_granule_bytes: 65536.
 - commit_granule_words: 8192.
 - virtual_space_node_default_size: 8388608.
 - enlarge_chunks_in_place: 1.
 - use_allocation_guard: 0.


Internal statistics:

num_allocs_failed_limit: 6.
num_arena_births: 782.
num_arena_deaths: 0.
num_vsnodes_births: 2.
num_vsnodes_deaths: 0.
num_space_committed: 581.
num_space_uncommitted: 0.
num_chunks_returned_to_freelist: 6.
num_chunks_taken_from_freelist: 2002.
num_chunk_merges: 6.
num_chunk_splits: 1405.
num_chunks_enlarged: 1002.
num_inconsistent_stats: 0.

CodeHeap 'non-profiled nmethods': size=120000Kb used=2495Kb max_used=2495Kb free=117504Kb
 bounds [0x0000022c87ad0000, 0x0000022c87d40000, 0x0000022c8f000000]
CodeHeap 'profiled nmethods': size=120000Kb used=9254Kb max_used=9254Kb free=110745Kb
 bounds [0x0000022c80000000, 0x0000022c80910000, 0x0000022c87530000]
CodeHeap 'non-nmethods': size=5760Kb used=3047Kb max_used=3122Kb free=2712Kb
 bounds [0x0000022c87530000, 0x0000022c87850000, 0x0000022c87ad0000]
CodeCache: size=245760Kb, used=14796Kb, max_used=14871Kb, free=230961Kb
 total_blobs=6769, nmethods=4741, adapters=1932, full_count=0
Compilation: enabled, stopped_count=0, restarted_count=0

Compilation events (20 events):
Event: 22.088 Thread 0x0000022c93159b40 4904       3       java.util.TreeMap::remove (24 bytes)
Event: 22.088 Thread 0x0000022c93159b40 nmethod 4904 0x0000022c80904510 code [0x0000022c809046e0, 0x0000022c809048e0]
Event: 22.088 Thread 0x0000022c93159b40 4905       1       androidx.compose.ui.node.RootNodeOwner$OwnerImpl::getLayoutNodes (5 bytes)
Event: 22.088 Thread 0x0000022c93159b40 nmethod 4905 0x0000022c87d3e290 code [0x0000022c87d3e420, 0x0000022c87d3e4f0]
Event: 22.088 Thread 0x0000022c93159b40 4906       1       androidx.compose.ui.node.MeasurePassDelegate::setPlaced$ui (6 bytes)
Event: 22.088 Thread 0x0000022c93159b40 nmethod 4906 0x0000022c87d3e590 code [0x0000022c87d3e720, 0x0000022c87d3e7f0]
Event: 22.088 Thread 0x0000022c93159b40 4907       3       androidx.compose.ui.node.MeasurePassDelegate::markLayoutPending (11 bytes)
Event: 22.088 Thread 0x0000022c93159b40 nmethod 4907 0x0000022c80904a10 code [0x0000022c80904ba0, 0x0000022c80904cb0]
Event: 22.088 Thread 0x0000022c93159b40 4908       3       kotlinx.coroutines.JobSupport$Finishing::getRootCause (11 bytes)
Event: 22.089 Thread 0x0000022c93159b40 nmethod 4908 0x0000022c80904d90 code [0x0000022c80904f60, 0x0000022c80905390]
Event: 22.089 Thread 0x0000022c93159b40 4910       3       androidx.compose.ui.Modifier$Node::runDetachLifecycle$ui (94 bytes)
Event: 22.089 Thread 0x0000022c93159b40 nmethod 4910 0x0000022c80905510 code [0x0000022c80905700, 0x0000022c80905b58]
Event: 22.089 Thread 0x0000022c93159b40 4909       3       androidx.compose.ui.node.NodeCoordinator::releaseLayer (38 bytes)
Event: 22.090 Thread 0x0000022c93159b40 nmethod 4909 0x0000022c80905c90 code [0x0000022c80905e60, 0x0000022c80906238]
Event: 22.090 Thread 0x0000022c93159b40 4911       1       androidx.compose.ui.node.LayoutNode::access$setIgnoreRemeasureRequests$p (6 bytes)
Event: 22.090 Thread 0x0000022c93159b40 nmethod 4911 0x0000022c87d3e890 code [0x0000022c87d3ea20, 0x0000022c87d3ead0]
Event: 22.090 Thread 0x0000022c93159b40 4912       3       androidx.collection.MutableScatterSet::remove (327 bytes)
Event: 22.090 Thread 0x0000022c93158760 4913       4       androidx.compose.ui.node.NodeCoordinator::invalidateLayer (34 bytes)
Event: 22.091 Thread 0x0000022c93159b40 nmethod 4912 0x0000022c80906390 code [0x0000022c809065c0, 0x0000022c80906e90]
Event: 22.092 Thread 0x0000022c93158760 nmethod 4913 0x0000022c87d3eb90 code [0x0000022c87d3ed40, 0x0000022c87d3eeb8]

GC Heap History (20 events):
Event: 18.280 GC heap before
{Heap before GC invocations=35 (full 0):
 garbage-first heap   total 169984K, used 99670K [0x0000000701600000, 0x0000000800000000)
  region size 2048K, 14 young (28672K), 1 survivors (2048K)
 Metaspace       used 36425K, committed 36992K, reserved 1114112K
  class space    used 3296K, committed 3520K, reserved 1048576K
}
Event: 18.282 GC heap after
{Heap after GC invocations=36 (full 0):
 garbage-first heap   total 169984K, used 21927K [0x0000000701600000, 0x0000000800000000)
  region size 2048K, 1 young (2048K), 1 survivors (2048K)
 Metaspace       used 36425K, committed 36992K, reserved 1114112K
  class space    used 3296K, committed 3520K, reserved 1048576K
}
Event: 18.634 GC heap before
{Heap before GC invocations=36 (full 0):
 garbage-first heap   total 169984K, used 103847K [0x0000000701600000, 0x0000000800000000)
  region size 2048K, 16 young (32768K), 1 survivors (2048K)
 Metaspace       used 36467K, committed 36992K, reserved 1114112K
  class space    used 3296K, committed 3520K, reserved 1048576K
}
Event: 18.636 GC heap after
{Heap after GC invocations=37 (full 0):
 garbage-first heap   total 169984K, used 30103K [0x0000000701600000, 0x0000000800000000)
  region size 2048K, 1 young (2048K), 1 survivors (2048K)
 Metaspace       used 36467K, committed 36992K, reserved 1114112K
  class space    used 3296K, committed 3520K, reserved 1048576K
}
Event: 18.902 GC heap before
{Heap before GC invocations=37 (full 0):
 garbage-first heap   total 169984K, used 116119K [0x0000000701600000, 0x0000000800000000)
  region size 2048K, 22 young (45056K), 1 survivors (2048K)
 Metaspace       used 36471K, committed 36992K, reserved 1114112K
  class space    used 3296K, committed 3520K, reserved 1048576K
}
Event: 18.904 GC heap after
{Heap after GC invocations=38 (full 0):
 garbage-first heap   total 169984K, used 30129K [0x0000000701600000, 0x0000000800000000)
  region size 2048K, 1 young (2048K), 1 survivors (2048K)
 Metaspace       used 36471K, committed 36992K, reserved 1114112K
  class space    used 3296K, committed 3520K, reserved 1048576K
}
Event: 19.207 GC heap before
{Heap before GC invocations=38 (full 0):
 garbage-first heap   total 169984K, used 97713K [0x0000000701600000, 0x0000000800000000)
  region size 2048K, 14 young (28672K), 1 survivors (2048K)
 Metaspace       used 36472K, committed 36992K, reserved 1114112K
  class space    used 3296K, committed 3520K, reserved 1048576K
}
Event: 19.209 GC heap after
{Heap after GC invocations=39 (full 0):
 garbage-first heap   total 169984K, used 34180K [0x0000000701600000, 0x0000000800000000)
  region size 2048K, 1 young (2048K), 1 survivors (2048K)
 Metaspace       used 36472K, committed 36992K, reserved 1114112K
  class space    used 3296K, committed 3520K, reserved 1048576K
}
Event: 19.592 GC heap before
{Heap before GC invocations=39 (full 0):
 garbage-first heap   total 169984K, used 101764K [0x0000000701600000, 0x0000000800000000)
  region size 2048K, 15 young (30720K), 1 survivors (2048K)
 Metaspace       used 36523K, committed 37120K, reserved 1114112K
  class space    used 3296K, committed 3520K, reserved 1048576K
}
Event: 19.594 GC heap after
{Heap after GC invocations=40 (full 0):
 garbage-first heap   total 169984K, used 17793K [0x0000000701600000, 0x0000000800000000)
  region size 2048K, 1 young (2048K), 1 survivors (2048K)
 Metaspace       used 36523K, committed 37120K, reserved 1114112K
  class space    used 3296K, committed 3520K, reserved 1048576K
}
Event: 19.941 GC heap before
{Heap before GC invocations=40 (full 0):
 garbage-first heap   total 169984K, used 99713K [0x0000000701600000, 0x0000000800000000)
  region size 2048K, 14 young (28672K), 1 survivors (2048K)
 Metaspace       used 36576K, committed 37184K, reserved 1114112K
  class space    used 3296K, committed 3520K, reserved 1048576K
}
Event: 19.943 GC heap after
{Heap after GC invocations=41 (full 0):
 garbage-first heap   total 169984K, used 21967K [0x0000000701600000, 0x0000000800000000)
  region size 2048K, 1 young (2048K), 1 survivors (2048K)
 Metaspace       used 36576K, committed 37184K, reserved 1114112K
  class space    used 3296K, committed 3520K, reserved 1048576K
}
Event: 20.384 GC heap before
{Heap before GC invocations=41 (full 0):
 garbage-first heap   total 169984K, used 101839K [0x0000000701600000, 0x0000000800000000)
  region size 2048K, 15 young (30720K), 1 survivors (2048K)
 Metaspace       used 36603K, committed 37184K, reserved 1114112K
  class space    used 3297K, committed 3520K, reserved 1048576K
}
Event: 20.386 GC heap after
{Heap after GC invocations=42 (full 0):
 garbage-first heap   total 169984K, used 25973K [0x0000000701600000, 0x0000000800000000)
  region size 2048K, 1 young (2048K), 1 survivors (2048K)
 Metaspace       used 36603K, committed 37184K, reserved 1114112K
  class space    used 3297K, committed 3520K, reserved 1048576K
}
Event: 20.734 GC heap before
{Heap before GC invocations=42 (full 0):
 garbage-first heap   total 169984K, used 122229K [0x0000000701600000, 0x0000000800000000)
  region size 2048K, 25 young (51200K), 1 survivors (2048K)
 Metaspace       used 36627K, committed 37248K, reserved 1114112K
  class space    used 3297K, committed 3520K, reserved 1048576K
}
Event: 20.737 GC heap after
{Heap after GC invocations=43 (full 0):
 garbage-first heap   total 169984K, used 17852K [0x0000000701600000, 0x0000000800000000)
  region size 2048K, 1 young (2048K), 1 survivors (2048K)
 Metaspace       used 36627K, committed 37248K, reserved 1114112K
  class space    used 3297K, committed 3520K, reserved 1048576K
}
Event: 21.370 GC heap before
{Heap before GC invocations=43 (full 0):
 garbage-first heap   total 169984K, used 120252K [0x0000000701600000, 0x0000000800000000)
  region size 2048K, 25 young (51200K), 1 survivors (2048K)
 Metaspace       used 36666K, committed 37248K, reserved 1114112K
  class space    used 3297K, committed 3520K, reserved 1048576K
}
Event: 21.371 GC heap after
{Heap after GC invocations=44 (full 0):
 garbage-first heap   total 169984K, used 21933K [0x0000000701600000, 0x0000000800000000)
  region size 2048K, 1 young (2048K), 1 survivors (2048K)
 Metaspace       used 36666K, committed 37248K, reserved 1114112K
  class space    used 3297K, committed 3520K, reserved 1048576K
}
Event: 21.884 GC heap before
{Heap before GC invocations=44 (full 0):
 garbage-first heap   total 169984K, used 103853K [0x0000000701600000, 0x0000000800000000)
  region size 2048K, 15 young (30720K), 1 survivors (2048K)
 Metaspace       used 36728K, committed 37312K, reserved 1114112K
  class space    used 3297K, committed 3520K, reserved 1048576K
}
Event: 21.885 GC heap after
{Heap after GC invocations=45 (full 0):
 garbage-first heap   total 169984K, used 17829K [0x0000000701600000, 0x0000000800000000)
  region size 2048K, 1 young (2048K), 1 survivors (2048K)
 Metaspace       used 36728K, committed 37312K, reserved 1114112K
  class space    used 3297K, committed 3520K, reserved 1048576K
}

Dll operation events (20 events):
Event: 3.709 Loaded shared library C:\Users\Welcome\.javacpp\cache\javacpp-1.5.9-windows-x86_64.jar\org\bytedeco\javacpp\windows-x86_64\ucrtbase.dll
Event: 3.722 Loaded shared library C:\Users\Welcome\.javacpp\cache\javacpp-1.5.9-windows-x86_64.jar\org\bytedeco\javacpp\windows-x86_64\vcruntime140.dll
Event: 3.731 Loaded shared library C:\Users\Welcome\.javacpp\cache\javacpp-1.5.9-windows-x86_64.jar\org\bytedeco\javacpp\windows-x86_64\vcruntime140_1.dll
Event: 3.743 Loaded shared library C:\Users\Welcome\.javacpp\cache\javacpp-1.5.9-windows-x86_64.jar\org\bytedeco\javacpp\windows-x86_64\msvcp140.dll
Event: 3.758 Loaded shared library C:\Users\Welcome\.javacpp\cache\javacpp-1.5.9-windows-x86_64.jar\org\bytedeco\javacpp\windows-x86_64\msvcp140_1.dll
Event: 3.769 Loaded shared library C:\Users\Welcome\.javacpp\cache\javacpp-1.5.9-windows-x86_64.jar\org\bytedeco\javacpp\windows-x86_64\concrt140.dll
Event: 3.777 Loaded shared library C:\Users\Welcome\.javacpp\cache\javacpp-1.5.9-windows-x86_64.jar\org\bytedeco\javacpp\windows-x86_64\vcomp140.dll
Event: 3.785 Loaded shared library C:\Users\Welcome\.javacpp\cache\javacpp-1.5.9-windows-x86_64.jar\org\bytedeco\javacpp\windows-x86_64\jnijavacpp.dll
Event: 3.871 Loaded shared library C:\Users\Welcome\.javacpp\cache\openblas-0.3.23-1.5.9-windows-x86_64.jar\org\bytedeco\openblas\windows-x86_64\libopenblas_nolapack.dll
Event: 3.891 Loaded shared library C:\Users\Welcome\.javacpp\cache\openblas-0.3.23-1.5.9-windows-x86_64.jar\org\bytedeco\openblas\windows-x86_64\jniopenblas_nolapack.dll
Event: 4.045 Loaded shared library C:\Users\Welcome\.javacpp\cache\openblas-0.3.23-1.5.9-windows-x86_64.jar\org\bytedeco\openblas\windows-x86_64\libopenblas.dll
Event: 4.062 Loaded shared library C:\Users\Welcome\.javacpp\cache\openblas-0.3.23-1.5.9-windows-x86_64.jar\org\bytedeco\openblas\windows-x86_64\jniopenblas.dll
Event: 4.609 Loaded shared library C:\Users\Welcome\.javacpp\cache\opencv-4.7.0-1.5.9-windows-x86_64.jar\org\bytedeco\opencv\windows-x86_64\opencv_core470.dll
Event: 4.632 Loaded shared library C:\Users\Welcome\.javacpp\cache\opencv-4.7.0-1.5.9-windows-x86_64.jar\org\bytedeco\opencv\windows-x86_64\opencv_imgproc470.dll
Event: 4.655 Loaded shared library C:\Users\Welcome\.javacpp\cache\opencv-4.7.0-1.5.9-windows-x86_64.jar\org\bytedeco\opencv\windows-x86_64\jniopencv_core.dll
Event: 4.881 Loaded shared library C:\Users\Welcome\.javacpp\cache\opencv-4.7.0-1.5.9-windows-x86_64.jar\org\bytedeco\opencv\windows-x86_64\jniopencv_imgproc.dll
Event: 4.910 Loaded shared library C:\Users\Welcome\.javacpp\cache\opencv-4.7.0-1.5.9-windows-x86_64.jar\org\bytedeco\opencv\windows-x86_64\opencv_imgcodecs470.dll
Event: 4.921 Loaded shared library C:\Users\Welcome\.javacpp\cache\opencv-4.7.0-1.5.9-windows-x86_64.jar\org\bytedeco\opencv\windows-x86_64\jniopencv_imgcodecs.dll
Event: 4.965 Loaded shared library C:\Users\Welcome\.javacpp\cache\opencv-4.7.0-1.5.9-windows-x86_64.jar\org\bytedeco\opencv\windows-x86_64\opencv_videoio470.dll
Event: 4.971 Loaded shared library C:\Users\Welcome\.javacpp\cache\opencv-4.7.0-1.5.9-windows-x86_64.jar\org\bytedeco\opencv\windows-x86_64\jniopencv_videoio.dll

Deoptimization events (20 events):
Event: 21.994 Thread 0x0000022cde918880 Uncommon trap: trap_request=0xffffff45 fr.pc=0x0000022c87ca2e48 relative=0x0000000000000188
Event: 21.994 Thread 0x0000022cde918880 Uncommon trap: reason=unstable_if action=reinterpret pc=0x0000022c87ca2e48 method=androidx.compose.runtime.internal.ThreadMap.find(J)I @ 57 c2
Event: 21.994 Thread 0x0000022cde918880 DEOPT PACKING pc=0x0000022c87ca2e48 sp=0x0000006de8afe460
Event: 21.994 Thread 0x0000022cde918880 DEOPT UNPACKING pc=0x0000022c87584422 sp=0x0000006de8afe2d8 mode 2
Event: 21.994 Thread 0x0000022cde918880 Uncommon trap: trap_request=0xffffff45 fr.pc=0x0000022c87c9596c relative=0x00000000000000cc
Event: 21.994 Thread 0x0000022cde918880 Uncommon trap: reason=unstable_if action=reinterpret pc=0x0000022c87c9596c method=androidx.compose.runtime.internal.ThreadMap.find(J)I @ 57 c2
Event: 21.994 Thread 0x0000022cde918880 DEOPT PACKING pc=0x0000022c87c9596c sp=0x0000006de8afe360
Event: 21.994 Thread 0x0000022cde918880 DEOPT UNPACKING pc=0x0000022c87584422 sp=0x0000006de8afe2c8 mode 2
Event: 22.052 Thread 0x0000022cd95312d0 Uncommon trap: trap_request=0xffffffde fr.pc=0x0000022c87d3101c relative=0x000000000000471c
Event: 22.052 Thread 0x0000022cd95312d0 Uncommon trap: reason=class_check action=maybe_recompile pc=0x0000022c87d3101c method=java.awt.EventQueue.coalesceEvent(Ljava/awt/AWTEvent;I)Z @ 32 c2
Event: 22.052 Thread 0x0000022cd95312d0 DEOPT PACKING pc=0x0000022c87d3101c sp=0x0000006de70ff0e0
Event: 22.052 Thread 0x0000022cd95312d0 DEOPT UNPACKING pc=0x0000022c87584422 sp=0x0000006de70fef18 mode 2
Event: 22.082 Thread 0x0000022cd95312d0 Uncommon trap: trap_request=0xffffff45 fr.pc=0x0000022c87d2fd38 relative=0x0000000000003438
Event: 22.082 Thread 0x0000022cd95312d0 Uncommon trap: reason=unstable_if action=reinterpret pc=0x0000022c87d2fd38 method=java.awt.EventQueue.getPriority(Ljava/awt/AWTEvent;)I @ 71 c2
Event: 22.082 Thread 0x0000022cd95312d0 DEOPT PACKING pc=0x0000022c87d2fd38 sp=0x0000006de70fdb40
Event: 22.082 Thread 0x0000022cd95312d0 DEOPT UNPACKING pc=0x0000022c87584422 sp=0x0000006de70fd9f0 mode 2
Event: 22.082 Thread 0x0000022cd95312d0 Uncommon trap: trap_request=0xffffff45 fr.pc=0x0000022c87d3a23c relative=0x000000000000009c
Event: 22.082 Thread 0x0000022cd95312d0 Uncommon trap: reason=unstable_if action=reinterpret pc=0x0000022c87d3a23c method=java.awt.EventQueue.eventToCacheIndex(Ljava/awt/AWTEvent;)I @ 4 c2
Event: 22.082 Thread 0x0000022cd95312d0 DEOPT PACKING pc=0x0000022c87d3a23c sp=0x0000006de70fd8a0
Event: 22.082 Thread 0x0000022cd95312d0 DEOPT UNPACKING pc=0x0000022c87584422 sp=0x0000006de70fd840 mode 2

Classes loaded (20 events):
Event: 12.771 Loading class java/awt/event/MouseEvent$1
Event: 12.771 Loading class sun/awt/AWTAccessor$MouseEventAccessor
Event: 12.771 Loading class sun/awt/AWTAccessor$MouseEventAccessor done
Event: 12.771 Loading class java/awt/event/MouseEvent$1 done
Event: 12.772 Loading class java/awt/Cursor$CursorDisposer
Event: 12.772 Loading class java/awt/Cursor$CursorDisposer done
Event: 12.791 Loading class java/awt/event/MouseWheelEvent
Event: 12.791 Loading class java/awt/event/MouseWheelEvent done
Event: 14.273 Loading class java/lang/FdLibm$Hypot
Event: 14.273 Loading class java/lang/FdLibm$Hypot done
Event: 14.273 Loading class java/lang/FdLibm
Event: 14.273 Loading class java/lang/FdLibm done
Event: 15.974 Loading class java/nio/HeapFloatBuffer
Event: 15.974 Loading class java/nio/HeapFloatBuffer done
Event: 15.980 Loading class java/nio/DirectFloatBufferU
Event: 15.980 Loading class java/nio/DirectFloatBufferU done
Event: 22.081 Loading class java/awt/KeyboardFocusManager$2
Event: 22.082 Loading class java/awt/KeyboardFocusManager$2 done
Event: 22.082 Loading class sun/awt/SunToolkit$1
Event: 22.082 Loading class sun/awt/SunToolkit$1 done

Classes unloaded (0 events):
No events

Classes redefined (0 events):
No events

Internal exceptions (20 events):
Event: 3.481 Thread 0x0000022cd95312d0 Exception <a 'java/lang/NoSuchMethodError'{0x0000000710d888a0}: 'java.lang.Object java.lang.invoke.DirectMethodHandle$Holder.invokeSpecial(java.lang.Object, java.lang.Object, java.lang.Object, int, int)'> (0x0000000710d888a0) 
thrown [s\src\hotspot\share\interpreter\linkResolver.cpp, line 773]
Event: 3.484 Thread 0x0000022cd95312d0 Exception <a 'java/lang/NoSuchMethodError'{0x0000000710abf0f0}: 'java.lang.Object java.lang.invoke.DirectMethodHandle$Holder.invokeSpecial(java.lang.Object, java.lang.Object, int, java.lang.Object, int)'> (0x0000000710abf0f0) 
thrown [s\src\hotspot\share\interpreter\linkResolver.cpp, line 773]
Event: 3.542 Thread 0x0000022cd95312d0 Exception <a 'java/lang/NoSuchMethodError'{0x0000000703790520}: 'java.lang.Object java.lang.invoke.DirectMethodHandle$Holder.newInvokeSpecial(java.lang.Object, java.lang.Object, java.lang.Object, java.lang.Object, long, java.lang.Object)'> (0x0000000703790520) 
thrown [s\src\hotspot\share\interpreter\linkResolver.cpp, line 773]
Event: 3.543 Thread 0x0000022cd95312d0 Exception <a 'java/lang/NoSuchMethodError'{0x000000070341cd68}: 'java.lang.Object java.lang.invoke.DirectMethodHandle$Holder.invokeSpecial(java.lang.Object, java.lang.Object, java.lang.Object, java.lang.Object, java.lang.Object, long, java.lang.Object)'> (0x000000070341cd68) 
thrown [s\src\hotspot\share\interpreter\linkResolver.cpp, line 773]
Event: 3.875 Thread 0x0000022cd92aa300 Implicit null exception at 0x0000022c87b9f914 to 0x0000022c87b9fc38
Event: 3.917 Thread 0x0000022cd95312d0 Exception <a 'java/lang/NoSuchMethodError'{0x00000007099e75a0}: 'java.lang.Object java.lang.invoke.DirectMethodHandle$Holder.invokeStatic(java.lang.Object, java.lang.Object, java.lang.Object, java.lang.Object, java.lang.Object, java.lang.Object, java.lang.Object, java.lang.Object, java.lang.Object, java.lang.Object, long)'> (0x00000007099e75a0) 
thrown [s\src\hotspot\share\interpreter\linkResolver.cpp, line 773]
Event: 14.266 Thread 0x0000022cd95312d0 Exception <a 'java/lang/NoSuchMethodError'{0x0000000709176998}: 'long java.lang.invoke.DirectMethodHandle$Holder.invokeStatic(java.lang.Object, java.lang.Object)'> (0x0000000709176998) 
thrown [s\src\hotspot\share\interpreter\linkResolver.cpp, line 773]
Event: 14.278 Thread 0x0000022cd95312d0 Exception <a 'java/lang/NoSuchMethodError'{0x0000000708e046a0}: 'java.lang.Object java.lang.invoke.DirectMethodHandle$Holder.newInvokeSpecial(java.lang.Object, java.lang.Object, java.lang.Object, java.lang.Object, java.lang.Object, java.lang.Object, int)'> (0x0000000708e046a0) 
thrown [s\src\hotspot\share\interpreter\linkResolver.cpp, line 773]
Event: 14.279 Thread 0x0000022cd95312d0 Exception <a 'java/lang/NoSuchMethodError'{0x0000000708e08e68}: 'java.lang.Object java.lang.invoke.DirectMethodHandle$Holder.invokeSpecial(java.lang.Object, java.lang.Object, java.lang.Object, java.lang.Object, java.lang.Object, java.lang.Object, java.lang.Object, int)'> (0x0000000708e08e68) 
thrown [s\src\hotspot\share\interpreter\linkResolver.cpp, line 773]
Event: 14.281 Thread 0x0000022cd95312d0 Exception <a 'java/lang/NoSuchMethodError'{0x0000000708e29080}: 'java.lang.Object java.lang.invoke.DirectMethodHandle$Holder.newInvokeSpecial(java.lang.Object, int, java.lang.Object, java.lang.Object, java.lang.Object, java.lang.Object)'> (0x0000000708e29080) 
thrown [s\src\hotspot\share\interpreter\linkResolver.cpp, line 773]
Event: 14.322 Thread 0x0000022cd95312d0 Exception <a 'java/lang/NoSuchMethodError'{0x0000000708ce5208}: 'java.lang.Object java.lang.invoke.DirectMethodHandle$Holder.newInvokeSpecial(java.lang.Object, java.lang.Object, float)'> (0x0000000708ce5208) 
thrown [s\src\hotspot\share\interpreter\linkResolver.cpp, line 773]
Event: 14.334 Thread 0x0000022cd95312d0 Exception <a 'java/lang/NoSuchMethodError'{0x0000000708d3d868}: 'java.lang.Object java.lang.invoke.DirectMethodHandle$Holder.invokeStatic(java.lang.Object, java.lang.Object, int, java.lang.Object, java.lang.Object)'> (0x0000000708d3d868) 
thrown [s\src\hotspot\share\interpreter\linkResolver.cpp, line 773]
Event: 14.335 Thread 0x0000022cd95312d0 Exception <a 'java/lang/NoSuchMethodError'{0x0000000708d44ca0}: 'java.lang.Object java.lang.invoke.DirectMethodHandle$Holder.newInvokeSpecial(java.lang.Object, java.lang.Object, int, java.lang.Object)'> (0x0000000708d44ca0) 
thrown [s\src\hotspot\share\interpreter\linkResolver.cpp, line 773]
Event: 14.335 Thread 0x0000022cd95312d0 Exception <a 'java/lang/NoSuchMethodError'{0x0000000708d49070}: 'java.lang.Object java.lang.invoke.DirectMethodHandle$Holder.invokeSpecial(java.lang.Object, java.lang.Object, java.lang.Object, int, java.lang.Object)'> (0x0000000708d49070) 
thrown [s\src\hotspot\share\interpreter\linkResolver.cpp, line 773]
Event: 14.335 Thread 0x0000022cd95312d0 Exception <a 'java/lang/NoSuchMethodError'{0x0000000708d4cf88}: 'java.lang.Object java.lang.invoke.Invokers$Holder.linkToTargetMethod(java.lang.Object, int, java.lang.Object, java.lang.Object)'> (0x0000000708d4cf88) 
thrown [s\src\hotspot\share\interpreter\linkResolver.cpp, line 773]
Event: 14.337 Thread 0x0000022cd95312d0 Exception <a 'java/lang/NoSuchMethodError'{0x0000000708d5f958}: 'java.lang.Object java.lang.invoke.DirectMethodHandle$Holder.invokeStatic(java.lang.Object, java.lang.Object, long, java.lang.Object)'> (0x0000000708d5f958) 
thrown [s\src\hotspot\share\interpreter\linkResolver.cpp, line 773]
Event: 14.337 Thread 0x0000022cd95312d0 Exception <a 'java/lang/NoSuchMethodError'{0x0000000708d66630}: 'java.lang.Object java.lang.invoke.DirectMethodHandle$Holder.newInvokeSpecial(java.lang.Object, java.lang.Object, long)'> (0x0000000708d66630) 
thrown [s\src\hotspot\share\interpreter\linkResolver.cpp, line 773]
Event: 14.338 Thread 0x0000022cd95312d0 Exception <a 'java/lang/NoSuchMethodError'{0x0000000708d6a088}: 'java.lang.Object java.lang.invoke.Invokers$Holder.linkToTargetMethod(java.lang.Object, long, java.lang.Object)'> (0x0000000708d6a088) 
thrown [s\src\hotspot\share\interpreter\linkResolver.cpp, line 773]
Event: 16.262 Thread 0x0000022cd9278b00 Exception <a 'java/lang/NoSuchMethodError'{0x0000000705087100}: 'java.lang.Object java.lang.invoke.Invokers$Holder.linkToTargetMethod(java.lang.Object, float, float, float, float, java.lang.Object)'> (0x0000000705087100) 
thrown [s\src\hotspot\share\interpreter\linkResolver.cpp, line 773]
Event: 16.367 Thread 0x0000022cd95312d0 Exception <a 'java/lang/NoSuchMethodError'{0x0000000704fd3470}: 'java.lang.Object java.lang.invoke.DirectMethodHandle$Holder.invokeSpecial(java.lang.Object, java.lang.Object, int, int, java.lang.Object)'> (0x0000000704fd3470) 
thrown [s\src\hotspot\share\interpreter\linkResolver.cpp, line 773]

ZGC Phase Switch (0 events):
No events

VM Operations (20 events):
Event: 18.280 Executing VM operation: G1TryInitiateConcMark (G1 Humongous Allocation)
Event: 18.282 Executing VM operation: G1TryInitiateConcMark (G1 Humongous Allocation) done
Event: 18.634 Executing VM operation: G1TryInitiateConcMark (G1 Humongous Allocation)
Event: 18.636 Executing VM operation: G1TryInitiateConcMark (G1 Humongous Allocation) done
Event: 18.902 Executing VM operation: G1TryInitiateConcMark (G1 Humongous Allocation)
Event: 18.904 Executing VM operation: G1TryInitiateConcMark (G1 Humongous Allocation) done
Event: 19.203 Executing VM operation: G1TryInitiateConcMark (G1 Humongous Allocation)
Event: 19.209 Executing VM operation: G1TryInitiateConcMark (G1 Humongous Allocation) done
Event: 19.592 Executing VM operation: G1TryInitiateConcMark (G1 Humongous Allocation)
Event: 19.594 Executing VM operation: G1TryInitiateConcMark (G1 Humongous Allocation) done
Event: 19.941 Executing VM operation: G1TryInitiateConcMark (G1 Humongous Allocation)
Event: 19.943 Executing VM operation: G1TryInitiateConcMark (G1 Humongous Allocation) done
Event: 20.384 Executing VM operation: G1TryInitiateConcMark (G1 Humongous Allocation)
Event: 20.386 Executing VM operation: G1TryInitiateConcMark (G1 Humongous Allocation) done
Event: 20.734 Executing VM operation: G1TryInitiateConcMark (G1 Humongous Allocation)
Event: 20.737 Executing VM operation: G1TryInitiateConcMark (G1 Humongous Allocation) done
Event: 21.370 Executing VM operation: G1TryInitiateConcMark (G1 Humongous Allocation)
Event: 21.372 Executing VM operation: G1TryInitiateConcMark (G1 Humongous Allocation) done
Event: 21.883 Executing VM operation: G1TryInitiateConcMark (G1 Humongous Allocation)
Event: 21.885 Executing VM operation: G1TryInitiateConcMark (G1 Humongous Allocation) done

Memory protections (0 events):
No events

Nmethod flushes (20 events):
Event: 15.962 Thread 0x0000022c931320c0 flushing  nmethod 0x0000022c80033290
Event: 15.962 Thread 0x0000022c931320c0 flushing  nmethod 0x0000022c80044510
Event: 15.962 Thread 0x0000022c931320c0 flushing  nmethod 0x0000022c80046c10
Event: 15.962 Thread 0x0000022c931320c0 flushing  nmethod 0x0000022c80047910
Event: 15.962 Thread 0x0000022c931320c0 flushing  nmethod 0x0000022c80048110
Event: 15.962 Thread 0x0000022c931320c0 flushing  nmethod 0x0000022c80049110
Event: 15.962 Thread 0x0000022c931320c0 flushing  nmethod 0x0000022c80049810
Event: 15.962 Thread 0x0000022c931320c0 flushing  nmethod 0x0000022c8004a610
Event: 15.962 Thread 0x0000022c931320c0 flushing  nmethod 0x0000022c8004b290
Event: 15.962 Thread 0x0000022c931320c0 flushing  nmethod 0x0000022c8004b710
Event: 15.962 Thread 0x0000022c931320c0 flushing  nmethod 0x0000022c80081e10
Event: 15.962 Thread 0x0000022c931320c0 flushing  nmethod 0x0000022c80092d90
Event: 15.962 Thread 0x0000022c931320c0 flushing  nmethod 0x0000022c80093f90
Event: 15.962 Thread 0x0000022c931320c0 flushing  nmethod 0x0000022c800e5510
Event: 15.962 Thread 0x0000022c931320c0 flushing  nmethod 0x0000022c800eba10
Event: 15.962 Thread 0x0000022c931320c0 flushing  nmethod 0x0000022c80100b90
Event: 15.962 Thread 0x0000022c931320c0 flushing  nmethod 0x0000022c80103c10
Event: 15.962 Thread 0x0000022c931320c0 flushing  nmethod 0x0000022c801f5710
Event: 15.962 Thread 0x0000022c931320c0 flushing  nmethod 0x0000022c801f7110
Event: 15.962 Thread 0x0000022c931320c0 flushing  nmethod 0x0000022c80245410

Events (20 events):
Event: 0.063 Thread 0x0000022cf2363610 Thread added: 0x0000022c932f97f0
Event: 0.114 Thread 0x0000022c93159b40 Thread added: 0x0000022c933ca650
Event: 0.442 Thread 0x0000022cf2363610 Thread added: 0x0000022c9393f220
Event: 0.444 Thread 0x0000022cf2363610 Thread added: 0x0000022cd948f030
Event: 0.445 Thread 0x0000022cf2363610 Thread added: 0x0000022cd948f690
Event: 0.614 Thread 0x0000022cf2363610 Thread added: 0x0000022cd92aa300
Event: 0.614 Thread 0x0000022cf2363610 Thread added: 0x0000022cd92aa960
Event: 0.615 Thread 0x0000022cd92aa300 Thread added: 0x0000022cd9278b00
Event: 0.621 Thread 0x0000022cf2363610 Thread added: 0x0000022c93c65e60
Event: 0.629 Thread 0x0000022cd92aa300 Thread added: 0x0000022cd95305b0
Event: 0.669 Thread 0x0000022cf2363610 Thread added: 0x0000022cd95312d0
Event: 1.092 Thread 0x0000022cd95312d0 Thread added: 0x0000022cd952f200
Event: 1.854 Thread 0x0000022c933ca650 Thread exited: 0x0000022c933ca650
Event: 3.322 Thread 0x0000022cd92aa300 Thread added: 0x0000022cd952ff20
Event: 3.485 Thread 0x0000022c93159b40 Thread added: 0x0000022cdf9fb340
Event: 3.953 Thread 0x0000022cd95312d0 Thread added: 0x0000022cdff804c0
Event: 4.296 Thread 0x0000022cdf9fb340 Thread exited: 0x0000022cdf9fb340
Event: 7.859 Thread 0x0000022c93159b40 Thread added: 0x0000022cdff74b60
Event: 8.998 Thread 0x0000022cdff74b60 Thread exited: 0x0000022cdff74b60
Event: 15.837 Thread 0x0000022cd9278b00 Thread added: 0x0000022cde918880


Dynamic libraries:
0x00007ff670740000 - 0x00007ff67074e000 	C:\Program Files\BellSoft\LibericaJDK-21\bin\java.exe
0x00007ff977d20000 - 0x00007ff977f29000 	C:\Windows\SYSTEM32\ntdll.dll
0x00007ff976a80000 - 0x00007ff976b3d000 	C:\Windows\System32\KERNEL32.DLL
0x00007ff975440000 - 0x00007ff9757c4000 	C:\Windows\System32\KERNELBASE.dll
0x00007ff975890000 - 0x00007ff9759a1000 	C:\Windows\System32\ucrtbase.dll
0x00007ff941680000 - 0x00007ff94169b000 	C:\Program Files\BellSoft\LibericaJDK-21\bin\VCRUNTIME140.dll
0x00007ff941660000 - 0x00007ff941678000 	C:\Program Files\BellSoft\LibericaJDK-21\bin\jli.dll
0x00007ff976730000 - 0x00007ff9768dd000 	C:\Windows\System32\USER32.dll
0x00007ff975b40000 - 0x00007ff975b66000 	C:\Windows\System32\win32u.dll
0x00007ff961160000 - 0x00007ff961405000 	C:\Windows\WinSxS\amd64_microsoft.windows.common-controls_6595b64144ccf1df_6.0.22000.120_none_9d947278b86cc467\COMCTL32.dll
0x00007ff977770000 - 0x00007ff97779a000 	C:\Windows\System32\GDI32.dll
0x00007ff9776c0000 - 0x00007ff977763000 	C:\Windows\System32\msvcrt.dll
0x00007ff9759b0000 - 0x00007ff975ace000 	C:\Windows\System32\gdi32full.dll
0x00007ff9751b0000 - 0x00007ff97524d000 	C:\Windows\System32\msvcp_win.dll
0x00007ff976ca0000 - 0x00007ff976cd1000 	C:\Windows\System32\IMM32.DLL
0x00007ff941650000 - 0x00007ff94165c000 	C:\Program Files\BellSoft\LibericaJDK-21\bin\vcruntime140_1.dll
0x00007ff8ecbe0000 - 0x00007ff8ecc6e000 	C:\Program Files\BellSoft\LibericaJDK-21\bin\msvcp140.dll
0x00007ff8d55f0000 - 0x00007ff8d63a3000 	C:\Program Files\BellSoft\LibericaJDK-21\bin\server\jvm.dll
0x00007ff976680000 - 0x00007ff97672e000 	C:\Windows\System32\ADVAPI32.dll
0x00007ff976f10000 - 0x00007ff976fae000 	C:\Windows\System32\sechost.dll
0x00007ff977b30000 - 0x00007ff977c51000 	C:\Windows\System32\RPCRT4.dll
0x00007ff976ea0000 - 0x00007ff976f0f000 	C:\Windows\System32\WS2_32.dll
0x00007ff974fd0000 - 0x00007ff97501d000 	C:\Windows\SYSTEM32\POWRPROF.dll
0x00007ff94e950000 - 0x00007ff94e983000 	C:\Windows\SYSTEM32\WINMM.dll
0x00007ff96ca80000 - 0x00007ff96ca8a000 	C:\Windows\SYSTEM32\VERSION.dll
0x00007ff974ec0000 - 0x00007ff974ed3000 	C:\Windows\SYSTEM32\UMPDC.dll
0x00007ff9741e0000 - 0x00007ff9741f8000 	C:\Windows\SYSTEM32\kernel.appcore.dll
0x00007ff941640000 - 0x00007ff94164a000 	C:\Program Files\BellSoft\LibericaJDK-21\bin\jimage.dll
0x00007ff961a50000 - 0x00007ff961c71000 	C:\Windows\SYSTEM32\DBGHELP.DLL
0x00007ff961990000 - 0x00007ff9619c1000 	C:\Windows\SYSTEM32\dbgcore.DLL
0x00007ff9753c0000 - 0x00007ff97543f000 	C:\Windows\System32\bcryptPrimitives.dll
0x00007ff9415e0000 - 0x00007ff9415ff000 	C:\Program Files\BellSoft\LibericaJDK-21\bin\java.dll
0x00007ff975d40000 - 0x00007ff976505000 	C:\Windows\System32\SHELL32.dll
0x00007ff973240000 - 0x00007ff973aa2000 	C:\Windows\SYSTEM32\windows.storage.dll
0x00007ff9777a0000 - 0x00007ff977b16000 	C:\Windows\System32\combase.dll
0x00007ff9730d0000 - 0x00007ff973237000 	C:\Windows\SYSTEM32\wintypes.dll
0x00007ff976b40000 - 0x00007ff976c2a000 	C:\Windows\System32\SHCORE.dll
0x00007ff976c40000 - 0x00007ff976c9d000 	C:\Windows\System32\shlwapi.dll
0x00007ff9750e0000 - 0x00007ff975105000 	C:\Windows\SYSTEM32\profapi.dll
0x00007ff8e4bd0000 - 0x00007ff8e4ca7000 	C:\Program Files\BellSoft\LibericaJDK-21\bin\jsvml.dll
0x00007ff9415d0000 - 0x00007ff9415e0000 	C:\Program Files\BellSoft\LibericaJDK-21\bin\net.dll
0x00007ff970310000 - 0x00007ff970424000 	C:\Windows\SYSTEM32\WINHTTP.dll
0x00007ff974680000 - 0x00007ff9746e7000 	C:\Windows\system32\mswsock.dll
0x00007ff8ecbc0000 - 0x00007ff8ecbd6000 	C:\Program Files\BellSoft\LibericaJDK-21\bin\nio.dll
0x00007ff8ecba0000 - 0x00007ff8ecbb8000 	C:\Program Files\BellSoft\LibericaJDK-21\bin\zip.dll
0x00007ff8e6e80000 - 0x00007ff8e7a9f000 	C:\Users\Welcome\.skiko\64f176e39f60453df1ebf3b490935ff01e2e8db2dfc6217e7f91aacb376d7385\skiko-windows-x64.dll
0x00007ff9768e0000 - 0x00007ff976a7a000 	C:\Windows\System32\ole32.dll
0x00007ff972bc0000 - 0x00007ff972bef000 	C:\Windows\SYSTEM32\dwmapi.dll
0x00007ff971710000 - 0x00007ff971807000 	C:\Windows\SYSTEM32\PROPSYS.dll
0x00007ff9026b0000 - 0x00007ff90283e000 	C:\Program Files\BellSoft\LibericaJDK-21\bin\awt.dll
0x00007ff976510000 - 0x00007ff9765e6000 	C:\Windows\System32\OLEAUT32.dll
0x00007ff9726a0000 - 0x00007ff972732000 	C:\Windows\SYSTEM32\apphelp.dll
0x00007ff972820000 - 0x00007ff9728cc000 	C:\Windows\system32\uxtheme.dll
0x00007ff975c20000 - 0x00007ff975d3d000 	C:\Windows\System32\MSCTF.dll
0x00007ff94bc70000 - 0x00007ff94bd71000 	C:\Windows\system32\opengl32.dll
0x00007ff94bc40000 - 0x00007ff94bc6d000 	C:\Windows\SYSTEM32\GLU32.dll
0x00007ff972940000 - 0x00007ff972978000 	C:\Windows\SYSTEM32\dxcore.dll
0x00007ff957bf0000 - 0x00007ff957c77000 	C:\Program Files\BellSoft\LibericaJDK-21\bin\freetype.dll
0x00007ff905cc0000 - 0x00007ff905db1000 	C:\Program Files\BellSoft\LibericaJDK-21\bin\fontmanager.dll
0x00007ff95cc50000 - 0x00007ff95ceaf000 	C:\Windows\SYSTEM32\dwrite.dll
0x00007ff975b70000 - 0x00007ff975c1f000 	C:\Windows\System32\clbcatq.dll
0x00007ff96ec00000 - 0x00007ff96edae000 	C:\Windows\SYSTEM32\WindowsCodecs.dll
0x00007ff94b190000 - 0x00007ff94b1ed000 	C:\Windows\system32\dataexchange.dll
0x00007ff96e020000 - 0x00007ff96e285000 	C:\Windows\system32\twinapi.appcore.dll
0x00007ff971050000 - 0x00007ff971057000 	C:\Program Files\BellSoft\LibericaJDK-21\bin\jawt.dll
0x00007ff972980000 - 0x00007ff972a73000 	C:\Windows\SYSTEM32\Dxgi.dll
0x00007ff970ad0000 - 0x00007ff970b14000 	C:\Windows\SYSTEM32\directxdatabasehelper.dll
0x00007ff974200000 - 0x00007ff974234000 	C:\Windows\SYSTEM32\ntmarta.dll
0x00007ff94a420000 - 0x00007ff94a448000 	C:\Windows\SYSTEM32\D3D12.dll
0x00007ff9024a0000 - 0x00007ff9026a5000 	C:\Windows\SYSTEM32\D3D12Core.dll
0x00007ff974e30000 - 0x00007ff974e7c000 	C:\Windows\SYSTEM32\cfgmgr32.dll
0x00007ff974a90000 - 0x00007ff974ab7000 	C:\Windows\SYSTEM32\bcrypt.dll
0x00007ff968d20000 - 0x00007ff96c4b4000 	C:\Windows\System32\DriverStore\FileRepository\iigd_dch.inf_amd64_51f685305808e3a5\igc64.dll
0x00007ff975250000 - 0x00007ff9753b2000 	C:\Windows\System32\CRYPT32.dll
0x00007ff90e440000 - 0x00007ff90e46d000 	C:\Windows\SYSTEM32\D3DSCache.dll
0x00007ff974720000 - 0x00007ff97474c000 	C:\Windows\SYSTEM32\USERENV.dll
0x00007ff974950000 - 0x00007ff974968000 	C:\Windows\SYSTEM32\CRYPTSP.dll
0x00007ff974140000 - 0x00007ff974175000 	C:\Windows\system32\rsaenh.dll
0x00007ff974870000 - 0x00007ff97487c000 	C:\Windows\SYSTEM32\CRYPTBASE.dll
0x00007ff973cf0000 - 0x00007ff973d1d000 	C:\Windows\SYSTEM32\IPHLPAPI.DLL
0x00007ff977430000 - 0x00007ff977439000 	C:\Windows\System32\NSI.dll
0x00007ff8e59a0000 - 0x00007ff8e6436000 	C:\Users\Welcome\AppData\Local\Temp\onnxruntime-java15281170008331126017\onnxruntime.dll
0x00007ff957d50000 - 0x00007ff957d67000 	C:\Users\Welcome\AppData\Local\Temp\onnxruntime-java15281170008331126017\onnxruntime4j_jni.dll
0x0000022cded80000 - 0x0000022cded84000 	C:\Users\Welcome\.javacpp\cache\javacpp-1.5.9-windows-x86_64.jar\org\bytedeco\javacpp\windows-x86_64\api-ms-win-crt-locale-l1-1-0.dll
0x0000022cded90000 - 0x0000022cded95000 	C:\Users\Welcome\.javacpp\cache\javacpp-1.5.9-windows-x86_64.jar\org\bytedeco\javacpp\windows-x86_64\api-ms-win-crt-string-l1-1-0.dll
0x0000022cdeda0000 - 0x0000022cdeda5000 	C:\Users\Welcome\.javacpp\cache\javacpp-1.5.9-windows-x86_64.jar\org\bytedeco\javacpp\windows-x86_64\api-ms-win-crt-stdio-l1-1-0.dll
0x0000022cdedb0000 - 0x0000022cdedb6000 	C:\Users\Welcome\.javacpp\cache\javacpp-1.5.9-windows-x86_64.jar\org\bytedeco\javacpp\windows-x86_64\api-ms-win-crt-math-l1-1-0.dll
0x0000022cdedc0000 - 0x0000022cdedc4000 	C:\Users\Welcome\.javacpp\cache\javacpp-1.5.9-windows-x86_64.jar\org\bytedeco\javacpp\windows-x86_64\api-ms-win-crt-heap-l1-1-0.dll
0x0000022cdedd0000 - 0x0000022cdedd5000 	C:\Users\Welcome\.javacpp\cache\javacpp-1.5.9-windows-x86_64.jar\org\bytedeco\javacpp\windows-x86_64\api-ms-win-crt-runtime-l1-1-0.dll
0x0000022cdede0000 - 0x0000022cdede5000 	C:\Users\Welcome\.javacpp\cache\javacpp-1.5.9-windows-x86_64.jar\org\bytedeco\javacpp\windows-x86_64\api-ms-win-crt-convert-l1-1-0.dll
0x0000022cdedf0000 - 0x0000022cdedf4000 	C:\Users\Welcome\.javacpp\cache\javacpp-1.5.9-windows-x86_64.jar\org\bytedeco\javacpp\windows-x86_64\api-ms-win-crt-environment-l1-1-0.dll
0x0000022cdeef0000 - 0x0000022cdeef4000 	C:\Users\Welcome\.javacpp\cache\javacpp-1.5.9-windows-x86_64.jar\org\bytedeco\javacpp\windows-x86_64\api-ms-win-crt-time-l1-1-0.dll
0x0000022cdef00000 - 0x0000022cdef04000 	C:\Users\Welcome\.javacpp\cache\javacpp-1.5.9-windows-x86_64.jar\org\bytedeco\javacpp\windows-x86_64\api-ms-win-crt-filesystem-l1-1-0.dll
0x0000022cdef10000 - 0x0000022cdef14000 	C:\Users\Welcome\.javacpp\cache\javacpp-1.5.9-windows-x86_64.jar\org\bytedeco\javacpp\windows-x86_64\api-ms-win-crt-utility-l1-1-0.dll
0x0000022cdf330000 - 0x0000022cdf336000 	C:\Users\Welcome\.javacpp\cache\javacpp-1.5.9-windows-x86_64.jar\org\bytedeco\javacpp\windows-x86_64\api-ms-win-crt-multibyte-l1-1-0.dll
0x0000022cdf440000 - 0x0000022cdf444000 	C:\Users\Welcome\.javacpp\cache\javacpp-1.5.9-windows-x86_64.jar\org\bytedeco\javacpp\windows-x86_64\api-ms-win-crt-conio-l1-1-0.dll
0x0000022cdf450000 - 0x0000022cdf461000 	C:\Users\Welcome\.javacpp\cache\javacpp-1.5.9-windows-x86_64.jar\org\bytedeco\javacpp\windows-x86_64\api-ms-win-crt-private-l1-1-0.dll
0x0000022cdf470000 - 0x0000022cdf474000 	C:\Users\Welcome\.javacpp\cache\javacpp-1.5.9-windows-x86_64.jar\org\bytedeco\javacpp\windows-x86_64\api-ms-win-crt-process-l1-1-0.dll
0x0000022cdf480000 - 0x0000022cdf484000 	C:\Users\Welcome\.javacpp\cache\javacpp-1.5.9-windows-x86_64.jar\org\bytedeco\javacpp\windows-x86_64\api-ms-win-core-console-l1-2-0.dll
0x0000022cdf490000 - 0x0000022cdf494000 	C:\Users\Welcome\.javacpp\cache\javacpp-1.5.9-windows-x86_64.jar\org\bytedeco\javacpp\windows-x86_64\api-ms-win-core-string-l1-1-0.dll
0x0000022cdf590000 - 0x0000022cdf594000 	C:\Users\Welcome\.javacpp\cache\javacpp-1.5.9-windows-x86_64.jar\org\bytedeco\javacpp\windows-x86_64\api-ms-win-core-errorhandling-l1-1-0.dll
0x0000022cdf5a0000 - 0x0000022cdf5a4000 	C:\Users\Welcome\.javacpp\cache\javacpp-1.5.9-windows-x86_64.jar\org\bytedeco\javacpp\windows-x86_64\api-ms-win-core-timezone-l1-1-0.dll
0x0000022cdf5b0000 - 0x0000022cdf5b5000 	C:\Users\Welcome\.javacpp\cache\javacpp-1.5.9-windows-x86_64.jar\org\bytedeco\javacpp\windows-x86_64\api-ms-win-core-file-l1-1-0.dll
0x0000022cdf5c0000 - 0x0000022cdf5c4000 	C:\Users\Welcome\.javacpp\cache\javacpp-1.5.9-windows-x86_64.jar\org\bytedeco\javacpp\windows-x86_64\api-ms-win-core-namedpipe-l1-1-0.dll
0x0000022cdf5d0000 - 0x0000022cdf5d4000 	C:\Users\Welcome\.javacpp\cache\javacpp-1.5.9-windows-x86_64.jar\org\bytedeco\javacpp\windows-x86_64\api-ms-win-core-handle-l1-1-0.dll
0x0000022cdf5e0000 - 0x0000022cdf5e4000 	C:\Users\Welcome\.javacpp\cache\javacpp-1.5.9-windows-x86_64.jar\org\bytedeco\javacpp\windows-x86_64\api-ms-win-core-file-l2-1-0.dll
0x0000022cdf5f0000 - 0x0000022cdf5f4000 	C:\Users\Welcome\.javacpp\cache\javacpp-1.5.9-windows-x86_64.jar\org\bytedeco\javacpp\windows-x86_64\api-ms-win-core-heap-l1-1-0.dll
0x0000022cdf600000 - 0x0000022cdf604000 	C:\Users\Welcome\.javacpp\cache\javacpp-1.5.9-windows-x86_64.jar\org\bytedeco\javacpp\windows-x86_64\api-ms-win-core-libraryloader-l1-1-0.dll
0x00007ff9700f0000 - 0x00007ff970309000 	C:\Windows\SYSTEM32\dcomp.dll
0x0000022cdf730000 - 0x0000022cdf734000 	C:\Users\Welcome\.javacpp\cache\javacpp-1.5.9-windows-x86_64.jar\org\bytedeco\javacpp\windows-x86_64\api-ms-win-core-synch-l1-1-0.dll
0x0000022cdf740000 - 0x0000022cdf744000 	C:\Users\Welcome\.javacpp\cache\javacpp-1.5.9-windows-x86_64.jar\org\bytedeco\javacpp\windows-x86_64\api-ms-win-core-processthreads-l1-1-0.dll
0x0000022ce0930000 - 0x0000022ce0934000 	C:\Users\Welcome\.javacpp\cache\javacpp-1.5.9-windows-x86_64.jar\org\bytedeco\javacpp\windows-x86_64\api-ms-win-core-processenvironment-l1-1-0.dll
0x0000022ce0940000 - 0x0000022ce0944000 	C:\Users\Welcome\.javacpp\cache\javacpp-1.5.9-windows-x86_64.jar\org\bytedeco\javacpp\windows-x86_64\api-ms-win-core-datetime-l1-1-0.dll
0x0000022ce0950000 - 0x0000022ce0954000 	C:\Users\Welcome\.javacpp\cache\javacpp-1.5.9-windows-x86_64.jar\org\bytedeco\javacpp\windows-x86_64\api-ms-win-core-localization-l1-2-0.dll
0x00007ff9719e0000 - 0x00007ff971e46000 	C:\Windows\SYSTEM32\d3dcompiler_47.dll
0x0000022ce0a60000 - 0x0000022ce0a64000 	C:\Users\Welcome\.javacpp\cache\javacpp-1.5.9-windows-x86_64.jar\org\bytedeco\javacpp\windows-x86_64\api-ms-win-core-sysinfo-l1-1-0.dll
0x0000022ce0a70000 - 0x0000022ce0a74000 	C:\Users\Welcome\.javacpp\cache\javacpp-1.5.9-windows-x86_64.jar\org\bytedeco\javacpp\windows-x86_64\api-ms-win-core-synch-l1-2-0.dll
0x0000022ce0960000 - 0x0000022ce0964000 	C:\Users\Welcome\.javacpp\cache\javacpp-1.5.9-windows-x86_64.jar\org\bytedeco\javacpp\windows-x86_64\api-ms-win-core-console-l1-1-0.dll
0x0000022ce0970000 - 0x0000022ce0974000 	C:\Users\Welcome\.javacpp\cache\javacpp-1.5.9-windows-x86_64.jar\org\bytedeco\javacpp\windows-x86_64\api-ms-win-core-debug-l1-1-0.dll
0x0000022ce0980000 - 0x0000022ce0984000 	C:\Users\Welcome\.javacpp\cache\javacpp-1.5.9-windows-x86_64.jar\org\bytedeco\javacpp\windows-x86_64\api-ms-win-core-rtlsupport-l1-1-0.dll
0x0000022ce0990000 - 0x0000022ce0994000 	C:\Users\Welcome\.javacpp\cache\javacpp-1.5.9-windows-x86_64.jar\org\bytedeco\javacpp\windows-x86_64\api-ms-win-core-processthreads-l1-1-1.dll
0x0000022ce09a0000 - 0x0000022ce09a4000 	C:\Users\Welcome\.javacpp\cache\javacpp-1.5.9-windows-x86_64.jar\org\bytedeco\javacpp\windows-x86_64\api-ms-win-core-file-l1-2-0.dll
0x0000022ce09b0000 - 0x0000022ce09b4000 	C:\Users\Welcome\.javacpp\cache\javacpp-1.5.9-windows-x86_64.jar\org\bytedeco\javacpp\windows-x86_64\api-ms-win-core-profile-l1-1-0.dll
0x0000022ce09c0000 - 0x0000022ce09c4000 	C:\Users\Welcome\.javacpp\cache\javacpp-1.5.9-windows-x86_64.jar\org\bytedeco\javacpp\windows-x86_64\api-ms-win-core-memory-l1-1-0.dll
0x0000022ce09d0000 - 0x0000022ce09d4000 	C:\Users\Welcome\.javacpp\cache\javacpp-1.5.9-windows-x86_64.jar\org\bytedeco\javacpp\windows-x86_64\api-ms-win-core-util-l1-1-0.dll
0x0000022ce09e0000 - 0x0000022ce09e4000 	C:\Users\Welcome\.javacpp\cache\javacpp-1.5.9-windows-x86_64.jar\org\bytedeco\javacpp\windows-x86_64\api-ms-win-core-interlocked-l1-1-0.dll
0x00007ff902380000 - 0x00007ff902491000 	C:\Users\Welcome\.javacpp\cache\javacpp-1.5.9-windows-x86_64.jar\org\bytedeco\javacpp\windows-x86_64\ucrtbase.dll
0x00007ff94a400000 - 0x00007ff94a41b000 	C:\Users\Welcome\.javacpp\cache\javacpp-1.5.9-windows-x86_64.jar\org\bytedeco\javacpp\windows-x86_64\vcruntime140.dll

JVMTI agents: none

dbghelp: loaded successfully - version: 4.0.5 - missing functions: none
symbol engine: initialized successfully - sym options: 0x614 - pdb path: .;C:\Program Files\BellSoft\LibericaJDK-21\bin;C:\Windows\SYSTEM32;C:\Windows\WinSxS\amd64_microsoft.windows.common-controls_6595b64144ccf1df_6.0.22000.120_none_9d947278b86cc467;C:\Program Files\BellSoft\LibericaJDK-21\bin\server;C:\Users\Welcome\.skiko\64f176e39f60453df1ebf3b490935ff01e2e8db2dfc6217e7f91aacb376d7385;C:\Windows\System32\DriverStore\FileRepository\iigd_dch.inf_amd64_51f685305808e3a5;C:\Users\Welcome\AppData\Local\Temp\onnxruntime-java15281170008331126017;C:\Users\Welcome\.javacpp\cache\javacpp-1.5.9-windows-x86_64.jar\org\bytedeco\javacpp\windows-x86_64;C:\Users\Welcome\.javacpp\cache\openblas-0.3.23-1.5.9-windows-x86_64.jar\org\bytedeco\openblas\windows-x86_64;C:\Users\Welcome\.javacpp\cache\opencv-4.7.0-1.5.9-windows-x86_64.jar\org\bytedeco\opencv\windows-x86_64;C:\Windows\WinSxS\amd64_microsoft.windows.gdiplus_6595b64144ccf1df_1.1.22000.2003_none_4c4fc4c1c574dc79

VM Arguments:
jvm_args: -Dcompose.application.configure.swing.globals=true -Dcompose.application.resources.dir=C:\Users\Welcome\IdeaProjects\orais- v1\composeApp\build\compose\tmp\prepareAppResources -Dfile.encoding=UTF-8 -Duser.country=IN -Duser.language=en -Duser.variant 
java_command: com.ram.orai.orais.MainKt
java_class_path (initial): C:\Users\Welcome\.gradle\.tmp\gradle-javaexec-classpath5170854421188958380.jar
Launcher Type: SUN_STANDARD

[Global flags]
     intx CICompilerCount                          = 3                                         {product} {ergonomic}
     uint ConcGCThreads                            = 1                                         {product} {ergonomic}
     uint G1ConcRefinementThreads                  = 4                                         {product} {ergonomic}
   size_t G1HeapRegionSize                         = 2097152                                   {product} {ergonomic}
    uintx GCDrainStackTargetSize                   = 64                                        {product} {ergonomic}
   size_t InitialHeapSize                          = 268435456                                 {product} {ergonomic}
   size_t MarkStackSize                            = 4194304                                   {product} {ergonomic}
   size_t MaxHeapSize                              = 4271898624                                {product} {ergonomic}
   size_t MaxNewSize                               = 2562719744                                {product} {ergonomic}
   size_t MinHeapDeltaBytes                        = 2097152                                   {product} {ergonomic}
   size_t MinHeapSize                              = 8388608                                   {product} {ergonomic}
    uintx NonNMethodCodeHeapSize                   = 5832780                                {pd product} {ergonomic}
    uintx NonProfiledCodeHeapSize                  = 122912730                              {pd product} {ergonomic}
    uintx ProfiledCodeHeapSize                     = 122912730                              {pd product} {ergonomic}
    uintx ReservedCodeCacheSize                    = 251658240                              {pd product} {ergonomic}
     bool SegmentedCodeCache                       = true                                      {product} {ergonomic}
   size_t SoftMaxHeapSize                          = 4271898624                             {manageable} {ergonomic}
     bool UseCompressedOops                        = true                           {product lp64_product} {ergonomic}
     bool UseG1GC                                  = true                                      {product} {ergonomic}
     bool UseLargePagesIndividualAllocation        = false                                  {pd product} {ergonomic}

Logging:
Log output configuration:
 #0: stdout all=warning uptime,level,tags foldmultilines=false
 #1: stderr all=off uptime,level,tags foldmultilines=false

Release file:
IMPLEMENTOR="BellSoft" 
JAVA_RUNTIME_VERSION="21.0.9+15-LTS" 
JAVA_VERSION="21.0.9" 
JAVA_VERSION_DATE="2025-10-21" 
LIBC="default" 
MODULES="java.base java.compiler java.datatransfer java.xml java.prefs java.desktop java.instrument java.logging java.management java.security.sasl java.naming java.rmi java.management.rmi java.net.http java.scripting java.security.jgss java.transaction.xa java.sql java.sql.rowset java.xml.crypto java.se java.smartcardio jdk.accessibility jdk.internal.jvmstat jdk.attach jdk.charsets jdk.internal.opt jdk.zipfs jdk.compiler jdk.crypto.ec jdk.crypto.cryptoki jdk.crypto.mscapi jdk.dynalink jdk.internal.ed jdk.editpad jdk.hotspot.agent jdk.httpserver jdk.incubator.vector jdk.internal.le jdk.internal.vm.ci jdk.internal.vm.compiler jdk.internal.vm.compiler.management jdk.jartool jdk.javadoc jdk.jcmd jdk.management jdk.management.agent jdk.jconsole jdk.jdeps jdk.jdwp.agent jdk.jdi jdk.jfr jdk.jlink jdk.jpackage jdk.jshell jdk.jsobject jdk.jstatd jdk.localedata jdk.management.jfr jdk.naming.dns jdk.naming.rmi jdk.net jdk.nio.mapmode jdk.random jdk.sctp jdk.security.auth jdk.security.jgss jdk.unsupported jdk.unsupported.desktop jdk.xml.dom" 
OS_ARCH="x86_64" 
OS_NAME="Windows" 
SOURCE=".:git:b00e41d2b14a+" 

Environment Variables:
JAVA_HOME=C:\Program Files\BellSoft\LibericaJDK-21\
PATH=C:\Program Files\PowerShell\7-preview;C:\Program Files\BellSoft\LibericaJDK-21\bin\;C:\Windows\system32;C:\Windows;C:\Windows\System32\Wbem;C:\Windows\System32\WindowsPowerShell\v1.0\;C:\Windows\System32\OpenSSH\;C:\Program Files\Git\cmd;C:\Program Files\BellSoft\LibericaJDK-21\\bin;C:\Program Files\GitHub CLI\;C:\Program Files\nodejs\;C:\Program Files\cursor\resources\app\bin;C:\Program Files\PowerShell\7-preview\preview;C:\Program Files (x86)\Windows Kits\10\Windows Performance Toolkit\;C:\ProgramData\chocolatey\bin;C:\Users\Welcome\AppData\Local\Programs\Python\Launcher\;C:\Users\Welcome\AppData\Local\Microsoft\WindowsApps;C:\Users\Welcome\AppData\Local\Programs\Windsurf\bin;C:\Users\Welcome\AppData\Local\Programs\Ollama;C:\Users\Welcome\flutter\bin;C:\Users\Welcome\AppData\Roaming\npm;C:\Users\Welcome\AppData\Local\Programs\Microsoft VS Code\bin;C:\Users\Welcome\AppData\Local\Programs\MiKTeX\miktex\bin\x64\;C:\Users\Welcome\AppData\Local\Pandoc\;C:\Users\Welcome\AppData\Local\Google\Cloud SDK\google-cloud-sdk\bin;C:\Users\Welcome\AppData\Local\GitHubDesktop\bin
USERNAME=Welcome
LANG=en_US.UTF-8
OS=Windows_NT
PROCESSOR_IDENTIFIER=Intel64 Family 6 Model 94 Stepping 3, GenuineIntel
TMP=C:\Users\Welcome\AppData\Local\Temp
TEMP=C:\Users\Welcome\AppData\Local\Temp




Periodic native trim disabled

---------------  S Y S T E M  ---------------

OS:
 Windows 11 , 64 bit Build 22000 (10.0.22000.2538)
OS uptime: 0 days 0:57 hours
Hyper-V role detected

CPU: total 4 (initial active 4) (4 cores per cpu, 1 threads per core) family 6 model 94 stepping 3 microcode 0xd6, cx8, cmov, fxsr, mmx, 3dnowpref, sse, sse2, sse3, ssse3, sse4.1, sse4.2, popcnt, lzcnt, tsc, tscinvbit, avx, avx2, aes, erms, clmul, bmi1, bmi2, rtm, adx, fma, vzeroupper, clflush, clflushopt, hv, rdtscp, f16c
Processor Information for the first 4 processors :
  Max Mhz: 3312, Current Mhz: 3312, Mhz Limit: 3312

Memory: 4k page, system-wide physical 16291M (6964M free)
TotalPageFile size 23971M (AvailPageFile size 12692M)
current process WorkingSet (physical memory assigned to process): 547M, peak: 598M
current process commit charge ("private bytes"): 1352M, peak: 1407M

vm_info: OpenJDK 64-Bit Server VM (21.0.9+15-LTS) for windows-amd64 JRE (21.0.9+15-LTS), built on 2025-11-18T05:03:52Z by "hudson" with MS VC++ 17.1 (VS2022)

END.
