#
# A fatal error has been detected by the Java Runtime Environment:
#
#  EXCEPTION_ACCESS_VIOLATION (0xc0000005) at pc=0x00007ff9750a735f, pid=7976, tid=3964
#
# JRE version: OpenJDK Runtime Environment (21.0.9+15) (build 21.0.9+15-LTS)
# Java VM: OpenJDK 64-Bit Server VM (21.0.9+15-LTS, mixed mode, sharing, tiered, compressed oops, compressed class ptrs, g1 gc, windows-amd64)
# Problematic frame:
# C  [onnxruntime.dll+0x62735f]
#
# No core dump will be written. Minidumps are not enabled by default on client versions of Windows
#
# If you would like to submit a bug report, please visit:
#   https://bell-sw.com/support
# The crash happened outside the Java Virtual Machine in native code.
# See problematic frame for where to report the bug.
#

---------------  S U M M A R Y ------------

Command Line: -Dcompose.application.configure.swing.globals=true -Dcompose.application.resources.dir=C:\Users\Welcome\IdeaProjects\orais- v1\composeApp\build\compose\tmp\prepareAppResources -Dfile.encoding=UTF-8 -Duser.country=IN -Duser.language=en -Duser.variant com.ram.orai.orais.MainKt

Host: Intel(R) Core(TM) i5-6600 CPU @ 3.30GHz, 4 cores, 15G,  Windows 11 , 64 bit Build 22000 (10.0.22000.2538)
Time: Sun Jan  4 13:14:29 2026 India Standard Time elapsed time: 36.834599 seconds (0d 0h 0m 36s)

---------------  T H R E A D  ---------------

Current thread (0x000001e7596d7c20):  JavaThread "DefaultDispatcher-worker-3" daemon [_thread_in_native, id=3964, stack(0x000000d0f5f00000,0x000000d0f6000000) (1024K)]

Stack: [0x000000d0f5f00000,0x000000d0f6000000],  sp=0x000000d0f5ffc5e0,  free space=1009k
Native frames: (J=compiled Java code, j=interpreted, Vv=VM code, C=native code)
C  [onnxruntime.dll+0x62735f]

Java frames: (J=compiled Java code, j=interpreted, Vv=VM code)
j  ai.onnxruntime.OrtSession.run(JJJ[Ljava/lang/String;[JJ[Ljava/lang/String;J[Lai/onnxruntime/OnnxValue;[JJ)[Z+0
j  ai.onnxruntime.OrtSession.run(Ljava/util/Map;Ljava/util/Set;Ljava/util/Map;Lai/onnxruntime/OrtSession$RunOptions;)Lai/onnxruntime/OrtSession$Result;+722
j  ai.onnxruntime.OrtSession.run(Ljava/util/Map;Ljava/util/Set;)Lai/onnxruntime/OrtSession$Result;+7
j  ai.onnxruntime.OrtSession.run(Ljava/util/Map;)Lai/onnxruntime/OrtSession$Result;+6
j  com.ram.orai.orais.FaceDetector.detectFaces(Lcom/ram/orai/orais/ImageData;Lkotlin/jvm/functions/Function1;Lkotlin/jvm/functions/Function1;)V+116
j  com.ram.orai.orais.ComposableSingletons$AppKt$lambda$-1564548354$1$3$1$1$1$1.emit(Lcom/ram/orai/orais/CameraFrame;Lkotlin/coroutines/Continuation;)Ljava/lang/Object;+1293
j  com.ram.orai.orais.ComposableSingletons$AppKt$lambda$-1564548354$1$3$1$1$1$1.emit(Ljava/lang/Object;Lkotlin/coroutines/Continuation;)Ljava/lang/Object;+6
j  kotlinx.coroutines.flow.FlowKt__DelayKt$sample$2$1$2.invokeSuspend(Ljava/lang/Object;)Ljava/lang/Object;+91
j  kotlinx.coroutines.flow.FlowKt__DelayKt$sample$2$1$2.invoke(Lkotlin/Unit;Lkotlin/coroutines/Continuation;)Ljava/lang/Object;+12
j  kotlinx.coroutines.flow.FlowKt__DelayKt$sample$2$1$2.invoke(Ljava/lang/Object;Ljava/lang/Object;)Ljava/lang/Object;+9
j  kotlinx.coroutines.selects.SelectImplementation$ClauseData.invokeBlock(Ljava/lang/Object;Lkotlin/coroutines/Continuation;)Ljava/lang/Object;+54
j  kotlinx.coroutines.selects.SelectImplementation.complete(Lkotlin/coroutines/Continuation;)Ljava/lang/Object;+68
j  kotlinx.coroutines.selects.SelectImplementation.doSelect$suspendImpl(Lkotlinx/coroutines/selects/SelectImplementation;Lkotlin/coroutines/Continuation;)Ljava/lang/Object;+9
j  kotlinx.coroutines.selects.SelectImplementation.doSelect(Lkotlin/coroutines/Continuation;)Ljava/lang/Object;+2
j  kotlinx.coroutines.flow.FlowKt__DelayKt$sample$2.invokeSuspend(Ljava/lang/Object;)Ljava/lang/Object;+227
J 2636 c1 kotlin.coroutines.jvm.internal.BaseContinuationImpl.resumeWith(Ljava/lang/Object;)V (124 bytes) @ 0x000001e7435137e4 [0x000001e7435133c0+0x0000000000000424]
J 2785 c1 kotlinx.coroutines.DispatchedTask.run()V (387 bytes) @ 0x000001e74355a79c [0x000001e7435591a0+0x00000000000015fc]
j  kotlinx.coroutines.scheduling.CoroutineScheduler.runSafely(Lkotlinx/coroutines/scheduling/Task;)V+2
j  kotlinx.coroutines.scheduling.CoroutineScheduler$Worker.executeTask(Lkotlinx/coroutines/scheduling/Task;)V+164
j  kotlinx.coroutines.scheduling.CoroutineScheduler$Worker.runWorker()V+44
j  kotlinx.coroutines.scheduling.CoroutineScheduler$Worker.run()V+1
v  ~StubRoutines::call_stub 0x000001e74a56100d

siginfo: EXCEPTION_ACCESS_VIOLATION (0xc0000005), reading address 0x0000000000002490


Registers:
RAX=0x000001e7a78763c0, RBX=0x0000000000000186, RCX=0x000001e7a7876030, RDX=0x0000000000000000
RSP=0x000000d0f5ffc5e0, RBP=0x000000d0f5ffd090, RSI=0x0000000000000000, RDI=0x000000d0f5ffcd70
R8 =0x0000000000000492, R9 =0x0000000000000001, R10=0x000001e7384a0000, R11=0x000000d0f5ffc760
R12=0x000001e7a777d960, R13=0x0000000000000000, R14=0x000000d0f5ffd138, R15=0x000001e7a78763c0
RIP=0x00007ff9750a735f, EFLAGS=0x0000000000010206

XMM[0]=0xbdf749533ca2dee5 0x3e99fec93f84c9d6
XMM[1]=0xbd53109fbdb74f02 0x3e03d4733f3ae310
XMM[2]=0x3d88fa6a3f4f1f96 0x3e03d4733f3ae310
XMM[3]=0xbda9bb1dbd1bbb3f 0x3d88fa6a3f4f1f96
XMM[4]=0x3ecbd50d3fea7a77 0x3e99fec93f84c9d6
XMM[5]=0xbd924c14bd00266f 0x3ecbd50d3fea7a77
XMM[6]=0x0000000000000000 0x00000000ba83126f
XMM[7]=0x0000000000000000 0x000000003eececed
XMM[8]=0x0000000000000000 0x000000003ee6e6e7
XMM[9]=0x0000000000000000 0x000000003ef2f2f3
XMM[10]=0x0000000000000000 0x000000003f42c2c3
XMM[11]=0x0000000000000000 0x00000000000001df
XMM[12]=0x0000000000000000 0x00000000ff78797d
XMM[13]=0x0000000000000000 0x00000000ff79797b
XMM[14]=0x0000000000000000 0x0000000000ff7979
XMM[15]=0x0000000000000000 0x000000000000ff79
  MXCSR=0x00001fa0


Register to memory mapping:

RAX=0x000001e7a78763c0 points into unknown readable memory: 0x0037003700360039 | 39 00 36 00 37 00 37 00
RBX=0x0000000000000186 is an unknown value
RCX=0x000001e7a7876030 points into unknown readable memory: 0x000001e7a42ae5f0 | f0 e5 2a a4 e7 01 00 00
RDX=0x0 is null
RSP=0x000000d0f5ffc5e0 is pointing into the stack for thread: 0x000001e7596d7c20
RBP=0x000000d0f5ffd090 is pointing into the stack for thread: 0x000001e7596d7c20
RSI=0x0 is null
RDI=0x000000d0f5ffcd70 is pointing into the stack for thread: 0x000001e7596d7c20
R8 =0x0000000000000492 is an unknown value
R9 =0x0000000000000001 is an unknown value
R10=0x000001e7384a0000 points into unknown readable memory: 0x0000000000000000 | 00 00 00 00 00 00 00 00
R11=0x000000d0f5ffc760 is pointing into the stack for thread: 0x000001e7596d7c20
R12=0x000001e7a777d960 points into unknown readable memory: 0x000001e7a3ce3cb0 | b0 3c ce a3 e7 01 00 00
R13=0x0 is null
R14=0x000000d0f5ffd138 is pointing into the stack for thread: 0x000001e7596d7c20
R15=0x000001e7a78763c0 points into unknown readable memory: 0x0037003700360039 | 39 00 36 00 37 00 37 00

Top of Stack: (sp=0x000000d0f5ffc5e0)
0x000000d0f5ffc5e0:   000001e7a40c2530 000001e7a777d960
0x000000d0f5ffc5f0:   000000d0f5ffcb00 0000000000000000
0x000000d0f5ffc600:   000000d0f5ffca58 000000d0f5ffcb00
0x000000d0f5ffc610:   000000d0f5ffc720 00007ff974dcb720
0x000000d0f5ffc620:   0000000000000002 00007ff900000001
0x000000d0f5ffc630:   000001e7a799f010 000000d0f5ffc720
0x000000d0f5ffc640:   000000d0f5ffc698 00007ff9751ac5f7
0x000000d0f5ffc650:   000001e7e5722080 000001e7e5a42080
0x000000d0f5ffc660:   0000000000000100 0000000000000020
0x000000d0f5ffc670:   0000000000000640 000001e7e255e230
0x000000d0f5ffc680:   0000000000000004 000000d0f5ffc6c0
0x000000d0f5ffc690:   000001e7e255e590 0000000000000004
0x000000d0f5ffc6a0:   0000000000000020 0000000000000100
0x000000d0f5ffc6b0:   0000000000000008 0000000000000008
0x000000d0f5ffc6c0:   0000000000000001 0000000000000100
0x000000d0f5ffc6d0:   0000000000000028 0000000000000028
0x000000d0f5ffc6e0:   000000d0f5ffc6a8 0000000000000000
0x000000d0f5ffc6f0:   000000d0f5ffc668 000000d0f5ffc6a0
0x000000d0f5ffc700:   000001e7a785f8f0 000000d0f5ffc670
0x000000d0f5ffc710:   000000d0f5ffc658 000000d0f5ffc6a8
0x000000d0f5ffc720:   000000d0f5ffc650 000000d0f5ffc660
0x000000d0f5ffc730:   000000d0f5ffc6b0 000001e7e5c9a000
0x000000d0f5ffc740:   00006201663a9a7e 0000000000000000
0x000000d0f5ffc750:   00000000ba83126f 0000000000000000
0x000000d0f5ffc760:   0000000000000186 000000d0f5ffd138
0x000000d0f5ffc770:   000000d0f5ffcd70 0000000000000000
0x000000d0f5ffc780:   000000d0f5ffd090 00007ff97507f49d
0x000000d0f5ffc790:   000000d0f5ffca80 000001e7a785f8f0
0x000000d0f5ffc7a0:   000001e7a785f8f0 000000d0f5ffcd70
0x000000d0f5ffc7b0:   000001e7a777d960 000000d0f5ffe1d8
0x000000d0f5ffc7c0:   0000000000000000 00007ff9f6868d1a
0x000000d0f5ffc7d0:   000001e7a785f8f0 0000000000000186 

Instructions: (pc=0x00007ff9750a735f)
0x00007ff9750a725f:   cc 48 83 ec 28 48 81 c1 38 01 00 00 e8 b0 fa 9d
0x00007ff9750a726f:   ff 8b 08 85 c9 74 08 f3 90 8b 08 85 c9 75 f8 48
0x00007ff9750a727f:   83 c4 28 c3 cc cc cc cc cc cc cc cc cc cc cc cc
0x00007ff9750a728f:   cc 48 81 c1 40 01 00 00 48 83 39 00 75 0a 48 83
0x00007ff9750a729f:   3a 00 0f 85 89 f5 a2 ff c3 cc cc cc cc cc cc cc
0x00007ff9750a72af:   cc 48 89 5c 24 08 57 48 83 ec 20 48 8b d9 48 81
0x00007ff9750a72bf:   c1 90 01 00 00 e8 f7 3c 9f ff 48 8d 8b 50 01 00
0x00007ff9750a72cf:   00 48 83 39 00 74 05 e8 e5 59 a5 ff 48 8b bb 40
0x00007ff9750a72df:   01 00 00 48 85 ff 74 16 48 8d 4f 08 e8 50 f5 9d
0x00007ff9750a72ef:   ff ba 28 00 00 00 48 8b cf e8 23 90 fa ff 48 8b
0x00007ff9750a72ff:   8b 30 01 00 00 48 85 c9 74 05 e8 12 90 fa ff 48
0x00007ff9750a730f:   8d 4b 08 48 8b 5c 24 30 48 83 c4 20 5f e9 5f e3
0x00007ff9750a731f:   fc ff cc cc cc cc cc cc cc cc cc cc cc cc cc cc
0x00007ff9750a732f:   cc 48 89 5c 24 18 55 56 57 41 56 41 57 48 81 ec
0x00007ff9750a733f:   80 01 00 00 48 8b da 4c 8b f1 48 8b 09 e8 af df
0x00007ff9750a734f:   fa ff 4c 8b f8 4c 8d 04 5b 48 8b 90 c0 00 00 00
0x00007ff9750a735f:   4a 8b 1c c2 4a 8b 6c c2 08 48 3b dd 74 77 0f 1f
0x00007ff9750a736f:   00 48 8b 13 49 8b 86 30 01 00 00 48 8d 0c 90 e8
0x00007ff9750a737f:   9d f9 9d ff b9 ff ff ff ff f0 0f c1 08 83 f9 01
0x00007ff9750a738f:   75 4a 49 8d 4e 08 48 03 d2 4d 8b 87 a8 00 00 00
0x00007ff9750a739f:   45 8b 04 d0 48 8d 94 24 b8 01 00 00 e8 b0 c4 fc
0x00007ff9750a73af:   ff 48 8b 30 48 8b bc 24 b8 01 00 00 48 85 ff 74
0x00007ff9750a73bf:   16 48 8d 4f 08 e8 77 f4 9d ff ba 28 00 00 00 48
0x00007ff9750a73cf:   8b cf e8 4a 8f fa ff 48 85 f6 75 20 48 83 c3 08
0x00007ff9750a73df:   48 3b dd 75 8c 48 8b 9c 24 c0 01 00 00 48 81 c4
0x00007ff9750a73ef:   80 01 00 00 41 5f 41 5e 5f 5e 5d c3 48 8d 4c 24
0x00007ff9750a73ff:   48 e8 9b 58 9f ff 48 8b d8 48 8d 4c 24 30 e8 5e
0x00007ff9750a740f:   3d 0f 00 90 48 89 44 24 20 4c 8d 0d d1 61 33 00
0x00007ff9750a741f:   41 b8 aa 00 00 00 48 8d 15 74 62 33 00 48 8d 8c
0x00007ff9750a742f:   24 20 01 00 00 e8 e7 91 9e ff 90 4c 8b cb 4c 8d
0x00007ff9750a743f:   05 ec 61 33 00 48 8b d0 48 8d 4c 24 70 e8 3f 95
0x00007ff9750a744f:   9e ff 48 8d 15 90 f6 41 00 48 8d 4c 24 70 e8 78 


Stack slot to memory mapping:

stack at sp + 0 slots: 0x000001e7a40c2530 points into unknown readable memory: 0x0000000000000000 | 00 00 00 00 00 00 00 00
stack at sp + 1 slots: 0x000001e7a777d960 points into unknown readable memory: 0x000001e7a3ce3cb0 | b0 3c ce a3 e7 01 00 00
stack at sp + 2 slots: 0x000000d0f5ffcb00 is pointing into the stack for thread: 0x000001e7596d7c20
stack at sp + 3 slots: 0x0 is null
stack at sp + 4 slots: 0x000000d0f5ffca58 is pointing into the stack for thread: 0x000001e7596d7c20
stack at sp + 5 slots: 0x000000d0f5ffcb00 is pointing into the stack for thread: 0x000001e7596d7c20
stack at sp + 6 slots: 0x000000d0f5ffc720 is pointing into the stack for thread: 0x000001e7596d7c20
stack at sp + 7 slots: 0x00007ff974dcb720 onnxruntime.dll


Compiled method (c1) 37376 2636   !   3       kotlin.coroutines.jvm.internal.BaseContinuationImpl::resumeWith (124 bytes)
 total in heap  [0x000001e743512f90,0x000001e743515b08] = 11128
 relocation     [0x000001e7435130f0,0x000001e7435133a8] = 696
 main code      [0x000001e7435133c0,0x000001e743514ff8] = 7224
 stub code      [0x000001e743514ff8,0x000001e7435150a8] = 176
 oops           [0x000001e7435150a8,0x000001e7435150c8] = 32
 metadata       [0x000001e7435150c8,0x000001e743515130] = 104
 scopes data    [0x000001e743515130,0x000001e743515620] = 1264
 scopes pcs     [0x000001e743515620,0x000001e743515a90] = 1136
 dependencies   [0x000001e743515a90,0x000001e743515a98] = 8
 handler table  [0x000001e743515a98,0x000001e743515ab0] = 24
 nul chk table  [0x000001e743515ab0,0x000001e743515b08] = 88

[Constant Pool (empty)]

[MachCode]
[Entry Point]
  # {method} {0x000001e79b4d4c80} 'resumeWith' '(Ljava/lang/Object;)V' in 'kotlin/coroutines/jvm/internal/BaseContinuationImpl'
  # this:     rdx:rdx   = 'kotlin/coroutines/jvm/internal/BaseContinuationImpl'
  # parm0:    r8:r8     = 'java/lang/Object'
  #           [sp+0x120]  (sp of caller)
  0x000001e7435133c0: 448b 5208 | 49bb 0000 | 005a e701 | 0000 4d03 | d34c 3bd0 

  0x000001e7435133d4: ;   {runtime_call ic_miss_stub}
  0x000001e7435133d4: 0f85 a6b3 | 0907 660f | 1f44 0000 
[Verified Entry Point]
  0x000001e7435133e0: 8984 2400 | 80ff ff55 | 4881 ec10 | 0100 0090 | 4181 7f20 | 2600 0000 

  0x000001e7435133f8: ;   {runtime_call StubRoutines (final stubs)}
  0x000001e7435133f8: 7405 e8e1 

  0x000001e7435133fc: ;   {metadata(method data for {method} {0x000001e79b4d4c80} 'resumeWith' '(Ljava/lang/Object;)V' in 'kotlin/coroutines/jvm/internal/BaseContinuationImpl')}
  0x000001e7435133fc: 3008 0748 | be58 dbd9 | 9ce7 0100 | 008b becc | 0000 0083 | c702 89be | cc00 0000 | 81e7 fe07 
  0x000001e74351341c: 0000 85ff | 0f84 f916 | 0000 6690 | 4885 d275 

  0x000001e74351342c: ;   {metadata(method data for {method} {0x000001e79b4d4c80} 'resumeWith' '(Ljava/lang/Object;)V' in 'kotlin/coroutines/jvm/internal/BaseContinuationImpl')}
  0x000001e74351342c: 1648 bb58 | dbd9 9ce7 | 0100 0080 | 8b09 0100 | 0001 e9e7 

  0x000001e743513440: ;   {metadata('kotlin/coroutines/Continuation')}
  0x000001e743513440: 0000 0048 | b818 2e08 | 5be7 0100 | 008b 5a08 | 49ba 0000 | 005a e701 | 0000 4903 | da48 3b43 
  0x000001e743513460: 200f 841a | 0000 0048 | 3bd8 0f84 | 1100 0000 

  0x000001e743513470: ;   {runtime_call slow_subtype_check Runtime1 stub}
  0x000001e743513470: 5350 e889 | b215 075b | 5b85 db0f | 848d 0000 

  0x000001e743513480: ;   {metadata(method data for {method} {0x000001e79b4d4c80} 'resumeWith' '(Ljava/lang/Object;)V' in 'kotlin/coroutines/jvm/internal/BaseContinuationImpl')}
  0x000001e743513480: 0048 bb58 | dbd9 9ce7 | 0100 008b | 4208 49ba | 0000 005a | e701 0000 | 4903 c248 | 3b83 2001 
  0x000001e7435134a0: 0000 750d | 4883 8328 | 0100 0001 | e979 0000 | 0048 3b83 | 3001 0000 | 750d 4883 | 8338 0100 
  0x000001e7435134c0: 0001 e963 | 0000 0048 | 83bb 2001 | 0000 0075 | 1748 8983 | 2001 0000 | 48c7 8328 | 0100 0001 
  0x000001e7435134e0: 0000 00e9 | 4200 0000 | 4883 bb30 | 0100 0000 | 7517 4889 | 8330 0100 | 0048 c783 | 3801 0000 
  0x000001e743513500: 0100 0000 | e921 0000 | 00e9 1c00 

  0x000001e74351350c: ;   {metadata(method data for {method} {0x000001e79b4d4c80} 'resumeWith' '(Ljava/lang/Object;)V' in 'kotlin/coroutines/jvm/internal/BaseContinuationImpl')}
  0x000001e74351350c: 0000 48bb | 58db d99c | e701 0000 | 4883 ab10 | 0100 0001 | e91b 1600 | 00e9 0000 | 0000 488b 
  0x000001e74351352c: ;   {metadata(method data for {method} {0x000001e79b4d4c80} 'resumeWith' '(Ljava/lang/Object;)V' in 'kotlin/coroutines/jvm/internal/BaseContinuationImpl')}
  0x000001e74351352c: f248 bf58 | dbd9 9ce7 | 0100 0048 | 8387 4801 

  0x000001e74351353c: ;   {metadata(method data for {method} {0x000001e79b4fcad0} 'probeCoroutineResumed' '(Lkotlin/coroutines/Continuation;)V' in 'kotlin/coroutines/jvm/internal/DebugProbesKt')}
  0x000001e74351353c: 0000 0148 | bf00 6ad8 | 9ce7 0100 | 008b 9fcc | 0000 0083 | c302 899f | cc00 0000 | 81e3 feff 
  0x000001e74351355c: 1f00 85db | 0f84 e315 

  0x000001e743513564: ;   {metadata(method data for {method} {0x000001e79b4fcad0} 'probeCoroutineResumed' '(Lkotlin/coroutines/Continuation;)V' in 'kotlin/coroutines/jvm/internal/DebugProbesKt')}
  0x000001e743513564: 0000 48bf | 006a d89c | e701 0000 | 4883 8710 | 0100 0001 

  0x000001e743513578: ;   {metadata(method data for {method} {0x000001e79b415410} 'checkNotNullParameter' '(Ljava/lang/Object;Ljava/lang/String;)V' in 'kotlin/jvm/internal/Intrinsics')}
  0x000001e743513578: 48bf 78c3 | 5b9b e701 | 0000 8b9f | cc00 0000 | 83c3 0289 | 9fcc 0000 | 0081 e3fe | ff1f 0085 
  0x000001e743513598: db0f 84cb | 1500 0048 

  0x000001e7435135a0: ;   {metadata(method data for {method} {0x000001e79b415410} 'checkNotNullParameter' '(Ljava/lang/Object;Ljava/lang/String;)V' in 'kotlin/jvm/internal/Intrinsics')}
  0x000001e7435135a0: 85f6 48be | 78c3 5b9b | e701 0000 | 48c7 c720 | 0100 0074 | 0748 c7c7 | 1001 0000 | 488b 1c3e 
  0x000001e7435135c0: 488d 5b01 | 4889 1c3e | 0f84 a60d | 0000 4885 

  0x000001e7435135d0: ;   {metadata(method data for {method} {0x000001e79b4d4c80} 'resumeWith' '(Ljava/lang/Object;)V' in 'kotlin/coroutines/jvm/internal/BaseContinuationImpl')}
  0x000001e7435135d0: d275 1648 | bf58 dbd9 | 9ce7 0100 | 0080 8f51 | 0100 0001 | e9cd 0000 

  0x000001e7435135e8: ;   {metadata('kotlin/coroutines/jvm/internal/BaseContinuationImpl')}
  0x000001e7435135e8: 0048 bb18 | 3208 5be7 | 0100 008b | 7a08 49ba | 0000 005a | e701 0000 | 4903 fa48 | 3b5f 380f 
  0x000001e743513608: 858d 0000 

  0x000001e74351360c: ;   {metadata(method data for {method} {0x000001e79b4d4c80} 'resumeWith' '(Ljava/lang/Object;)V' in 'kotlin/coroutines/jvm/internal/BaseContinuationImpl')}
  0x000001e74351360c: 0048 bf58 | dbd9 9ce7 | 0100 008b | 5a08 49ba | 0000 005a | e701 0000 | 4903 da48 | 3b9f 6801 
  0x000001e74351362c: 0000 750d | 4883 8770 | 0100 0001 | e979 0000 | 0048 3b9f | 7801 0000 | 750d 4883 | 8780 0100 
  0x000001e74351364c: 0001 e963 | 0000 0048 | 83bf 6801 | 0000 0075 | 1748 899f | 6801 0000 | 48c7 8770 | 0100 0001 
  0x000001e74351366c: 0000 00e9 | 4200 0000 | 4883 bf78 | 0100 0000 | 7517 4889 | 9f78 0100 | 0048 c787 | 8001 0000 
  0x000001e74351368c: 0100 0000 | e921 0000 | 00e9 1c00 

  0x000001e743513698: ;   {metadata(method data for {method} {0x000001e79b4d4c80} 'resumeWith' '(Ljava/lang/Object;)V' in 'kotlin/coroutines/jvm/internal/BaseContinuationImpl')}
  0x000001e743513698: 0000 48bf | 58db d99c | e701 0000 | 4883 af58 | 0100 0001 | e9da 1400 | 00e9 0000 | 0000 488b 
  0x000001e7435136b8: f28b 7e0c | 48c1 e703 | 4889 bc24 | b000 0000 

  0x000001e7435136c8: ;   {metadata(method data for {method} {0x000001e79b4d4c80} 'resumeWith' '(Ljava/lang/Object;)V' in 'kotlin/coroutines/jvm/internal/BaseContinuationImpl')}
  0x000001e7435136c8: 48ba 58db | d99c e701 | 0000 4883 | 8290 0100 

  0x000001e7435136d8: ;   {metadata(method data for {method} {0x000001e79b4143c8} 'checkNotNull' '(Ljava/lang/Object;)V' in 'kotlin/jvm/internal/Intrinsics')}
  0x000001e7435136d8: 0001 48ba | 4872 2f9c | e701 0000 | 8b9a cc00 | 0000 83c3 | 0289 9acc | 0000 0081 | e3fe ff1f 
  0x000001e7435136f8: 0085 db0f | 8498 1400 | 0048 85ff 

  0x000001e743513704: ;   {metadata(method data for {method} {0x000001e79b4143c8} 'checkNotNull' '(Ljava/lang/Object;)V' in 'kotlin/jvm/internal/Intrinsics')}
  0x000001e743513704: 48ba 4872 | 2f9c e701 | 0000 48c7 | c320 0100 | 0074 0748 | c7c3 1001 | 0000 488b | 041a 488d 
  0x000001e743513724: 4001 4889 | 041a 0f84 | 5c0a 0000 

  0x000001e743513730: ;   {metadata(method data for {method} {0x000001e79b4d4c80} 'resumeWith' '(Ljava/lang/Object;)V' in 'kotlin/coroutines/jvm/internal/BaseContinuationImpl')}
  0x000001e743513730: 488b d648 | bb58 dbd9 | 9ce7 0100 | 008b 5208 | 49ba 0000 | 005a e701 | 0000 4903 | d248 3b93 
  0x000001e743513750: b001 0000 | 750d 4883 | 83b8 0100 | 0001 e960 | 0000 0048 | 3b93 c001 | 0000 750d | 4883 83c8 
  0x000001e743513770: 0100 0001 | e94a 0000 | 0048 83bb | b001 0000 | 0075 1748 | 8993 b001 | 0000 48c7 | 83b8 0100 
  0x000001e743513790: 0001 0000 | 00e9 2900 | 0000 4883 | bbc0 0100 | 0000 7517 | 4889 93c0 | 0100 0048 | c783 c801 
  0x000001e7435137b0: 0000 0100 | 0000 e908 | 0000 0048 | 8383 a001 | 0000 0148 | 8bd6 4889 | b424 a800 | 0000 0f1f 
  0x000001e7435137d0: 8000 0000 | 0048 b8ff | ffff ffff 

  0x000001e7435137dc: ;   {virtual_call}
  0x000001e7435137dc: ffff ffe8 

  0x000001e7435137e0: ; ImmutableOopMap {[168]=Oop [176]=Oop }
                      ;*invokevirtual invokeSuspend {reexecute=0 rethrow=0 return_oop=0}
                      ; - kotlin.coroutines.jvm.internal.BaseContinuationImpl::resumeWith@40 (line 34)
  0x000001e7435137e0: cc3e 1607 

  0x000001e7435137e4: ;   {other}
  0x000001e7435137e4: 0f1f 8400 | 5408 0000 

  0x000001e7435137ec: ;   {metadata(method data for {method} {0x000001e79b4d4c80} 'resumeWith' '(Ljava/lang/Object;)V' in 'kotlin/coroutines/jvm/internal/BaseContinuationImpl')}
  0x000001e7435137ec: 48ba 58db | d99c e701 | 0000 4883 | 82d8 0100 

  0x000001e7435137fc: ;   {metadata(method data for {method} {0x000001e79b4fab88} 'getCOROUTINE_SUSPENDED' '()Ljava/lang/Object;' in 'kotlin/coroutines/intrinsics/IntrinsicsKt__IntrinsicsKt')}
  0x000001e7435137fc: 0001 48ba | 50c7 719c | e701 0000 | 8bb2 cc00 | 0000 83c6 | 0289 b2cc | 0000 0081 | e6fe ff1f 
  0x000001e74351381c: 0085 f60f | 8495 1300 

  0x000001e743513824: ;   {oop(a 'kotlin/coroutines/intrinsics/CoroutineSingletons'{0x00000007fff199f0})}
  0x000001e743513824: 0049 baf0 | 99f1 ff07 | 0000 0049 

  0x000001e743513830: ;   {metadata(method data for {method} {0x000001e79b4d4c80} 'resumeWith' '(Ljava/lang/Object;)V' in 'kotlin/coroutines/jvm/internal/BaseContinuationImpl')}
  0x000001e743513830: 3bc2 48ba | 58db d99c | e701 0000 | 48c7 c6f8 | 0100 0074 | 0748 c7c6 | e801 0000 | 488b 3c32 
  0x000001e743513850: 488d 7f01 | 4889 3c32 | 0f84 140e 

  0x000001e74351385c: ;   {metadata(method data for {method} {0x000001e79b4d4c80} 'resumeWith' '(Ljava/lang/Object;)V' in 'kotlin/coroutines/jvm/internal/BaseContinuationImpl')}
  0x000001e74351385c: 0000 48ba | 58db d99c | e701 0000 | 4883 8208 | 0200 0001 

  0x000001e743513870: ;   {metadata(method data for {method} {0x000001e79b50cf08} 'constructor-impl' '(Ljava/lang/Object;)Ljava/lang/Object;' in 'kotlin/Result')}
  0x000001e743513870: 48ba 48e9 | d39c e701 | 0000 8bb2 | cc00 0000 | 83c6 0289 | b2cc 0000 | 0081 e6fe | ff1f 0085 
  0x000001e743513890: f60f 8444 

  0x000001e743513894: ;   {metadata(method data for {method} {0x000001e79b4d4c80} 'resumeWith' '(Ljava/lang/Object;)V' in 'kotlin/coroutines/jvm/internal/BaseContinuationImpl')}
  0x000001e743513894: 1300 0048 | ba58 dbd9 | 9ce7 0100 | 00ff 8218 | 0200 00e9 | 5002 0000 | 498b 87f8 | 0400 004d 
  0x000001e7435138b4: 33d2 4d89 | 97f8 0400 | 004d 33d2 | 4d89 9700 

  0x000001e7435138c4: ;   {metadata(method data for {method} {0x000001e79b4d4c80} 'resumeWith' '(Ljava/lang/Object;)V' in 'kotlin/coroutines/jvm/internal/BaseContinuationImpl')}
  0x000001e7435138c4: 0500 0048 | ba58 dbd9 | 9ce7 0100 | 0048 8382 | 3002 0000 

  0x000001e7435138d8: ;   {metadata(method data for {method} {0x000001e79b520ef8} 'createFailure' '(Ljava/lang/Throwable;)Ljava/lang/Object;' in 'kotlin/ResultKt')}
  0x000001e7435138d8: 0148 bae8 | ded9 9ce7 | 0100 008b | b2cc 0000 | 0083 c602 | 89b2 cc00 | 0000 81e6 | feff 1f00 
  0x000001e7435138f8: 85f6 0f84 | fc12 0000 

  0x000001e743513900: ;   {metadata(method data for {method} {0x000001e79b520ef8} 'createFailure' '(Ljava/lang/Throwable;)Ljava/lang/Object;' in 'kotlin/ResultKt')}
  0x000001e743513900: 48ba e8de | d99c e701 | 0000 4883 | 8210 0100 

  0x000001e743513910: ;   {metadata(method data for {method} {0x000001e79b415410} 'checkNotNullParameter' '(Ljava/lang/Object;Ljava/lang/String;)V' in 'kotlin/jvm/internal/Intrinsics')}
  0x000001e743513910: 0001 48ba | 78c3 5b9b | e701 0000 | 8bb2 cc00 | 0000 83c6 | 0289 b2cc | 0000 0081 | e6fe ff1f 
  0x000001e743513930: 0085 f60f | 84e4 1200 | 0048 85c0 

  0x000001e74351393c: ;   {metadata(method data for {method} {0x000001e79b415410} 'checkNotNullParameter' '(Ljava/lang/Object;Ljava/lang/String;)V' in 'kotlin/jvm/internal/Intrinsics')}
  0x000001e74351393c: 48ba 78c3 | 5b9b e701 | 0000 48c7 | c620 0100 | 0074 0748 | c7c6 1001 | 0000 488b | 3c32 488d 
  0x000001e74351395c: 7f01 4889 | 3c32 0f84 | 0406 0000 

  0x000001e743513968: ;   {metadata('kotlin/Result$Failure')}
  0x000001e743513968: 48ba 48ea | 085b e701 | 0000 488b | d849 8b87 | b801 0000 | 488d 7810 | 493b bfc8 | 0100 000f 
  0x000001e743513988: 87b1 1200 | 0049 89bf | b801 0000 | 48c7 0001 | 0000 0048 | 8bca 49ba | 0000 005a | e701 0000 
  0x000001e7435139a8: 492b ca89 | 4808 4833 | c989 480c | 4833 c948 

  0x000001e7435139b8: ;   {metadata(method data for {method} {0x000001e79b520ef8} 'createFailure' '(Ljava/lang/Throwable;)Ljava/lang/Object;' in 'kotlin/ResultKt')}
  0x000001e7435139b8: 8bd0 48be | e8de d99c | e701 0000 | 4883 8620 | 0100 0001 

  0x000001e7435139cc: ;   {metadata(method data for {method} {0x000001e79b50ee40} '<init>' '(Ljava/lang/Throwable;)V' in 'kotlin/Result$Failure')}
  0x000001e7435139cc: 48ba 58e0 | d99c e701 | 0000 8bb2 | cc00 0000 | 83c6 0289 | b2cc 0000 | 0081 e6fe | ff1f 0085 
  0x000001e7435139ec: f60f 8458 

  0x000001e7435139f0: ;   {metadata(method data for {method} {0x000001e79b50ee40} '<init>' '(Ljava/lang/Throwable;)V' in 'kotlin/Result$Failure')}
  0x000001e7435139f0: 1200 0048 | ba58 e0d9 | 9ce7 0100 | 0048 8382 | 1001 0000 

  0x000001e743513a04: ;   {metadata(method data for {method} {0x000001e79b415410} 'checkNotNullParameter' '(Ljava/lang/Object;Ljava/lang/String;)V' in 'kotlin/jvm/internal/Intrinsics')}
  0x000001e743513a04: 0148 ba78 | c35b 9be7 | 0100 008b | b2cc 0000 | 0083 c602 | 89b2 cc00 | 0000 81e6 | feff 1f00 
  0x000001e743513a24: 85f6 0f84 | 4012 0000 

  0x000001e743513a2c: ;   {metadata(method data for {method} {0x000001e79b415410} 'checkNotNullParameter' '(Ljava/lang/Object;Ljava/lang/String;)V' in 'kotlin/jvm/internal/Intrinsics')}
  0x000001e743513a2c: 4885 db48 | ba78 c35b | 9be7 0100 | 0048 c7c6 | 2001 0000 | 7407 48c7 | c610 0100 | 0048 8b3c 
  0x000001e743513a4c: 3248 8d7f | 0148 893c | 320f 84ec | 0200 0048 

  0x000001e743513a5c: ;   {metadata(method data for {method} {0x000001e79b50ee40} '<init>' '(Ljava/lang/Throwable;)V' in 'kotlin/Result$Failure')}
  0x000001e743513a5c: 8bd0 48be | 58e0 d99c | e701 0000 | 4883 8620 | 0100 0001 

  0x000001e743513a70: ;   {metadata(method data for {method} {0x000001e75a476650} '<init>' '()V' in 'java/lang/Object')}
  0x000001e743513a70: 48ba 5068 | 009b e701 | 0000 8bb2 | cc00 0000 | 83c6 0289 | b2cc 0000 | 0081 e6fe | ff1f 0085 
  0x000001e743513a90: f60f 84f6 | 1100 0041 | 0fbe 5740 | 85d2 0f85 | 0a12 0000 | 4c8b d349 | c1ea 0344 | 8950 0c48 
  0x000001e743513ab0: 8bd0 4833 | d348 c1ea | 1548 83fa | 000f 850a 

  0x000001e743513ac0: ;   {metadata(method data for {method} {0x000001e79b4d4c80} 'resumeWith' '(Ljava/lang/Object;)V' in 'kotlin/coroutines/jvm/internal/BaseContinuationImpl')}
  0x000001e743513ac0: 1200 0048 | ba58 dbd9 | 9ce7 0100 | 0048 8382 | 4002 0000 

  0x000001e743513ad4: ;   {metadata(method data for {method} {0x000001e79b50cf08} 'constructor-impl' '(Ljava/lang/Object;)Ljava/lang/Object;' in 'kotlin/Result')}
  0x000001e743513ad4: 0148 ba48 | e9d3 9ce7 | 0100 008b | b2cc 0000 | 0083 c602 | 89b2 cc00 | 0000 81e6 | feff 1f00 
  0x000001e743513af4: 85f6 0f84 | e911 0000 | 4889 8424 | b800 0000 | 488b b424 | a800 0000 

  0x000001e743513b0c: ;   {metadata(method data for {method} {0x000001e79b4d4c80} 'resumeWith' '(Ljava/lang/Object;)V' in 'kotlin/coroutines/jvm/internal/BaseContinuationImpl')}
  0x000001e743513b0c: 48ba 58db | d99c e701 | 0000 8b76 | 0849 ba00 | 0000 5ae7 | 0100 0049 | 03f2 483b | b260 0200 
  0x000001e743513b2c: 0075 0d48 | 8382 6802 | 0000 01e9 | 6000 0000 | 483b b270 | 0200 0075 | 0d48 8382 | 7802 0000 
  0x000001e743513b4c: 01e9 4a00 | 0000 4883 | ba60 0200 | 0000 7517 | 4889 b260 | 0200 0048 | c782 6802 | 0000 0100 
  0x000001e743513b6c: 0000 e929 | 0000 0048 | 83ba 7002 | 0000 0075 | 1748 89b2 | 7002 0000 | 48c7 8278 | 0200 0001 
  0x000001e743513b8c: 0000 00e9 | 0800 0000 | 4883 8250 | 0200 0001 | 488b 9424 | a800 0000 | 9048 b8ff | ffff ffff 
  0x000001e743513bac: ;   {virtual_call}
  0x000001e743513bac: ffff ffe8 

  0x000001e743513bb0: ; ImmutableOopMap {[176]=Oop [184]=Oop }
                      ;*invokevirtual releaseIntercepted {reexecute=0 rethrow=0 return_oop=0}
                      ; - kotlin.coroutines.jvm.internal.BaseContinuationImpl::resumeWith@90 (line 40)
  0x000001e743513bb0: 8c3d 1607 

  0x000001e743513bb4: ;   {other}
  0x000001e743513bb4: 0f1f 8400 | 240c 0001 | 488b bc24 | b000 0000 | 4885 ff75 

  0x000001e743513bc8: ;   {metadata(method data for {method} {0x000001e79b4d4c80} 'resumeWith' '(Ljava/lang/Object;)V' in 'kotlin/coroutines/jvm/internal/BaseContinuationImpl')}
  0x000001e743513bc8: 1648 b858 | dbd9 9ce7 | 0100 0080 | 8881 0200 | 0001 e9cd 

  0x000001e743513bdc: ;   {metadata('kotlin/coroutines/jvm/internal/BaseContinuationImpl')}
  0x000001e743513bdc: 0000 0048 | b918 3208 | 5be7 0100 | 008b 4708 | 49ba 0000 | 005a e701 | 0000 4903 | c248 3b48 
  0x000001e743513bfc: 380f 858d 

  0x000001e743513c00: ;   {metadata(method data for {method} {0x000001e79b4d4c80} 'resumeWith' '(Ljava/lang/Object;)V' in 'kotlin/coroutines/jvm/internal/BaseContinuationImpl')}
  0x000001e743513c00: 0000 0048 | b858 dbd9 | 9ce7 0100 | 008b 4f08 | 49ba 0000 | 005a e701 | 0000 4903 | ca48 3b88 
  0x000001e743513c20: 9802 0000 | 750d 4883 | 80a0 0200 | 0001 e97e | 0000 0048 | 3b88 a802 | 0000 750d | 4883 80b0 
  0x000001e743513c40: 0200 0001 | e968 0000 | 0048 83b8 | 9802 0000 | 0075 1748 | 8988 9802 | 0000 48c7 | 80a0 0200 
  0x000001e743513c60: 0001 0000 | 00e9 4700 | 0000 4883 | b8a8 0200 | 0000 7517 | 4889 88a8 | 0200 0048 | c780 b002 
  0x000001e743513c80: 0000 0100 | 0000 e926 | 0000 00e9 | 2100 0000 

  0x000001e743513c90: ;   {metadata(method data for {method} {0x000001e79b4d4c80} 'resumeWith' '(Ljava/lang/Object;)V' in 'kotlin/coroutines/jvm/internal/BaseContinuationImpl')}
  0x000001e743513c90: 48b8 58db | d99c e701 | 0000 4883 | a888 0200 | 0001 e905 | 0000 00e9 | 0500 0000 | 4833 d2eb 
  0x000001e743513cb0: 0748 c7c2 | 0100 0000 

  0x000001e743513cb8: ;   {metadata(method data for {method} {0x000001e79b4d4c80} 'resumeWith' '(Ljava/lang/Object;)V' in 'kotlin/coroutines/jvm/internal/BaseContinuationImpl')}
  0x000001e743513cb8: 85d2 48ba | 58db d99c | e701 0000 | 48c7 c6c0 | 0200 0074 | 0748 c7c6 | d002 0000 | 488b 0432 
  0x000001e743513cd8: 488d 4001 | 4889 0432 | 0f84 b608 

  0x000001e743513ce4: ;   {metadata(method data for {method} {0x000001e79b4d4c80} 'resumeWith' '(Ljava/lang/Object;)V' in 'kotlin/coroutines/jvm/internal/BaseContinuationImpl')}
  0x000001e743513ce4: 0000 48ba | 58db d99c | e701 0000 | ff82 e002 

  0x000001e743513cf4: ;   {metadata(method data for {method} {0x000001e79b4d4c80} 'resumeWith' '(Ljava/lang/Object;)V' in 'kotlin/coroutines/jvm/internal/BaseContinuationImpl')}
  0x000001e743513cf4: 0000 48ba | 58db d99c | e701 0000 | 8bb2 d000 | 0000 83c6 | 0289 b2d0 | 0000 0081 | e6fe 3f00 
  0x000001e743513d14: 0085 f60f | 84e9 0f00 | 004d 8b97 

  0x000001e743513d20: ; ImmutableOopMap {rdi=Oop [176]=Oop [184]=Oop }
                      ;*goto {reexecute=1 rethrow=0 return_oop=0}
                      ; - (reexecute) kotlin.coroutines.jvm.internal.BaseContinuationImpl::resumeWith@121 (line 30)
  0x000001e743513d20: 5004 0000 

  0x000001e743513d24: ;   {poll}
  0x000001e743513d24: 4185 0248 | ba58 dbd9 | 9ce7 0100 | 00ff 8230 | 0300 004c | 8b84 24b8 | 0000 0048 | 8bd7 e9e1 
  0x000001e743513d44: f6ff ff48 | 8984 24c8 | 0000 0048 | 899c 24d0 

  0x000001e743513d54: ;   {metadata(method data for {method} {0x000001e79b415410} 'checkNotNullParameter' '(Ljava/lang/Object;Ljava/lang/String;)V' in 'kotlin/jvm/internal/Intrinsics')}
  0x000001e743513d54: 0000 0048 | ba78 c35b | 9be7 0100 | 0048 8382 | 3001 0000 

  0x000001e743513d68: ;   {metadata(method data for {method} {0x000001e79b415590} 'throwParameterIsNullNPE' '(Ljava/lang/String;)V' in 'kotlin/jvm/internal/Intrinsics')}
  0x000001e743513d68: 0148 ba00 | c55b 9be7 | 0100 008b | b2cc 0000 | 0083 c602 | 89b2 cc00 | 0000 81e6 | feff 1f00 
  0x000001e743513d88: 85f6 0f84 | 970f 0000 

  0x000001e743513d90: ;   {no_reloc}
  0x000001e743513d90: e9c2 0f00 | 0000 0000 | 0000 498b | 87b8 0100 | 0048 8d78 | 3049 3bbf | c801 0000 | 0f87 af0f 
  0x000001e743513db0: 0000 4989 | bfb8 0100 | 0048 c700 | 0100 0000 | 488b ca49 | ba00 0000 | 5ae7 0100 | 0049 2bca 
  0x000001e743513dd0: 8948 0848 | 33c9 8948 | 0c48 33c9 | 4889 4810 | 4889 4818 | 4889 4820 | 4889 4828 

  0x000001e743513dec: ;   {metadata(method data for {method} {0x000001e79b415590} 'throwParameterIsNullNPE' '(Ljava/lang/String;)V' in 'kotlin/jvm/internal/Intrinsics')}
  0x000001e743513dec: 48ba 00c5 | 5b9b e701 | 0000 4883 | 8210 0100 

  0x000001e743513dfc: ;   {oop("exception"{0x0000000701a332f0})}
  0x000001e743513dfc: 0001 48ba | f032 a301 | 0700 0000 | 4889 8424 | c000 0000 | 0f1f 8000 

  0x000001e743513e14: ;   {static_call}
  0x000001e743513e14: 0000 00e8 

  0x000001e743513e18: ; ImmutableOopMap {[168]=Oop [176]=Oop [192]=Oop [200]=Oop [208]=Oop }
                      ;*invokestatic createParameterIsNullExceptionMessage {reexecute=0 rethrow=0 return_oop=0}
                      ; - kotlin.jvm.internal.Intrinsics::throwParameterIsNullNPE@5 (line 140)
                      ; - kotlin.jvm.internal.Intrinsics::checkNotNullParameter@5 (line 131)
                      ; - kotlin.Result$Failure::<init>@3
                      ; - kotlin.ResultKt::createFailure@11 (line 122)
                      ; - kotlin.coroutines.jvm.internal.BaseContinuationImpl::resumeWith@76 (line 38)
  0x000001e743513e18: 64b2 0907 

  0x000001e743513e1c: ;   {other}
  0x000001e743513e1c: 0f1f 8400 | 8c0e 0003 | 4c8b 8424 | c000 0000 

  0x000001e743513e2c: ;   {metadata(method data for {method} {0x000001e79b415590} 'throwParameterIsNullNPE' '(Ljava/lang/String;)V' in 'kotlin/jvm/internal/Intrinsics')}
  0x000001e743513e2c: 48ba 00c5 | 5b9b e701 | 0000 4883 | 8220 0100 | 0001 4c8b | c048 8b94 | 24c0 0000 | 0066 0f1f 
  0x000001e743513e4c: ;   {optimized virtual_call}
  0x000001e743513e4c: 4400 00e8 

  0x000001e743513e50: ; ImmutableOopMap {[168]=Oop [176]=Oop [192]=Oop [200]=Oop [208]=Oop }
                      ;*invokespecial <init> {reexecute=0 rethrow=0 return_oop=0}
                      ; - kotlin.jvm.internal.Intrinsics::throwParameterIsNullNPE@8 (line 140)
                      ; - kotlin.jvm.internal.Intrinsics::checkNotNullParameter@5 (line 131)
                      ; - kotlin.Result$Failure::<init>@3
                      ; - kotlin.ResultKt::createFailure@11 (line 122)
                      ; - kotlin.coroutines.jvm.internal.BaseContinuationImpl::resumeWith@76 (line 38)
  0x000001e743513e50: 2cac 0907 

  0x000001e743513e54: ;   {other}
  0x000001e743513e54: 0f1f 8400 | c40e 0004 

  0x000001e743513e5c: ;   {metadata(method data for {method} {0x000001e79b415590} 'throwParameterIsNullNPE' '(Ljava/lang/String;)V' in 'kotlin/jvm/internal/Intrinsics')}
  0x000001e743513e5c: 48ba 00c5 | 5b9b e701 | 0000 4883 | 8230 0100 

  0x000001e743513e6c: ;   {metadata(method data for {method} {0x000001e79b4164f8} 'sanitizeStackTrace' '(Ljava/lang/Throwable;)Ljava/lang/Throwable;' in 'kotlin/jvm/internal/Intrinsics')}
  0x000001e743513e6c: 0001 48ba | e0cb 5b9b | e701 0000 | 8bb2 cc00 | 0000 83c6 | 0289 b2cc | 0000 0081 | e6fe ff1f 
  0x000001e743513e8c: 0085 f60f | 84d9 0e00 

  0x000001e743513e94: ;   {oop(a 'java/lang/Class'{0x0000000701a31808} = 'kotlin/jvm/internal/Intrinsics')}
  0x000001e743513e94: 0048 ba08 | 18a3 0107 | 0000 0048 

  0x000001e743513ea0: ;   {metadata(method data for {method} {0x000001e79b4164f8} 'sanitizeStackTrace' '(Ljava/lang/Throwable;)Ljava/lang/Throwable;' in 'kotlin/jvm/internal/Intrinsics')}
  0x000001e743513ea0: 8bf2 48bf | e0cb 5b9b | e701 0000 | 4883 8710 | 0100 0001 

  0x000001e743513eb4: ;   {metadata(method data for {method} {0x000001e75a46b368} 'getName' '()Ljava/lang/String;' in 'java/lang/Class')}
  0x000001e743513eb4: 48be 9887 | 039b e701 | 0000 8bbe | cc00 0000 | 83c7 0289 | becc 0000 | 0081 e7fe | ff1f 0085 
  0x000001e743513ed4: ff0f 84b4 | 0e00 008b | 522c 48c1 | e203 4885 

  0x000001e743513ee4: ;   {metadata(method data for {method} {0x000001e75a46b368} 'getName' '()Ljava/lang/String;' in 'java/lang/Class')}
  0x000001e743513ee4: d248 be98 | 8703 9be7 | 0100 0048 | c7c7 1001 | 0000 7407 | 48c7 c720 | 0100 0048 | 8b1c 3e48 
  0x000001e743513f04: 8d5b 0148 | 891c 3e0f | 8418 0000 

  0x000001e743513f10: ;   {metadata(method data for {method} {0x000001e75a46b368} 'getName' '()Ljava/lang/String;' in 'java/lang/Class')}
  0x000001e743513f10: 0048 be98 | 8703 9be7 | 0100 00ff | 8630 0100 | 0048 8bf2 | e936 0000 

  0x000001e743513f28: ;   {oop(a 'java/lang/Class'{0x0000000701a31808} = 'kotlin/jvm/internal/Intrinsics')}
  0x000001e743513f28: 0048 ba08 | 18a3 0107 | 0000 0048 

  0x000001e743513f34: ;   {metadata(method data for {method} {0x000001e75a46b368} 'getName' '()Ljava/lang/String;' in 'java/lang/Class')}
  0x000001e743513f34: 8bf2 48bf | 9887 039b | e701 0000 | 4883 8748 | 0100 0001 | 0f1f 8000 

  0x000001e743513f4c: ;   {optimized virtual_call}
  0x000001e743513f4c: 0000 00e8 

  0x000001e743513f50: ; ImmutableOopMap {[168]=Oop [176]=Oop [192]=Oop [200]=Oop [208]=Oop }
                      ;*invokevirtual initClassName {reexecute=0 rethrow=0 return_oop=0}
                      ; - java.lang.Class::getName@14 (line 950)
                      ; - kotlin.jvm.internal.Intrinsics::sanitizeStackTrace@3 (line 253)
                      ; - kotlin.jvm.internal.Intrinsics::throwParameterIsNullNPE@11 (line 140)
                      ; - kotlin.jvm.internal.Intrinsics::checkNotNullParameter@5 (line 131)
                      ; - kotlin.Result$Failure::<init>@3
                      ; - kotlin.ResultKt::createFailure@11 (line 122)
                      ; - kotlin.coroutines.jvm.internal.BaseContinuationImpl::resumeWith@76 (line 38)
  0x000001e743513f50: 2cab 0907 

  0x000001e743513f54: ;   {other}
  0x000001e743513f54: 0f1f 8400 | c40f 0005 | 488b f048 | 8b84 24c0 | 0000 00e9 | 7a0a 0000 | 4889 8424 | d000 0000 
  0x000001e743513f74: ;   {metadata(method data for {method} {0x000001e79b415410} 'checkNotNullParameter' '(Ljava/lang/Object;Ljava/lang/String;)V' in 'kotlin/jvm/internal/Intrinsics')}
  0x000001e743513f74: 48ba 78c3 | 5b9b e701 | 0000 4883 | 8230 0100 

  0x000001e743513f84: ;   {metadata(method data for {method} {0x000001e79b415590} 'throwParameterIsNullNPE' '(Ljava/lang/String;)V' in 'kotlin/jvm/internal/Intrinsics')}
  0x000001e743513f84: 0001 48ba | 00c5 5b9b | e701 0000 | 8bb2 cc00 | 0000 83c6 | 0289 b2cc | 0000 0081 | e6fe ff1f 
  0x000001e743513fa4: 0085 f60f | 8408 0e00 | 0066 6690 

  0x000001e743513fb0: ;   {no_reloc}
  0x000001e743513fb0: e930 0e00 | 0000 0000 | 0000 498b | 87b8 0100 | 0048 8d78 | 3049 3bbf | c801 0000 | 0f87 1d0e 
  0x000001e743513fd0: 0000 4989 | bfb8 0100 | 0048 c700 | 0100 0000 | 488b ca49 | ba00 0000 | 5ae7 0100 | 0049 2bca 
  0x000001e743513ff0: 8948 0848 | 33c9 8948 | 0c48 33c9 | 4889 4810 | 4889 4818 | 4889 4820 | 4889 4828 

  0x000001e74351400c: ;   {metadata(method data for {method} {0x000001e79b415590} 'throwParameterIsNullNPE' '(Ljava/lang/String;)V' in 'kotlin/jvm/internal/Intrinsics')}
  0x000001e74351400c: 48ba 00c5 | 5b9b e701 | 0000 4883 | 8210 0100 

  0x000001e74351401c: ;   {oop("exception"{0x0000000701a332f0})}
  0x000001e74351401c: 0001 48ba | f032 a301 | 0700 0000 | 4889 8424 | d800 0000 | 0f1f 8000 

  0x000001e743514034: ;   {static_call}
  0x000001e743514034: 0000 00e8 

  0x000001e743514038: ; ImmutableOopMap {[168]=Oop [176]=Oop [208]=Oop [216]=Oop }
                      ;*invokestatic createParameterIsNullExceptionMessage {reexecute=0 rethrow=0 return_oop=0}
                      ; - kotlin.jvm.internal.Intrinsics::throwParameterIsNullNPE@5 (line 140)
                      ; - kotlin.jvm.internal.Intrinsics::checkNotNullParameter@5 (line 131)
                      ; - kotlin.ResultKt::createFailure@3
                      ; - kotlin.coroutines.jvm.internal.BaseContinuationImpl::resumeWith@76 (line 38)
  0x000001e743514038: 44b0 0907 

  0x000001e74351403c: ;   {other}
  0x000001e74351403c: 0f1f 8400 | ac10 0006 | 4c8b 8424 | d800 0000 

  0x000001e74351404c: ;   {metadata(method data for {method} {0x000001e79b415590} 'throwParameterIsNullNPE' '(Ljava/lang/String;)V' in 'kotlin/jvm/internal/Intrinsics')}
  0x000001e74351404c: 48ba 00c5 | 5b9b e701 | 0000 4883 | 8220 0100 | 0001 4c8b | c048 8b94 | 24d8 0000 | 0066 0f1f 
  0x000001e74351406c: ;   {optimized virtual_call}
  0x000001e74351406c: 4400 00e8 

  0x000001e743514070: ; ImmutableOopMap {[168]=Oop [176]=Oop [208]=Oop [216]=Oop }
                      ;*invokespecial <init> {reexecute=0 rethrow=0 return_oop=0}
                      ; - kotlin.jvm.internal.Intrinsics::throwParameterIsNullNPE@8 (line 140)
                      ; - kotlin.jvm.internal.Intrinsics::checkNotNullParameter@5 (line 131)
                      ; - kotlin.ResultKt::createFailure@3
                      ; - kotlin.coroutines.jvm.internal.BaseContinuationImpl::resumeWith@76 (line 38)
  0x000001e743514070: 0caa 0907 

  0x000001e743514074: ;   {other}
  0x000001e743514074: 0f1f 8400 | e410 0007 

  0x000001e74351407c: ;   {metadata(method data for {method} {0x000001e79b415590} 'throwParameterIsNullNPE' '(Ljava/lang/String;)V' in 'kotlin/jvm/internal/Intrinsics')}
  0x000001e74351407c: 48ba 00c5 | 5b9b e701 | 0000 4883 | 8230 0100 

  0x000001e74351408c: ;   {metadata(method data for {method} {0x000001e79b4164f8} 'sanitizeStackTrace' '(Ljava/lang/Throwable;)Ljava/lang/Throwable;' in 'kotlin/jvm/internal/Intrinsics')}
  0x000001e74351408c: 0001 48ba | e0cb 5b9b | e701 0000 | 8bb2 cc00 | 0000 83c6 | 0289 b2cc | 0000 0081 | e6fe ff1f 
  0x000001e7435140ac: 0085 f60f | 8447 0d00 

  0x000001e7435140b4: ;   {oop(a 'java/lang/Class'{0x0000000701a31808} = 'kotlin/jvm/internal/Intrinsics')}
  0x000001e7435140b4: 0048 ba08 | 18a3 0107 | 0000 0048 

  0x000001e7435140c0: ;   {metadata(method data for {method} {0x000001e79b4164f8} 'sanitizeStackTrace' '(Ljava/lang/Throwable;)Ljava/lang/Throwable;' in 'kotlin/jvm/internal/Intrinsics')}
  0x000001e7435140c0: 8bf2 48bf | e0cb 5b9b | e701 0000 | 4883 8710 | 0100 0001 

  0x000001e7435140d4: ;   {metadata(method data for {method} {0x000001e75a46b368} 'getName' '()Ljava/lang/String;' in 'java/lang/Class')}
  0x000001e7435140d4: 48be 9887 | 039b e701 | 0000 8bbe | cc00 0000 | 83c7 0289 | becc 0000 | 0081 e7fe | ff1f 0085 
  0x000001e7435140f4: ff0f 8422 | 0d00 008b | 522c 48c1 | e203 4885 

  0x000001e743514104: ;   {metadata(method data for {method} {0x000001e75a46b368} 'getName' '()Ljava/lang/String;' in 'java/lang/Class')}
  0x000001e743514104: d248 be98 | 8703 9be7 | 0100 0048 | c7c7 1001 | 0000 7407 | 48c7 c720 | 0100 0048 | 8b1c 3e48 
  0x000001e743514124: 8d5b 0148 | 891c 3e0f | 8418 0000 

  0x000001e743514130: ;   {metadata(method data for {method} {0x000001e75a46b368} 'getName' '()Ljava/lang/String;' in 'java/lang/Class')}
  0x000001e743514130: 0048 be98 | 8703 9be7 | 0100 00ff | 8630 0100 | 0048 8bf2 | e936 0000 

  0x000001e743514148: ;   {oop(a 'java/lang/Class'{0x0000000701a31808} = 'kotlin/jvm/internal/Intrinsics')}
  0x000001e743514148: 0048 ba08 | 18a3 0107 | 0000 0048 

  0x000001e743514154: ;   {metadata(method data for {method} {0x000001e75a46b368} 'getName' '()Ljava/lang/String;' in 'java/lang/Class')}
  0x000001e743514154: 8bf2 48bf | 9887 039b | e701 0000 | 4883 8748 | 0100 0001 | 0f1f 8000 

  0x000001e74351416c: ;   {optimized virtual_call}
  0x000001e74351416c: 0000 00e8 

  0x000001e743514170: ; ImmutableOopMap {[168]=Oop [176]=Oop [208]=Oop [216]=Oop }
                      ;*invokevirtual initClassName {reexecute=0 rethrow=0 return_oop=0}
                      ; - java.lang.Class::getName@14 (line 950)
                      ; - kotlin.jvm.internal.Intrinsics::sanitizeStackTrace@3 (line 253)
                      ; - kotlin.jvm.internal.Intrinsics::throwParameterIsNullNPE@11 (line 140)
                      ; - kotlin.jvm.internal.Intrinsics::checkNotNullParameter@5 (line 131)
                      ; - kotlin.ResultKt::createFailure@3
                      ; - kotlin.coroutines.jvm.internal.BaseContinuationImpl::resumeWith@76 (line 38)
  0x000001e743514170: 0ca9 0907 

  0x000001e743514174: ;   {other}
  0x000001e743514174: 0f1f 8400 | e411 0008 | 488b f048 | 8b84 24d8 | 0000 00e9 | 4007 0000 | 4889 b424 | a800 0000 
  0x000001e743514194: 4c89 8424 | e800 0000 

  0x000001e74351419c: ;   {metadata(method data for {method} {0x000001e79b4143c8} 'checkNotNull' '(Ljava/lang/Object;)V' in 'kotlin/jvm/internal/Intrinsics')}
  0x000001e74351419c: 48ba 4872 | 2f9c e701 | 0000 4883 | 8230 0100 

  0x000001e7435141ac: ;   {metadata(method data for {method} {0x000001e79b4146b0} 'throwJavaNpe' '()V' in 'kotlin/jvm/internal/Intrinsics')}
  0x000001e7435141ac: 0001 48ba | c873 2f9c | e701 0000 | 8bb2 cc00 | 0000 83c6 | 0289 b2cc | 0000 0081 | e6fe ff1f 
  0x000001e7435141cc: 0085 f60f | 846e 0c00 | 0066 6690 

  0x000001e7435141d8: ;   {no_reloc}
  0x000001e7435141d8: e996 0c00 | 0000 0000 | 0000 498b | 87b8 0100 | 0048 8d78 | 3049 3bbf | c801 0000 | 0f87 830c 
  0x000001e7435141f8: 0000 4989 | bfb8 0100 | 0048 c700 | 0100 0000 | 488b ca49 | ba00 0000 | 5ae7 0100 | 0049 2bca 
  0x000001e743514218: 8948 0848 | 33c9 8948 | 0c48 33c9 | 4889 4810 | 4889 4818 | 4889 4820 | 4889 4828 

  0x000001e743514234: ;   {metadata(method data for {method} {0x000001e79b4146b0} 'throwJavaNpe' '()V' in 'kotlin/jvm/internal/Intrinsics')}
  0x000001e743514234: 488b d048 | bec8 732f | 9ce7 0100 | 0048 8386 | 1001 0000 | 0148 8bd0 | 4889 8424 | e000 0000 
  0x000001e743514254: ;   {optimized virtual_call}
  0x000001e743514254: 6666 90e8 

  0x000001e743514258: ; ImmutableOopMap {[168]=Oop [176]=Oop [224]=Oop [232]=Oop }
                      ;*invokespecial <init> {reexecute=0 rethrow=0 return_oop=0}
                      ; - kotlin.jvm.internal.Intrinsics::throwJavaNpe@4 (line 45)
                      ; - kotlin.jvm.internal.Intrinsics::checkNotNull@4 (line 25)
                      ; - kotlin.coroutines.jvm.internal.BaseContinuationImpl::resumeWith@31 (line 31)
  0x000001e743514258: 24a8 0907 

  0x000001e74351425c: ;   {other}
  0x000001e74351425c: 0f1f 8400 | cc12 0009 

  0x000001e743514264: ;   {metadata(method data for {method} {0x000001e79b4146b0} 'throwJavaNpe' '()V' in 'kotlin/jvm/internal/Intrinsics')}
  0x000001e743514264: 48ba c873 | 2f9c e701 | 0000 4883 | 8220 0100 

  0x000001e743514274: ;   {metadata(method data for {method} {0x000001e79b4164f8} 'sanitizeStackTrace' '(Ljava/lang/Throwable;)Ljava/lang/Throwable;' in 'kotlin/jvm/internal/Intrinsics')}
  0x000001e743514274: 0001 48ba | e0cb 5b9b | e701 0000 | 8bb2 cc00 | 0000 83c6 | 0289 b2cc | 0000 0081 | e6fe ff1f 
  0x000001e743514294: 0085 f60f | 84ed 0b00 

  0x000001e74351429c: ;   {oop(a 'java/lang/Class'{0x0000000701a31808} = 'kotlin/jvm/internal/Intrinsics')}
  0x000001e74351429c: 0048 ba08 | 18a3 0107 | 0000 0048 

  0x000001e7435142a8: ;   {metadata(method data for {method} {0x000001e79b4164f8} 'sanitizeStackTrace' '(Ljava/lang/Throwable;)Ljava/lang/Throwable;' in 'kotlin/jvm/internal/Intrinsics')}
  0x000001e7435142a8: 8bf2 48bf | e0cb 5b9b | e701 0000 | 4883 8710 | 0100 0001 

  0x000001e7435142bc: ;   {metadata(method data for {method} {0x000001e75a46b368} 'getName' '()Ljava/lang/String;' in 'java/lang/Class')}
  0x000001e7435142bc: 48be 9887 | 039b e701 | 0000 8bbe | cc00 0000 | 83c7 0289 | becc 0000 | 0081 e7fe | ff1f 0085 
  0x000001e7435142dc: ff0f 84c8 | 0b00 008b | 522c 48c1 | e203 4885 

  0x000001e7435142ec: ;   {metadata(method data for {method} {0x000001e75a46b368} 'getName' '()Ljava/lang/String;' in 'java/lang/Class')}
  0x000001e7435142ec: d248 be98 | 8703 9be7 | 0100 0048 | c7c7 1001 | 0000 7407 | 48c7 c720 | 0100 0048 | 8b1c 3e48 
  0x000001e74351430c: 8d5b 0148 | 891c 3e0f | 8418 0000 

  0x000001e743514318: ;   {metadata(method data for {method} {0x000001e75a46b368} 'getName' '()Ljava/lang/String;' in 'java/lang/Class')}
  0x000001e743514318: 0048 be98 | 8703 9be7 | 0100 00ff | 8630 0100 | 0048 8bf2 | e936 0000 

  0x000001e743514330: ;   {oop(a 'java/lang/Class'{0x0000000701a31808} = 'kotlin/jvm/internal/Intrinsics')}
  0x000001e743514330: 0048 ba08 | 18a3 0107 | 0000 0048 

  0x000001e74351433c: ;   {metadata(method data for {method} {0x000001e75a46b368} 'getName' '()Ljava/lang/String;' in 'java/lang/Class')}
  0x000001e74351433c: 8bf2 48bf | 9887 039b | e701 0000 | 4883 8748 | 0100 0001 | 0f1f 8000 

  0x000001e743514354: ;   {optimized virtual_call}
  0x000001e743514354: 0000 00e8 

  0x000001e743514358: ; ImmutableOopMap {[168]=Oop [176]=Oop [224]=Oop [232]=Oop }
                      ;*invokevirtual initClassName {reexecute=0 rethrow=0 return_oop=0}
                      ; - java.lang.Class::getName@14 (line 950)
                      ; - kotlin.jvm.internal.Intrinsics::sanitizeStackTrace@3 (line 253)
                      ; - kotlin.jvm.internal.Intrinsics::throwJavaNpe@7 (line 45)
                      ; - kotlin.jvm.internal.Intrinsics::checkNotNull@4 (line 25)
                      ; - kotlin.coroutines.jvm.internal.BaseContinuationImpl::resumeWith@31 (line 31)
  0x000001e743514358: 24a7 0907 

  0x000001e74351435c: ;   {other}
  0x000001e74351435c: 0f1f 8400 | cc13 000a | 488b f048 | 8b84 24e0 | 0000 00e9 | 3804 0000 | 4c89 8424 | e800 0000 
  0x000001e74351437c: 4889 9424 | f800 0000 

  0x000001e743514384: ;   {metadata(method data for {method} {0x000001e79b415410} 'checkNotNullParameter' '(Ljava/lang/Object;Ljava/lang/String;)V' in 'kotlin/jvm/internal/Intrinsics')}
  0x000001e743514384: 48be 78c3 | 5b9b e701 | 0000 4883 | 8630 0100 

  0x000001e743514394: ;   {metadata(method data for {method} {0x000001e79b415590} 'throwParameterIsNullNPE' '(Ljava/lang/String;)V' in 'kotlin/jvm/internal/Intrinsics')}
  0x000001e743514394: 0001 48be | 00c5 5b9b | e701 0000 | 8bbe cc00 | 0000 83c7 | 0289 becc | 0000 0081 | e7fe ff1f 
  0x000001e7435143b4: 0085 ff0f | 8414 0b00 | 0066 6690 

  0x000001e7435143c0: ;   {no_reloc}
  0x000001e7435143c0: e93c 0b00 | 0000 0000 | 0000 498b | 87b8 0100 | 0048 8d78 | 3049 3bbf | c801 0000 | 0f87 290b 
  0x000001e7435143e0: 0000 4989 | bfb8 0100 | 0048 c700 | 0100 0000 | 488b ca49 | ba00 0000 | 5ae7 0100 | 0049 2bca 
  0x000001e743514400: 8948 0848 | 33c9 8948 | 0c48 33c9 | 4889 4810 | 4889 4818 | 4889 4820 | 4889 4828 

  0x000001e74351441c: ;   {metadata(method data for {method} {0x000001e79b415590} 'throwParameterIsNullNPE' '(Ljava/lang/String;)V' in 'kotlin/jvm/internal/Intrinsics')}
  0x000001e74351441c: 48ba 00c5 | 5b9b e701 | 0000 4883 | 8210 0100 

  0x000001e74351442c: ;   {oop("frame"{0x00000007fff990c8})}
  0x000001e74351442c: 0001 48ba | c890 f9ff | 0700 0000 | 4889 8424 | f000 0000 | 0f1f 8000 

  0x000001e743514444: ;   {static_call}
  0x000001e743514444: 0000 00e8 

  0x000001e743514448: ; ImmutableOopMap {[232]=Oop [240]=Oop [248]=Oop }
                      ;*invokestatic createParameterIsNullExceptionMessage {reexecute=0 rethrow=0 return_oop=0}
                      ; - kotlin.jvm.internal.Intrinsics::throwParameterIsNullNPE@5 (line 140)
                      ; - kotlin.jvm.internal.Intrinsics::checkNotNullParameter@5 (line 131)
                      ; - kotlin.coroutines.jvm.internal.DebugProbesKt::probeCoroutineResumed@3
                      ; - kotlin.coroutines.jvm.internal.BaseContinuationImpl::resumeWith@13 (line 29)
  0x000001e743514448: 34ac 0907 

  0x000001e74351444c: ;   {other}
  0x000001e74351444c: 0f1f 8400 | bc14 000b | 4c8b 8424 | f000 0000 

  0x000001e74351445c: ;   {metadata(method data for {method} {0x000001e79b415590} 'throwParameterIsNullNPE' '(Ljava/lang/String;)V' in 'kotlin/jvm/internal/Intrinsics')}
  0x000001e74351445c: 48ba 00c5 | 5b9b e701 | 0000 4883 | 8220 0100 | 0001 4c8b | c048 8b94 | 24f0 0000 | 0066 0f1f 
  0x000001e74351447c: ;   {optimized virtual_call}
  0x000001e74351447c: 4400 00e8 

  0x000001e743514480: ; ImmutableOopMap {[232]=Oop [240]=Oop [248]=Oop }
                      ;*invokespecial <init> {reexecute=0 rethrow=0 return_oop=0}
                      ; - kotlin.jvm.internal.Intrinsics::throwParameterIsNullNPE@8 (line 140)
                      ; - kotlin.jvm.internal.Intrinsics::checkNotNullParameter@5 (line 131)
                      ; - kotlin.coroutines.jvm.internal.DebugProbesKt::probeCoroutineResumed@3
                      ; - kotlin.coroutines.jvm.internal.BaseContinuationImpl::resumeWith@13 (line 29)
  0x000001e743514480: fca5 0907 

  0x000001e743514484: ;   {other}
  0x000001e743514484: 0f1f 8400 | f414 000c 

  0x000001e74351448c: ;   {metadata(method data for {method} {0x000001e79b415590} 'throwParameterIsNullNPE' '(Ljava/lang/String;)V' in 'kotlin/jvm/internal/Intrinsics')}
  0x000001e74351448c: 48ba 00c5 | 5b9b e701 | 0000 4883 | 8230 0100 

  0x000001e74351449c: ;   {metadata(method data for {method} {0x000001e79b4164f8} 'sanitizeStackTrace' '(Ljava/lang/Throwable;)Ljava/lang/Throwable;' in 'kotlin/jvm/internal/Intrinsics')}
  0x000001e74351449c: 0001 48ba | e0cb 5b9b | e701 0000 | 8bb2 cc00 | 0000 83c6 | 0289 b2cc | 0000 0081 | e6fe ff1f 
  0x000001e7435144bc: 0085 f60f | 8453 0a00 

  0x000001e7435144c4: ;   {oop(a 'java/lang/Class'{0x0000000701a31808} = 'kotlin/jvm/internal/Intrinsics')}
  0x000001e7435144c4: 0048 ba08 | 18a3 0107 | 0000 0048 

  0x000001e7435144d0: ;   {metadata(method data for {method} {0x000001e79b4164f8} 'sanitizeStackTrace' '(Ljava/lang/Throwable;)Ljava/lang/Throwable;' in 'kotlin/jvm/internal/Intrinsics')}
  0x000001e7435144d0: 8bf2 48bf | e0cb 5b9b | e701 0000 | 4883 8710 | 0100 0001 

  0x000001e7435144e4: ;   {metadata(method data for {method} {0x000001e75a46b368} 'getName' '()Ljava/lang/String;' in 'java/lang/Class')}
  0x000001e7435144e4: 48be 9887 | 039b e701 | 0000 8bbe | cc00 0000 | 83c7 0289 | becc 0000 | 0081 e7fe | ff1f 0085 
  0x000001e743514504: ff0f 842e | 0a00 008b | 522c 48c1 | e203 4885 

  0x000001e743514514: ;   {metadata(method data for {method} {0x000001e75a46b368} 'getName' '()Ljava/lang/String;' in 'java/lang/Class')}
  0x000001e743514514: d248 be98 | 8703 9be7 | 0100 0048 | c7c7 1001 | 0000 7407 | 48c7 c720 | 0100 0048 | 8b1c 3e48 
  0x000001e743514534: 8d5b 0148 | 891c 3e0f | 8418 0000 

  0x000001e743514540: ;   {metadata(method data for {method} {0x000001e75a46b368} 'getName' '()Ljava/lang/String;' in 'java/lang/Class')}
  0x000001e743514540: 0048 be98 | 8703 9be7 | 0100 00ff | 8630 0100 | 0048 8bf2 | e936 0000 

  0x000001e743514558: ;   {oop(a 'java/lang/Class'{0x0000000701a31808} = 'kotlin/jvm/internal/Intrinsics')}
  0x000001e743514558: 0048 ba08 | 18a3 0107 | 0000 0048 

  0x000001e743514564: ;   {metadata(method data for {method} {0x000001e75a46b368} 'getName' '()Ljava/lang/String;' in 'java/lang/Class')}
  0x000001e743514564: 8bf2 48bf | 9887 039b | e701 0000 | 4883 8748 | 0100 0001 | 0f1f 8000 

  0x000001e74351457c: ;   {optimized virtual_call}
  0x000001e74351457c: 0000 00e8 

  0x000001e743514580: ; ImmutableOopMap {[232]=Oop [240]=Oop [248]=Oop }
                      ;*invokevirtual initClassName {reexecute=0 rethrow=0 return_oop=0}
                      ; - java.lang.Class::getName@14 (line 950)
                      ; - kotlin.jvm.internal.Intrinsics::sanitizeStackTrace@3 (line 253)
                      ; - kotlin.jvm.internal.Intrinsics::throwParameterIsNullNPE@11 (line 140)
                      ; - kotlin.jvm.internal.Intrinsics::checkNotNullParameter@5 (line 131)
                      ; - kotlin.coroutines.jvm.internal.DebugProbesKt::probeCoroutineResumed@3
                      ; - kotlin.coroutines.jvm.internal.BaseContinuationImpl::resumeWith@13 (line 29)
  0x000001e743514580: fca4 0907 

  0x000001e743514584: ;   {other}
  0x000001e743514584: 0f1f 8400 | f415 000d | 488b f048 | 8b84 24f0 | 0000 00e9 | ec00 0000 | 488b 8424 | b800 0000 
  0x000001e7435145a4: ; implicit exception: dispatches to 0x000001e743514f5f
  0x000001e7435145a4: 483b 074c 

  0x000001e7435145a8: ;   {metadata(method data for {method} {0x000001e79b4d4c80} 'resumeWith' '(Ljava/lang/Object;)V' in 'kotlin/coroutines/jvm/internal/BaseContinuationImpl')}
  0x000001e7435145a8: 8bc7 48ba | 58db d99c | e701 0000 | 458b 4008 | 49ba 0000 | 005a e701 | 0000 4d03 | c24c 3b82 
  0x000001e7435145c8: 0803 0000 | 750d 4883 | 8210 0300 | 0001 e960 | 0000 004c | 3b82 1803 | 0000 750d | 4883 8220 
  0x000001e7435145e8: 0300 0001 | e94a 0000 | 0048 83ba | 0803 0000 | 0075 174c | 8982 0803 | 0000 48c7 | 8210 0300 
  0x000001e743514608: 0001 0000 | 00e9 2900 | 0000 4883 | ba18 0300 | 0000 7517 | 4c89 8218 | 0300 0048 | c782 2003 
  0x000001e743514628: 0000 0100 | 0000 e908 | 0000 0048 | 8382 f802 | 0000 014c | 8bc0 488b | d70f 1f40 | 0048 b820 
  0x000001e743514648: c047 a7e7 

  0x000001e74351464c: ;   {virtual_call}
  0x000001e74351464c: 0100 00e8 

  0x000001e743514650: ; ImmutableOopMap {}
                      ;*invokeinterface resumeWith {reexecute=0 rethrow=0 return_oop=0}
                      ; - kotlin.coroutines.jvm.internal.BaseContinuationImpl::resumeWith@114 (line 47)
  0x000001e743514650: bc2c 1607 

  0x000001e743514654: ;   {other}
  0x000001e743514654: 0f1f 8400 | c416 000e | 4881 c410 | 0100 005d 

  0x000001e743514664: ;   {poll_return}
  0x000001e743514664: 493b a748 | 0400 000f | 87f3 0800 | 00c3 4881 | c410 0100 

  0x000001e743514678: ;   {poll_return}
  0x000001e743514678: 005d 493b | a748 0400 | 000f 87f3 | 0800 00c3 

  0x000001e743514688: ;   {metadata(method data for {method} {0x000001e79b4164f8} 'sanitizeStackTrace' '(Ljava/lang/Throwable;)Ljava/lang/Throwable;' in 'kotlin/jvm/internal/Intrinsics')}
  0x000001e743514688: 48ba e0cb | 5b9b e701 | 0000 4883 | 8248 0100 | 0001 488b | d04c 8bc6 | 0f1f 8000 

  0x000001e7435146a4: ;   {static_call}
  0x000001e7435146a4: 0000 00e8 

  0x000001e7435146a8: ; ImmutableOopMap {[232]=Oop [248]=Oop }
                      ;*invokestatic sanitizeStackTrace {reexecute=0 rethrow=0 return_oop=0}
                      ; - kotlin.jvm.internal.Intrinsics::sanitizeStackTrace@6 (line 253)
                      ; - kotlin.jvm.internal.Intrinsics::throwParameterIsNullNPE@11 (line 140)
                      ; - kotlin.jvm.internal.Intrinsics::checkNotNullParameter@5 (line 131)
                      ; - kotlin.coroutines.jvm.internal.DebugProbesKt::probeCoroutineResumed@3
                      ; - kotlin.coroutines.jvm.internal.BaseContinuationImpl::resumeWith@13 (line 29)
  0x000001e7435146a8: d4a9 0907 

  0x000001e7435146ac: ;   {other}
  0x000001e7435146ac: 0f1f 8400 | 1c17 000f | 488b 9424 | f800 0000 | 4885 c075 

  0x000001e7435146c0: ;   {metadata(method data for {method} {0x000001e79b415590} 'throwParameterIsNullNPE' '(Ljava/lang/String;)V' in 'kotlin/jvm/internal/Intrinsics')}
  0x000001e7435146c0: 1648 be00 | c55b 9be7 | 0100 0080 | 8e39 0100 | 0001 e9cd 

  0x000001e7435146d4: ;   {metadata('java/lang/NullPointerException')}
  0x000001e7435146d4: 0000 0048 | bf88 cd06 | 5ae7 0100 | 008b 7008 | 49ba 0000 | 005a e701 | 0000 4903 | f248 3b7e 
  0x000001e7435146f4: 500f 858d 

  0x000001e7435146f8: ;   {metadata(method data for {method} {0x000001e79b415590} 'throwParameterIsNullNPE' '(Ljava/lang/String;)V' in 'kotlin/jvm/internal/Intrinsics')}
  0x000001e7435146f8: 0000 0048 | be00 c55b | 9be7 0100 | 008b 7808 | 49ba 0000 | 005a e701 | 0000 4903 | fa48 3bbe 
  0x000001e743514718: 5001 0000 | 750d 4883 | 8658 0100 | 0001 e979 | 0000 0048 | 3bbe 6001 | 0000 750d | 4883 8668 
  0x000001e743514738: 0100 0001 | e963 0000 | 0048 83be | 5001 0000 | 0075 1748 | 89be 5001 | 0000 48c7 | 8658 0100 
  0x000001e743514758: 0001 0000 | 00e9 4200 | 0000 4883 | be60 0100 | 0000 7517 | 4889 be60 | 0100 0048 | c786 6801 
  0x000001e743514778: 0000 0100 | 0000 e921 | 0000 00e9 | 1c00 0000 

  0x000001e743514788: ;   {metadata(method data for {method} {0x000001e79b415590} 'throwParameterIsNullNPE' '(Ljava/lang/String;)V' in 'kotlin/jvm/internal/Intrinsics')}
  0x000001e743514788: 48be 00c5 | 5b9b e701 | 0000 4883 | ae40 0100 | 0001 e9f1 | 0700 00e9 | 0000 0000 

  0x000001e7435147a4: ; implicit exception: dispatches to 0x000001e743514f99
  0x000001e7435147a4: 483b 00e9 | 3908 0000 

  0x000001e7435147ac: ;   {metadata(method data for {method} {0x000001e79b4164f8} 'sanitizeStackTrace' '(Ljava/lang/Throwable;)Ljava/lang/Throwable;' in 'kotlin/jvm/internal/Intrinsics')}
  0x000001e7435147ac: 48ba e0cb | 5b9b e701 | 0000 4883 | 8248 0100 | 0001 488b | d04c 8bc6 

  0x000001e7435147c4: ;   {static_call}
  0x000001e7435147c4: 6666 90e8 

  0x000001e7435147c8: ; ImmutableOopMap {[168]=Oop [176]=Oop [232]=Oop }
                      ;*invokestatic sanitizeStackTrace {reexecute=0 rethrow=0 return_oop=0}
                      ; - kotlin.jvm.internal.Intrinsics::sanitizeStackTrace@6 (line 253)
                      ; - kotlin.jvm.internal.Intrinsics::throwJavaNpe@7 (line 45)
                      ; - kotlin.jvm.internal.Intrinsics::checkNotNull@4 (line 25)
                      ; - kotlin.coroutines.jvm.internal.BaseContinuationImpl::resumeWith@31 (line 31)
  0x000001e7435147c8: b4a8 0907 

  0x000001e7435147cc: ;   {other}
  0x000001e7435147cc: 0f1f 8400 | 3c18 0010 | 4c8b 8424 | e800 0000 | 4885 c075 

  0x000001e7435147e0: ;   {metadata(method data for {method} {0x000001e79b4146b0} 'throwJavaNpe' '()V' in 'kotlin/jvm/internal/Intrinsics')}
  0x000001e7435147e0: 1648 bec8 | 732f 9ce7 | 0100 0080 | 8e29 0100 | 0001 e9cd 

  0x000001e7435147f4: ;   {metadata('java/lang/NullPointerException')}
  0x000001e7435147f4: 0000 0048 | bf88 cd06 | 5ae7 0100 | 008b 7008 | 49ba 0000 | 005a e701 | 0000 4903 | f248 3b7e 
  0x000001e743514814: 500f 858d 

  0x000001e743514818: ;   {metadata(method data for {method} {0x000001e79b4146b0} 'throwJavaNpe' '()V' in 'kotlin/jvm/internal/Intrinsics')}
  0x000001e743514818: 0000 0048 | bec8 732f | 9ce7 0100 | 008b 7808 | 49ba 0000 | 005a e701 | 0000 4903 | fa48 3bbe 
  0x000001e743514838: 4001 0000 | 750d 4883 | 8648 0100 | 0001 e979 | 0000 0048 | 3bbe 5001 | 0000 750d | 4883 8658 
  0x000001e743514858: 0100 0001 | e963 0000 | 0048 83be | 4001 0000 | 0075 1748 | 89be 4001 | 0000 48c7 | 8648 0100 
  0x000001e743514878: 0001 0000 | 00e9 4200 | 0000 4883 | be50 0100 | 0000 7517 | 4889 be50 | 0100 0048 | c786 5801 
  0x000001e743514898: 0000 0100 | 0000 e921 | 0000 00e9 | 1c00 0000 

  0x000001e7435148a8: ;   {metadata(method data for {method} {0x000001e79b4146b0} 'throwJavaNpe' '()V' in 'kotlin/jvm/internal/Intrinsics')}
  0x000001e7435148a8: 48be c873 | 2f9c e701 | 0000 4883 | ae30 0100 | 0001 e9df | 0600 00e9 | 0000 0000 

  0x000001e7435148c4: ; implicit exception: dispatches to 0x000001e743514fa7
  0x000001e7435148c4: 483b 00e9 | 1907 0000 

  0x000001e7435148cc: ;   {metadata(method data for {method} {0x000001e79b4164f8} 'sanitizeStackTrace' '(Ljava/lang/Throwable;)Ljava/lang/Throwable;' in 'kotlin/jvm/internal/Intrinsics')}
  0x000001e7435148cc: 48ba e0cb | 5b9b e701 | 0000 4883 | 8248 0100 | 0001 488b | d04c 8bc6 

  0x000001e7435148e4: ;   {static_call}
  0x000001e7435148e4: 6666 90e8 

  0x000001e7435148e8: ; ImmutableOopMap {[168]=Oop [176]=Oop [208]=Oop }
                      ;*invokestatic sanitizeStackTrace {reexecute=0 rethrow=0 return_oop=0}
                      ; - kotlin.jvm.internal.Intrinsics::sanitizeStackTrace@6 (line 253)
                      ; - kotlin.jvm.internal.Intrinsics::throwParameterIsNullNPE@11 (line 140)
                      ; - kotlin.jvm.internal.Intrinsics::checkNotNullParameter@5 (line 131)
                      ; - kotlin.ResultKt::createFailure@3
                      ; - kotlin.coroutines.jvm.internal.BaseContinuationImpl::resumeWith@76 (line 38)
  0x000001e7435148e8: 94a7 0907 

  0x000001e7435148ec: ;   {other}
  0x000001e7435148ec: 0f1f 8400 | 5c19 0011 | 4885 c075 

  0x000001e7435148f8: ;   {metadata(method data for {method} {0x000001e79b415590} 'throwParameterIsNullNPE' '(Ljava/lang/String;)V' in 'kotlin/jvm/internal/Intrinsics')}
  0x000001e7435148f8: 1749 b800 | c55b 9be7 | 0100 0041 | 8088 3901 | 0000 01e9 | ce00 0000 

  0x000001e743514910: ;   {metadata('java/lang/NullPointerException')}
  0x000001e743514910: 48be 88cd | 065a e701 | 0000 448b | 4008 49ba | 0000 005a | e701 0000 | 4d03 c249 | 3b70 500f 
  0x000001e743514930: 858d 0000 

  0x000001e743514934: ;   {metadata(method data for {method} {0x000001e79b415590} 'throwParameterIsNullNPE' '(Ljava/lang/String;)V' in 'kotlin/jvm/internal/Intrinsics')}
  0x000001e743514934: 0049 b800 | c55b 9be7 | 0100 008b | 7008 49ba | 0000 005a | e701 0000 | 4903 f249 | 3bb0 5001 
  0x000001e743514954: 0000 750d | 4983 8058 | 0100 0001 | e979 0000 | 0049 3bb0 | 6001 0000 | 750d 4983 | 8068 0100 
  0x000001e743514974: 0001 e963 | 0000 0049 | 83b8 5001 | 0000 0075 | 1749 89b0 | 5001 0000 | 49c7 8058 | 0100 0001 
  0x000001e743514994: 0000 00e9 | 4200 0000 | 4983 b860 | 0100 0000 | 7517 4989 | b060 0100 | 0049 c780 | 6801 0000 
  0x000001e7435149b4: 0100 0000 | e921 0000 | 00e9 1c00 

  0x000001e7435149c0: ;   {metadata(method data for {method} {0x000001e79b415590} 'throwParameterIsNullNPE' '(Ljava/lang/String;)V' in 'kotlin/jvm/internal/Intrinsics')}
  0x000001e7435149c0: 0000 49b8 | 00c5 5b9b | e701 0000 | 4983 a840 | 0100 0001 | e9d3 0500 | 00e9 0000 | 0000 483b 
  0x000001e7435149e0: 00e9 ff05 

  0x000001e7435149e4: ;   {metadata(method data for {method} {0x000001e79b4164f8} 'sanitizeStackTrace' '(Ljava/lang/Throwable;)Ljava/lang/Throwable;' in 'kotlin/jvm/internal/Intrinsics')}
  0x000001e7435149e4: 0000 48ba | e0cb 5b9b | e701 0000 | 4883 8248 | 0100 0001 | 488b d04c 

  0x000001e7435149fc: ;   {static_call}
  0x000001e7435149fc: 8bc6 90e8 

  0x000001e743514a00: ; ImmutableOopMap {[168]=Oop [176]=Oop [200]=Oop [208]=Oop }
                      ;*invokestatic sanitizeStackTrace {reexecute=0 rethrow=0 return_oop=0}
                      ; - kotlin.jvm.internal.Intrinsics::sanitizeStackTrace@6 (line 253)
                      ; - kotlin.jvm.internal.Intrinsics::throwParameterIsNullNPE@11 (line 140)
                      ; - kotlin.jvm.internal.Intrinsics::checkNotNullParameter@5 (line 131)
                      ; - kotlin.Result$Failure::<init>@3
                      ; - kotlin.ResultKt::createFailure@11 (line 122)
                      ; - kotlin.coroutines.jvm.internal.BaseContinuationImpl::resumeWith@76 (line 38)
  0x000001e743514a00: 7ca6 0907 

  0x000001e743514a04: ;   {other}
  0x000001e743514a04: 0f1f 8400 | 741a 0012 | 488b 9c24 | c800 0000 | 488b b424 | d000 0000 | 488b bc24 | b000 0000 
  0x000001e743514a24: 488b 9424 | a800 0000 | 4885 c075 

  0x000001e743514a30: ;   {metadata(method data for {method} {0x000001e79b415590} 'throwParameterIsNullNPE' '(Ljava/lang/String;)V' in 'kotlin/jvm/internal/Intrinsics')}
  0x000001e743514a30: 1749 b800 | c55b 9be7 | 0100 0041 | 8088 3901 | 0000 01e9 | cf00 0000 

  0x000001e743514a48: ;   {metadata('java/lang/NullPointerException')}
  0x000001e743514a48: 49b9 88cd | 065a e701 | 0000 448b | 4008 49ba | 0000 005a | e701 0000 | 4d03 c24d | 3b48 500f 
  0x000001e743514a68: 858e 0000 

  0x000001e743514a6c: ;   {metadata(method data for {method} {0x000001e79b415590} 'throwParameterIsNullNPE' '(Ljava/lang/String;)V' in 'kotlin/jvm/internal/Intrinsics')}
  0x000001e743514a6c: 0049 b800 | c55b 9be7 | 0100 0044 | 8b48 0849 | ba00 0000 | 5ae7 0100 | 004d 03ca | 4d3b 8850 
  0x000001e743514a8c: 0100 0075 | 0d49 8380 | 5801 0000 | 01e9 7900 | 0000 4d3b | 8860 0100 | 0075 0d49 | 8380 6801 
  0x000001e743514aac: 0000 01e9 | 6300 0000 | 4983 b850 | 0100 0000 | 7517 4d89 | 8850 0100 | 0049 c780 | 5801 0000 
  0x000001e743514acc: 0100 0000 | e942 0000 | 0049 83b8 | 6001 0000 | 0075 174d | 8988 6001 | 0000 49c7 | 8068 0100 
  0x000001e743514aec: 0001 0000 | 00e9 2100 | 0000 e91c 

  0x000001e743514af8: ;   {metadata(method data for {method} {0x000001e79b415590} 'throwParameterIsNullNPE' '(Ljava/lang/String;)V' in 'kotlin/jvm/internal/Intrinsics')}
  0x000001e743514af8: 0000 0049 | b800 c55b | 9be7 0100 | 0049 83a8 | 4001 0000 | 01e9 a804 | 0000 e900 | 0000 0048 
  0x000001e743514b18: 3b00 e9c6 

  0x000001e743514b1c: ;   {metadata({method} {0x000001e79b4d4c80} 'resumeWith' '(Ljava/lang/Object;)V' in 'kotlin/coroutines/jvm/internal/BaseContinuationImpl')}
  0x000001e743514b1c: 0400 0049 | ba78 4c4d | 9be7 0100 | 004c 8954 | 2408 48c7 | 0424 ffff 

  0x000001e743514b34: ;   {runtime_call counter_overflow Runtime1 stub}
  0x000001e743514b34: ffff e8c5 

  0x000001e743514b38: ; ImmutableOopMap {rdx=Oop r8=Oop }
                      ;*synchronization entry
                      ; - kotlin.coroutines.jvm.internal.BaseContinuationImpl::resumeWith@-1 (line 24)
  0x000001e743514b38: c615 07e9 | e6e8 ffff | 4889 1424 

  0x000001e743514b44: ;   {runtime_call throw_class_cast_exception Runtime1 stub}
  0x000001e743514b44: e8b7 9115 

  0x000001e743514b48: ; ImmutableOopMap {r8=Oop rdx=Oop }
                      ;*checkcast {reexecute=0 rethrow=0 return_oop=0}
                      ; - kotlin.coroutines.jvm.internal.BaseContinuationImpl::resumeWith@10 (line 29)
                      ;   {metadata({method} {0x000001e79b4fcad0} 'probeCoroutineResumed' '(Lkotlin/coroutines/Continuation;)V' in 'kotlin/coroutines/jvm/internal/DebugProbesKt')}
  0x000001e743514b48: 0749 bac8 | ca4f 9be7 | 0100 004c | 8954 2408 | 48c7 0424 | ffff ffff 

  0x000001e743514b60: ;   {runtime_call counter_overflow Runtime1 stub}
  0x000001e743514b60: e89b c615 

  0x000001e743514b64: ; ImmutableOopMap {r8=Oop rdx=Oop rsi=Oop }
                      ;*synchronization entry
                      ; - kotlin.coroutines.jvm.internal.DebugProbesKt::probeCoroutineResumed@-1
                      ; - kotlin.coroutines.jvm.internal.BaseContinuationImpl::resumeWith@13 (line 29)
  0x000001e743514b64: 07e9 fce9 

  0x000001e743514b68: ;   {metadata({method} {0x000001e79b415410} 'checkNotNullParameter' '(Ljava/lang/Object;Ljava/lang/String;)V' in 'kotlin/jvm/internal/Intrinsics')}
  0x000001e743514b68: ffff 49ba | 0854 419b | e701 0000 | 4c89 5424 | 0848 c704 | 24ff ffff 

  0x000001e743514b80: ;   {runtime_call counter_overflow Runtime1 stub}
  0x000001e743514b80: ffe8 7ac6 

  0x000001e743514b84: ; ImmutableOopMap {r8=Oop rdx=Oop rsi=Oop }
                      ;*synchronization entry
                      ; - kotlin.jvm.internal.Intrinsics::checkNotNullParameter@-1 (line 130)
                      ; - kotlin.coroutines.jvm.internal.DebugProbesKt::probeCoroutineResumed@3
                      ; - kotlin.coroutines.jvm.internal.BaseContinuationImpl::resumeWith@13 (line 29)
  0x000001e743514b84: 1507 e914 | eaff ff48 

  0x000001e743514b8c: ;   {runtime_call throw_class_cast_exception Runtime1 stub}
  0x000001e743514b8c: 8914 24e8 

  0x000001e743514b90: ; ImmutableOopMap {r8=Oop }
                      ;*checkcast {reexecute=0 rethrow=0 return_oop=0}
                      ; - kotlin.coroutines.jvm.internal.BaseContinuationImpl::resumeWith@17 (line 30)
  0x000001e743514b90: 6c91 1507 

  0x000001e743514b94: ;   {runtime_call throw_null_pointer_exception Runtime1 stub}
  0x000001e743514b94: e867 5115 

  0x000001e743514b98: ; ImmutableOopMap {r8=Oop rsi=Oop }
                      ;*getfield completion {reexecute=1 rethrow=0 return_oop=0}
                      ; - (reexecute) kotlin.coroutines.jvm.internal.BaseContinuationImpl::resumeWith@27 (line 31)
                      ;   {metadata({method} {0x000001e79b4143c8} 'checkNotNull' '(Ljava/lang/Object;)V' in 'kotlin/jvm/internal/Intrinsics')}
  0x000001e743514b98: 0749 bac0 | 4341 9be7 | 0100 004c | 8954 2408 | 48c7 0424 | ffff ffff 

  0x000001e743514bb0: ;   {runtime_call counter_overflow Runtime1 stub}
  0x000001e743514bb0: e84b c615 

  0x000001e743514bb4: ; ImmutableOopMap {r8=Oop rsi=Oop rdi=Oop [176]=Oop }
                      ;*synchronization entry
                      ; - kotlin.jvm.internal.Intrinsics::checkNotNull@-1 (line 24)
                      ; - kotlin.coroutines.jvm.internal.BaseContinuationImpl::resumeWith@31 (line 31)
  0x000001e743514bb4: 07e9 47eb 

  0x000001e743514bb8: ;   {metadata({method} {0x000001e79b4fab88} 'getCOROUTINE_SUSPENDED' '()Ljava/lang/Object;' in 'kotlin/coroutines/intrinsics/IntrinsicsKt__IntrinsicsKt')}
  0x000001e743514bb8: ffff 49ba | 80ab 4f9b | e701 0000 | 4c89 5424 | 0848 c704 | 24ff ffff 

  0x000001e743514bd0: ;   {runtime_call counter_overflow Runtime1 stub}
  0x000001e743514bd0: ffe8 2ac6 

  0x000001e743514bd4: ; ImmutableOopMap {rax=Oop [168]=Oop [176]=Oop }
                      ;*synchronization entry
                      ; - kotlin.coroutines.intrinsics.IntrinsicsKt__IntrinsicsKt::getCOROUTINE_SUSPENDED@-1 (line 57)
                      ; - kotlin.coroutines.jvm.internal.BaseContinuationImpl::resumeWith@47 (line 35)
  0x000001e743514bd4: 1507 e94a 

  0x000001e743514bd8: ;   {metadata({method} {0x000001e79b50cf08} 'constructor-impl' '(Ljava/lang/Object;)Ljava/lang/Object;' in 'kotlin/Result')}
  0x000001e743514bd8: ecff ff49 | ba00 cf50 | 9be7 0100 | 004c 8954 | 2408 48c7 | 0424 ffff 

  0x000001e743514bf0: ;   {runtime_call counter_overflow Runtime1 stub}
  0x000001e743514bf0: ffff e809 

  0x000001e743514bf4: ; ImmutableOopMap {rax=Oop [168]=Oop [176]=Oop }
                      ;*synchronization entry
                      ; - kotlin.Result::constructor-impl@-1
                      ; - kotlin.coroutines.jvm.internal.BaseContinuationImpl::resumeWith@60 (line 36)
  0x000001e743514bf4: c615 07e9 | 9bec ffff 

  0x000001e743514bfc: ;   {metadata({method} {0x000001e79b520ef8} 'createFailure' '(Ljava/lang/Throwable;)Ljava/lang/Object;' in 'kotlin/ResultKt')}
  0x000001e743514bfc: 49ba f00e | 529b e701 | 0000 4c89 | 5424 0848 | c704 24ff 

  0x000001e743514c10: ;   {runtime_call counter_overflow Runtime1 stub}
  0x000001e743514c10: ffff ffe8 

  0x000001e743514c14: ; ImmutableOopMap {rax=Oop [168]=Oop [176]=Oop }
                      ;*synchronization entry
                      ; - kotlin.ResultKt::createFailure@-1
                      ; - kotlin.coroutines.jvm.internal.BaseContinuationImpl::resumeWith@76 (line 38)
  0x000001e743514c14: e8c5 1507 | e9e3 ecff 

  0x000001e743514c1c: ;   {metadata({method} {0x000001e79b415410} 'checkNotNullParameter' '(Ljava/lang/Object;Ljava/lang/String;)V' in 'kotlin/jvm/internal/Intrinsics')}
  0x000001e743514c1c: ff49 ba08 | 5441 9be7 | 0100 004c | 8954 2408 | 48c7 0424 | ffff ffff 

  0x000001e743514c34: ;   {runtime_call counter_overflow Runtime1 stub}
  0x000001e743514c34: e8c7 c515 

  0x000001e743514c38: ; ImmutableOopMap {rax=Oop [168]=Oop [176]=Oop }
                      ;*synchronization entry
                      ; - kotlin.jvm.internal.Intrinsics::checkNotNullParameter@-1 (line 130)
                      ; - kotlin.ResultKt::createFailure@3
                      ; - kotlin.coroutines.jvm.internal.BaseContinuationImpl::resumeWith@76 (line 38)
  0x000001e743514c38: 07e9 fbec | ffff 488b 

  0x000001e743514c40: ;   {runtime_call fast_new_instance Runtime1 stub}
  0x000001e743514c40: d2e8 ba5d 

  0x000001e743514c44: ; ImmutableOopMap {rbx=Oop [168]=Oop [176]=Oop }
                      ;*new {reexecute=0 rethrow=0 return_oop=0}
                      ; - kotlin.ResultKt::createFailure@6 (line 122)
                      ; - kotlin.coroutines.jvm.internal.BaseContinuationImpl::resumeWith@76 (line 38)
  0x000001e743514c44: 1507 e96c 

  0x000001e743514c48: ;   {metadata({method} {0x000001e79b50ee40} '<init>' '(Ljava/lang/Throwable;)V' in 'kotlin/Result$Failure')}
  0x000001e743514c48: edff ff49 | ba38 ee50 | 9be7 0100 | 004c 8954 | 2408 48c7 | 0424 ffff 

  0x000001e743514c60: ;   {runtime_call counter_overflow Runtime1 stub}
  0x000001e743514c60: ffff e899 

  0x000001e743514c64: ; ImmutableOopMap {rbx=Oop rax=Oop [168]=Oop [176]=Oop }
                      ;*synchronization entry
                      ; - kotlin.Result$Failure::<init>@-1
                      ; - kotlin.ResultKt::createFailure@11 (line 122)
                      ; - kotlin.coroutines.jvm.internal.BaseContinuationImpl::resumeWith@76 (line 38)
  0x000001e743514c64: c515 07e9 | 87ed ffff 

  0x000001e743514c6c: ;   {metadata({method} {0x000001e79b415410} 'checkNotNullParameter' '(Ljava/lang/Object;Ljava/lang/String;)V' in 'kotlin/jvm/internal/Intrinsics')}
  0x000001e743514c6c: 49ba 0854 | 419b e701 | 0000 4c89 | 5424 0848 | c704 24ff 

  0x000001e743514c80: ;   {runtime_call counter_overflow Runtime1 stub}
  0x000001e743514c80: ffff ffe8 

  0x000001e743514c84: ; ImmutableOopMap {rbx=Oop rax=Oop [168]=Oop [176]=Oop }
                      ;*synchronization entry
                      ; - kotlin.jvm.internal.Intrinsics::checkNotNullParameter@-1 (line 130)
                      ; - kotlin.Result$Failure::<init>@3
                      ; - kotlin.ResultKt::createFailure@11 (line 122)
                      ; - kotlin.coroutines.jvm.internal.BaseContinuationImpl::resumeWith@76 (line 38)
  0x000001e743514c84: 78c5 1507 | e99f edff 

  0x000001e743514c8c: ;   {metadata({method} {0x000001e75a476650} '<init>' '()V' in 'java/lang/Object')}
  0x000001e743514c8c: ff49 ba48 | 6647 5ae7 | 0100 004c | 8954 2408 | 48c7 0424 | ffff ffff 

  0x000001e743514ca4: ;   {runtime_call counter_overflow Runtime1 stub}
  0x000001e743514ca4: e857 c515 

  0x000001e743514ca8: ; ImmutableOopMap {rbx=Oop rax=Oop [168]=Oop [176]=Oop }
                      ;*synchronization entry
                      ; - java.lang.Object::<init>@-1 (line 45)
                      ; - kotlin.Result$Failure::<init>@7 (line 105)
                      ; - kotlin.ResultKt::createFailure@11 (line 122)
                      ; - kotlin.coroutines.jvm.internal.BaseContinuationImpl::resumeWith@76 (line 38)
  0x000001e743514ca8: 07e9 e9ed | ffff 8b50 | 0c48 c1e2 | 0348 83fa | 000f 84e5 | edff ff48 

  0x000001e743514cc0: ;   {runtime_call g1_pre_barrier_slow}
  0x000001e743514cc0: 8914 24e8 | 38cb 1507 | e9d7 edff | ff48 83fb | 000f 84ec | edff ff48 

  0x000001e743514cd8: ;   {runtime_call g1_post_barrier_slow}
  0x000001e743514cd8: 8904 24e8 | 20ce 1507 | e9de edff 

  0x000001e743514ce4: ;   {metadata({method} {0x000001e79b50cf08} 'constructor-impl' '(Ljava/lang/Object;)Ljava/lang/Object;' in 'kotlin/Result')}
  0x000001e743514ce4: ff49 ba00 | cf50 9be7 | 0100 004c | 8954 2408 | 48c7 0424 | ffff ffff 

  0x000001e743514cfc: ;   {runtime_call counter_overflow Runtime1 stub}
  0x000001e743514cfc: e8ff c415 

  0x000001e743514d00: ; ImmutableOopMap {rax=Oop [168]=Oop [176]=Oop }
                      ;*synchronization entry
                      ; - kotlin.Result::constructor-impl@-1
                      ; - kotlin.coroutines.jvm.internal.BaseContinuationImpl::resumeWith@79 (line 38)
  0x000001e743514d00: 07e9 f6ed 

  0x000001e743514d04: ;   {metadata({method} {0x000001e79b4d4c80} 'resumeWith' '(Ljava/lang/Object;)V' in 'kotlin/coroutines/jvm/internal/BaseContinuationImpl')}
  0x000001e743514d04: ffff 49ba | 784c 4d9b | e701 0000 | 4c89 5424 | 0848 c704 | 2479 0000 

  0x000001e743514d1c: ;   {runtime_call counter_overflow Runtime1 stub}
  0x000001e743514d1c: 00e8 dec4 

  0x000001e743514d20: ; ImmutableOopMap {rdi=Oop [176]=Oop [184]=Oop }
                      ;*goto {reexecute=1 rethrow=0 return_oop=0}
                      ; - (reexecute) kotlin.coroutines.jvm.internal.BaseContinuationImpl::resumeWith@121 (line 30)
  0x000001e743514d20: 1507 e9f6 

  0x000001e743514d24: ;   {metadata({method} {0x000001e79b415590} 'throwParameterIsNullNPE' '(Ljava/lang/String;)V' in 'kotlin/jvm/internal/Intrinsics')}
  0x000001e743514d24: efff ff49 | ba88 5541 | 9be7 0100 | 004c 8954 | 2408 48c7 | 0424 ffff 

  0x000001e743514d3c: ;   {runtime_call counter_overflow Runtime1 stub}
  0x000001e743514d3c: ffff e8bd 

  0x000001e743514d40: ; ImmutableOopMap {[168]=Oop [176]=Oop [200]=Oop [208]=Oop }
                      ;*synchronization entry
                      ; - kotlin.jvm.internal.Intrinsics::throwParameterIsNullNPE@-1 (line 140)
                      ; - kotlin.jvm.internal.Intrinsics::checkNotNullParameter@5 (line 131)
                      ; - kotlin.Result$Failure::<init>@3
                      ; - kotlin.ResultKt::createFailure@11 (line 122)
                      ; - kotlin.coroutines.jvm.internal.BaseContinuationImpl::resumeWith@76 (line 38)
  0x000001e743514d40: c415 07e9 | 48f0 ffff 

  0x000001e743514d48: ;   {metadata(nullptr)}
  0x000001e743514d48: 48ba 0000 | 0000 0000 | 0000 b800 

  0x000001e743514d54: ;   {runtime_call load_klass_patching Runtime1 stub}
  0x000001e743514d54: 0f05 0ae8 

  0x000001e743514d58: ; ImmutableOopMap {[168]=Oop [176]=Oop [200]=Oop [208]=Oop }
                      ;*new {reexecute=1 rethrow=0 return_oop=0}
                      ; - (reexecute) kotlin.jvm.internal.Intrinsics::throwParameterIsNullNPE@0 (line 140)
                      ; - kotlin.jvm.internal.Intrinsics::checkNotNullParameter@5 (line 131)
                      ; - kotlin.Result$Failure::<init>@3
                      ; - kotlin.ResultKt::createFailure@11 (line 122)
                      ; - kotlin.coroutines.jvm.internal.BaseContinuationImpl::resumeWith@76 (line 38)
  0x000001e743514d58: 24b4 1507 | e92f f0ff | ff48 8bd2 

  0x000001e743514d64: ;   {runtime_call fast_new_instance Runtime1 stub}
  0x000001e743514d64: e897 5c15 

  0x000001e743514d68: ; ImmutableOopMap {[168]=Oop [176]=Oop [200]=Oop [208]=Oop }
                      ;*new {reexecute=0 rethrow=0 return_oop=0}
                      ; - kotlin.jvm.internal.Intrinsics::throwParameterIsNullNPE@0 (line 140)
                      ; - kotlin.jvm.internal.Intrinsics::checkNotNullParameter@5 (line 131)
                      ; - kotlin.Result$Failure::<init>@3
                      ; - kotlin.ResultKt::createFailure@11 (line 122)
                      ; - kotlin.coroutines.jvm.internal.BaseContinuationImpl::resumeWith@76 (line 38)
  0x000001e743514d68: 07e9 7ef0 

  0x000001e743514d6c: ;   {metadata({method} {0x000001e79b4164f8} 'sanitizeStackTrace' '(Ljava/lang/Throwable;)Ljava/lang/Throwable;' in 'kotlin/jvm/internal/Intrinsics')}
  0x000001e743514d6c: ffff 49ba | f064 419b | e701 0000 | 4c89 5424 | 0848 c704 | 24ff ffff 

  0x000001e743514d84: ;   {runtime_call counter_overflow Runtime1 stub}
  0x000001e743514d84: ffe8 76c4 

  0x000001e743514d88: ; ImmutableOopMap {[168]=Oop [176]=Oop [192]=Oop [200]=Oop [208]=Oop }
                      ;*synchronization entry
                      ; - kotlin.jvm.internal.Intrinsics::sanitizeStackTrace@-1 (line 253)
                      ; - kotlin.jvm.internal.Intrinsics::throwParameterIsNullNPE@11 (line 140)
                      ; - kotlin.jvm.internal.Intrinsics::checkNotNullParameter@5 (line 131)
                      ; - kotlin.Result$Failure::<init>@3
                      ; - kotlin.ResultKt::createFailure@11 (line 122)
                      ; - kotlin.coroutines.jvm.internal.BaseContinuationImpl::resumeWith@76 (line 38)
  0x000001e743514d88: 1507 e906 

  0x000001e743514d8c: ;   {metadata({method} {0x000001e75a46b368} 'getName' '()Ljava/lang/String;' in 'java/lang/Class')}
  0x000001e743514d8c: f1ff ff49 | ba60 b346 | 5ae7 0100 | 004c 8954 | 2408 48c7 | 0424 ffff 

  0x000001e743514da4: ;   {runtime_call counter_overflow Runtime1 stub}
  0x000001e743514da4: ffff e855 

  0x000001e743514da8: ; ImmutableOopMap {rdx=Oop [168]=Oop [176]=Oop [192]=Oop [200]=Oop [208]=Oop }
                      ;*synchronization entry
                      ; - java.lang.Class::getName@-1 (line 949)
                      ; - kotlin.jvm.internal.Intrinsics::sanitizeStackTrace@3 (line 253)
                      ; - kotlin.jvm.internal.Intrinsics::throwParameterIsNullNPE@11 (line 140)
                      ; - kotlin.jvm.internal.Intrinsics::checkNotNullParameter@5 (line 131)
                      ; - kotlin.Result$Failure::<init>@3
                      ; - kotlin.ResultKt::createFailure@11 (line 122)
                      ; - kotlin.coroutines.jvm.internal.BaseContinuationImpl::resumeWith@76 (line 38)
  0x000001e743514da8: c415 07e9 | 2bf1 ffff 

  0x000001e743514db0: ;   {runtime_call throw_null_pointer_exception Runtime1 stub}
  0x000001e743514db0: e84b 4f15 

  0x000001e743514db4: ; ImmutableOopMap {[168]=Oop [176]=Oop [192]=Oop [200]=Oop [208]=Oop }
                      ;*getfield name {reexecute=1 rethrow=0 return_oop=0}
                      ; - (reexecute) java.lang.Class::getName@1 (line 949)
                      ; - kotlin.jvm.internal.Intrinsics::sanitizeStackTrace@3 (line 253)
                      ; - kotlin.jvm.internal.Intrinsics::throwParameterIsNullNPE@11 (line 140)
                      ; - kotlin.jvm.internal.Intrinsics::checkNotNullParameter@5 (line 131)
                      ; - kotlin.Result$Failure::<init>@3
                      ; - kotlin.ResultKt::createFailure@11 (line 122)
                      ; - kotlin.coroutines.jvm.internal.BaseContinuationImpl::resumeWith@76 (line 38)
                      ;   {metadata({method} {0x000001e79b415590} 'throwParameterIsNullNPE' '(Ljava/lang/String;)V' in 'kotlin/jvm/internal/Intrinsics')}
  0x000001e743514db4: 0749 ba88 | 5541 9be7 | 0100 004c | 8954 2408 | 48c7 0424 | ffff ffff 

  0x000001e743514dcc: ;   {runtime_call counter_overflow Runtime1 stub}
  0x000001e743514dcc: e82f c415 

  0x000001e743514dd0: ; ImmutableOopMap {[168]=Oop [176]=Oop [208]=Oop }
                      ;*synchronization entry
                      ; - kotlin.jvm.internal.Intrinsics::throwParameterIsNullNPE@-1 (line 140)
                      ; - kotlin.jvm.internal.Intrinsics::checkNotNullParameter@5 (line 131)
                      ; - kotlin.ResultKt::createFailure@3
                      ; - kotlin.coroutines.jvm.internal.BaseContinuationImpl::resumeWith@76 (line 38)
  0x000001e743514dd0: 07e9 d7f1 

  0x000001e743514dd4: ;   {metadata(nullptr)}
  0x000001e743514dd4: ffff 48ba | 0000 0000 | 0000 0000 | b800 0f05 

  0x000001e743514de4: ;   {runtime_call load_klass_patching Runtime1 stub}
  0x000001e743514de4: 0ae8 96b3 

  0x000001e743514de8: ; ImmutableOopMap {[168]=Oop [176]=Oop [208]=Oop }
                      ;*new {reexecute=1 rethrow=0 return_oop=0}
                      ; - (reexecute) kotlin.jvm.internal.Intrinsics::throwParameterIsNullNPE@0 (line 140)
                      ; - kotlin.jvm.internal.Intrinsics::checkNotNullParameter@5 (line 131)
                      ; - kotlin.ResultKt::createFailure@3
                      ; - kotlin.coroutines.jvm.internal.BaseContinuationImpl::resumeWith@76 (line 38)
  0x000001e743514de8: 1507 e9c1 | f1ff ff48 

  0x000001e743514df0: ;   {runtime_call fast_new_instance Runtime1 stub}
  0x000001e743514df0: 8bd2 e809 

  0x000001e743514df4: ; ImmutableOopMap {[168]=Oop [176]=Oop [208]=Oop }
                      ;*new {reexecute=0 rethrow=0 return_oop=0}
                      ; - kotlin.jvm.internal.Intrinsics::throwParameterIsNullNPE@0 (line 140)
                      ; - kotlin.jvm.internal.Intrinsics::checkNotNullParameter@5 (line 131)
                      ; - kotlin.ResultKt::createFailure@3
                      ; - kotlin.coroutines.jvm.internal.BaseContinuationImpl::resumeWith@76 (line 38)
  0x000001e743514df4: 5c15 07e9 | 10f2 ffff 

  0x000001e743514dfc: ;   {metadata({method} {0x000001e79b4164f8} 'sanitizeStackTrace' '(Ljava/lang/Throwable;)Ljava/lang/Throwable;' in 'kotlin/jvm/internal/Intrinsics')}
  0x000001e743514dfc: 49ba f064 | 419b e701 | 0000 4c89 | 5424 0848 | c704 24ff 

  0x000001e743514e10: ;   {runtime_call counter_overflow Runtime1 stub}
  0x000001e743514e10: ffff ffe8 

  0x000001e743514e14: ; ImmutableOopMap {[168]=Oop [176]=Oop [208]=Oop [216]=Oop }
                      ;*synchronization entry
                      ; - kotlin.jvm.internal.Intrinsics::sanitizeStackTrace@-1 (line 253)
                      ; - kotlin.jvm.internal.Intrinsics::throwParameterIsNullNPE@11 (line 140)
                      ; - kotlin.jvm.internal.Intrinsics::checkNotNullParameter@5 (line 131)
                      ; - kotlin.ResultKt::createFailure@3
                      ; - kotlin.coroutines.jvm.internal.BaseContinuationImpl::resumeWith@76 (line 38)
  0x000001e743514e14: e8c3 1507 | e998 f2ff 

  0x000001e743514e1c: ;   {metadata({method} {0x000001e75a46b368} 'getName' '()Ljava/lang/String;' in 'java/lang/Class')}
  0x000001e743514e1c: ff49 ba60 | b346 5ae7 | 0100 004c | 8954 2408 | 48c7 0424 | ffff ffff 

  0x000001e743514e34: ;   {runtime_call counter_overflow Runtime1 stub}
  0x000001e743514e34: e8c7 c315 

  0x000001e743514e38: ; ImmutableOopMap {rdx=Oop [168]=Oop [176]=Oop [208]=Oop [216]=Oop }
                      ;*synchronization entry
                      ; - java.lang.Class::getName@-1 (line 949)
                      ; - kotlin.jvm.internal.Intrinsics::sanitizeStackTrace@3 (line 253)
                      ; - kotlin.jvm.internal.Intrinsics::throwParameterIsNullNPE@11 (line 140)
                      ; - kotlin.jvm.internal.Intrinsics::checkNotNullParameter@5 (line 131)
                      ; - kotlin.ResultKt::createFailure@3
                      ; - kotlin.coroutines.jvm.internal.BaseContinuationImpl::resumeWith@76 (line 38)
  0x000001e743514e38: 07e9 bdf2 

  0x000001e743514e3c: ;   {runtime_call throw_null_pointer_exception Runtime1 stub}
  0x000001e743514e3c: ffff e8bd 

  0x000001e743514e40: ; ImmutableOopMap {[168]=Oop [176]=Oop [208]=Oop [216]=Oop }
                      ;*getfield name {reexecute=1 rethrow=0 return_oop=0}
                      ; - (reexecute) java.lang.Class::getName@1 (line 949)
                      ; - kotlin.jvm.internal.Intrinsics::sanitizeStackTrace@3 (line 253)
                      ; - kotlin.jvm.internal.Intrinsics::throwParameterIsNullNPE@11 (line 140)
                      ; - kotlin.jvm.internal.Intrinsics::checkNotNullParameter@5 (line 131)
                      ; - kotlin.ResultKt::createFailure@3
                      ; - kotlin.coroutines.jvm.internal.BaseContinuationImpl::resumeWith@76 (line 38)
                      ;   {metadata({method} {0x000001e79b4146b0} 'throwJavaNpe' '()V' in 'kotlin/jvm/internal/Intrinsics')}
  0x000001e743514e40: 4e15 0749 | baa8 4641 | 9be7 0100 | 004c 8954 | 2408 48c7 | 0424 ffff 

  0x000001e743514e58: ;   {runtime_call counter_overflow Runtime1 stub}
  0x000001e743514e58: ffff e8a1 

  0x000001e743514e5c: ; ImmutableOopMap {[168]=Oop [176]=Oop [232]=Oop }
                      ;*synchronization entry
                      ; - kotlin.jvm.internal.Intrinsics::throwJavaNpe@-1 (line 45)
                      ; - kotlin.jvm.internal.Intrinsics::checkNotNull@4 (line 25)
                      ; - kotlin.coroutines.jvm.internal.BaseContinuationImpl::resumeWith@31 (line 31)
  0x000001e743514e5c: c315 07e9 | 71f3 ffff 

  0x000001e743514e64: ;   {metadata(nullptr)}
  0x000001e743514e64: 48ba 0000 | 0000 0000 | 0000 b800 

  0x000001e743514e70: ;   {runtime_call load_klass_patching Runtime1 stub}
  0x000001e743514e70: 0f05 0ae8 

  0x000001e743514e74: ; ImmutableOopMap {[168]=Oop [176]=Oop [232]=Oop }
                      ;*new {reexecute=1 rethrow=0 return_oop=0}
                      ; - (reexecute) kotlin.jvm.internal.Intrinsics::throwJavaNpe@0 (line 45)
                      ; - kotlin.jvm.internal.Intrinsics::checkNotNull@4 (line 25)
                      ; - kotlin.coroutines.jvm.internal.BaseContinuationImpl::resumeWith@31 (line 31)
  0x000001e743514e74: 08b3 1507 | e95b f3ff | ff48 8bd2 

  0x000001e743514e80: ;   {runtime_call fast_new_instance Runtime1 stub}
  0x000001e743514e80: e87b 5b15 

  0x000001e743514e84: ; ImmutableOopMap {[168]=Oop [176]=Oop [232]=Oop }
                      ;*new {reexecute=0 rethrow=0 return_oop=0}
                      ; - kotlin.jvm.internal.Intrinsics::throwJavaNpe@0 (line 45)
                      ; - kotlin.jvm.internal.Intrinsics::checkNotNull@4 (line 25)
                      ; - kotlin.coroutines.jvm.internal.BaseContinuationImpl::resumeWith@31 (line 31)
  0x000001e743514e84: 07e9 aaf3 

  0x000001e743514e88: ;   {metadata({method} {0x000001e79b4164f8} 'sanitizeStackTrace' '(Ljava/lang/Throwable;)Ljava/lang/Throwable;' in 'kotlin/jvm/internal/Intrinsics')}
  0x000001e743514e88: ffff 49ba | f064 419b | e701 0000 | 4c89 5424 | 0848 c704 | 24ff ffff 

  0x000001e743514ea0: ;   {runtime_call counter_overflow Runtime1 stub}
  0x000001e743514ea0: ffe8 5ac3 

  0x000001e743514ea4: ; ImmutableOopMap {[168]=Oop [176]=Oop [224]=Oop [232]=Oop }
                      ;*synchronization entry
                      ; - kotlin.jvm.internal.Intrinsics::sanitizeStackTrace@-1 (line 253)
                      ; - kotlin.jvm.internal.Intrinsics::throwJavaNpe@7 (line 45)
                      ; - kotlin.jvm.internal.Intrinsics::checkNotNull@4 (line 25)
                      ; - kotlin.coroutines.jvm.internal.BaseContinuationImpl::resumeWith@31 (line 31)
  0x000001e743514ea4: 1507 e9f2 

  0x000001e743514ea8: ;   {metadata({method} {0x000001e75a46b368} 'getName' '()Ljava/lang/String;' in 'java/lang/Class')}
  0x000001e743514ea8: f3ff ff49 | ba60 b346 | 5ae7 0100 | 004c 8954 | 2408 48c7 | 0424 ffff 

  0x000001e743514ec0: ;   {runtime_call counter_overflow Runtime1 stub}
  0x000001e743514ec0: ffff e839 

  0x000001e743514ec4: ; ImmutableOopMap {rdx=Oop [168]=Oop [176]=Oop [224]=Oop [232]=Oop }
                      ;*synchronization entry
                      ; - java.lang.Class::getName@-1 (line 949)
                      ; - kotlin.jvm.internal.Intrinsics::sanitizeStackTrace@3 (line 253)
                      ; - kotlin.jvm.internal.Intrinsics::throwJavaNpe@7 (line 45)
                      ; - kotlin.jvm.internal.Intrinsics::checkNotNull@4 (line 25)
                      ; - kotlin.coroutines.jvm.internal.BaseContinuationImpl::resumeWith@31 (line 31)
  0x000001e743514ec4: c315 07e9 | 17f4 ffff 

  0x000001e743514ecc: ;   {runtime_call throw_null_pointer_exception Runtime1 stub}
  0x000001e743514ecc: e82f 4e15 

  0x000001e743514ed0: ; ImmutableOopMap {[168]=Oop [176]=Oop [224]=Oop [232]=Oop }
                      ;*getfield name {reexecute=1 rethrow=0 return_oop=0}
                      ; - (reexecute) java.lang.Class::getName@1 (line 949)
                      ; - kotlin.jvm.internal.Intrinsics::sanitizeStackTrace@3 (line 253)
                      ; - kotlin.jvm.internal.Intrinsics::throwJavaNpe@7 (line 45)
                      ; - kotlin.jvm.internal.Intrinsics::checkNotNull@4 (line 25)
                      ; - kotlin.coroutines.jvm.internal.BaseContinuationImpl::resumeWith@31 (line 31)
                      ;   {metadata({method} {0x000001e79b415590} 'throwParameterIsNullNPE' '(Ljava/lang/String;)V' in 'kotlin/jvm/internal/Intrinsics')}
  0x000001e743514ed0: 0749 ba88 | 5541 9be7 | 0100 004c | 8954 2408 | 48c7 0424 | ffff ffff 

  0x000001e743514ee8: ;   {runtime_call counter_overflow Runtime1 stub}
  0x000001e743514ee8: e813 c315 

  0x000001e743514eec: ; ImmutableOopMap {[232]=Oop [248]=Oop }
                      ;*synchronization entry
                      ; - kotlin.jvm.internal.Intrinsics::throwParameterIsNullNPE@-1 (line 140)
                      ; - kotlin.jvm.internal.Intrinsics::checkNotNullParameter@5 (line 131)
                      ; - kotlin.coroutines.jvm.internal.DebugProbesKt::probeCoroutineResumed@3
                      ; - kotlin.coroutines.jvm.internal.BaseContinuationImpl::resumeWith@13 (line 29)
  0x000001e743514eec: 07e9 cbf4 

  0x000001e743514ef0: ;   {metadata(nullptr)}
  0x000001e743514ef0: ffff 48ba | 0000 0000 | 0000 0000 | b800 0f05 

  0x000001e743514f00: ;   {runtime_call load_klass_patching Runtime1 stub}
  0x000001e743514f00: 0ae8 7ab2 

  0x000001e743514f04: ; ImmutableOopMap {[232]=Oop [248]=Oop }
                      ;*new {reexecute=1 rethrow=0 return_oop=0}
                      ; - (reexecute) kotlin.jvm.internal.Intrinsics::throwParameterIsNullNPE@0 (line 140)
                      ; - kotlin.jvm.internal.Intrinsics::checkNotNullParameter@5 (line 131)
                      ; - kotlin.coroutines.jvm.internal.DebugProbesKt::probeCoroutineResumed@3
                      ; - kotlin.coroutines.jvm.internal.BaseContinuationImpl::resumeWith@13 (line 29)
  0x000001e743514f04: 1507 e9b5 | f4ff ff48 

  0x000001e743514f0c: ;   {runtime_call fast_new_instance Runtime1 stub}
  0x000001e743514f0c: 8bd2 e8ed 

  0x000001e743514f10: ; ImmutableOopMap {[232]=Oop [248]=Oop }
                      ;*new {reexecute=0 rethrow=0 return_oop=0}
                      ; - kotlin.jvm.internal.Intrinsics::throwParameterIsNullNPE@0 (line 140)
                      ; - kotlin.jvm.internal.Intrinsics::checkNotNullParameter@5 (line 131)
                      ; - kotlin.coroutines.jvm.internal.DebugProbesKt::probeCoroutineResumed@3
                      ; - kotlin.coroutines.jvm.internal.BaseContinuationImpl::resumeWith@13 (line 29)
  0x000001e743514f10: 5a15 07e9 | 04f5 ffff 

  0x000001e743514f18: ;   {metadata({method} {0x000001e79b4164f8} 'sanitizeStackTrace' '(Ljava/lang/Throwable;)Ljava/lang/Throwable;' in 'kotlin/jvm/internal/Intrinsics')}
  0x000001e743514f18: 49ba f064 | 419b e701 | 0000 4c89 | 5424 0848 | c704 24ff 

  0x000001e743514f2c: ;   {runtime_call counter_overflow Runtime1 stub}
  0x000001e743514f2c: ffff ffe8 

  0x000001e743514f30: ; ImmutableOopMap {[232]=Oop [240]=Oop [248]=Oop }
                      ;*synchronization entry
                      ; - kotlin.jvm.internal.Intrinsics::sanitizeStackTrace@-1 (line 253)
                      ; - kotlin.jvm.internal.Intrinsics::throwParameterIsNullNPE@11 (line 140)
                      ; - kotlin.jvm.internal.Intrinsics::checkNotNullParameter@5 (line 131)
                      ; - kotlin.coroutines.jvm.internal.DebugProbesKt::probeCoroutineResumed@3
                      ; - kotlin.coroutines.jvm.internal.BaseContinuationImpl::resumeWith@13 (line 29)
  0x000001e743514f30: ccc2 1507 | e98c f5ff 

  0x000001e743514f38: ;   {metadata({method} {0x000001e75a46b368} 'getName' '()Ljava/lang/String;' in 'java/lang/Class')}
  0x000001e743514f38: ff49 ba60 | b346 5ae7 | 0100 004c | 8954 2408 | 48c7 0424 | ffff ffff 

  0x000001e743514f50: ;   {runtime_call counter_overflow Runtime1 stub}
  0x000001e743514f50: e8ab c215 

  0x000001e743514f54: ; ImmutableOopMap {rdx=Oop [232]=Oop [240]=Oop [248]=Oop }
                      ;*synchronization entry
                      ; - java.lang.Class::getName@-1 (line 949)
                      ; - kotlin.jvm.internal.Intrinsics::sanitizeStackTrace@3 (line 253)
                      ; - kotlin.jvm.internal.Intrinsics::throwParameterIsNullNPE@11 (line 140)
                      ; - kotlin.jvm.internal.Intrinsics::checkNotNullParameter@5 (line 131)
                      ; - kotlin.coroutines.jvm.internal.DebugProbesKt::probeCoroutineResumed@3
                      ; - kotlin.coroutines.jvm.internal.BaseContinuationImpl::resumeWith@13 (line 29)
  0x000001e743514f54: 07e9 b1f5 

  0x000001e743514f58: ;   {runtime_call throw_null_pointer_exception Runtime1 stub}
  0x000001e743514f58: ffff e8a1 

  0x000001e743514f5c: ; ImmutableOopMap {[232]=Oop [240]=Oop [248]=Oop }
                      ;*getfield name {reexecute=1 rethrow=0 return_oop=0}
                      ; - (reexecute) java.lang.Class::getName@1 (line 949)
                      ; - kotlin.jvm.internal.Intrinsics::sanitizeStackTrace@3 (line 253)
                      ; - kotlin.jvm.internal.Intrinsics::throwParameterIsNullNPE@11 (line 140)
                      ; - kotlin.jvm.internal.Intrinsics::checkNotNullParameter@5 (line 131)
                      ; - kotlin.coroutines.jvm.internal.DebugProbesKt::probeCoroutineResumed@3
                      ; - kotlin.coroutines.jvm.internal.BaseContinuationImpl::resumeWith@13 (line 29)
                      ;   {runtime_call throw_null_pointer_exception Runtime1 stub}
  0x000001e743514f5c: 4d15 07e8 

  0x000001e743514f60: ; ImmutableOopMap {rax=Oop rdi=Oop [176]=Oop }
                      ;*invokeinterface resumeWith {reexecute=0 rethrow=0 return_oop=0}
                      ; - kotlin.coroutines.jvm.internal.BaseContinuationImpl::resumeWith@114 (line 47)
  0x000001e743514f60: 9c4d 1507 

  0x000001e743514f64: ;   {internal_word}
  0x000001e743514f64: 49ba 6446 | 5143 e701 | 0000 4d89 | 9760 0400 

  0x000001e743514f74: ;   {runtime_call SafepointBlob}
  0x000001e743514f74: 00e9 0605 

  0x000001e743514f78: ;   {internal_word}
  0x000001e743514f78: 0a07 49ba | 7a46 5143 | e701 0000 | 4d89 9760 

  0x000001e743514f88: ;   {runtime_call SafepointBlob}
  0x000001e743514f88: 0400 00e9 | f004 0a07 | 4889 0424 

  0x000001e743514f94: ;   {runtime_call throw_class_cast_exception Runtime1 stub}
  0x000001e743514f94: e867 8d15 

  0x000001e743514f98: ; ImmutableOopMap {rdx=Oop [232]=Oop }
                      ;*checkcast {reexecute=0 rethrow=0 return_oop=0}
                      ; - kotlin.jvm.internal.Intrinsics::throwParameterIsNullNPE@14 (line 140)
                      ; - kotlin.jvm.internal.Intrinsics::checkNotNullParameter@5 (line 131)
                      ; - kotlin.coroutines.jvm.internal.DebugProbesKt::probeCoroutineResumed@3
                      ; - kotlin.coroutines.jvm.internal.BaseContinuationImpl::resumeWith@13 (line 29)
                      ;   {runtime_call throw_null_pointer_exception Runtime1 stub}
  0x000001e743514f98: 07e8 624d 

  0x000001e743514f9c: ; ImmutableOopMap {rdx=Oop rax=Oop [232]=Oop }
                      ;*athrow {reexecute=1 rethrow=0 return_oop=0}
                      ; - (reexecute) kotlin.jvm.internal.Intrinsics::throwParameterIsNullNPE@17 (line 140)
                      ; - kotlin.jvm.internal.Intrinsics::checkNotNullParameter@5 (line 131)
                      ; - kotlin.coroutines.jvm.internal.DebugProbesKt::probeCoroutineResumed@3
                      ; - kotlin.coroutines.jvm.internal.BaseContinuationImpl::resumeWith@13 (line 29)
  0x000001e743514f9c: 1507 4889 

  0x000001e743514fa0: ;   {runtime_call throw_class_cast_exception Runtime1 stub}
  0x000001e743514fa0: 0424 e859 

  0x000001e743514fa4: ; ImmutableOopMap {r8=Oop [168]=Oop [176]=Oop }
                      ;*checkcast {reexecute=0 rethrow=0 return_oop=0}
                      ; - kotlin.jvm.internal.Intrinsics::throwJavaNpe@10 (line 45)
                      ; - kotlin.jvm.internal.Intrinsics::checkNotNull@4 (line 25)
                      ; - kotlin.coroutines.jvm.internal.BaseContinuationImpl::resumeWith@31 (line 31)
                      ;   {runtime_call throw_null_pointer_exception Runtime1 stub}
  0x000001e743514fa4: 8d15 07e8 

  0x000001e743514fa8: ; ImmutableOopMap {r8=Oop rax=Oop [168]=Oop [176]=Oop }
                      ;*athrow {reexecute=1 rethrow=0 return_oop=0}
                      ; - (reexecute) kotlin.jvm.internal.Intrinsics::throwJavaNpe@13 (line 45)
                      ; - kotlin.jvm.internal.Intrinsics::checkNotNull@4 (line 25)
                      ; - kotlin.coroutines.jvm.internal.BaseContinuationImpl::resumeWith@31 (line 31)
  0x000001e743514fa8: 544d 1507 | 4889 0424 

  0x000001e743514fb0: ;   {runtime_call throw_class_cast_exception Runtime1 stub}
  0x000001e743514fb0: e84b 8d15 

  0x000001e743514fb4: ; ImmutableOopMap {[168]=Oop [176]=Oop [208]=Oop }
                      ;*checkcast {reexecute=0 rethrow=0 return_oop=0}
                      ; - kotlin.jvm.internal.Intrinsics::throwParameterIsNullNPE@14 (line 140)
                      ; - kotlin.jvm.internal.Intrinsics::checkNotNullParameter@5 (line 131)
                      ; - kotlin.ResultKt::createFailure@3
                      ; - kotlin.coroutines.jvm.internal.BaseContinuationImpl::resumeWith@76 (line 38)
                      ;   {runtime_call throw_null_pointer_exception Runtime1 stub}
  0x000001e743514fb4: 07e8 464d 

  0x000001e743514fb8: ; ImmutableOopMap {rax=Oop [168]=Oop [176]=Oop [208]=Oop }
                      ;*athrow {reexecute=1 rethrow=0 return_oop=0}
                      ; - (reexecute) kotlin.jvm.internal.Intrinsics::throwParameterIsNullNPE@17 (line 140)
                      ; - kotlin.jvm.internal.Intrinsics::checkNotNullParameter@5 (line 131)
                      ; - kotlin.ResultKt::createFailure@3
                      ; - kotlin.coroutines.jvm.internal.BaseContinuationImpl::resumeWith@76 (line 38)
  0x000001e743514fb8: 1507 4889 

  0x000001e743514fbc: ;   {runtime_call throw_class_cast_exception Runtime1 stub}
  0x000001e743514fbc: 0424 e83d 

  0x000001e743514fc0: ; ImmutableOopMap {rsi=Oop rdi=Oop rbx=Oop rdx=Oop [176]=Oop }
                      ;*checkcast {reexecute=0 rethrow=0 return_oop=0}
                      ; - kotlin.jvm.internal.Intrinsics::throwParameterIsNullNPE@14 (line 140)
                      ; - kotlin.jvm.internal.Intrinsics::checkNotNullParameter@5 (line 131)
                      ; - kotlin.Result$Failure::<init>@3
                      ; - kotlin.ResultKt::createFailure@11 (line 122)
                      ; - kotlin.coroutines.jvm.internal.BaseContinuationImpl::resumeWith@76 (line 38)
                      ;   {runtime_call throw_null_pointer_exception Runtime1 stub}
  0x000001e743514fc0: 8d15 07e8 

  0x000001e743514fc4: ; ImmutableOopMap {rsi=Oop rdi=Oop rbx=Oop rdx=Oop rax=Oop [176]=Oop }
                      ;*athrow {reexecute=1 rethrow=0 return_oop=0}
                      ; - (reexecute) kotlin.jvm.internal.Intrinsics::throwParameterIsNullNPE@17 (line 140)
                      ; - kotlin.jvm.internal.Intrinsics::checkNotNullParameter@5 (line 131)
                      ; - kotlin.Result$Failure::<init>@3
                      ; - kotlin.ResultKt::createFailure@11 (line 122)
                      ; - kotlin.coroutines.jvm.internal.BaseContinuationImpl::resumeWith@76 (line 38)
  0x000001e743514fc4: 384d 1507 | 498b 87f8 | 0400 0049 | c787 f804 | 0000 0000 | 0000 49c7 | 8700 0500 | 0000 0000 
  0x000001e743514fe4: 0048 81c4 | 1001 0000 

  0x000001e743514fec: ;   {runtime_call unwind_exception Runtime1 stub}
  0x000001e743514fec: 5de9 0e3a | 1507 f4f4 | f4f4 f4f4 
[Stub Code]
  0x000001e743514ff8: ;   {no_reloc}
  0x000001e743514ff8: 0f1f 4400 

  0x000001e743514ffc: ;   {static_stub}
  0x000001e743514ffc: 0048 bb00 | 0000 0000 

  0x000001e743515004: ;   {runtime_call nmethod}
  0x000001e743515004: 0000 00e9 | fbff ffff 

  0x000001e74351500c: ;   {static_stub}
  0x000001e74351500c: 9048 bb00 | 0000 0000 

  0x000001e743515014: ;   {runtime_call nmethod}
  0x000001e743515014: 0000 00e9 | fbff ffff 

  0x000001e74351501c: ;   {static_stub}
  0x000001e74351501c: 9048 bb00 | 0000 0000 

  0x000001e743515024: ;   {runtime_call nmethod}
  0x000001e743515024: 0000 00e9 | fbff ffff 

  0x000001e74351502c: ;   {static_stub}
  0x000001e74351502c: 48bb 0000 | 0000 0000 

  0x000001e743515034: ;   {runtime_call nmethod}
  0x000001e743515034: 0000 e9fb 

  0x000001e743515038: ;   {static_stub}
  0x000001e743515038: ffff ff48 | bb00 0000 | 0000 0000 

  0x000001e743515044: ;   {runtime_call nmethod}
  0x000001e743515044: 00e9 fbff 

  0x000001e743515048: ;   {static_stub}
  0x000001e743515048: ffff 48bb | 0000 0000 | 0000 0000 

  0x000001e743515054: ;   {runtime_call nmethod}
  0x000001e743515054: e9fb ffff 

  0x000001e743515058: ;   {static_stub}
  0x000001e743515058: ff48 bb00 | 0000 0000 

  0x000001e743515060: ;   {runtime_call nmethod}
  0x000001e743515060: 0000 00e9 | fbff ffff 

  0x000001e743515068: ;   {static_stub}
  0x000001e743515068: 48bb 0000 | 0000 0000 

  0x000001e743515070: ;   {runtime_call nmethod}
  0x000001e743515070: 0000 e9fb 

  0x000001e743515074: ;   {runtime_call handle_exception_from_callee Runtime1 stub}
  0x000001e743515074: ffff ffe8 | 847e 1507 

  0x000001e74351507c: ;   {external_word}
  0x000001e74351507c: 48b9 789b | e171 f97f | 0000 4883 

  0x000001e743515088: ;   {runtime_call}
  0x000001e743515088: e4f0 48b8 | d0e6 a371 | f97f 0000 

  0x000001e743515094: ;   {section_word}
  0x000001e743515094: ffd0 f449 | ba97 5051 | 43e7 0100 

  0x000001e7435150a0: ;   {runtime_call DeoptimizationBlob}
  0x000001e7435150a0: 0041 52e9 | 78f6 0907 
[/MachCode]


Compiled method (c1) 37491 2785   !   3       kotlinx.coroutines.DispatchedTask::run (387 bytes)
 total in heap  [0x000001e743558b10,0x000001e74355ded8] = 21448
 relocation     [0x000001e743558c70,0x000001e743559190] = 1312
 main code      [0x000001e7435591a0,0x000001e74355c228] = 12424
 stub code      [0x000001e74355c228,0x000001e74355c3f8] = 464
 oops           [0x000001e74355c3f8,0x000001e74355c418] = 32
 metadata       [0x000001e74355c418,0x000001e74355c4a8] = 144
 scopes data    [0x000001e74355c4a8,0x000001e74355ce10] = 2408
 scopes pcs     [0x000001e74355ce10,0x000001e74355d5a0] = 1936
 dependencies   [0x000001e74355d5a0,0x000001e74355d5b0] = 16
 handler table  [0x000001e74355d5b0,0x000001e74355de48] = 2200
 nul chk table  [0x000001e74355de48,0x000001e74355ded8] = 144

[Constant Pool (empty)]

[MachCode]
[Entry Point]
  # {method} {0x000001e79b5013b0} 'run' '()V' in 'kotlinx/coroutines/DispatchedTask'
  #           [sp+0x180]  (sp of caller)
  0x000001e7435591a0: 448b 5208 | 49bb 0000 | 005a e701 | 0000 4d03 | d34c 3bd0 

  0x000001e7435591b4: ;   {runtime_call ic_miss_stub}
  0x000001e7435591b4: 0f85 c655 | 0507 660f | 1f44 0000 
[Verified Entry Point]
  0x000001e7435591c0: e9bb e400 | 07ff ff55 | 4881 ec70 | 0100 0090 | 4181 7f20 | 2600 0000 

  0x000001e7435591d8: ;   {runtime_call StubRoutines (final stubs)}
  0x000001e7435591d8: 7405 e801 | d303 0748 | 8994 24b0 

  0x000001e7435591e4: ;   {metadata(method data for {method} {0x000001e79b5013b0} 'run' '()V' in 'kotlinx/coroutines/DispatchedTask')}
  0x000001e7435591e4: 0000 0048 | be88 ecda | 9ce7 0100 | 008b becc | 0000 0083 | c702 89be | cc00 0000 | 81e7 fe07 
  0x000001e743559204: 0000 85ff | 0f84 8c29 

  0x000001e74355920c: ;   {metadata(method data for {method} {0x000001e79b5013b0} 'run' '()V' in 'kotlinx/coroutines/DispatchedTask')}
  0x000001e74355920c: 0000 48be | 88ec da9c | e701 0000 | 4883 8610 | 0100 0001 

  0x000001e743559220: ;   {metadata(method data for {method} {0x000001e79b4de438} 'getASSERTIONS_ENABLED' '()Z' in 'kotlinx/coroutines/DebugKt')}
  0x000001e743559220: 48be 48d1 | 719c e701 | 0000 8bbe | cc00 0000 | 83c7 0289 | becc 0000 | 0081 e7fe | ff1f 0085 
  0x000001e743559240: ff0f 8474 

  0x000001e743559244: ;   {metadata(method data for {method} {0x000001e79b5013b0} 'run' '()V' in 'kotlinx/coroutines/DispatchedTask')}
  0x000001e743559244: 2900 0048 | be88 ecda | 9ce7 0100 | 00ff 8620 | 0100 0048 

  0x000001e743559258: ;   {metadata(method data for {method} {0x000001e79b5013b0} 'run' '()V' in 'kotlinx/coroutines/DispatchedTask')}
  0x000001e743559258: 8bf2 48bf | 88ec da9c | e701 0000 | 8b76 0849 | ba00 0000 | 5ae7 0100 | 0049 03f2 | 483b b7b8 
  0x000001e743559278: 0100 0075 | 0d48 8387 | c001 0000 | 01e9 6000 | 0000 483b | b7c8 0100 | 0075 0d48 | 8387 d001 
  0x000001e743559298: 0000 01e9 | 4a00 0000 | 4883 bfb8 | 0100 0000 | 7517 4889 | b7b8 0100 | 0048 c787 | c001 0000 
  0x000001e7435592b8: 0100 0000 | e929 0000 | 0048 83bf | c801 0000 | 0075 1748 | 89b7 c801 | 0000 48c7 | 87d0 0100 
  0x000001e7435592d8: 0001 0000 | 00e9 0800 | 0000 4883 | 87a8 0100 | 0001 488b | f248 8bd6 | 0f1f 4400 | 0048 b8ff 
  0x000001e7435592f8: ffff ffff 

  0x000001e7435592fc: ;   {virtual_call}
  0x000001e7435592fc: ffff ffe8 

  0x000001e743559300: ; ImmutableOopMap {[176]=Oop }
                      ;*invokevirtual getDelegate$kotlinx_coroutines_core {reexecute=0 rethrow=0 return_oop=0}
                      ; - kotlinx.coroutines.DispatchedTask::run@34 (line 80)
  0x000001e743559300: a4e8 1107 

  0x000001e743559304: ;   {other}
  0x000001e743559304: 0f1f 8400 | f407 0000 | 4889 8424 | b800 0000 

  0x000001e743559314: ;   {metadata(method data for {method} {0x000001e79b5013b0} 'run' '()V' in 'kotlinx/coroutines/DispatchedTask')}
  0x000001e743559314: 48ba 88ec | da9c e701 | 0000 4883 | 82e0 0100 

  0x000001e743559324: ;   {metadata(method data for {method} {0x000001e79b414498} 'checkNotNull' '(Ljava/lang/Object;Ljava/lang/String;)V' in 'kotlin/jvm/internal/Intrinsics')}
  0x000001e743559324: 0001 48ba | d8cd ed9b | e701 0000 | 8bb2 cc00 | 0000 83c6 | 0289 b2cc | 0000 0081 | e6fe ff1f 
  0x000001e743559344: 0085 f60f | 848f 2800 | 0048 85c0 

  0x000001e743559350: ;   {metadata(method data for {method} {0x000001e79b414498} 'checkNotNull' '(Ljava/lang/Object;Ljava/lang/String;)V' in 'kotlin/jvm/internal/Intrinsics')}
  0x000001e743559350: 48ba d8cd | ed9b e701 | 0000 48c7 | c610 0100 | 0075 0748 | c7c6 2001 | 0000 488b | 3c32 488d 
  0x000001e743559370: 7f01 4889 | 3c32 0f85 | e001 0000 

  0x000001e74355937c: ;   {metadata(method data for {method} {0x000001e79b414498} 'checkNotNull' '(Ljava/lang/Object;Ljava/lang/String;)V' in 'kotlin/jvm/internal/Intrinsics')}
  0x000001e74355937c: 48ba d8cd | ed9b e701 | 0000 4883 | 8230 0100 

  0x000001e74355938c: ;   {metadata(method data for {method} {0x000001e79b414768} 'throwJavaNpe' '(Ljava/lang/String;)V' in 'kotlin/jvm/internal/Intrinsics')}
  0x000001e74355938c: 0001 48ba | 60cf ed9b | e701 0000 | 8bb2 cc00 | 0000 83c6 | 0289 b2cc | 0000 0081 | e6fe ff1f 
  0x000001e7435593ac: 0085 f60f | 8448 2800 | 0066 6690 

  0x000001e7435593b8: ;   {no_reloc}
  0x000001e7435593b8: e970 2800 | 0000 0000 | 0000 498b | 87b8 0100 | 0048 8d78 | 3049 3bbf | c801 0000 | 0f87 5d28 
  0x000001e7435593d8: 0000 4989 | bfb8 0100 | 0048 c700 | 0100 0000 | 488b ca49 | ba00 0000 | 5ae7 0100 | 0049 2bca 
  0x000001e7435593f8: 8948 0848 | 33c9 8948 | 0c48 33c9 | 4889 4810 | 4889 4818 | 4889 4820 | 4889 4828 

  0x000001e743559414: ;   {metadata(method data for {method} {0x000001e79b414768} 'throwJavaNpe' '(Ljava/lang/String;)V' in 'kotlin/jvm/internal/Intrinsics')}
  0x000001e743559414: 4c8b c048 | ba60 cfed | 9be7 0100 | 0048 8382 | 1001 0000 

  0x000001e743559428: ;   {oop("null cannot be cast to non-null type kotlinx.coroutines.internal.DispatchedContinuation<T of kotlinx.coroutines.DispatchedTask>"{0x00000007fff98b68})}
  0x000001e743559428: 0149 b868 | 8bf9 ff07 | 0000 0048 | 8bd0 4889 | 8424 c000 

  0x000001e74355943c: ;   {optimized virtual_call}
  0x000001e74355943c: 0000 90e8 

  0x000001e743559440: ; ImmutableOopMap {[176]=Oop [184]=Oop [192]=Oop }
                      ;*invokespecial <init> {reexecute=0 rethrow=0 return_oop=0}
                      ; - kotlin.jvm.internal.Intrinsics::throwJavaNpe@5 (line 50)
                      ; - kotlin.jvm.internal.Intrinsics::checkNotNull@5 (line 31)
                      ; - kotlinx.coroutines.DispatchedTask::run@40 (line 80)
  0x000001e743559440: 3c56 0507 

  0x000001e743559444: ;   {other}
  0x000001e743559444: 0f1f 8400 | 3409 0001 

  0x000001e74355944c: ;   {metadata(method data for {method} {0x000001e79b414768} 'throwJavaNpe' '(Ljava/lang/String;)V' in 'kotlin/jvm/internal/Intrinsics')}
  0x000001e74355944c: 48ba 60cf | ed9b e701 | 0000 4883 | 8220 0100 

  0x000001e74355945c: ;   {metadata(method data for {method} {0x000001e79b4164f8} 'sanitizeStackTrace' '(Ljava/lang/Throwable;)Ljava/lang/Throwable;' in 'kotlin/jvm/internal/Intrinsics')}
  0x000001e74355945c: 0001 48ba | e0cb 5b9b | e701 0000 | 8bb2 cc00 | 0000 83c6 | 0289 b2cc | 0000 0081 | e6fe ff1f 
  0x000001e74355947c: 0085 f60f | 84bf 2700 

  0x000001e743559484: ;   {oop(a 'java/lang/Class'{0x0000000701a31808} = 'kotlin/jvm/internal/Intrinsics')}
  0x000001e743559484: 0048 ba08 | 18a3 0107 | 0000 0048 

  0x000001e743559490: ;   {metadata(method data for {method} {0x000001e79b4164f8} 'sanitizeStackTrace' '(Ljava/lang/Throwable;)Ljava/lang/Throwable;' in 'kotlin/jvm/internal/Intrinsics')}
  0x000001e743559490: 8bf2 48bf | e0cb 5b9b | e701 0000 | 4883 8710 | 0100 0001 

  0x000001e7435594a4: ;   {metadata(method data for {method} {0x000001e75a46b368} 'getName' '()Ljava/lang/String;' in 'java/lang/Class')}
  0x000001e7435594a4: 48be 9887 | 039b e701 | 0000 8bbe | cc00 0000 | 83c7 0289 | becc 0000 | 0081 e7fe | ff1f 0085 
  0x000001e7435594c4: ff0f 849a | 2700 008b | 522c 48c1 | e203 4885 

  0x000001e7435594d4: ;   {metadata(method data for {method} {0x000001e75a46b368} 'getName' '()Ljava/lang/String;' in 'java/lang/Class')}
  0x000001e7435594d4: d248 be98 | 8703 9be7 | 0100 0048 | c7c7 1001 | 0000 7407 | 48c7 c720 | 0100 0048 | 8b1c 3e48 
  0x000001e7435594f4: 8d5b 0148 | 891c 3e0f | 8418 0000 

  0x000001e743559500: ;   {metadata(method data for {method} {0x000001e75a46b368} 'getName' '()Ljava/lang/String;' in 'java/lang/Class')}
  0x000001e743559500: 0048 be98 | 8703 9be7 | 0100 00ff | 8630 0100 | 0048 8bf2 | e936 0000 

  0x000001e743559518: ;   {oop(a 'java/lang/Class'{0x0000000701a31808} = 'kotlin/jvm/internal/Intrinsics')}
  0x000001e743559518: 0048 ba08 | 18a3 0107 | 0000 0048 

  0x000001e743559524: ;   {metadata(method data for {method} {0x000001e75a46b368} 'getName' '()Ljava/lang/String;' in 'java/lang/Class')}
  0x000001e743559524: 8bf2 48bf | 9887 039b | e701 0000 | 4883 8748 | 0100 0001 | 0f1f 8000 

  0x000001e74355953c: ;   {optimized virtual_call}
  0x000001e74355953c: 0000 00e8 

  0x000001e743559540: ; ImmutableOopMap {[176]=Oop [184]=Oop [192]=Oop }
                      ;*invokevirtual initClassName {reexecute=0 rethrow=0 return_oop=0}
                      ; - java.lang.Class::getName@14 (line 950)
                      ; - kotlin.jvm.internal.Intrinsics::sanitizeStackTrace@3 (line 253)
                      ; - kotlin.jvm.internal.Intrinsics::throwJavaNpe@8 (line 50)
                      ; - kotlin.jvm.internal.Intrinsics::checkNotNull@5 (line 31)
                      ; - kotlinx.coroutines.DispatchedTask::run@40 (line 80)
  0x000001e743559540: 3c55 0507 

  0x000001e743559544: ;   {other}
  0x000001e743559544: 0f1f 8400 | 340a 0002 | 488b f048 | 8b84 24c0 | 0000 00e9 | 3022 0000 | 4885 c075 

  0x000001e743559560: ;   {metadata(method data for {method} {0x000001e79b5013b0} 'run' '()V' in 'kotlinx/coroutines/DispatchedTask')}
  0x000001e743559560: 1648 bf88 | ecda 9ce7 | 0100 0080 | 8fe9 0100 | 0001 e9cc 

  0x000001e743559574: ;   {metadata('kotlinx/coroutines/internal/DispatchedContinuation')}
  0x000001e743559574: 0000 0048 | bba8 d008 | 5be7 0100 | 008b 7008 | 49ba 0000 | 005a e701 | 0000 4903 | f248 3bde 
  0x000001e743559594: 0f85 8d00 

  0x000001e743559598: ;   {metadata(method data for {method} {0x000001e79b5013b0} 'run' '()V' in 'kotlinx/coroutines/DispatchedTask')}
  0x000001e743559598: 0000 48bf | 88ec da9c | e701 0000 | 8b58 0849 | ba00 0000 | 5ae7 0100 | 0049 03da | 483b 9f00 
  0x000001e7435595b8: 0200 0075 | 0d48 8387 | 0802 0000 | 01e9 7900 | 0000 483b | 9f10 0200 | 0075 0d48 | 8387 1802 
  0x000001e7435595d8: 0000 01e9 | 6300 0000 | 4883 bf00 | 0200 0000 | 7517 4889 | 9f00 0200 | 0048 c787 | 0802 0000 
  0x000001e7435595f8: 0100 0000 | e942 0000 | 0048 83bf | 1002 0000 | 0075 1748 | 899f 1002 | 0000 48c7 | 8718 0200 
  0x000001e743559618: 0001 0000 | 00e9 2100 | 0000 e91c 

  0x000001e743559624: ;   {metadata(method data for {method} {0x000001e79b5013b0} 'run' '()V' in 'kotlinx/coroutines/DispatchedTask')}
  0x000001e743559624: 0000 0048 | bf88 ecda | 9ce7 0100 | 0048 83af | f001 0000 | 01e9 4d26 | 0000 e900 | 0000 0048 
  0x000001e743559644: 8bd0 8b72 | 2048 c1e6 | 038b 7a28 | 48c1 e703 

  0x000001e743559654: ; implicit exception: dispatches to 0x000001e74355bc99
  0x000001e743559654: 483b 0648 

  0x000001e743559658: ;   {metadata(method data for {method} {0x000001e79b5013b0} 'run' '()V' in 'kotlinx/coroutines/DispatchedTask')}
  0x000001e743559658: 8bd6 48bb | 88ec da9c | e701 0000 | 8b52 0849 | ba00 0000 | 5ae7 0100 | 0049 03d2 | 483b 9338 
  0x000001e743559678: 0200 0075 | 0d48 8383 | 4002 0000 | 01e9 6000 | 0000 483b | 9348 0200 | 0075 0d48 | 8383 5002 
  0x000001e743559698: 0000 01e9 | 4a00 0000 | 4883 bb38 | 0200 0000 | 7517 4889 | 9338 0200 | 0048 c783 | 4002 0000 
  0x000001e7435596b8: 0100 0000 | e929 0000 | 0048 83bb | 4802 0000 | 0075 1748 | 8993 4802 | 0000 48c7 | 8350 0200 
  0x000001e7435596d8: 0001 0000 | 00e9 0800 | 0000 4883 | 8328 0200 | 0001 488b | d648 89b4 | 24d0 0000 | 0048 89bc 
  0x000001e7435596f8: 24c8 0000 | 0048 b870 | 3648 a7e7 

  0x000001e743559704: ;   {virtual_call}
  0x000001e743559704: 0100 00e8 

  0x000001e743559708: ; ImmutableOopMap {[176]=Oop [200]=Oop [208]=Oop }
                      ;*invokeinterface getContext {reexecute=0 rethrow=0 return_oop=0}
                      ; - kotlinx.coroutines.DispatchedTask::run@61 (line 222)
  0x000001e743559708: 24e3 1107 

  0x000001e74355970c: ;   {other}
  0x000001e74355970c: 0f1f 8400 | fc0b 0003 

  0x000001e743559714: ;   {metadata(method data for {method} {0x000001e79b5013b0} 'run' '()V' in 'kotlinx/coroutines/DispatchedTask')}
  0x000001e743559714: 48ba 88ec | da9c e701 | 0000 4883 | 8260 0200 | 0001 488b | d04c 8b84 | 24c8 0000 | 0048 8984 
  0x000001e743559734: 24d8 0000 | 0066 0f1f 

  0x000001e74355973c: ;   {static_call}
  0x000001e74355973c: 4400 00e8 

  0x000001e743559740: ; ImmutableOopMap {[176]=Oop [208]=Oop [216]=Oop }
                      ;*invokestatic updateThreadContext {reexecute=0 rethrow=0 return_oop=0}
                      ; - kotlinx.coroutines.DispatchedTask::run@71 (line 223)
  0x000001e743559740: dcab 8807 

  0x000001e743559744: ;   {other}
  0x000001e743559744: 0f1f 8400 | 340c 0004 

  0x000001e74355974c: ;   {oop(a 'kotlinx/coroutines/internal/Symbol'{0x00000007fff19ae8})}
  0x000001e74355974c: 49ba e89a | f1ff 0700 | 0000 493b 

  0x000001e743559758: ;   {metadata(method data for {method} {0x000001e79b5013b0} 'run' '()V' in 'kotlinx/coroutines/DispatchedTask')}
  0x000001e743559758: c248 ba88 | ecda 9ce7 | 0100 0049 | c7c0 7002 | 0000 7407 | 49c7 c080 | 0200 004e | 8b0c 024d 
  0x000001e743559778: 8d49 014e | 890c 020f | 8454 0000 

  0x000001e743559784: ;   {metadata(method data for {method} {0x000001e79b5013b0} 'run' '()V' in 'kotlinx/coroutines/DispatchedTask')}
  0x000001e743559784: 0048 ba88 | ecda 9ce7 | 0100 0048 | 8382 9002 | 0000 0148 | 8b94 24d0 | 0000 004c | 8b84 24d8 
  0x000001e7435597a4: 0000 004c | 8bc8 4889 | 8424 e000 | 0000 0f1f 

  0x000001e7435597b4: ;   {static_call}
  0x000001e7435597b4: 4400 00e8 

  0x000001e7435597b8: ; ImmutableOopMap {[176]=Oop [208]=Oop [216]=Oop [224]=Oop }
                      ;*invokestatic updateUndispatchedCompletion {reexecute=0 rethrow=0 return_oop=0}
                      ; - kotlinx.coroutines.DispatchedTask::run@89 (line 226)
  0x000001e7435597b8: c458 0507 

  0x000001e7435597bc: ;   {other}
  0x000001e7435597bc: 0f1f 8400 | ac0c 0005 

  0x000001e7435597c4: ;   {metadata(method data for {method} {0x000001e79b5013b0} 'run' '()V' in 'kotlinx/coroutines/DispatchedTask')}
  0x000001e7435597c4: 48ba 88ec | da9c e701 | 0000 ff82 | a002 0000 | e912 0000 | 0048 8984 | 24e0 0000 

  0x000001e7435597e0: ;   {oop(nullptr)}
  0x000001e7435597e0: 0048 b800 | 0000 0000 | 0000 0048 | 8984 24e8 | 0000 0048 | 8bb4 24d0 

  0x000001e7435597f8: ;   {metadata(method data for {method} {0x000001e79b5013b0} 'run' '()V' in 'kotlinx/coroutines/DispatchedTask')}
  0x000001e7435597f8: 0000 0048 | ba88 ecda | 9ce7 0100 | 008b 7608 | 49ba 0000 | 005a e701 | 0000 4903 | f248 3bb2 
  0x000001e743559818: c802 0000 | 750d 4883 | 82d0 0200 | 0001 e960 | 0000 0048 | 3bb2 d802 | 0000 750d | 4883 82e0 
  0x000001e743559838: 0200 0001 | e94a 0000 | 0048 83ba | c802 0000 | 0075 1748 | 89b2 c802 | 0000 48c7 | 82d0 0200 
  0x000001e743559858: 0001 0000 | 00e9 2900 | 0000 4883 | bad8 0200 | 0000 7517 | 4889 b2d8 | 0200 0048 | c782 e002 
  0x000001e743559878: 0000 0100 | 0000 e908 | 0000 0048 | 8382 b802 | 0000 0148 | 8b94 24d0 | 0000 0066 | 9048 b850 
  0x000001e743559898: 3b48 a7e7 

  0x000001e74355989c: ;   {virtual_call}
  0x000001e74355989c: 0100 00e8 

  0x000001e7435598a0: ; ImmutableOopMap {[176]=Oop [208]=Oop [216]=Oop [224]=Oop [232]=Oop }
                      ;*invokeinterface getContext {reexecute=0 rethrow=0 return_oop=0}
                      ; - kotlinx.coroutines.DispatchedTask::run@103 (line 83)
  0x000001e7435598a0: 8ce1 1107 

  0x000001e7435598a4: ;   {other}
  0x000001e7435598a4: 0f1f 8400 | 940d 0006 | 488b 9424 | b000 0000 

  0x000001e7435598b4: ;   {metadata(method data for {method} {0x000001e79b5013b0} 'run' '()V' in 'kotlinx/coroutines/DispatchedTask')}
  0x000001e7435598b4: 48be 88ec | da9c e701 | 0000 8b52 | 0849 ba00 | 0000 5ae7 | 0100 0049 | 03d2 483b | 9600 0300 
  0x000001e7435598d4: 0075 0d48 | 8386 0803 | 0000 01e9 | 6000 0000 | 483b 9610 | 0300 0075 | 0d48 8386 | 1803 0000 
  0x000001e7435598f4: 01e9 4a00 | 0000 4883 | be00 0300 | 0000 7517 | 4889 9600 | 0300 0048 | c786 0803 | 0000 0100 
  0x000001e743559914: 0000 e929 | 0000 0048 | 83be 1003 | 0000 0075 | 1748 8996 | 1003 0000 | 48c7 8618 | 0300 0001 
  0x000001e743559934: 0000 00e9 | 0800 0000 | 4883 86f0 | 0200 0001 | 488b 9424 | b000 0000 | 4889 8424 | f000 0000 
  0x000001e743559954: 9048 b8ff | ffff ffff 

  0x000001e74355995c: ;   {virtual_call}
  0x000001e74355995c: ffff ffe8 

  0x000001e743559960: ; ImmutableOopMap {[176]=Oop [208]=Oop [216]=Oop [224]=Oop [232]=Oop [240]=Oop }
                      ;*invokevirtual takeState$kotlinx_coroutines_core {reexecute=0 rethrow=0 return_oop=0}
                      ; - kotlinx.coroutines.DispatchedTask::run@111 (line 84)
  0x000001e743559960: 74e2 1107 

  0x000001e743559964: ;   {other}
  0x000001e743559964: 0f1f 8400 | 540e 0007 | 4889 8424 | f800 0000 | 488b 9424 | b000 0000 

  0x000001e74355997c: ;   {metadata(method data for {method} {0x000001e79b5013b0} 'run' '()V' in 'kotlinx/coroutines/DispatchedTask')}
  0x000001e74355997c: 49b8 88ec | da9c e701 | 0000 8b52 | 0849 ba00 | 0000 5ae7 | 0100 0049 | 03d2 493b | 9038 0300 
  0x000001e74355999c: 0075 0d49 | 8380 4003 | 0000 01e9 | 6000 0000 | 493b 9048 | 0300 0075 | 0d49 8380 | 5003 0000 
  0x000001e7435599bc: 01e9 4a00 | 0000 4983 | b838 0300 | 0000 7517 | 4989 9038 | 0300 0049 | c780 4003 | 0000 0100 
  0x000001e7435599dc: 0000 e929 | 0000 0049 | 83b8 4803 | 0000 0075 | 1749 8990 | 4803 0000 | 49c7 8050 | 0300 0001 
  0x000001e7435599fc: 0000 00e9 | 0800 0000 | 4983 8028 | 0300 0001 | 4c8b c048 | 8b94 24b0 | 0000 0066 | 0f1f 4400 
  0x000001e743559a1c: 0048 b8ff | ffff ffff 

  0x000001e743559a24: ;   {virtual_call}
  0x000001e743559a24: ffff ffe8 

  0x000001e743559a28: ; ImmutableOopMap {[176]=Oop [208]=Oop [216]=Oop [224]=Oop [232]=Oop [240]=Oop [248]=Oop }
                      ;*invokevirtual getExceptionalResult$kotlinx_coroutines_core {reexecute=0 rethrow=0 return_oop=0}
                      ; - kotlinx.coroutines.DispatchedTask::run@119 (line 85)
  0x000001e743559a28: 84dc 1107 

  0x000001e743559a2c: ;   {other}
  0x000001e743559a2c: 0f1f 8400 | 1c0f 0008 | 4889 8424 | 0001 0000 

  0x000001e743559a3c: ;   {metadata(method data for {method} {0x000001e79b5013b0} 'run' '()V' in 'kotlinx/coroutines/DispatchedTask')}
  0x000001e743559a3c: 4885 c049 | b888 ecda | 9ce7 0100 | 0048 c7c2 | 6003 0000 | 7507 48c7 | c270 0300 | 0049 8b34 
  0x000001e743559a5c: 1048 8d76 | 0149 8934 | 1048 8b94 | 24b0 0000 | 000f 85f2 | 0000 0044 

  0x000001e743559a74: ;   {metadata(method data for {method} {0x000001e79b5013b0} 'run' '()V' in 'kotlinx/coroutines/DispatchedTask')}
  0x000001e743559a74: 8b42 1848 | be88 ecda | 9ce7 0100 | 0048 8386 | 8003 0000 

  0x000001e743559a88: ;   {metadata(method data for {method} {0x000001e79b51b788} 'isCancellableMode' '(I)Z' in 'kotlinx/coroutines/DispatchedTaskKt')}
  0x000001e743559a88: 0148 bea8 | fbd3 9ce7 | 0100 008b | becc 0000 | 0083 c702 | 89be cc00 | 0000 81e7 | feff 1f00 
  0x000001e743559aa8: 85ff 0f84 | ee21 0000 | 4183 f801 

  0x000001e743559ab4: ;   {metadata(method data for {method} {0x000001e79b51b788} 'isCancellableMode' '(I)Z' in 'kotlinx/coroutines/DispatchedTaskKt')}
  0x000001e743559ab4: 48be a8fb | d39c e701 | 0000 48c7 | c710 0100 | 0074 0748 | c7c7 2001 | 0000 488b | 1c3e 488d 
  0x000001e743559ad4: 5b01 4889 | 1c3e 0f84 | 3000 0000 | 4183 f802 

  0x000001e743559ae4: ;   {metadata(method data for {method} {0x000001e79b51b788} 'isCancellableMode' '(I)Z' in 'kotlinx/coroutines/DispatchedTaskKt')}
  0x000001e743559ae4: 49b8 a8fb | d39c e701 | 0000 48c7 | c630 0100 | 0075 0748 | c7c6 4001 | 0000 498b | 3c30 488d 
  0x000001e743559b04: 7f01 4989 | 3c30 0f85 | 1c00 0000 

  0x000001e743559b10: ;   {metadata(method data for {method} {0x000001e79b51b788} 'isCancellableMode' '(I)Z' in 'kotlinx/coroutines/DispatchedTaskKt')}
  0x000001e743559b10: 49b8 a8fb | d39c e701 | 0000 41ff | 8050 0100 | 0041 b801 | 0000 00e9 | 0600 0000 | 41b8 0000 
  0x000001e743559b30: 0000 4183 | e001 4585 

  0x000001e743559b38: ;   {metadata(method data for {method} {0x000001e79b5013b0} 'run' '()V' in 'kotlinx/coroutines/DispatchedTask')}
  0x000001e743559b38: c049 b888 | ecda 9ce7 | 0100 0048 | c7c6 a003 | 0000 7507 | 48c7 c690 | 0300 0049 | 8b3c 3048 
  0x000001e743559b58: 8d7f 0149 | 893c 300f | 850f 0000 

  0x000001e743559b64: ;   {oop(nullptr)}
  0x000001e743559b64: 0048 be00 | 0000 0000 | 0000 00e9 | e001 0000 | 488b 8424 | f000 0000 

  0x000001e743559b7c: ; implicit exception: dispatches to 0x000001e74355bcbf
  0x000001e743559b7c: 483b 004c 

  0x000001e743559b80: ;   {metadata(method data for {method} {0x000001e79b5013b0} 'run' '()V' in 'kotlinx/coroutines/DispatchedTask')}
  0x000001e743559b80: 8bc0 48bf | 88ec da9c | e701 0000 | 458b 4008 | 49ba 0000 | 005a e701 | 0000 4d03 | c24c 3b87 
  0x000001e743559ba0: f803 0000 | 750d 4883 | 8700 0400 | 0001 e960 | 0000 004c | 3b87 0804 | 0000 750d | 4883 8710 
  0x000001e743559bc0: 0400 0001 | e94a 0000 | 0048 83bf | f803 0000 | 0075 174c | 8987 f803 | 0000 48c7 | 8700 0400 
  0x000001e743559be0: 0001 0000 | 00e9 2900 | 0000 4883 | bf08 0400 | 0000 7517 | 4c89 8708 | 0400 0048 | c787 1004 
  0x000001e743559c00: 0000 0100 | 0000 e908 | 0000 0048 | 8387 e803 

  0x000001e743559c10: ;   {oop(a 'kotlinx/coroutines/Job$Key'{0x00000007fff9a9a8})}
  0x000001e743559c10: 0000 0149 | b8a8 a9f9 | ff07 0000 | 0048 8bd0 | 0f1f 4400 | 0048 b840 | 7d08 5be7 

  0x000001e743559c2c: ;   {virtual_call}
  0x000001e743559c2c: 0100 00e8 

  0x000001e743559c30: ; ImmutableOopMap {[176]=Oop [208]=Oop [216]=Oop [224]=Oop [232]=Oop [248]=Oop [256]=Oop }
                      ;*invokeinterface get {reexecute=0 rethrow=0 return_oop=0}
                      ; - kotlinx.coroutines.DispatchedTask::run@147 (line 91)
  0x000001e743559c30: 0c06 7507 

  0x000001e743559c34: ;   {other}
  0x000001e743559c34: 0f1f 8400 | 2411 0009 | 4885 c075 

  0x000001e743559c40: ;   {metadata(method data for {method} {0x000001e79b5013b0} 'run' '()V' in 'kotlinx/coroutines/DispatchedTask')}
  0x000001e743559c40: 1648 bf88 | ecda 9ce7 | 0100 0080 | 8f19 0400 | 0001 e9e7 

  0x000001e743559c54: ;   {metadata('kotlinx/coroutines/Job')}
  0x000001e743559c54: 0000 0048 | bb18 5608 | 5be7 0100 | 008b 7808 | 49ba 0000 | 005a e701 | 0000 4903 | fa48 3b5f 
  0x000001e743559c74: 200f 841a | 0000 0048 | 3bfb 0f84 | 1100 0000 

  0x000001e743559c84: ;   {runtime_call slow_subtype_check Runtime1 stub}
  0x000001e743559c84: 5753 e875 | 4a11 075f | 5f85 ff0f | 848d 0000 

  0x000001e743559c94: ;   {metadata(method data for {method} {0x000001e79b5013b0} 'run' '()V' in 'kotlinx/coroutines/DispatchedTask')}
  0x000001e743559c94: 0048 bf88 | ecda 9ce7 | 0100 008b | 5808 49ba | 0000 005a | e701 0000 | 4903 da48 | 3b9f 3004 
  0x000001e743559cb4: 0000 750d | 4883 8738 | 0400 0001 | e979 0000 | 0048 3b9f | 4004 0000 | 750d 4883 | 8748 0400 
  0x000001e743559cd4: 0001 e963 | 0000 0048 | 83bf 3004 | 0000 0075 | 1748 899f | 3004 0000 | 48c7 8738 | 0400 0001 
  0x000001e743559cf4: 0000 00e9 | 4200 0000 | 4883 bf40 | 0400 0000 | 7517 4889 | 9f40 0400 | 0048 c787 | 4804 0000 
  0x000001e743559d14: 0100 0000 | e921 0000 | 00e9 1c00 

  0x000001e743559d20: ;   {metadata(method data for {method} {0x000001e79b5013b0} 'run' '()V' in 'kotlinx/coroutines/DispatchedTask')}
  0x000001e743559d20: 0000 48bf | 88ec da9c | e701 0000 | 4883 af20 | 0400 0001 | e98b 1f00 | 00e9 0000 | 0000 488b 
  0x000001e743559d40: ;   {metadata(method data for {method} {0x000001e79b5013b0} 'run' '()V' in 'kotlinx/coroutines/DispatchedTask')}
  0x000001e743559d40: d048 be88 | ecda 9ce7 | 0100 00ff | 8658 0400 | 0048 8bf2 

  0x000001e743559d54: ;   {metadata(method data for {method} {0x000001e79b5013b0} 'run' '()V' in 'kotlinx/coroutines/DispatchedTask')}
  0x000001e743559d54: 4885 f648 | ba88 ecda | 9ce7 0100 | 0048 c7c7 | 7004 0000 | 7407 48c7 | c780 0400 | 0048 8b1c 
  0x000001e743559d74: 3a48 8d5b | 0148 891c | 3a0f 84e7 | 0000 0048 | 3b06 488b 

  0x000001e743559d88: ;   {metadata(method data for {method} {0x000001e79b5013b0} 'run' '()V' in 'kotlinx/coroutines/DispatchedTask')}
  0x000001e743559d88: d648 bf88 | ecda 9ce7 | 0100 008b | 5208 49ba | 0000 005a | e701 0000 | 4903 d248 | 3b97 a004 
  0x000001e743559da8: 0000 750d | 4883 87a8 | 0400 0001 | e960 0000 | 0048 3b97 | b004 0000 | 750d 4883 | 87b8 0400 
  0x000001e743559dc8: 0001 e94a | 0000 0048 | 83bf a004 | 0000 0075 | 1748 8997 | a004 0000 | 48c7 87a8 | 0400 0001 
  0x000001e743559de8: 0000 00e9 | 2900 0000 | 4883 bfb0 | 0400 0000 | 7517 4889 | 97b0 0400 | 0048 c787 | b804 0000 
  0x000001e743559e08: 0100 0000 | e908 0000 | 0048 8387 | 9004 0000 | 0148 8bd6 | 4889 b424 | 0801 0000 | 9048 b810 
  0x000001e743559e28: 3c48 a7e7 

  0x000001e743559e2c: ;   {virtual_call}
  0x000001e743559e2c: 0100 00e8 

  0x000001e743559e30: ; ImmutableOopMap {[176]=Oop [208]=Oop [216]=Oop [224]=Oop [232]=Oop [248]=Oop [256]=Oop [264]=Oop }
                      ;*invokeinterface isActive {reexecute=0 rethrow=0 return_oop=0}
                      ; - kotlinx.coroutines.DispatchedTask::run@168 (line 92)
  0x000001e743559e30: 5c22 2d07 

  0x000001e743559e34: ;   {other}
  0x000001e743559e34: 0f1f 8400 | 2413 000a 

  0x000001e743559e3c: ;   {metadata(method data for {method} {0x000001e79b5013b0} 'run' '()V' in 'kotlinx/coroutines/DispatchedTask')}
  0x000001e743559e3c: 85c0 48ba | 88ec da9c | e701 0000 | 48c7 c6d8 | 0400 0074 | 0748 c7c6 | c804 0000 | 488b 3c32 
  0x000001e743559e5c: 488d 7f01 | 4889 3c32 | 0f84 3f09 | 0000 488b | 8424 0001 | 0000 4885 

  0x000001e743559e74: ;   {metadata(method data for {method} {0x000001e79b5013b0} 'run' '()V' in 'kotlinx/coroutines/DispatchedTask')}
  0x000001e743559e74: c048 ba88 | ecda 9ce7 | 0100 0048 | c7c6 5807 | 0000 7407 | 48c7 c668 | 0700 0048 | 8b3c 3248 
  0x000001e743559e94: 8d7f 0148 | 893c 320f | 8449 0700 

  0x000001e743559ea0: ;   {metadata(method data for {method} {0x000001e79b5013b0} 'run' '()V' in 'kotlinx/coroutines/DispatchedTask')}
  0x000001e743559ea0: 0048 ba88 | ecda 9ce7 | 0100 0048 | 8382 7807 

  0x000001e743559eb0: ;   {metadata(method data for {method} {0x000001e79b520ef8} 'createFailure' '(Ljava/lang/Throwable;)Ljava/lang/Object;' in 'kotlin/ResultKt')}
  0x000001e743559eb0: 0000 0148 | bae8 ded9 | 9ce7 0100 | 008b b2cc | 0000 0083 | c602 89b2 | cc00 0000 | 81e6 feff 
  0x000001e743559ed0: 1f00 85f6 | 0f84 f81d 

  0x000001e743559ed8: ;   {metadata(method data for {method} {0x000001e79b520ef8} 'createFailure' '(Ljava/lang/Throwable;)Ljava/lang/Object;' in 'kotlin/ResultKt')}
  0x000001e743559ed8: 0000 48ba | e8de d99c | e701 0000 | 4883 8210 | 0100 0001 

  0x000001e743559eec: ;   {metadata(method data for {method} {0x000001e79b415410} 'checkNotNullParameter' '(Ljava/lang/Object;Ljava/lang/String;)V' in 'kotlin/jvm/internal/Intrinsics')}
  0x000001e743559eec: 48ba 78c3 | 5b9b e701 | 0000 8bb2 | cc00 0000 | 83c6 0289 | b2cc 0000 | 0081 e6fe | ff1f 0085 
  0x000001e743559f0c: f60f 84e0 | 1d00 0048 

  0x000001e743559f14: ;   {metadata(method data for {method} {0x000001e79b415410} 'checkNotNullParameter' '(Ljava/lang/Object;Ljava/lang/String;)V' in 'kotlin/jvm/internal/Intrinsics')}
  0x000001e743559f14: 85c0 48ba | 78c3 5b9b | e701 0000 | 48c7 c610 | 0100 0075 | 0748 c7c6 | 2001 0000 | 488b 3c32 
  0x000001e743559f34: 488d 7f01 | 4889 3c32 | 0f85 1a02 

  0x000001e743559f40: ;   {metadata(method data for {method} {0x000001e79b415410} 'checkNotNullParameter' '(Ljava/lang/Object;Ljava/lang/String;)V' in 'kotlin/jvm/internal/Intrinsics')}
  0x000001e743559f40: 0000 48ba | 78c3 5b9b | e701 0000 | 4883 8230 | 0100 0001 

  0x000001e743559f54: ;   {metadata(method data for {method} {0x000001e79b415590} 'throwParameterIsNullNPE' '(Ljava/lang/String;)V' in 'kotlin/jvm/internal/Intrinsics')}
  0x000001e743559f54: 48ba 00c5 | 5b9b e701 | 0000 8bb2 | cc00 0000 | 83c6 0289 | b2cc 0000 | 0081 e6fe | ff1f 0085 
  0x000001e743559f74: f60f 8499 | 1d00 000f | 1f44 0000 

  0x000001e743559f80: ;   {no_reloc}
  0x000001e743559f80: e9bf 1d00 | 0000 0000 | 0000 498b | 87b8 0100 | 0048 8d78 | 3049 3bbf | c801 0000 | 0f87 ac1d 
  0x000001e743559fa0: 0000 4989 | bfb8 0100 | 0048 c700 | 0100 0000 | 488b ca49 | ba00 0000 | 5ae7 0100 | 0049 2bca 
  0x000001e743559fc0: 8948 0848 | 33c9 8948 | 0c48 33c9 | 4889 4810 | 4889 4818 | 4889 4820 | 4889 4828 

  0x000001e743559fdc: ;   {metadata(method data for {method} {0x000001e79b415590} 'throwParameterIsNullNPE' '(Ljava/lang/String;)V' in 'kotlin/jvm/internal/Intrinsics')}
  0x000001e743559fdc: 48ba 00c5 | 5b9b e701 | 0000 4883 | 8210 0100 

  0x000001e743559fec: ;   {oop("exception"{0x0000000701a332f0})}
  0x000001e743559fec: 0001 48ba | f032 a301 | 0700 0000 | 4889 8424 | 1001 0000 | 0f1f 8000 

  0x000001e74355a004: ;   {static_call}
  0x000001e74355a004: 0000 00e8 

  0x000001e74355a008: ; ImmutableOopMap {[176]=Oop [208]=Oop [216]=Oop [224]=Oop [232]=Oop [256]=Oop [272]=Oop }
                      ;*invokestatic createParameterIsNullExceptionMessage {reexecute=0 rethrow=0 return_oop=0}
                      ; - kotlin.jvm.internal.Intrinsics::throwParameterIsNullNPE@5 (line 140)
                      ; - kotlin.jvm.internal.Intrinsics::checkNotNullParameter@5 (line 131)
                      ; - kotlin.ResultKt::createFailure@3
                      ; - kotlinx.coroutines.DispatchedTask::run@273 (line 98)
  0x000001e74355a008: 7450 0507 

  0x000001e74355a00c: ;   {other}
  0x000001e74355a00c: 0f1f 8400 | fc14 000b | 4c8b 8424 | 1001 0000 

  0x000001e74355a01c: ;   {metadata(method data for {method} {0x000001e79b415590} 'throwParameterIsNullNPE' '(Ljava/lang/String;)V' in 'kotlin/jvm/internal/Intrinsics')}
  0x000001e74355a01c: 48ba 00c5 | 5b9b e701 | 0000 4883 | 8220 0100 | 0001 4c8b | c048 8b94 | 2410 0100 | 0066 0f1f 
  0x000001e74355a03c: ;   {optimized virtual_call}
  0x000001e74355a03c: 4400 00e8 

  0x000001e74355a040: ; ImmutableOopMap {[176]=Oop [208]=Oop [216]=Oop [224]=Oop [232]=Oop [256]=Oop [272]=Oop }
                      ;*invokespecial <init> {reexecute=0 rethrow=0 return_oop=0}
                      ; - kotlin.jvm.internal.Intrinsics::throwParameterIsNullNPE@8 (line 140)
                      ; - kotlin.jvm.internal.Intrinsics::checkNotNullParameter@5 (line 131)
                      ; - kotlin.ResultKt::createFailure@3
                      ; - kotlinx.coroutines.DispatchedTask::run@273 (line 98)
  0x000001e74355a040: 3c4a 0507 

  0x000001e74355a044: ;   {other}
  0x000001e74355a044: 0f1f 8400 | 3415 000c 

  0x000001e74355a04c: ;   {metadata(method data for {method} {0x000001e79b415590} 'throwParameterIsNullNPE' '(Ljava/lang/String;)V' in 'kotlin/jvm/internal/Intrinsics')}
  0x000001e74355a04c: 48ba 00c5 | 5b9b e701 | 0000 4883 | 8230 0100 

  0x000001e74355a05c: ;   {metadata(method data for {method} {0x000001e79b4164f8} 'sanitizeStackTrace' '(Ljava/lang/Throwable;)Ljava/lang/Throwable;' in 'kotlin/jvm/internal/Intrinsics')}
  0x000001e74355a05c: 0001 48ba | e0cb 5b9b | e701 0000 | 8bb2 cc00 | 0000 83c6 | 0289 b2cc | 0000 0081 | e6fe ff1f 
  0x000001e74355a07c: 0085 f60f | 84d6 1c00 

  0x000001e74355a084: ;   {oop(a 'java/lang/Class'{0x0000000701a31808} = 'kotlin/jvm/internal/Intrinsics')}
  0x000001e74355a084: 0048 ba08 | 18a3 0107 | 0000 0048 

  0x000001e74355a090: ;   {metadata(method data for {method} {0x000001e79b4164f8} 'sanitizeStackTrace' '(Ljava/lang/Throwable;)Ljava/lang/Throwable;' in 'kotlin/jvm/internal/Intrinsics')}
  0x000001e74355a090: 8bf2 48bf | e0cb 5b9b | e701 0000 | 4883 8710 | 0100 0001 

  0x000001e74355a0a4: ;   {metadata(method data for {method} {0x000001e75a46b368} 'getName' '()Ljava/lang/String;' in 'java/lang/Class')}
  0x000001e74355a0a4: 48be 9887 | 039b e701 | 0000 8bbe | cc00 0000 | 83c7 0289 | becc 0000 | 0081 e7fe | ff1f 0085 
  0x000001e74355a0c4: ff0f 84b1 | 1c00 008b | 522c 48c1 | e203 4885 

  0x000001e74355a0d4: ;   {metadata(method data for {method} {0x000001e75a46b368} 'getName' '()Ljava/lang/String;' in 'java/lang/Class')}
  0x000001e74355a0d4: d248 be98 | 8703 9be7 | 0100 0048 | c7c7 1001 | 0000 7407 | 48c7 c720 | 0100 0048 | 8b1c 3e48 
  0x000001e74355a0f4: 8d5b 0148 | 891c 3e0f | 8418 0000 

  0x000001e74355a100: ;   {metadata(method data for {method} {0x000001e75a46b368} 'getName' '()Ljava/lang/String;' in 'java/lang/Class')}
  0x000001e74355a100: 0048 be98 | 8703 9be7 | 0100 00ff | 8630 0100 | 0048 8bf2 | e936 0000 

  0x000001e74355a118: ;   {oop(a 'java/lang/Class'{0x0000000701a31808} = 'kotlin/jvm/internal/Intrinsics')}
  0x000001e74355a118: 0048 ba08 | 18a3 0107 | 0000 0048 

  0x000001e74355a124: ;   {metadata(method data for {method} {0x000001e75a46b368} 'getName' '()Ljava/lang/String;' in 'java/lang/Class')}
  0x000001e74355a124: 8bf2 48bf | 9887 039b | e701 0000 | 4883 8748 | 0100 0001 | 0f1f 8000 

  0x000001e74355a13c: ;   {optimized virtual_call}
  0x000001e74355a13c: 0000 00e8 

  0x000001e74355a140: ; ImmutableOopMap {[176]=Oop [208]=Oop [216]=Oop [224]=Oop [232]=Oop [256]=Oop [272]=Oop }
                      ;*invokevirtual initClassName {reexecute=0 rethrow=0 return_oop=0}
                      ; - java.lang.Class::getName@14 (line 950)
                      ; - kotlin.jvm.internal.Intrinsics::sanitizeStackTrace@3 (line 253)
                      ; - kotlin.jvm.internal.Intrinsics::throwParameterIsNullNPE@11 (line 140)
                      ; - kotlin.jvm.internal.Intrinsics::checkNotNullParameter@5 (line 131)
                      ; - kotlin.ResultKt::createFailure@3
                      ; - kotlinx.coroutines.DispatchedTask::run@273 (line 98)
  0x000001e74355a140: 3c49 0507 

  0x000001e74355a144: ;   {other}
  0x000001e74355a144: 0f1f 8400 | 3416 000d | 488b f048 | 8b84 2410 | 0100 00e9 | 0314 0000 

  0x000001e74355a15c: ;   {metadata('kotlin/Result$Failure')}
  0x000001e74355a15c: 48ba 48ea | 085b e701 | 0000 488b | d849 8b87 | b801 0000 | 488d 7810 | 493b bfc8 | 0100 000f 
  0x000001e74355a17c: 8721 1c00 | 0049 89bf | b801 0000 | 48c7 0001 | 0000 0048 | 8bca 49ba | 0000 005a | e701 0000 
  0x000001e74355a19c: 492b ca89 | 4808 4833 | c989 480c | 4833 c948 | 8984 2420 | 0100 0048 

  0x000001e74355a1b4: ;   {metadata(method data for {method} {0x000001e79b520ef8} 'createFailure' '(Ljava/lang/Throwable;)Ljava/lang/Object;' in 'kotlin/ResultKt')}
  0x000001e74355a1b4: 8bd0 48be | e8de d99c | e701 0000 | 4883 8620 | 0100 0001 

  0x000001e74355a1c8: ;   {metadata(method data for {method} {0x000001e79b50ee40} '<init>' '(Ljava/lang/Throwable;)V' in 'kotlin/Result$Failure')}
  0x000001e74355a1c8: 48ba 58e0 | d99c e701 | 0000 8bb2 | cc00 0000 | 83c6 0289 | b2cc 0000 | 0081 e6fe | ff1f 0085 
  0x000001e74355a1e8: f60f 84c0 

  0x000001e74355a1ec: ;   {metadata(method data for {method} {0x000001e79b50ee40} '<init>' '(Ljava/lang/Throwable;)V' in 'kotlin/Result$Failure')}
  0x000001e74355a1ec: 1b00 0048 | ba58 e0d9 | 9ce7 0100 | 0048 8382 | 1001 0000 

  0x000001e74355a200: ;   {metadata(method data for {method} {0x000001e79b415410} 'checkNotNullParameter' '(Ljava/lang/Object;Ljava/lang/String;)V' in 'kotlin/jvm/internal/Intrinsics')}
  0x000001e74355a200: 0148 ba78 | c35b 9be7 | 0100 008b | b2cc 0000 | 0083 c602 | 89b2 cc00 | 0000 81e6 | feff 1f00 
  0x000001e74355a220: 85f6 0f84 | a81b 0000 

  0x000001e74355a228: ;   {metadata(method data for {method} {0x000001e79b415410} 'checkNotNullParameter' '(Ljava/lang/Object;Ljava/lang/String;)V' in 'kotlin/jvm/internal/Intrinsics')}
  0x000001e74355a228: 4885 db48 | ba78 c35b | 9be7 0100 | 0048 c7c6 | 1001 0000 | 7507 48c7 | c620 0100 | 0048 8b3c 
  0x000001e74355a248: 3248 8d7f | 0148 893c | 320f 8515 

  0x000001e74355a254: ;   {metadata(method data for {method} {0x000001e79b415410} 'checkNotNullParameter' '(Ljava/lang/Object;Ljava/lang/String;)V' in 'kotlin/jvm/internal/Intrinsics')}
  0x000001e74355a254: 0200 0048 | ba78 c35b | 9be7 0100 | 0048 8382 | 3001 0000 

  0x000001e74355a268: ;   {metadata(method data for {method} {0x000001e79b415590} 'throwParameterIsNullNPE' '(Ljava/lang/String;)V' in 'kotlin/jvm/internal/Intrinsics')}
  0x000001e74355a268: 0148 ba00 | c55b 9be7 | 0100 008b | b2cc 0000 | 0083 c602 | 89b2 cc00 | 0000 81e6 | feff 1f00 
  0x000001e74355a288: 85f6 0f84 | 611b 0000 

  0x000001e74355a290: ;   {no_reloc}
  0x000001e74355a290: e98c 1b00 | 0000 0000 | 0000 498b | 87b8 0100 | 0048 8d78 | 3049 3bbf | c801 0000 | 0f87 791b 
  0x000001e74355a2b0: 0000 4989 | bfb8 0100 | 0048 c700 | 0100 0000 | 488b ca49 | ba00 0000 | 5ae7 0100 | 0049 2bca 
  0x000001e74355a2d0: 8948 0848 | 33c9 8948 | 0c48 33c9 | 4889 4810 | 4889 4818 | 4889 4820 | 4889 4828 

  0x000001e74355a2ec: ;   {metadata(method data for {method} {0x000001e79b415590} 'throwParameterIsNullNPE' '(Ljava/lang/String;)V' in 'kotlin/jvm/internal/Intrinsics')}
  0x000001e74355a2ec: 48ba 00c5 | 5b9b e701 | 0000 4883 | 8210 0100 

  0x000001e74355a2fc: ;   {oop("exception"{0x0000000701a332f0})}
  0x000001e74355a2fc: 0001 48ba | f032 a301 | 0700 0000 | 4889 8424 | 1801 0000 | 0f1f 8000 

  0x000001e74355a314: ;   {static_call}
  0x000001e74355a314: 0000 00e8 

  0x000001e74355a318: ; ImmutableOopMap {[176]=Oop [208]=Oop [216]=Oop [224]=Oop [232]=Oop [256]=Oop [280]=Oop [288]=Oop }
                      ;*invokestatic createParameterIsNullExceptionMessage {reexecute=0 rethrow=0 return_oop=0}
                      ; - kotlin.jvm.internal.Intrinsics::throwParameterIsNullNPE@5 (line 140)
                      ; - kotlin.jvm.internal.Intrinsics::checkNotNullParameter@5 (line 131)
                      ; - kotlin.Result$Failure::<init>@3
                      ; - kotlin.ResultKt::createFailure@11 (line 122)
                      ; - kotlinx.coroutines.DispatchedTask::run@273 (line 98)
  0x000001e74355a318: 644d 0507 

  0x000001e74355a31c: ;   {other}
  0x000001e74355a31c: 0f1f 8400 | 0c18 000e | 4c8b 8424 | 1801 0000 

  0x000001e74355a32c: ;   {metadata(method data for {method} {0x000001e79b415590} 'throwParameterIsNullNPE' '(Ljava/lang/String;)V' in 'kotlin/jvm/internal/Intrinsics')}
  0x000001e74355a32c: 48ba 00c5 | 5b9b e701 | 0000 4883 | 8220 0100 | 0001 4c8b | c048 8b94 | 2418 0100 | 0066 0f1f 
  0x000001e74355a34c: ;   {optimized virtual_call}
  0x000001e74355a34c: 4400 00e8 

  0x000001e74355a350: ; ImmutableOopMap {[176]=Oop [208]=Oop [216]=Oop [224]=Oop [232]=Oop [256]=Oop [280]=Oop [288]=Oop }
                      ;*invokespecial <init> {reexecute=0 rethrow=0 return_oop=0}
                      ; - kotlin.jvm.internal.Intrinsics::throwParameterIsNullNPE@8 (line 140)
                      ; - kotlin.jvm.internal.Intrinsics::checkNotNullParameter@5 (line 131)
                      ; - kotlin.Result$Failure::<init>@3
                      ; - kotlin.ResultKt::createFailure@11 (line 122)
                      ; - kotlinx.coroutines.DispatchedTask::run@273 (line 98)
  0x000001e74355a350: 2c47 0507 

  0x000001e74355a354: ;   {other}
  0x000001e74355a354: 0f1f 8400 | 4418 000f 

  0x000001e74355a35c: ;   {metadata(method data for {method} {0x000001e79b415590} 'throwParameterIsNullNPE' '(Ljava/lang/String;)V' in 'kotlin/jvm/internal/Intrinsics')}
  0x000001e74355a35c: 48ba 00c5 | 5b9b e701 | 0000 4883 | 8230 0100 

  0x000001e74355a36c: ;   {metadata(method data for {method} {0x000001e79b4164f8} 'sanitizeStackTrace' '(Ljava/lang/Throwable;)Ljava/lang/Throwable;' in 'kotlin/jvm/internal/Intrinsics')}
  0x000001e74355a36c: 0001 48ba | e0cb 5b9b | e701 0000 | 8bb2 cc00 | 0000 83c6 | 0289 b2cc | 0000 0081 | e6fe ff1f 
  0x000001e74355a38c: 0085 f60f | 84a3 1a00 

  0x000001e74355a394: ;   {oop(a 'java/lang/Class'{0x0000000701a31808} = 'kotlin/jvm/internal/Intrinsics')}
  0x000001e74355a394: 0048 ba08 | 18a3 0107 | 0000 0048 

  0x000001e74355a3a0: ;   {metadata(method data for {method} {0x000001e79b4164f8} 'sanitizeStackTrace' '(Ljava/lang/Throwable;)Ljava/lang/Throwable;' in 'kotlin/jvm/internal/Intrinsics')}
  0x000001e74355a3a0: 8bf2 48bf | e0cb 5b9b | e701 0000 | 4883 8710 | 0100 0001 

  0x000001e74355a3b4: ;   {metadata(method data for {method} {0x000001e75a46b368} 'getName' '()Ljava/lang/String;' in 'java/lang/Class')}
  0x000001e74355a3b4: 48be 9887 | 039b e701 | 0000 8bbe | cc00 0000 | 83c7 0289 | becc 0000 | 0081 e7fe | ff1f 0085 
  0x000001e74355a3d4: ff0f 847e | 1a00 008b | 522c 48c1 | e203 4885 

  0x000001e74355a3e4: ;   {metadata(method data for {method} {0x000001e75a46b368} 'getName' '()Ljava/lang/String;' in 'java/lang/Class')}
  0x000001e74355a3e4: d248 be98 | 8703 9be7 | 0100 0048 | c7c7 1001 | 0000 7407 | 48c7 c720 | 0100 0048 | 8b1c 3e48 
  0x000001e74355a404: 8d5b 0148 | 891c 3e0f | 8418 0000 

  0x000001e74355a410: ;   {metadata(method data for {method} {0x000001e75a46b368} 'getName' '()Ljava/lang/String;' in 'java/lang/Class')}
  0x000001e74355a410: 0048 be98 | 8703 9be7 | 0100 00ff | 8630 0100 | 0048 8bf2 | e936 0000 

  0x000001e74355a428: ;   {oop(a 'java/lang/Class'{0x0000000701a31808} = 'kotlin/jvm/internal/Intrinsics')}
  0x000001e74355a428: 0048 ba08 | 18a3 0107 | 0000 0048 

  0x000001e74355a434: ;   {metadata(method data for {method} {0x000001e75a46b368} 'getName' '()Ljava/lang/String;' in 'java/lang/Class')}
  0x000001e74355a434: 8bf2 48bf | 9887 039b | e701 0000 | 4883 8748 | 0100 0001 | 0f1f 8000 

  0x000001e74355a44c: ;   {optimized virtual_call}
  0x000001e74355a44c: 0000 00e8 

  0x000001e74355a450: ; ImmutableOopMap {[176]=Oop [208]=Oop [216]=Oop [224]=Oop [232]=Oop [256]=Oop [280]=Oop [288]=Oop }
                      ;*invokevirtual initClassName {reexecute=0 rethrow=0 return_oop=0}
                      ; - java.lang.Class::getName@14 (line 950)
                      ; - kotlin.jvm.internal.Intrinsics::sanitizeStackTrace@3 (line 253)
                      ; - kotlin.jvm.internal.Intrinsics::throwParameterIsNullNPE@11 (line 140)
                      ; - kotlin.jvm.internal.Intrinsics::checkNotNullParameter@5 (line 131)
                      ; - kotlin.Result$Failure::<init>@3
                      ; - kotlin.ResultKt::createFailure@11 (line 122)
                      ; - kotlinx.coroutines.DispatchedTask::run@273 (line 98)
  0x000001e74355a450: 2c46 0507 

  0x000001e74355a454: ;   {other}
  0x000001e74355a454: 0f1f 8400 | 4419 0010 | 488b f048 | 8b84 2418 | 0100 00e9 | cb0f 0000 | 488b fb4c 

  0x000001e74355a470: ;   {metadata(method data for {method} {0x000001e79b50ee40} '<init>' '(Ljava/lang/Throwable;)V' in 'kotlin/Result$Failure')}
  0x000001e74355a470: 8bc0 48ba | 58e0 d99c | e701 0000 | 4883 8220 | 0100 0001 

  0x000001e74355a484: ;   {metadata(method data for {method} {0x000001e75a476650} '<init>' '()V' in 'java/lang/Object')}
  0x000001e74355a484: 49b8 5068 | 009b e701 | 0000 418b | 90cc 0000 | 0083 c202 | 4189 90cc | 0000 0081 | e2fe ff1f 
  0x000001e74355a4a4: 0085 d20f | 84d2 1900 | 0045 0fbe | 4740 4585 | c00f 85e5 | 1900 004c | 8bd7 49c1 | ea03 4489 
  0x000001e74355a4c4: 500c 4c8b | c04c 33c7 | 49c1 e815 | 4983 f800 | 0f85 e619 

  0x000001e74355a4d8: ;   {metadata(method data for {method} {0x000001e79b5013b0} 'run' '()V' in 'kotlinx/coroutines/DispatchedTask')}
  0x000001e74355a4d8: 0000 49b8 | 88ec da9c | e701 0000 | 4983 8088 | 0700 0001 

  0x000001e74355a4ec: ;   {metadata(method data for {method} {0x000001e79b50cf08} 'constructor-impl' '(Ljava/lang/Object;)Ljava/lang/Object;' in 'kotlin/Result')}
  0x000001e74355a4ec: 49b8 48e9 | d39c e701 | 0000 418b | 90cc 0000 | 0083 c202 | 4189 90cc | 0000 0081 | e2fe ff1f 
  0x000001e74355a50c: 0085 d20f | 84c3 1900 | 0048 8bb4 | 24d0 0000 

  0x000001e74355a51c: ;   {metadata(method data for {method} {0x000001e79b5013b0} 'run' '()V' in 'kotlinx/coroutines/DispatchedTask')}
  0x000001e74355a51c: 0049 b888 | ecda 9ce7 | 0100 008b | 7608 49ba | 0000 005a | e701 0000 | 4903 f249 | 3bb0 a807 
  0x000001e74355a53c: 0000 750d | 4983 80b0 | 0700 0001 | e960 0000 | 0049 3bb0 | b807 0000 | 750d 4983 | 80c0 0700 
  0x000001e74355a55c: 0001 e94a | 0000 0049 | 83b8 a807 | 0000 0075 | 1749 89b0 | a807 0000 | 49c7 80b0 | 0700 0001 
  0x000001e74355a57c: 0000 00e9 | 2900 0000 | 4983 b8b8 | 0700 0000 | 7517 4989 | b0b8 0700 | 0049 c780 | c007 0000 
  0x000001e74355a59c: 0100 0000 | e908 0000 | 0049 8380 | 9807 0000 | 014c 8bc0 | 488b 9424 | d000 0000 | 0f1f 4400 
  0x000001e74355a5bc: 0048 b8d0 | ea67 a7e7 

  0x000001e74355a5c4: ;   {virtual_call}
  0x000001e74355a5c4: 0100 00e8 

  0x000001e74355a5c8: ; ImmutableOopMap {[176]=Oop [216]=Oop [224]=Oop [232]=Oop }
                      ;*invokeinterface resumeWith {reexecute=0 rethrow=0 return_oop=0}
                      ; - kotlinx.coroutines.DispatchedTask::run@279 (line 98)
  0x000001e74355a5c8: 44cd 1107 

  0x000001e74355a5cc: ;   {other}
  0x000001e74355a5cc: 0f1f 8400 | bc1a 0011 

  0x000001e74355a5d4: ;   {metadata(method data for {method} {0x000001e79b5013b0} 'run' '()V' in 'kotlinx/coroutines/DispatchedTask')}
  0x000001e74355a5d4: 49b8 88ec | da9c e701 | 0000 41ff | 80d0 0700 | 00e9 120b | 0000 488b | 9424 b000 

  0x000001e74355a5f0: ;   {metadata(method data for {method} {0x000001e79b5013b0} 'run' '()V' in 'kotlinx/coroutines/DispatchedTask')}
  0x000001e74355a5f0: 0000 49b8 | 88ec da9c | e701 0000 | 8b52 0849 | ba00 0000 | 5ae7 0100 | 0049 03d2 | 493b 90f8 
  0x000001e74355a610: 0700 0075 | 0d49 8380 | 0008 0000 | 01e9 6000 | 0000 493b | 9008 0800 | 0075 0d49 | 8380 1008 
  0x000001e74355a630: 0000 01e9 | 4a00 0000 | 4983 b8f8 | 0700 0000 | 7517 4989 | 90f8 0700 | 0049 c780 | 0008 0000 
  0x000001e74355a650: 0100 0000 | e929 0000 | 0049 83b8 | 0808 0000 | 0075 1749 | 8990 0808 | 0000 49c7 | 8010 0800 
  0x000001e74355a670: 0001 0000 | 00e9 0800 | 0000 4983 | 80e8 0700 | 0001 4c8b | 8424 f800 | 0000 488b | 9424 b000 
  0x000001e74355a690: 0000 6666 | 9048 b8ff | ffff ffff 

  0x000001e74355a69c: ;   {virtual_call}
  0x000001e74355a69c: ffff ffe8 

  0x000001e74355a6a0: ; ImmutableOopMap {[176]=Oop [208]=Oop [216]=Oop [224]=Oop [232]=Oop }
                      ;*invokevirtual getSuccessfulResult$kotlinx_coroutines_core {reexecute=0 rethrow=0 return_oop=0}
                      ; - kotlinx.coroutines.DispatchedTask::run@295 (line 100)
  0x000001e74355a6a0: 9cd2 1107 

  0x000001e74355a6a4: ;   {other}
  0x000001e74355a6a4: 0f1f 8400 | 941b 0012 

  0x000001e74355a6ac: ;   {metadata(method data for {method} {0x000001e79b5013b0} 'run' '()V' in 'kotlinx/coroutines/DispatchedTask')}
  0x000001e74355a6ac: 49b8 88ec | da9c e701 | 0000 4983 | 8020 0800 

  0x000001e74355a6bc: ;   {metadata(method data for {method} {0x000001e79b50cf08} 'constructor-impl' '(Ljava/lang/Object;)Ljava/lang/Object;' in 'kotlin/Result')}
  0x000001e74355a6bc: 0001 49b8 | 48e9 d39c | e701 0000 | 418b 90cc | 0000 0083 | c202 4189 | 90cc 0000 | 0081 e2fe 
  0x000001e74355a6dc: ff1f 0085 | d20f 8412 | 1800 0048 | 8bb4 24d0 

  0x000001e74355a6ec: ;   {metadata(method data for {method} {0x000001e79b5013b0} 'run' '()V' in 'kotlinx/coroutines/DispatchedTask')}
  0x000001e74355a6ec: 0000 0049 | b888 ecda | 9ce7 0100 | 008b 7608 | 49ba 0000 | 005a e701 | 0000 4903 | f249 3bb0 
  0x000001e74355a70c: 4008 0000 | 750d 4983 | 8048 0800 | 0001 e960 | 0000 0049 | 3bb0 5008 | 0000 750d | 4983 8058 
  0x000001e74355a72c: 0800 0001 | e94a 0000 | 0049 83b8 | 4008 0000 | 0075 1749 | 89b0 4008 | 0000 49c7 | 8048 0800 
  0x000001e74355a74c: 0001 0000 | 00e9 2900 | 0000 4983 | b850 0800 | 0000 7517 | 4989 b050 | 0800 0049 | c780 5808 
  0x000001e74355a76c: 0000 0100 | 0000 e908 | 0000 0049 | 8380 3008 | 0000 014c | 8bc0 488b | 9424 d000 | 0000 6666 
  0x000001e74355a78c: 9048 b8e0 | 3b48 a7e7 

  0x000001e74355a794: ;   {virtual_call}
  0x000001e74355a794: 0100 00e8 

  0x000001e74355a798: ; ImmutableOopMap {[176]=Oop [216]=Oop [224]=Oop [232]=Oop }
                      ;*invokeinterface resumeWith {reexecute=0 rethrow=0 return_oop=0}
                      ; - kotlinx.coroutines.DispatchedTask::run@301 (line 100)
  0x000001e74355a798: 74cb 1107 

  0x000001e74355a79c: ;   {other}
  0x000001e74355a79c: 0f1f 8400 | 8c1c 0013 | e953 0900 | 0048 8bb4 | 2408 0100 | 0048 85f6 | 0f84 2900 

  0x000001e74355a7b8: ;   {metadata('kotlinx/coroutines/JobSupport')}
  0x000001e74355a7b8: 0000 48b9 | 185c 085b | e701 0000 | 8b5e 0849 | ba00 0000 | 5ae7 0100 | 0049 03da | 483b 4b38 
  0x000001e74355a7d8: 0f85 3c17 | 0000 e900 | 0000 0048 | 8bd6 488b 

  0x000001e74355a7e8: ;   {metadata(method data for {method} {0x000001e79b5013b0} 'run' '()V' in 'kotlinx/coroutines/DispatchedTask')}
  0x000001e74355a7e8: d648 bf88 | ecda 9ce7 | 0100 008b | 5208 49ba | 0000 005a | e701 0000 | 4903 d248 | 3b97 f804 
  0x000001e74355a808: 0000 750d | 4883 8700 | 0500 0001 | e960 0000 | 0048 3b97 | 0805 0000 | 750d 4883 | 8710 0500 
  0x000001e74355a828: 0001 e94a | 0000 0048 | 83bf f804 | 0000 0075 | 1748 8997 | f804 0000 | 48c7 8700 | 0500 0001 
  0x000001e74355a848: 0000 00e9 | 2900 0000 | 4883 bf08 | 0500 0000 | 7517 4889 | 9708 0500 | 0048 c787 | 1005 0000 
  0x000001e74355a868: 0100 0000 | e908 0000 | 0048 8387 | e804 0000 | 0148 8bd6 

  0x000001e74355a87c: ;   {optimized virtual_call}
  0x000001e74355a87c: 6666 90e8 

  0x000001e74355a880: ; ImmutableOopMap {[176]=Oop [208]=Oop [216]=Oop [224]=Oop [232]=Oop [248]=Oop }
                      ;*invokeinterface getCancellationException {reexecute=0 rethrow=0 return_oop=0}
                      ; - kotlinx.coroutines.DispatchedTask::run@178 (line 93)
  0x000001e74355a880: 491a 0000 

  0x000001e74355a884: ;   {other}
  0x000001e74355a884: 0f1f 8400 | 741d 0014 | 4889 8424 | 2801 0000 | 488b 9424 | b000 0000 

  0x000001e74355a89c: ;   {metadata(method data for {method} {0x000001e79b5013b0} 'run' '()V' in 'kotlinx/coroutines/DispatchedTask')}
  0x000001e74355a89c: 49b8 88ec | da9c e701 | 0000 8b52 | 0849 ba00 | 0000 5ae7 | 0100 0049 | 03d2 493b | 9068 0500 
  0x000001e74355a8bc: 0075 0d49 | 8380 7005 | 0000 01e9 | 6000 0000 | 493b 9078 | 0500 0075 | 0d49 8380 | 8005 0000 
  0x000001e74355a8dc: 01e9 4a00 | 0000 4983 | b868 0500 | 0000 7517 | 4989 9068 | 0500 0049 | c780 7005 | 0000 0100 
  0x000001e74355a8fc: 0000 e929 | 0000 0049 | 83b8 7805 | 0000 0075 | 1749 8990 | 7805 0000 | 49c7 8080 | 0500 0001 
  0x000001e74355a91c: 0000 00e9 | 0800 0000 | 4983 8058 | 0500 0001 | 4c8b 8424 | f800 0000 | 4c8b c848 | 8b94 24b0 
  0x000001e74355a93c: 0000 0066 | 0f1f 4400 | 0048 b8ff | ffff ffff 

  0x000001e74355a94c: ;   {virtual_call}
  0x000001e74355a94c: ffff ffe8 

  0x000001e74355a950: ; ImmutableOopMap {[176]=Oop [208]=Oop [216]=Oop [224]=Oop [232]=Oop [296]=Oop }
                      ;*invokevirtual cancelCompletedResult$kotlinx_coroutines_core {reexecute=0 rethrow=0 return_oop=0}
                      ; - kotlinx.coroutines.DispatchedTask::run@193 (line 94)
  0x000001e74355a950: e4cb 1107 

  0x000001e74355a954: ;   {other}
  0x000001e74355a954: 0f1f 8400 | 441e 0015 

  0x000001e74355a95c: ;   {metadata(method data for {method} {0x000001e79b5013b0} 'run' '()V' in 'kotlinx/coroutines/DispatchedTask')}
  0x000001e74355a95c: 48ba 88ec | da9c e701 | 0000 4883 | 8290 0500 

  0x000001e74355a96c: ;   {metadata(method data for {method} {0x000001e79b4de568} 'getRECOVER_STACK_TRACES' '()Z' in 'kotlinx/coroutines/DebugKt')}
  0x000001e74355a96c: 0001 48ba | e84b da9c | e701 0000 | 8bb2 cc00 | 0000 83c6 | 0289 b2cc | 0000 0081 | e6fe ff1f 
  0x000001e74355a98c: 0085 f60f | 848a 1500 

  0x000001e74355a994: ;   {metadata(method data for {method} {0x000001e79b5013b0} 'run' '()V' in 'kotlinx/coroutines/DispatchedTask')}
  0x000001e74355a994: 0048 ba88 | ecda 9ce7 | 0100 00ff | 82a0 0500 

  0x000001e74355a9a4: ;   {metadata(method data for {method} {0x000001e79b5013b0} 'run' '()V' in 'kotlinx/coroutines/DispatchedTask')}
  0x000001e74355a9a4: 0048 ba88 | ecda 9ce7 | 0100 00ff | 8250 0600 | 0048 8b84 | 2428 0100 

  0x000001e74355a9bc: ;   {metadata(method data for {method} {0x000001e79b5013b0} 'run' '()V' in 'kotlinx/coroutines/DispatchedTask')}
  0x000001e74355a9bc: 0048 ba88 | ecda 9ce7 | 0100 0048 | 8382 e806 

  0x000001e74355a9cc: ;   {metadata(method data for {method} {0x000001e79b520ef8} 'createFailure' '(Ljava/lang/Throwable;)Ljava/lang/Object;' in 'kotlin/ResultKt')}
  0x000001e74355a9cc: 0000 0148 | bae8 ded9 | 9ce7 0100 | 008b b2cc | 0000 0083 | c602 89b2 | cc00 0000 | 81e6 feff 
  0x000001e74355a9ec: 1f00 85f6 | 0f84 4a15 

  0x000001e74355a9f4: ;   {metadata(method data for {method} {0x000001e79b520ef8} 'createFailure' '(Ljava/lang/Throwable;)Ljava/lang/Object;' in 'kotlin/ResultKt')}
  0x000001e74355a9f4: 0000 48ba | e8de d99c | e701 0000 | 4883 8210 | 0100 0001 

  0x000001e74355aa08: ;   {metadata(method data for {method} {0x000001e79b415410} 'checkNotNullParameter' '(Ljava/lang/Object;Ljava/lang/String;)V' in 'kotlin/jvm/internal/Intrinsics')}
  0x000001e74355aa08: 48ba 78c3 | 5b9b e701 | 0000 8bb2 | cc00 0000 | 83c6 0289 | b2cc 0000 | 0081 e6fe | ff1f 0085 
  0x000001e74355aa28: f60f 8432 | 1500 0048 

  0x000001e74355aa30: ;   {metadata(method data for {method} {0x000001e79b415410} 'checkNotNullParameter' '(Ljava/lang/Object;Ljava/lang/String;)V' in 'kotlin/jvm/internal/Intrinsics')}
  0x000001e74355aa30: 85c0 48ba | 78c3 5b9b | e701 0000 | 48c7 c610 | 0100 0075 | 0748 c7c6 | 2001 0000 | 488b 3c32 
  0x000001e74355aa50: 488d 7f01 | 4889 3c32 | 0f85 1602 

  0x000001e74355aa5c: ;   {metadata(method data for {method} {0x000001e79b415410} 'checkNotNullParameter' '(Ljava/lang/Object;Ljava/lang/String;)V' in 'kotlin/jvm/internal/Intrinsics')}
  0x000001e74355aa5c: 0000 48ba | 78c3 5b9b | e701 0000 | 4883 8230 | 0100 0001 

  0x000001e74355aa70: ;   {metadata(method data for {method} {0x000001e79b415590} 'throwParameterIsNullNPE' '(Ljava/lang/String;)V' in 'kotlin/jvm/internal/Intrinsics')}
  0x000001e74355aa70: 48ba 00c5 | 5b9b e701 | 0000 8bb2 | cc00 0000 | 83c6 0289 | b2cc 0000 | 0081 e6fe | ff1f 0085 
  0x000001e74355aa90: f60f 84eb | 1400 0090 

  0x000001e74355aa98: ;   {no_reloc}
  0x000001e74355aa98: e915 1500 | 0000 0000 | 0000 498b | 87b8 0100 | 0048 8d78 | 3049 3bbf | c801 0000 | 0f87 0215 
  0x000001e74355aab8: 0000 4989 | bfb8 0100 | 0048 c700 | 0100 0000 | 488b ca49 | ba00 0000 | 5ae7 0100 | 0049 2bca 
  0x000001e74355aad8: 8948 0848 | 33c9 8948 | 0c48 33c9 | 4889 4810 | 4889 4818 | 4889 4820 | 4889 4828 

  0x000001e74355aaf4: ;   {metadata(method data for {method} {0x000001e79b415590} 'throwParameterIsNullNPE' '(Ljava/lang/String;)V' in 'kotlin/jvm/internal/Intrinsics')}
  0x000001e74355aaf4: 48ba 00c5 | 5b9b e701 | 0000 4883 | 8210 0100 

  0x000001e74355ab04: ;   {oop("exception"{0x0000000701a332f0})}
  0x000001e74355ab04: 0001 48ba | f032 a301 | 0700 0000 | 4889 8424 | 3001 0000 | 0f1f 8000 

  0x000001e74355ab1c: ;   {static_call}
  0x000001e74355ab1c: 0000 00e8 

  0x000001e74355ab20: ; ImmutableOopMap {[176]=Oop [208]=Oop [216]=Oop [224]=Oop [232]=Oop [296]=Oop [304]=Oop }
                      ;*invokestatic createParameterIsNullExceptionMessage {reexecute=0 rethrow=0 return_oop=0}
                      ; - kotlin.jvm.internal.Intrinsics::throwParameterIsNullNPE@5 (line 140)
                      ; - kotlin.jvm.internal.Intrinsics::checkNotNullParameter@5 (line 131)
                      ; - kotlin.ResultKt::createFailure@3
                      ; - kotlinx.coroutines.DispatchedTask::run@246 (line 232)
  0x000001e74355ab20: 5c45 0507 

  0x000001e74355ab24: ;   {other}
  0x000001e74355ab24: 0f1f 8400 | 1420 0016 | 4c8b 8424 | 3001 0000 

  0x000001e74355ab34: ;   {metadata(method data for {method} {0x000001e79b415590} 'throwParameterIsNullNPE' '(Ljava/lang/String;)V' in 'kotlin/jvm/internal/Intrinsics')}
  0x000001e74355ab34: 48ba 00c5 | 5b9b e701 | 0000 4883 | 8220 0100 | 0001 4c8b | c048 8b94 | 2430 0100 | 0066 0f1f 
  0x000001e74355ab54: ;   {optimized virtual_call}
  0x000001e74355ab54: 4400 00e8 

  0x000001e74355ab58: ; ImmutableOopMap {[176]=Oop [208]=Oop [216]=Oop [224]=Oop [232]=Oop [296]=Oop [304]=Oop }
                      ;*invokespecial <init> {reexecute=0 rethrow=0 return_oop=0}
                      ; - kotlin.jvm.internal.Intrinsics::throwParameterIsNullNPE@8 (line 140)
                      ; - kotlin.jvm.internal.Intrinsics::checkNotNullParameter@5 (line 131)
                      ; - kotlin.ResultKt::createFailure@3
                      ; - kotlinx.coroutines.DispatchedTask::run@246 (line 232)
  0x000001e74355ab58: 243f 0507 

  0x000001e74355ab5c: ;   {other}
  0x000001e74355ab5c: 0f1f 8400 | 4c20 0017 

  0x000001e74355ab64: ;   {metadata(method data for {method} {0x000001e79b415590} 'throwParameterIsNullNPE' '(Ljava/lang/String;)V' in 'kotlin/jvm/internal/Intrinsics')}
  0x000001e74355ab64: 48ba 00c5 | 5b9b e701 | 0000 4883 | 8230 0100 

  0x000001e74355ab74: ;   {metadata(method data for {method} {0x000001e79b4164f8} 'sanitizeStackTrace' '(Ljava/lang/Throwable;)Ljava/lang/Throwable;' in 'kotlin/jvm/internal/Intrinsics')}
  0x000001e74355ab74: 0001 48ba | e0cb 5b9b | e701 0000 | 8bb2 cc00 | 0000 83c6 | 0289 b2cc | 0000 0081 | e6fe ff1f 
  0x000001e74355ab94: 0085 f60f | 842c 1400 

  0x000001e74355ab9c: ;   {oop(a 'java/lang/Class'{0x0000000701a31808} = 'kotlin/jvm/internal/Intrinsics')}
  0x000001e74355ab9c: 0048 ba08 | 18a3 0107 | 0000 0048 

  0x000001e74355aba8: ;   {metadata(method data for {method} {0x000001e79b4164f8} 'sanitizeStackTrace' '(Ljava/lang/Throwable;)Ljava/lang/Throwable;' in 'kotlin/jvm/internal/Intrinsics')}
  0x000001e74355aba8: 8bf2 48bf | e0cb 5b9b | e701 0000 | 4883 8710 | 0100 0001 

  0x000001e74355abbc: ;   {metadata(method data for {method} {0x000001e75a46b368} 'getName' '()Ljava/lang/String;' in 'java/lang/Class')}
  0x000001e74355abbc: 48be 9887 | 039b e701 | 0000 8bbe | cc00 0000 | 83c7 0289 | becc 0000 | 0081 e7fe | ff1f 0085 
  0x000001e74355abdc: ff0f 8407 | 1400 008b | 522c 48c1 | e203 4885 

  0x000001e74355abec: ;   {metadata(method data for {method} {0x000001e75a46b368} 'getName' '()Ljava/lang/String;' in 'java/lang/Class')}
  0x000001e74355abec: d248 be98 | 8703 9be7 | 0100 0048 | c7c7 1001 | 0000 7407 | 48c7 c720 | 0100 0048 | 8b1c 3e48 
  0x000001e74355ac0c: 8d5b 0148 | 891c 3e0f | 8418 0000 

  0x000001e74355ac18: ;   {metadata(method data for {method} {0x000001e75a46b368} 'getName' '()Ljava/lang/String;' in 'java/lang/Class')}
  0x000001e74355ac18: 0048 be98 | 8703 9be7 | 0100 00ff | 8630 0100 | 0048 8bf2 | e936 0000 

  0x000001e74355ac30: ;   {oop(a 'java/lang/Class'{0x0000000701a31808} = 'kotlin/jvm/internal/Intrinsics')}
  0x000001e74355ac30: 0048 ba08 | 18a3 0107 | 0000 0048 

  0x000001e74355ac3c: ;   {metadata(method data for {method} {0x000001e75a46b368} 'getName' '()Ljava/lang/String;' in 'java/lang/Class')}
  0x000001e74355ac3c: 8bf2 48bf | 9887 039b | e701 0000 | 4883 8748 | 0100 0001 | 0f1f 8000 

  0x000001e74355ac54: ;   {optimized virtual_call}
  0x000001e74355ac54: 0000 00e8 

  0x000001e74355ac58: ; ImmutableOopMap {[176]=Oop [208]=Oop [216]=Oop [224]=Oop [232]=Oop [296]=Oop [304]=Oop }
                      ;*invokevirtual initClassName {reexecute=0 rethrow=0 return_oop=0}
                      ; - java.lang.Class::getName@14 (line 950)
                      ; - kotlin.jvm.internal.Intrinsics::sanitizeStackTrace@3 (line 253)
                      ; - kotlin.jvm.internal.Intrinsics::throwParameterIsNullNPE@11 (line 140)
                      ; - kotlin.jvm.internal.Intrinsics::checkNotNullParameter@5 (line 131)
                      ; - kotlin.ResultKt::createFailure@3
                      ; - kotlinx.coroutines.DispatchedTask::run@246 (line 232)
  0x000001e74355ac58: 243e 0507 

  0x000001e74355ac5c: ;   {other}
  0x000001e74355ac5c: 0f1f 8400 | 4c21 0018 | 488b f048 | 8b84 2430 | 0100 00e9 | 9b06 0000 

  0x000001e74355ac74: ;   {metadata('kotlin/Result$Failure')}
  0x000001e74355ac74: 48ba 48ea | 085b e701 | 0000 488b | d849 8b87 | b801 0000 | 488d 7810 | 493b bfc8 | 0100 000f 
  0x000001e74355ac94: 8777 1300 | 0049 89bf | b801 0000 | 48c7 0001 | 0000 0048 | 8bca 49ba | 0000 005a | e701 0000 
  0x000001e74355acb4: 492b ca89 | 4808 4833 | c989 480c | 4833 c948 | 8984 2440 | 0100 0048 

  0x000001e74355accc: ;   {metadata(method data for {method} {0x000001e79b520ef8} 'createFailure' '(Ljava/lang/Throwable;)Ljava/lang/Object;' in 'kotlin/ResultKt')}
  0x000001e74355accc: 8bd0 48be | e8de d99c | e701 0000 | 4883 8620 | 0100 0001 

  0x000001e74355ace0: ;   {metadata(method data for {method} {0x000001e79b50ee40} '<init>' '(Ljava/lang/Throwable;)V' in 'kotlin/Result$Failure')}
  0x000001e74355ace0: 48ba 58e0 | d99c e701 | 0000 8bb2 | cc00 0000 | 83c6 0289 | b2cc 0000 | 0081 e6fe | ff1f 0085 
  0x000001e74355ad00: f60f 8416 

  0x000001e74355ad04: ;   {metadata(method data for {method} {0x000001e79b50ee40} '<init>' '(Ljava/lang/Throwable;)V' in 'kotlin/Result$Failure')}
  0x000001e74355ad04: 1300 0048 | ba58 e0d9 | 9ce7 0100 | 0048 8382 | 1001 0000 

  0x000001e74355ad18: ;   {metadata(method data for {method} {0x000001e79b415410} 'checkNotNullParameter' '(Ljava/lang/Object;Ljava/lang/String;)V' in 'kotlin/jvm/internal/Intrinsics')}
  0x000001e74355ad18: 0148 ba78 | c35b 9be7 | 0100 008b | b2cc 0000 | 0083 c602 | 89b2 cc00 | 0000 81e6 | feff 1f00 
  0x000001e74355ad38: 85f6 0f84 | fe12 0000 

  0x000001e74355ad40: ;   {metadata(method data for {method} {0x000001e79b415410} 'checkNotNullParameter' '(Ljava/lang/Object;Ljava/lang/String;)V' in 'kotlin/jvm/internal/Intrinsics')}
  0x000001e74355ad40: 4885 db48 | ba78 c35b | 9be7 0100 | 0048 c7c6 | 1001 0000 | 7507 48c7 | c620 0100 | 0048 8b3c 
  0x000001e74355ad60: 3248 8d7f | 0148 893c | 320f 8515 

  0x000001e74355ad6c: ;   {metadata(method data for {method} {0x000001e79b415410} 'checkNotNullParameter' '(Ljava/lang/Object;Ljava/lang/String;)V' in 'kotlin/jvm/internal/Intrinsics')}
  0x000001e74355ad6c: 0200 0048 | ba78 c35b | 9be7 0100 | 0048 8382 | 3001 0000 

  0x000001e74355ad80: ;   {metadata(method data for {method} {0x000001e79b415590} 'throwParameterIsNullNPE' '(Ljava/lang/String;)V' in 'kotlin/jvm/internal/Intrinsics')}
  0x000001e74355ad80: 0148 ba00 | c55b 9be7 | 0100 008b | b2cc 0000 | 0083 c602 | 89b2 cc00 | 0000 81e6 | feff 1f00 
  0x000001e74355ada0: 85f6 0f84 | b712 0000 

  0x000001e74355ada8: ;   {no_reloc}
  0x000001e74355ada8: e9e2 1200 | 0000 0000 | 0000 498b | 87b8 0100 | 0048 8d78 | 3049 3bbf | c801 0000 | 0f87 cf12 
  0x000001e74355adc8: 0000 4989 | bfb8 0100 | 0048 c700 | 0100 0000 | 488b ca49 | ba00 0000 | 5ae7 0100 | 0049 2bca 
  0x000001e74355ade8: 8948 0848 | 33c9 8948 | 0c48 33c9 | 4889 4810 | 4889 4818 | 4889 4820 | 4889 4828 

  0x000001e74355ae04: ;   {metadata(method data for {method} {0x000001e79b415590} 'throwParameterIsNullNPE' '(Ljava/lang/String;)V' in 'kotlin/jvm/internal/Intrinsics')}
  0x000001e74355ae04: 48ba 00c5 | 5b9b e701 | 0000 4883 | 8210 0100 

  0x000001e74355ae14: ;   {oop("exception"{0x0000000701a332f0})}
  0x000001e74355ae14: 0001 48ba | f032 a301 | 0700 0000 | 4889 8424 | 3801 0000 | 0f1f 8000 

  0x000001e74355ae2c: ;   {static_call}
  0x000001e74355ae2c: 0000 00e8 

  0x000001e74355ae30: ; ImmutableOopMap {[176]=Oop [208]=Oop [216]=Oop [224]=Oop [232]=Oop [296]=Oop [312]=Oop [320]=Oop }
                      ;*invokestatic createParameterIsNullExceptionMessage {reexecute=0 rethrow=0 return_oop=0}
                      ; - kotlin.jvm.internal.Intrinsics::throwParameterIsNullNPE@5 (line 140)
                      ; - kotlin.jvm.internal.Intrinsics::checkNotNullParameter@5 (line 131)
                      ; - kotlin.Result$Failure::<init>@3
                      ; - kotlin.ResultKt::createFailure@11 (line 122)
                      ; - kotlinx.coroutines.DispatchedTask::run@246 (line 232)
  0x000001e74355ae30: 4c42 0507 

  0x000001e74355ae34: ;   {other}
  0x000001e74355ae34: 0f1f 8400 | 2423 0019 | 4c8b 8424 | 3801 0000 

  0x000001e74355ae44: ;   {metadata(method data for {method} {0x000001e79b415590} 'throwParameterIsNullNPE' '(Ljava/lang/String;)V' in 'kotlin/jvm/internal/Intrinsics')}
  0x000001e74355ae44: 48ba 00c5 | 5b9b e701 | 0000 4883 | 8220 0100 | 0001 4c8b | c048 8b94 | 2438 0100 | 0066 0f1f 
  0x000001e74355ae64: ;   {optimized virtual_call}
  0x000001e74355ae64: 4400 00e8 

  0x000001e74355ae68: ; ImmutableOopMap {[176]=Oop [208]=Oop [216]=Oop [224]=Oop [232]=Oop [296]=Oop [312]=Oop [320]=Oop }
                      ;*invokespecial <init> {reexecute=0 rethrow=0 return_oop=0}
                      ; - kotlin.jvm.internal.Intrinsics::throwParameterIsNullNPE@8 (line 140)
                      ; - kotlin.jvm.internal.Intrinsics::checkNotNullParameter@5 (line 131)
                      ; - kotlin.Result$Failure::<init>@3
                      ; - kotlin.ResultKt::createFailure@11 (line 122)
                      ; - kotlinx.coroutines.DispatchedTask::run@246 (line 232)
  0x000001e74355ae68: 143c 0507 

  0x000001e74355ae6c: ;   {other}
  0x000001e74355ae6c: 0f1f 8400 | 5c23 001a 

  0x000001e74355ae74: ;   {metadata(method data for {method} {0x000001e79b415590} 'throwParameterIsNullNPE' '(Ljava/lang/String;)V' in 'kotlin/jvm/internal/Intrinsics')}
  0x000001e74355ae74: 48ba 00c5 | 5b9b e701 | 0000 4883 | 8230 0100 

  0x000001e74355ae84: ;   {metadata(method data for {method} {0x000001e79b4164f8} 'sanitizeStackTrace' '(Ljava/lang/Throwable;)Ljava/lang/Throwable;' in 'kotlin/jvm/internal/Intrinsics')}
  0x000001e74355ae84: 0001 48ba | e0cb 5b9b | e701 0000 | 8bb2 cc00 | 0000 83c6 | 0289 b2cc | 0000 0081 | e6fe ff1f 
  0x000001e74355aea4: 0085 f60f | 84f9 1100 

  0x000001e74355aeac: ;   {oop(a 'java/lang/Class'{0x0000000701a31808} = 'kotlin/jvm/internal/Intrinsics')}
  0x000001e74355aeac: 0048 ba08 | 18a3 0107 | 0000 0048 

  0x000001e74355aeb8: ;   {metadata(method data for {method} {0x000001e79b4164f8} 'sanitizeStackTrace' '(Ljava/lang/Throwable;)Ljava/lang/Throwable;' in 'kotlin/jvm/internal/Intrinsics')}
  0x000001e74355aeb8: 8bf2 48bf | e0cb 5b9b | e701 0000 | 4883 8710 | 0100 0001 

  0x000001e74355aecc: ;   {metadata(method data for {method} {0x000001e75a46b368} 'getName' '()Ljava/lang/String;' in 'java/lang/Class')}
  0x000001e74355aecc: 48be 9887 | 039b e701 | 0000 8bbe | cc00 0000 | 83c7 0289 | becc 0000 | 0081 e7fe | ff1f 0085 
  0x000001e74355aeec: ff0f 84d4 | 1100 008b | 522c 48c1 | e203 4885 

  0x000001e74355aefc: ;   {metadata(method data for {method} {0x000001e75a46b368} 'getName' '()Ljava/lang/String;' in 'java/lang/Class')}
  0x000001e74355aefc: d248 be98 | 8703 9be7 | 0100 0048 | c7c7 1001 | 0000 7407 | 48c7 c720 | 0100 0048 | 8b1c 3e48 
  0x000001e74355af1c: 8d5b 0148 | 891c 3e0f | 8418 0000 

  0x000001e74355af28: ;   {metadata(method data for {method} {0x000001e75a46b368} 'getName' '()Ljava/lang/String;' in 'java/lang/Class')}
  0x000001e74355af28: 0048 be98 | 8703 9be7 | 0100 00ff | 8630 0100 | 0048 8bf2 | e936 0000 

  0x000001e74355af40: ;   {oop(a 'java/lang/Class'{0x0000000701a31808} = 'kotlin/jvm/internal/Intrinsics')}
  0x000001e74355af40: 0048 ba08 | 18a3 0107 | 0000 0048 

  0x000001e74355af4c: ;   {metadata(method data for {method} {0x000001e75a46b368} 'getName' '()Ljava/lang/String;' in 'java/lang/Class')}
  0x000001e74355af4c: 8bf2 48bf | 9887 039b | e701 0000 | 4883 8748 | 0100 0001 | 0f1f 8000 

  0x000001e74355af64: ;   {optimized virtual_call}
  0x000001e74355af64: 0000 00e8 

  0x000001e74355af68: ; ImmutableOopMap {[176]=Oop [208]=Oop [216]=Oop [224]=Oop [232]=Oop [296]=Oop [312]=Oop [320]=Oop }
                      ;*invokevirtual initClassName {reexecute=0 rethrow=0 return_oop=0}
                      ; - java.lang.Class::getName@14 (line 950)
                      ; - kotlin.jvm.internal.Intrinsics::sanitizeStackTrace@3 (line 253)
                      ; - kotlin.jvm.internal.Intrinsics::throwParameterIsNullNPE@11 (line 140)
                      ; - kotlin.jvm.internal.Intrinsics::checkNotNullParameter@5 (line 131)
                      ; - kotlin.Result$Failure::<init>@3
                      ; - kotlin.ResultKt::createFailure@11 (line 122)
                      ; - kotlinx.coroutines.DispatchedTask::run@246 (line 232)
  0x000001e74355af68: 143b 0507 

  0x000001e74355af6c: ;   {other}
  0x000001e74355af6c: 0f1f 8400 | 5c24 001b | 488b f048 | 8b84 2438 | 0100 00e9 | 5e02 0000 | 488b fb4c 

  0x000001e74355af88: ;   {metadata(method data for {method} {0x000001e79b50ee40} '<init>' '(Ljava/lang/Throwable;)V' in 'kotlin/Result$Failure')}
  0x000001e74355af88: 8bc0 48ba | 58e0 d99c | e701 0000 | 4883 8220 | 0100 0001 

  0x000001e74355af9c: ;   {metadata(method data for {method} {0x000001e75a476650} '<init>' '()V' in 'java/lang/Object')}
  0x000001e74355af9c: 49b8 5068 | 009b e701 | 0000 418b | 90cc 0000 | 0083 c202 | 4189 90cc | 0000 0081 | e2fe ff1f 
  0x000001e74355afbc: 0085 d20f | 8428 1100 | 0045 0fbe | 4740 4585 | c00f 853b | 1100 004c | 8bd7 49c1 | ea03 4489 
  0x000001e74355afdc: 500c 4c8b | c04c 33c7 | 49c1 e815 | 4983 f800 | 0f85 3c11 

  0x000001e74355aff0: ;   {metadata(method data for {method} {0x000001e79b5013b0} 'run' '()V' in 'kotlinx/coroutines/DispatchedTask')}
  0x000001e74355aff0: 0000 49b8 | 88ec da9c | e701 0000 | 4983 80f8 | 0600 0001 

  0x000001e74355b004: ;   {metadata(method data for {method} {0x000001e79b50cf08} 'constructor-impl' '(Ljava/lang/Object;)Ljava/lang/Object;' in 'kotlin/Result')}
  0x000001e74355b004: 49b8 48e9 | d39c e701 | 0000 418b | 90cc 0000 | 0083 c202 | 4189 90cc | 0000 0081 | e2fe ff1f 
  0x000001e74355b024: 0085 d20f | 8419 1100 | 0048 8bb4 | 24d0 0000 

  0x000001e74355b034: ;   {metadata(method data for {method} {0x000001e79b5013b0} 'run' '()V' in 'kotlinx/coroutines/DispatchedTask')}
  0x000001e74355b034: 0049 b888 | ecda 9ce7 | 0100 008b | 7608 49ba | 0000 005a | e701 0000 | 4903 f249 | 3bb0 1807 
  0x000001e74355b054: 0000 750d | 4983 8020 | 0700 0001 | e960 0000 | 0049 3bb0 | 2807 0000 | 750d 4983 | 8030 0700 
  0x000001e74355b074: 0001 e94a | 0000 0049 | 83b8 1807 | 0000 0075 | 1749 89b0 | 1807 0000 | 49c7 8020 | 0700 0001 
  0x000001e74355b094: 0000 00e9 | 2900 0000 | 4983 b828 | 0700 0000 | 7517 4989 | b028 0700 | 0049 c780 | 3007 0000 
  0x000001e74355b0b4: 0100 0000 | e908 0000 | 0049 8380 | 0807 0000 | 014c 8bc0 | 488b 9424 | d000 0000 | 0f1f 4400 
  0x000001e74355b0d4: 0048 b8b0 | e967 a7e7 

  0x000001e74355b0dc: ;   {virtual_call}
  0x000001e74355b0dc: 0100 00e8 

  0x000001e74355b0e0: ; ImmutableOopMap {[176]=Oop [216]=Oop [224]=Oop [232]=Oop }
                      ;*invokeinterface resumeWith {reexecute=0 rethrow=0 return_oop=0}
                      ; - kotlinx.coroutines.DispatchedTask::run@252 (line 232)
  0x000001e74355b0e0: 2cc2 1107 

  0x000001e74355b0e4: ;   {other}
  0x000001e74355b0e4: 0f1f 8400 | d425 001c 

  0x000001e74355b0ec: ;   {metadata(method data for {method} {0x000001e79b5013b0} 'run' '()V' in 'kotlinx/coroutines/DispatchedTask')}
  0x000001e74355b0ec: 48ba 88ec | da9c e701 | 0000 ff82 | 4007 0000 | 488b 8424 | e800 0000 

  0x000001e74355b104: ;   {metadata(method data for {method} {0x000001e79b5013b0} 'run' '()V' in 'kotlinx/coroutines/DispatchedTask')}
  0x000001e74355b104: 4885 c048 | ba88 ecda | 9ce7 0100 | 0048 c7c6 | 6808 0000 | 7407 48c7 | c678 0800 | 0048 8b3c 
  0x000001e74355b124: 3248 8d7f | 0148 893c | 320f 8457 | 0000 0048 | 3b00 488b 

  0x000001e74355b138: ;   {metadata(method data for {method} {0x000001e79b5013b0} 'run' '()V' in 'kotlinx/coroutines/DispatchedTask')}
  0x000001e74355b138: d048 be88 | ecda 9ce7 | 0100 0048 | 8386 8808 | 0000 0148 

  0x000001e74355b14c: ;   {optimized virtual_call}
  0x000001e74355b14c: 8bd0 90e8 

  0x000001e74355b150: ; ImmutableOopMap {[176]=Oop [216]=Oop [224]=Oop }
                      ;*invokevirtual clearThreadContext {reexecute=0 rethrow=0 return_oop=0}
                      ; - kotlinx.coroutines.DispatchedTask::run@319 (line 236)
  0x000001e74355b150: 2c39 0507 

  0x000001e74355b154: ;   {other}
  0x000001e74355b154: 0f1f 8400 | 4426 001d 

  0x000001e74355b15c: ;   {metadata(method data for {method} {0x000001e79b5013b0} 'run' '()V' in 'kotlinx/coroutines/DispatchedTask')}
  0x000001e74355b15c: 85c0 48ba | 88ec da9c | e701 0000 | 49c7 c0c0 | 0800 0074 | 0749 c7c0 | d008 0000 | 4a8b 3402 
  0x000001e74355b17c: 488d 7601 | 4a89 3402 | 0f84 3200 

  0x000001e74355b188: ;   {metadata(method data for {method} {0x000001e79b5013b0} 'run' '()V' in 'kotlinx/coroutines/DispatchedTask')}
  0x000001e74355b188: 0000 48ba | 88ec da9c | e701 0000 | 4883 82e0 | 0800 0001 | 488b 9424 | d800 0000 | 4c8b 8424 
  0x000001e74355b1a8: e000 0000 

  0x000001e74355b1ac: ;   {static_call}
  0x000001e74355b1ac: 6666 90e8 

  0x000001e74355b1b0: ; ImmutableOopMap {[176]=Oop }
                      ;*invokestatic restoreThreadContext {reexecute=0 rethrow=0 return_oop=0}
                      ; - kotlinx.coroutines.DispatchedTask::run@329 (line 237)
  0x000001e74355b1b0: 6ced 8707 

  0x000001e74355b1b4: ;   {other}
  0x000001e74355b1b4: 0f1f 8400 | a426 001e 

  0x000001e74355b1bc: ;   {metadata(method data for {method} {0x000001e79b5013b0} 'run' '()V' in 'kotlinx/coroutines/DispatchedTask')}
  0x000001e74355b1bc: 48ba 88ec | da9c e701 | 0000 ff82 | f008 0000 | 4881 c470 | 0100 005d 

  0x000001e74355b1d4: ;   {poll_return}
  0x000001e74355b1d4: 493b a748 | 0400 000f | 878b 0f00 

  0x000001e74355b1e0: ;   {metadata(method data for {method} {0x000001e79b4164f8} 'sanitizeStackTrace' '(Ljava/lang/Throwable;)Ljava/lang/Throwable;' in 'kotlin/jvm/internal/Intrinsics')}
  0x000001e74355b1e0: 00c3 48ba | e0cb 5b9b | e701 0000 | 4883 8248 | 0100 0001 | 488b d04c | 8bc6 0f1f 

  0x000001e74355b1fc: ;   {static_call}
  0x000001e74355b1fc: 4400 00e8 

  0x000001e74355b200: ; ImmutableOopMap {[176]=Oop [208]=Oop [216]=Oop [224]=Oop [232]=Oop [296]=Oop [320]=Oop }
                      ;*invokestatic sanitizeStackTrace {reexecute=0 rethrow=0 return_oop=0}
                      ; - kotlin.jvm.internal.Intrinsics::sanitizeStackTrace@6 (line 253)
                      ; - kotlin.jvm.internal.Intrinsics::throwParameterIsNullNPE@11 (line 140)
                      ; - kotlin.jvm.internal.Intrinsics::checkNotNullParameter@5 (line 131)
                      ; - kotlin.Result$Failure::<init>@3
                      ; - kotlin.ResultKt::createFailure@11 (line 122)
                      ; - kotlinx.coroutines.DispatchedTask::run@246 (line 232)
  0x000001e74355b200: 7c3e 0507 

  0x000001e74355b204: ;   {other}
  0x000001e74355b204: 0f1f 8400 | f426 001f | 4c8b 8424 | 4001 0000 | 4885 c075 

  0x000001e74355b218: ;   {metadata(method data for {method} {0x000001e79b415590} 'throwParameterIsNullNPE' '(Ljava/lang/String;)V' in 'kotlin/jvm/internal/Intrinsics')}
  0x000001e74355b218: 1648 be00 | c55b 9be7 | 0100 0080 | 8e39 0100 | 0001 e9cd 

  0x000001e74355b22c: ;   {metadata('java/lang/NullPointerException')}
  0x000001e74355b22c: 0000 0048 | bf88 cd06 | 5ae7 0100 | 008b 7008 | 49ba 0000 | 005a e701 | 0000 4903 | f248 3b7e 
  0x000001e74355b24c: 500f 858d 

  0x000001e74355b250: ;   {metadata(method data for {method} {0x000001e79b415590} 'throwParameterIsNullNPE' '(Ljava/lang/String;)V' in 'kotlin/jvm/internal/Intrinsics')}
  0x000001e74355b250: 0000 0048 | be00 c55b | 9be7 0100 | 008b 7808 | 49ba 0000 | 005a e701 | 0000 4903 | fa48 3bbe 
  0x000001e74355b270: 5001 0000 | 750d 4883 | 8658 0100 | 0001 e979 | 0000 0048 | 3bbe 6001 | 0000 750d | 4883 8668 
  0x000001e74355b290: 0100 0001 | e963 0000 | 0048 83be | 5001 0000 | 0075 1748 | 89be 5001 | 0000 48c7 | 8658 0100 
  0x000001e74355b2b0: 0001 0000 | 00e9 4200 | 0000 4883 | be60 0100 | 0000 7517 | 4889 be60 | 0100 0048 | c786 6801 
  0x000001e74355b2d0: 0000 0100 | 0000 e921 | 0000 00e9 | 1c00 0000 

  0x000001e74355b2e0: ;   {metadata(method data for {method} {0x000001e79b415590} 'throwParameterIsNullNPE' '(Ljava/lang/String;)V' in 'kotlin/jvm/internal/Intrinsics')}
  0x000001e74355b2e0: 48be 00c5 | 5b9b e701 | 0000 4883 | ae40 0100 | 0001 e98b | 0e00 00e9 | 0000 0000 

  0x000001e74355b2fc: ; implicit exception: dispatches to 0x000001e74355c18b
                      ; ImmutableOopMap {r8=Oop rax=Oop [176]=Oop [208]=Oop [216]=Oop [224]=Oop [232]=Oop [296]=Oop [320]=Oop }
                      ;*athrow {reexecute=1 rethrow=0 return_oop=0}
                      ; - (reexecute) kotlin.jvm.internal.Intrinsics::throwParameterIsNullNPE@17 (line 140)
                      ; - kotlin.jvm.internal.Intrinsics::checkNotNullParameter@5 (line 131)
                      ; - kotlin.Result$Failure::<init>@3
                      ; - kotlin.ResultKt::createFailure@11 (line 122)
                      ; - kotlinx.coroutines.DispatchedTask::run@246 (line 232)
                      ;   {section_word}
  0x000001e74355b2fc: 483b 0048 | baff b255 | 43e7 0100 

  0x000001e74355b308: ;   {runtime_call handle_exception_nofpu Runtime1 stub}
  0x000001e74355b308: 00e8 f211 

  0x000001e74355b30c: ;   {metadata(method data for {method} {0x000001e79b4164f8} 'sanitizeStackTrace' '(Ljava/lang/Throwable;)Ljava/lang/Throwable;' in 'kotlin/jvm/internal/Intrinsics')}
  0x000001e74355b30c: 1107 9048 | bae0 cb5b | 9be7 0100 | 0048 8382 | 4801 0000 | 0148 8bd0 

  0x000001e74355b324: ;   {static_call}
  0x000001e74355b324: 4c8b c6e8 

  0x000001e74355b328: ; ImmutableOopMap {[176]=Oop [208]=Oop [216]=Oop [224]=Oop [232]=Oop [296]=Oop }
                      ;*invokestatic sanitizeStackTrace {reexecute=0 rethrow=0 return_oop=0}
                      ; - kotlin.jvm.internal.Intrinsics::sanitizeStackTrace@6 (line 253)
                      ; - kotlin.jvm.internal.Intrinsics::throwParameterIsNullNPE@11 (line 140)
                      ; - kotlin.jvm.internal.Intrinsics::checkNotNullParameter@5 (line 131)
                      ; - kotlin.ResultKt::createFailure@3
                      ; - kotlinx.coroutines.DispatchedTask::run@246 (line 232)
  0x000001e74355b328: 543d 0507 

  0x000001e74355b32c: ;   {other}
  0x000001e74355b32c: 0f1f 8400 | 1c28 0021 | 4c8b 8424 | 2801 0000 | 4885 c075 

  0x000001e74355b340: ;   {metadata(method data for {method} {0x000001e79b415590} 'throwParameterIsNullNPE' '(Ljava/lang/String;)V' in 'kotlin/jvm/internal/Intrinsics')}
  0x000001e74355b340: 1648 be00 | c55b 9be7 | 0100 0080 | 8e39 0100 | 0001 e9cd 

  0x000001e74355b354: ;   {metadata('java/lang/NullPointerException')}
  0x000001e74355b354: 0000 0048 | bf88 cd06 | 5ae7 0100 | 008b 7008 | 49ba 0000 | 005a e701 | 0000 4903 | f248 3b7e 
  0x000001e74355b374: 500f 858d 

  0x000001e74355b378: ;   {metadata(method data for {method} {0x000001e79b415590} 'throwParameterIsNullNPE' '(Ljava/lang/String;)V' in 'kotlin/jvm/internal/Intrinsics')}
  0x000001e74355b378: 0000 0048 | be00 c55b | 9be7 0100 | 008b 7808 | 49ba 0000 | 005a e701 | 0000 4903 | fa48 3bbe 
  0x000001e74355b398: 5001 0000 | 750d 4883 | 8658 0100 | 0001 e979 | 0000 0048 | 3bbe 6001 | 0000 750d | 4883 8668 
  0x000001e74355b3b8: 0100 0001 | e963 0000 | 0048 83be | 5001 0000 | 0075 1748 | 89be 5001 | 0000 48c7 | 8658 0100 
  0x000001e74355b3d8: 0001 0000 | 00e9 4200 | 0000 4883 | be60 0100 | 0000 7517 | 4889 be60 | 0100 0048 | c786 6801 
  0x000001e74355b3f8: 0000 0100 | 0000 e921 | 0000 00e9 | 1c00 0000 

  0x000001e74355b408: ;   {metadata(method data for {method} {0x000001e79b415590} 'throwParameterIsNullNPE' '(Ljava/lang/String;)V' in 'kotlin/jvm/internal/Intrinsics')}
  0x000001e74355b408: 48be 00c5 | 5b9b e701 | 0000 4883 | ae40 0100 | 0001 e971 | 0d00 00e9 | 0000 0000 

  0x000001e74355b424: ; implicit exception: dispatches to 0x000001e74355c199
                      ; ImmutableOopMap {r8=Oop rax=Oop [176]=Oop [208]=Oop [216]=Oop [224]=Oop [232]=Oop [296]=Oop }
                      ;*athrow {reexecute=1 rethrow=0 return_oop=0}
                      ; - (reexecute) kotlin.jvm.internal.Intrinsics::throwParameterIsNullNPE@17 (line 140)
                      ; - kotlin.jvm.internal.Intrinsics::checkNotNullParameter@5 (line 131)
                      ; - kotlin.ResultKt::createFailure@3
                      ; - kotlinx.coroutines.DispatchedTask::run@246 (line 232)
                      ;   {section_word}
  0x000001e74355b424: 483b 0048 | ba27 b455 | 43e7 0100 

  0x000001e74355b430: ;   {runtime_call handle_exception_nofpu Runtime1 stub}
  0x000001e74355b430: 00e8 ca10 

  0x000001e74355b434: ;   {metadata(method data for {method} {0x000001e79b4164f8} 'sanitizeStackTrace' '(Ljava/lang/Throwable;)Ljava/lang/Throwable;' in 'kotlin/jvm/internal/Intrinsics')}
  0x000001e74355b434: 1107 9048 | bae0 cb5b | 9be7 0100 | 0048 8382 | 4801 0000 | 0148 8bd0 

  0x000001e74355b44c: ;   {static_call}
  0x000001e74355b44c: 4c8b c6e8 

  0x000001e74355b450: ; ImmutableOopMap {[176]=Oop [208]=Oop [216]=Oop [224]=Oop [232]=Oop [256]=Oop [288]=Oop }
                      ;*invokestatic sanitizeStackTrace {reexecute=0 rethrow=0 return_oop=0}
                      ; - kotlin.jvm.internal.Intrinsics::sanitizeStackTrace@6 (line 253)
                      ; - kotlin.jvm.internal.Intrinsics::throwParameterIsNullNPE@11 (line 140)
                      ; - kotlin.jvm.internal.Intrinsics::checkNotNullParameter@5 (line 131)
                      ; - kotlin.Result$Failure::<init>@3
                      ; - kotlin.ResultKt::createFailure@11 (line 122)
                      ; - kotlinx.coroutines.DispatchedTask::run@273 (line 98)
  0x000001e74355b450: 2c3c 0507 

  0x000001e74355b454: ;   {other}
  0x000001e74355b454: 0f1f 8400 | 4429 0023 | 4c8b 8424 | 2001 0000 | 4885 c075 

  0x000001e74355b468: ;   {metadata(method data for {method} {0x000001e79b415590} 'throwParameterIsNullNPE' '(Ljava/lang/String;)V' in 'kotlin/jvm/internal/Intrinsics')}
  0x000001e74355b468: 1648 be00 | c55b 9be7 | 0100 0080 | 8e39 0100 | 0001 e9cd 

  0x000001e74355b47c: ;   {metadata('java/lang/NullPointerException')}
  0x000001e74355b47c: 0000 0048 | bf88 cd06 | 5ae7 0100 | 008b 7008 | 49ba 0000 | 005a e701 | 0000 4903 | f248 3b7e 
  0x000001e74355b49c: 500f 858d 

  0x000001e74355b4a0: ;   {metadata(method data for {method} {0x000001e79b415590} 'throwParameterIsNullNPE' '(Ljava/lang/String;)V' in 'kotlin/jvm/internal/Intrinsics')}
  0x000001e74355b4a0: 0000 0048 | be00 c55b | 9be7 0100 | 008b 7808 | 49ba 0000 | 005a e701 | 0000 4903 | fa48 3bbe 
  0x000001e74355b4c0: 5001 0000 | 750d 4883 | 8658 0100 | 0001 e979 | 0000 0048 | 3bbe 6001 | 0000 750d | 4883 8668 
  0x000001e74355b4e0: 0100 0001 | e963 0000 | 0048 83be | 5001 0000 | 0075 1748 | 89be 5001 | 0000 48c7 | 8658 0100 
  0x000001e74355b500: 0001 0000 | 00e9 4200 | 0000 4883 | be60 0100 | 0000 7517 | 4889 be60 | 0100 0048 | c786 6801 
  0x000001e74355b520: 0000 0100 | 0000 e921 | 0000 00e9 | 1c00 0000 

  0x000001e74355b530: ;   {metadata(method data for {method} {0x000001e79b415590} 'throwParameterIsNullNPE' '(Ljava/lang/String;)V' in 'kotlin/jvm/internal/Intrinsics')}
  0x000001e74355b530: 48be 00c5 | 5b9b e701 | 0000 4883 | ae40 0100 | 0001 e957 | 0c00 00e9 | 0000 0000 

  0x000001e74355b54c: ; implicit exception: dispatches to 0x000001e74355c1a7
                      ; ImmutableOopMap {r8=Oop rax=Oop [176]=Oop [208]=Oop [216]=Oop [224]=Oop [232]=Oop [256]=Oop [288]=Oop }
                      ;*athrow {reexecute=1 rethrow=0 return_oop=0}
                      ; - (reexecute) kotlin.jvm.internal.Intrinsics::throwParameterIsNullNPE@17 (line 140)
                      ; - kotlin.jvm.internal.Intrinsics::checkNotNullParameter@5 (line 131)
                      ; - kotlin.Result$Failure::<init>@3
                      ; - kotlin.ResultKt::createFailure@11 (line 122)
                      ; - kotlinx.coroutines.DispatchedTask::run@273 (line 98)
                      ;   {section_word}
  0x000001e74355b54c: 483b 0048 | ba4f b555 | 43e7 0100 

  0x000001e74355b558: ;   {runtime_call handle_exception_nofpu Runtime1 stub}
  0x000001e74355b558: 00e8 a20f 

  0x000001e74355b55c: ;   {metadata(method data for {method} {0x000001e79b4164f8} 'sanitizeStackTrace' '(Ljava/lang/Throwable;)Ljava/lang/Throwable;' in 'kotlin/jvm/internal/Intrinsics')}
  0x000001e74355b55c: 1107 9048 | bae0 cb5b | 9be7 0100 | 0048 8382 | 4801 0000 | 0148 8bd0 

  0x000001e74355b574: ;   {static_call}
  0x000001e74355b574: 4c8b c6e8 

  0x000001e74355b578: ; ImmutableOopMap {[176]=Oop [208]=Oop [216]=Oop [224]=Oop [232]=Oop [256]=Oop }
                      ;*invokestatic sanitizeStackTrace {reexecute=0 rethrow=0 return_oop=0}
                      ; - kotlin.jvm.internal.Intrinsics::sanitizeStackTrace@6 (line 253)
                      ; - kotlin.jvm.internal.Intrinsics::throwParameterIsNullNPE@11 (line 140)
                      ; - kotlin.jvm.internal.Intrinsics::checkNotNullParameter@5 (line 131)
                      ; - kotlin.ResultKt::createFailure@3
                      ; - kotlinx.coroutines.DispatchedTask::run@273 (line 98)
  0x000001e74355b578: 043b 0507 

  0x000001e74355b57c: ;   {other}
  0x000001e74355b57c: 0f1f 8400 | 6c2a 0025 | 488b b424 | 0001 0000 | 488b bc24 | d000 0000 | 4885 c075 

  0x000001e74355b598: ;   {metadata(method data for {method} {0x000001e79b415590} 'throwParameterIsNullNPE' '(Ljava/lang/String;)V' in 'kotlin/jvm/internal/Intrinsics')}
  0x000001e74355b598: 1648 bb00 | c55b 9be7 | 0100 0080 | 8b39 0100 | 0001 e9cd 

  0x000001e74355b5ac: ;   {metadata('java/lang/NullPointerException')}
  0x000001e74355b5ac: 0000 0048 | b988 cd06 | 5ae7 0100 | 008b 5808 | 49ba 0000 | 005a e701 | 0000 4903 | da48 3b4b 
  0x000001e74355b5cc: 500f 858d 

  0x000001e74355b5d0: ;   {metadata(method data for {method} {0x000001e79b415590} 'throwParameterIsNullNPE' '(Ljava/lang/String;)V' in 'kotlin/jvm/internal/Intrinsics')}
  0x000001e74355b5d0: 0000 0048 | bb00 c55b | 9be7 0100 | 008b 4808 | 49ba 0000 | 005a e701 | 0000 4903 | ca48 3b8b 
  0x000001e74355b5f0: 5001 0000 | 750d 4883 | 8358 0100 | 0001 e979 | 0000 0048 | 3b8b 6001 | 0000 750d | 4883 8368 
  0x000001e74355b610: 0100 0001 | e963 0000 | 0048 83bb | 5001 0000 | 0075 1748 | 898b 5001 | 0000 48c7 | 8358 0100 
  0x000001e74355b630: 0001 0000 | 00e9 4200 | 0000 4883 | bb60 0100 | 0000 7517 | 4889 8b60 | 0100 0048 | c783 6801 
  0x000001e74355b650: 0000 0100 | 0000 e921 | 0000 00e9 | 1c00 0000 

  0x000001e74355b660: ;   {metadata(method data for {method} {0x000001e79b415590} 'throwParameterIsNullNPE' '(Ljava/lang/String;)V' in 'kotlin/jvm/internal/Intrinsics')}
  0x000001e74355b660: 48bb 00c5 | 5b9b e701 | 0000 4883 | ab40 0100 | 0001 e935 | 0b00 00e9 | 0000 0000 

  0x000001e74355b67c: ; implicit exception: dispatches to 0x000001e74355c1b5
                      ; ImmutableOopMap {rdi=Oop rsi=Oop rax=Oop [176]=Oop [216]=Oop [224]=Oop [232]=Oop [256]=Oop }
                      ;*athrow {reexecute=1 rethrow=0 return_oop=0}
                      ; - (reexecute) kotlin.jvm.internal.Intrinsics::throwParameterIsNullNPE@17 (line 140)
                      ; - kotlin.jvm.internal.Intrinsics::checkNotNullParameter@5 (line 131)
                      ; - kotlin.ResultKt::createFailure@3
                      ; - kotlinx.coroutines.DispatchedTask::run@273 (line 98)
                      ;   {section_word}
  0x000001e74355b67c: 483b 0048 | ba7f b655 | 43e7 0100 

  0x000001e74355b688: ;   {runtime_call handle_exception_nofpu Runtime1 stub}
  0x000001e74355b688: 00e8 720e | 1107 9049 | 8b87 f804 | 0000 4d33 | d24d 8997 | f804 0000 | 4d33 d24d | 8997 0005 
  0x000001e74355b6a8: 0000 488b | 9424 e800 | 0000 4885 

  0x000001e74355b6b4: ;   {metadata(method data for {method} {0x000001e79b5013b0} 'run' '()V' in 'kotlinx/coroutines/DispatchedTask')}
  0x000001e74355b6b4: d248 be88 | ecda 9ce7 | 0100 0048 | c7c7 0809 | 0000 7407 | 48c7 c718 | 0900 0048 | 8b1c 3e48 
  0x000001e74355b6d4: 8d5b 0148 | 891c 3e48 | 8984 2448 | 0100 000f | 8459 0000 | 0048 3b02 

  0x000001e74355b6ec: ;   {metadata(method data for {method} {0x000001e79b5013b0} 'run' '()V' in 'kotlinx/coroutines/DispatchedTask')}
  0x000001e74355b6ec: 488b f248 | bf88 ecda | 9ce7 0100 | 0048 8387 | 2809 0000 | 0166 0f1f 

  0x000001e74355b704: ;   {optimized virtual_call}
  0x000001e74355b704: 4400 00e8 

  0x000001e74355b708: ; ImmutableOopMap {[176]=Oop [216]=Oop [224]=Oop [328]=Oop }
                      ;*invokevirtual clearThreadContext {reexecute=0 rethrow=0 return_oop=0}
                      ; - kotlinx.coroutines.DispatchedTask::run@344 (line 236)
  0x000001e74355b708: 7433 0507 

  0x000001e74355b70c: ;   {other}
  0x000001e74355b70c: 0f1f 8400 | fc2b 0027 

  0x000001e74355b714: ;   {metadata(method data for {method} {0x000001e79b5013b0} 'run' '()V' in 'kotlinx/coroutines/DispatchedTask')}
  0x000001e74355b714: 85c0 48ba | 88ec da9c | e701 0000 | 49c7 c060 | 0900 0074 | 0749 c7c0 | 7009 0000 | 4a8b 3402 
  0x000001e74355b734: 488d 7601 | 4a89 3402 | 0f84 3200 | 0000 4c8b | 8424 e000 | 0000 488b | 8424 d800 

  0x000001e74355b750: ;   {metadata(method data for {method} {0x000001e79b5013b0} 'run' '()V' in 'kotlinx/coroutines/DispatchedTask')}
  0x000001e74355b750: 0000 48ba | 88ec da9c | e701 0000 | 4883 8280 | 0900 0001 

  0x000001e74355b764: ;   {static_call}
  0x000001e74355b764: 488b d0e8 

  0x000001e74355b768: ; ImmutableOopMap {[176]=Oop [328]=Oop }
                      ;*invokestatic restoreThreadContext {reexecute=0 rethrow=0 return_oop=0}
                      ; - kotlinx.coroutines.DispatchedTask::run@354 (line 237)
  0x000001e74355b768: 1439 0507 

  0x000001e74355b76c: ;   {other}
  0x000001e74355b76c: 0f1f 8400 | 5c2c 0028 | 488b 8424 

  0x000001e74355b778: ; ImmutableOopMap {rax=Oop [176]=Oop }
                      ;*athrow {reexecute=1 rethrow=0 return_oop=0}
                      ; - (reexecute) kotlinx.coroutines.DispatchedTask::run@359 (line 237)
  0x000001e74355b778: 4801 0000 

  0x000001e74355b77c: ;   {section_word}
  0x000001e74355b77c: 48ba 7cb7 | 5543 e701 

  0x000001e74355b784: ;   {runtime_call handle_exception_nofpu Runtime1 stub}
  0x000001e74355b784: 0000 e875 | 0d11 0790 

  0x000001e74355b78c: ;   {metadata(method data for {method} {0x000001e79b4164f8} 'sanitizeStackTrace' '(Ljava/lang/Throwable;)Ljava/lang/Throwable;' in 'kotlin/jvm/internal/Intrinsics')}
  0x000001e74355b78c: 48ba e0cb | 5b9b e701 | 0000 4883 | 8248 0100 | 0001 488b | d04c 8bc6 

  0x000001e74355b7a4: ;   {static_call}
  0x000001e74355b7a4: 6666 90e8 

  0x000001e74355b7a8: ; ImmutableOopMap {[176]=Oop [184]=Oop }
                      ;*invokestatic sanitizeStackTrace {reexecute=0 rethrow=0 return_oop=0}
                      ; - kotlin.jvm.internal.Intrinsics::sanitizeStackTrace@6 (line 253)
                      ; - kotlin.jvm.internal.Intrinsics::throwJavaNpe@8 (line 50)
                      ; - kotlin.jvm.internal.Intrinsics::checkNotNull@5 (line 31)
                      ; - kotlinx.coroutines.DispatchedTask::run@40 (line 80)
  0x000001e74355b7a8: d438 0507 

  0x000001e74355b7ac: ;   {other}
  0x000001e74355b7ac: 0f1f 8400 | 9c2c 002a | 4c8b 8424 | b800 0000 | 4885 c075 

  0x000001e74355b7c0: ;   {metadata(method data for {method} {0x000001e79b414768} 'throwJavaNpe' '(Ljava/lang/String;)V' in 'kotlin/jvm/internal/Intrinsics')}
  0x000001e74355b7c0: 1648 be60 | cfed 9be7 | 0100 0080 | 8e29 0100 | 0001 e9cd 

  0x000001e74355b7d4: ;   {metadata('java/lang/NullPointerException')}
  0x000001e74355b7d4: 0000 0048 | bf88 cd06 | 5ae7 0100 | 008b 7008 | 49ba 0000 | 005a e701 | 0000 4903 | f248 3b7e 
  0x000001e74355b7f4: 500f 858d 

  0x000001e74355b7f8: ;   {metadata(method data for {method} {0x000001e79b414768} 'throwJavaNpe' '(Ljava/lang/String;)V' in 'kotlin/jvm/internal/Intrinsics')}
  0x000001e74355b7f8: 0000 0048 | be60 cfed | 9be7 0100 | 008b 7808 | 49ba 0000 | 005a e701 | 0000 4903 | fa48 3bbe 
  0x000001e74355b818: 4001 0000 | 750d 4883 | 8648 0100 | 0001 e979 | 0000 0048 | 3bbe 5001 | 0000 750d | 4883 8658 
  0x000001e74355b838: 0100 0001 | e963 0000 | 0048 83be | 4001 0000 | 0075 1748 | 89be 4001 | 0000 48c7 | 8648 0100 
  0x000001e74355b858: 0001 0000 | 00e9 4200 | 0000 4883 | be50 0100 | 0000 7517 | 4889 be50 | 0100 0048 | c786 5801 
  0x000001e74355b878: 0000 0100 | 0000 e921 | 0000 00e9 | 1c00 0000 

  0x000001e74355b888: ;   {metadata(method data for {method} {0x000001e79b414768} 'throwJavaNpe' '(Ljava/lang/String;)V' in 'kotlin/jvm/internal/Intrinsics')}
  0x000001e74355b888: 48be 60cf | ed9b e701 | 0000 4883 | ae30 0100 | 0001 e920 | 0900 00e9 | 0000 0000 

  0x000001e74355b8a4: ; implicit exception: dispatches to 0x000001e74355c1c8
                      ; ImmutableOopMap {r8=Oop rax=Oop [176]=Oop [184]=Oop }
                      ;*athrow {reexecute=1 rethrow=0 return_oop=0}
                      ; - (reexecute) kotlin.jvm.internal.Intrinsics::throwJavaNpe@14 (line 50)
                      ; - kotlin.jvm.internal.Intrinsics::checkNotNull@5 (line 31)
                      ; - kotlinx.coroutines.DispatchedTask::run@40 (line 80)
                      ;   {section_word}
  0x000001e74355b8a4: 483b 0048 | baa7 b855 | 43e7 0100 

  0x000001e74355b8b0: ;   {runtime_call handle_exception_nofpu Runtime1 stub}
  0x000001e74355b8b0: 00e8 4a0c | 1107 9049 | 8b87 f804 | 0000 4d33 | d24d 8997 | f804 0000 | 4d33 d24d | 8997 0005 
  0x000001e74355b8d0: 0000 488b | 9424 b000 

  0x000001e74355b8d8: ;   {metadata(method data for {method} {0x000001e79b5013b0} 'run' '()V' in 'kotlinx/coroutines/DispatchedTask')}
  0x000001e74355b8d8: 0000 49b8 | 88ec da9c | e701 0000 | 4983 8060 | 0a00 0001 | 4c8b c048 | 8b94 24b0 

  0x000001e74355b8f4: ;   {optimized virtual_call}
  0x000001e74355b8f4: 0000 00e8 

  0x000001e74355b8f8: ; ImmutableOopMap {}
                      ;*invokevirtual handleFatalException$kotlinx_coroutines_core {reexecute=0 rethrow=0 return_oop=0}
                      ; - kotlinx.coroutines.DispatchedTask::run@383 (line 107)
  0x000001e74355b8f8: 8431 0507 

  0x000001e74355b8fc: ;   {other}
  0x000001e74355b8fc: 0f1f 8400 | ec2d 002c | 4881 c470 | 0100 005d 

  0x000001e74355b90c: ;   {poll_return}
  0x000001e74355b90c: 493b a748 | 0400 000f | 87b4 0800 | 00c3 488b | 9424 b000 | 0000 498b | 87f8 0400 | 004d 33d2 
  0x000001e74355b92c: 4d89 97f8 | 0400 004d | 33d2 4d89 | 9700 0500 | 0048 8bf2 

  0x000001e74355b940: ;   {metadata(method data for {method} {0x000001e79b5013b0} 'run' '()V' in 'kotlinx/coroutines/DispatchedTask')}
  0x000001e74355b940: 48bf 88ec | da9c e701 | 0000 8b76 | 0849 ba00 | 0000 5ae7 | 0100 0049 | 03f2 483b | b7a0 0900 
  0x000001e74355b960: 0075 0d48 | 8387 a809 | 0000 01e9 | 6000 0000 | 483b b7b0 | 0900 0075 | 0d48 8387 | b809 0000 
  0x000001e74355b980: 01e9 4a00 | 0000 4883 | bfa0 0900 | 0000 7517 | 4889 b7a0 | 0900 0048 | c787 a809 | 0000 0100 
  0x000001e74355b9a0: 0000 e929 | 0000 0048 | 83bf b009 | 0000 0075 | 1748 89b7 | b009 0000 | 48c7 87b8 | 0900 0001 
  0x000001e74355b9c0: 0000 00e9 | 0800 0000 | 4883 8790 | 0900 0001 | 4889 8424 | 5001 0000 | 0f1f 4400 | 0048 b8ff 
  0x000001e74355b9e0: ffff ffff 

  0x000001e74355b9e4: ;   {virtual_call}
  0x000001e74355b9e4: ffff ffe8 

  0x000001e74355b9e8: ; ImmutableOopMap {[336]=Oop }
                      ;*invokevirtual getDelegate$kotlinx_coroutines_core {reexecute=0 rethrow=0 return_oop=0}
                      ; - kotlinx.coroutines.DispatchedTask::run@362 (line 105)
  0x000001e74355b9e8: 9433 0507 

  0x000001e74355b9ec: ;   {other}
  0x000001e74355b9ec: 0f1f 8400 | dc2e 002d 

  0x000001e74355b9f4: ; implicit exception: dispatches to 0x000001e74355c1e3
  0x000001e74355b9f4: 483b 0048 

  0x000001e74355b9f8: ;   {metadata(method data for {method} {0x000001e79b5013b0} 'run' '()V' in 'kotlinx/coroutines/DispatchedTask')}
  0x000001e74355b9f8: 8bd0 48be | 88ec da9c | e701 0000 | 8b52 0849 | ba00 0000 | 5ae7 0100 | 0049 03d2 | 483b 96d8 
  0x000001e74355ba18: 0900 0075 | 0d48 8386 | e009 0000 | 01e9 6000 | 0000 483b | 96e8 0900 | 0075 0d48 | 8386 f009 
  0x000001e74355ba38: 0000 01e9 | 4a00 0000 | 4883 bed8 | 0900 0000 | 7517 4889 | 96d8 0900 | 0048 c786 | e009 0000 
  0x000001e74355ba58: 0100 0000 | e929 0000 | 0048 83be | e809 0000 | 0075 1748 | 8996 e809 | 0000 48c7 | 86f0 0900 
  0x000001e74355ba78: 0001 0000 | 00e9 0800 | 0000 4883 | 86c8 0900 | 0001 488b | d048 b8ff | ffff ffff 

  0x000001e74355ba94: ;   {virtual_call}
  0x000001e74355ba94: ffff ffe8 

  0x000001e74355ba98: ; ImmutableOopMap {[336]=Oop }
                      ;*invokeinterface getContext {reexecute=0 rethrow=0 return_oop=0}
                      ; - kotlinx.coroutines.DispatchedTask::run@365 (line 105)
  0x000001e74355ba98: e432 0507 

  0x000001e74355ba9c: ;   {other}
  0x000001e74355ba9c: 0f1f 8400 | 8c2f 002e | 488b 9424 | 5001 0000 

  0x000001e74355baac: ;   {metadata(method data for {method} {0x000001e79b5013b0} 'run' '()V' in 'kotlinx/coroutines/DispatchedTask')}
  0x000001e74355baac: 48be 88ec | da9c e701 | 0000 8b52 | 0849 ba00 | 0000 5ae7 | 0100 0049 | 03d2 483b | 9610 0a00 
  0x000001e74355bacc: 0075 0d48 | 8386 180a | 0000 01e9 | 6000 0000 | 483b 9620 | 0a00 0075 | 0d48 8386 | 280a 0000 
  0x000001e74355baec: 01e9 4a00 | 0000 4883 | be10 0a00 | 0000 7517 | 4889 9610 | 0a00 0048 | c786 180a | 0000 0100 
  0x000001e74355bb0c: 0000 e929 | 0000 0048 | 83be 200a | 0000 0075 | 1748 8996 | 200a 0000 | 48c7 8628 | 0a00 0001 
  0x000001e74355bb2c: 0000 00e9 | 0800 0000 | 4883 8600 | 0a00 0001 | 488b 9424 | 5001 0000 | 4889 8424 | 5801 0000 
  0x000001e74355bb4c: ;   {optimized virtual_call}
  0x000001e74355bb4c: 6666 90e8 

  0x000001e74355bb50: ; ImmutableOopMap {[344]=Oop }
                      ;*invokevirtual getCause {reexecute=0 rethrow=0 return_oop=0}
                      ; - kotlinx.coroutines.DispatchedTask::run@371 (line 105)
  0x000001e74355bb50: 2c2f 0507 

  0x000001e74355bb54: ;   {other}
  0x000001e74355bb54: 0f1f 8400 | 4430 002f | 488b 9424 | 5801 0000 

  0x000001e74355bb64: ;   {static_call}
  0x000001e74355bb64: 4c8b c0e8 

  0x000001e74355bb68: ; ImmutableOopMap {}
                      ;*invokestatic handleCoroutineException {reexecute=0 rethrow=0 return_oop=0}
                      ; - kotlinx.coroutines.DispatchedTask::run@374 (line 105)
  0x000001e74355bb68: 1435 0507 

  0x000001e74355bb6c: ;   {other}
  0x000001e74355bb6c: 0f1f 8400 | 5c30 0030 

  0x000001e74355bb74: ;   {metadata(method data for {method} {0x000001e79b5013b0} 'run' '()V' in 'kotlinx/coroutines/DispatchedTask')}
  0x000001e74355bb74: 48be 88ec | da9c e701 | 0000 ff86 | 480a 0000 | 4881 c470 | 0100 005d 

  0x000001e74355bb8c: ;   {poll_return}
  0x000001e74355bb8c: 493b a748 | 0400 000f | 874f 0600 

  0x000001e74355bb98: ;   {metadata({method} {0x000001e79b5013b0} 'run' '()V' in 'kotlinx/coroutines/DispatchedTask')}
  0x000001e74355bb98: 00c3 49ba | a813 509b | e701 0000 | 4c89 5424 | 0848 c704 | 24ff ffff 

  0x000001e74355bbb0: ;   {runtime_call counter_overflow Runtime1 stub}
  0x000001e74355bbb0: ffe8 4a56 

  0x000001e74355bbb4: ; ImmutableOopMap {rdx=Oop [176]=Oop }
                      ;*synchronization entry
                      ; - kotlinx.coroutines.DispatchedTask::run@-1 (line 78)
  0x000001e74355bbb4: 1107 e953 

  0x000001e74355bbb8: ;   {metadata({method} {0x000001e79b4de438} 'getASSERTIONS_ENABLED' '()Z' in 'kotlinx/coroutines/DebugKt')}
  0x000001e74355bbb8: d6ff ff49 | ba30 e44d | 9be7 0100 | 004c 8954 | 2408 48c7 | 0424 ffff 

  0x000001e74355bbd0: ;   {runtime_call counter_overflow Runtime1 stub}
  0x000001e74355bbd0: ffff e829 

  0x000001e74355bbd4: ; ImmutableOopMap {rdx=Oop [176]=Oop }
                      ;*synchronization entry
                      ; - kotlinx.coroutines.DebugKt::getASSERTIONS_ENABLED@-1 (line 63)
                      ; - kotlinx.coroutines.DispatchedTask::run@0 (line 78)
  0x000001e74355bbd4: 5611 07e9 | 6bd6 ffff 

  0x000001e74355bbdc: ;   {metadata({method} {0x000001e79b414498} 'checkNotNull' '(Ljava/lang/Object;Ljava/lang/String;)V' in 'kotlin/jvm/internal/Intrinsics')}
  0x000001e74355bbdc: 49ba 9044 | 419b e701 | 0000 4c89 | 5424 0848 | c704 24ff 

  0x000001e74355bbf0: ;   {runtime_call counter_overflow Runtime1 stub}
  0x000001e74355bbf0: ffff ffe8 

  0x000001e74355bbf4: ; ImmutableOopMap {rax=Oop [176]=Oop [184]=Oop }
                      ;*synchronization entry
                      ; - kotlin.jvm.internal.Intrinsics::checkNotNull@-1 (line 30)
                      ; - kotlinx.coroutines.DispatchedTask::run@40 (line 80)
  0x000001e74355bbf4: 0856 1107 | e950 d7ff 

  0x000001e74355bbfc: ;   {metadata({method} {0x000001e79b414768} 'throwJavaNpe' '(Ljava/lang/String;)V' in 'kotlin/jvm/internal/Intrinsics')}
  0x000001e74355bbfc: ff49 ba60 | 4741 9be7 | 0100 004c | 8954 2408 | 48c7 0424 | ffff ffff 

  0x000001e74355bc14: ;   {runtime_call counter_overflow Runtime1 stub}
  0x000001e74355bc14: e8e7 5511 

  0x000001e74355bc18: ; ImmutableOopMap {[176]=Oop [184]=Oop }
                      ;*synchronization entry
                      ; - kotlin.jvm.internal.Intrinsics::throwJavaNpe@-1 (line 50)
                      ; - kotlin.jvm.internal.Intrinsics::checkNotNull@5 (line 31)
                      ; - kotlinx.coroutines.DispatchedTask::run@40 (line 80)
  0x000001e74355bc18: 07e9 97d7 

  0x000001e74355bc1c: ;   {metadata(nullptr)}
  0x000001e74355bc1c: ffff 48ba | 0000 0000 | 0000 0000 | b800 0f05 

  0x000001e74355bc2c: ;   {runtime_call load_klass_patching Runtime1 stub}
  0x000001e74355bc2c: 0ae8 4e45 

  0x000001e74355bc30: ; ImmutableOopMap {[176]=Oop [184]=Oop }
                      ;*new {reexecute=1 rethrow=0 return_oop=0}
                      ; - (reexecute) kotlin.jvm.internal.Intrinsics::throwJavaNpe@0 (line 50)
                      ; - kotlin.jvm.internal.Intrinsics::checkNotNull@5 (line 31)
                      ; - kotlinx.coroutines.DispatchedTask::run@40 (line 80)
  0x000001e74355bc30: 1107 e981 | d7ff ff48 

  0x000001e74355bc38: ;   {runtime_call fast_new_instance Runtime1 stub}
  0x000001e74355bc38: 8bd2 e8c1 

  0x000001e74355bc3c: ; ImmutableOopMap {[176]=Oop [184]=Oop }
                      ;*new {reexecute=0 rethrow=0 return_oop=0}
                      ; - kotlin.jvm.internal.Intrinsics::throwJavaNpe@0 (line 50)
                      ; - kotlin.jvm.internal.Intrinsics::checkNotNull@5 (line 31)
                      ; - kotlinx.coroutines.DispatchedTask::run@40 (line 80)
  0x000001e74355bc3c: ed10 07e9 | d0d7 ffff 

  0x000001e74355bc44: ;   {metadata({method} {0x000001e79b4164f8} 'sanitizeStackTrace' '(Ljava/lang/Throwable;)Ljava/lang/Throwable;' in 'kotlin/jvm/internal/Intrinsics')}
  0x000001e74355bc44: 49ba f064 | 419b e701 | 0000 4c89 | 5424 0848 | c704 24ff 

  0x000001e74355bc58: ;   {runtime_call counter_overflow Runtime1 stub}
  0x000001e74355bc58: ffff ffe8 

  0x000001e74355bc5c: ; ImmutableOopMap {[176]=Oop [184]=Oop [192]=Oop }
                      ;*synchronization entry
                      ; - kotlin.jvm.internal.Intrinsics::sanitizeStackTrace@-1 (line 253)
                      ; - kotlin.jvm.internal.Intrinsics::throwJavaNpe@8 (line 50)
                      ; - kotlin.jvm.internal.Intrinsics::checkNotNull@5 (line 31)
                      ; - kotlinx.coroutines.DispatchedTask::run@40 (line 80)
  0x000001e74355bc5c: a055 1107 | e920 d8ff 

  0x000001e74355bc64: ;   {metadata({method} {0x000001e75a46b368} 'getName' '()Ljava/lang/String;' in 'java/lang/Class')}
  0x000001e74355bc64: ff49 ba60 | b346 5ae7 | 0100 004c | 8954 2408 | 48c7 0424 | ffff ffff 

  0x000001e74355bc7c: ;   {runtime_call counter_overflow Runtime1 stub}
  0x000001e74355bc7c: e87f 5511 

  0x000001e74355bc80: ; ImmutableOopMap {rdx=Oop [176]=Oop [184]=Oop [192]=Oop }
                      ;*synchronization entry
                      ; - java.lang.Class::getName@-1 (line 949)
                      ; - kotlin.jvm.internal.Intrinsics::sanitizeStackTrace@3 (line 253)
                      ; - kotlin.jvm.internal.Intrinsics::throwJavaNpe@8 (line 50)
                      ; - kotlin.jvm.internal.Intrinsics::checkNotNull@5 (line 31)
                      ; - kotlinx.coroutines.DispatchedTask::run@40 (line 80)
  0x000001e74355bc80: 07e9 45d8 

  0x000001e74355bc84: ;   {runtime_call throw_null_pointer_exception Runtime1 stub}
  0x000001e74355bc84: ffff e875 

  0x000001e74355bc88: ; ImmutableOopMap {[176]=Oop [184]=Oop [192]=Oop }
                      ;*getfield name {reexecute=1 rethrow=0 return_oop=0}
                      ; - (reexecute) java.lang.Class::getName@1 (line 949)
                      ; - kotlin.jvm.internal.Intrinsics::sanitizeStackTrace@3 (line 253)
                      ; - kotlin.jvm.internal.Intrinsics::throwJavaNpe@8 (line 50)
                      ; - kotlin.jvm.internal.Intrinsics::checkNotNull@5 (line 31)
                      ; - kotlinx.coroutines.DispatchedTask::run@40 (line 80)
  0x000001e74355bc88: e010 0748 

  0x000001e74355bc8c: ;   {runtime_call throw_class_cast_exception Runtime1 stub}
  0x000001e74355bc8c: 8904 24e8 

  0x000001e74355bc90: ; ImmutableOopMap {[176]=Oop }
                      ;*checkcast {reexecute=0 rethrow=0 return_oop=0}
                      ; - kotlinx.coroutines.DispatchedTask::run@43 (line 80)
  0x000001e74355bc90: 6c20 1107 

  0x000001e74355bc94: ;   {runtime_call throw_null_pointer_exception Runtime1 stub}
  0x000001e74355bc94: e867 e010 

  0x000001e74355bc98: ; ImmutableOopMap {rdx=Oop [176]=Oop }
                      ;*getfield continuation {reexecute=1 rethrow=0 return_oop=0}
                      ; - (reexecute) kotlinx.coroutines.DispatchedTask::run@48 (line 81)
                      ;   {runtime_call throw_null_pointer_exception Runtime1 stub}
  0x000001e74355bc98: 07e8 62e0 

  0x000001e74355bc9c: ; ImmutableOopMap {rsi=Oop rdi=Oop [176]=Oop }
                      ;*invokeinterface getContext {reexecute=0 rethrow=0 return_oop=0}
                      ; - kotlinx.coroutines.DispatchedTask::run@61 (line 222)
                      ;   {metadata({method} {0x000001e79b51b788} 'isCancellableMode' '(I)Z' in 'kotlinx/coroutines/DispatchedTaskKt')}
  0x000001e74355bc9c: 1007 49ba | 80b7 519b | e701 0000 | 4c89 5424 | 0848 c704 | 24ff ffff 

  0x000001e74355bcb4: ;   {runtime_call counter_overflow Runtime1 stub}
  0x000001e74355bcb4: ffe8 4655 

  0x000001e74355bcb8: ; ImmutableOopMap {rax=Oop rdx=Oop [176]=Oop [208]=Oop [216]=Oop [224]=Oop [232]=Oop [240]=Oop [248]=Oop [256]=Oop }
                      ;*synchronization entry
                      ; - kotlinx.coroutines.DispatchedTaskKt::isCancellableMode@-1 (line 43)
                      ; - kotlinx.coroutines.DispatchedTask::run@133 (line 91)
  0x000001e74355bcb8: 1107 e9f1 

  0x000001e74355bcbc: ;   {runtime_call throw_null_pointer_exception Runtime1 stub}
  0x000001e74355bcbc: ddff ffe8 

  0x000001e74355bcc0: ; ImmutableOopMap {rax=Oop [176]=Oop [208]=Oop [216]=Oop [224]=Oop [232]=Oop [248]=Oop [256]=Oop }
                      ;*invokeinterface get {reexecute=0 rethrow=0 return_oop=0}
                      ; - kotlinx.coroutines.DispatchedTask::run@147 (line 91)
  0x000001e74355bcc0: 3ce0 1007 | 4889 0424 

  0x000001e74355bcc8: ;   {runtime_call throw_class_cast_exception Runtime1 stub}
  0x000001e74355bcc8: e833 2011 

  0x000001e74355bccc: ; ImmutableOopMap {[176]=Oop [208]=Oop [216]=Oop [224]=Oop [232]=Oop [248]=Oop [256]=Oop }
                      ;*checkcast {reexecute=0 rethrow=0 return_oop=0}
                      ; - kotlinx.coroutines.DispatchedTask::run@152 (line 91)
                      ;   {runtime_call throw_null_pointer_exception Runtime1 stub}
  0x000001e74355bccc: 07e8 2ee0 

  0x000001e74355bcd0: ; ImmutableOopMap {rsi=Oop [176]=Oop [208]=Oop [216]=Oop [224]=Oop [232]=Oop [248]=Oop [256]=Oop }
                      ;*invokeinterface isActive {reexecute=0 rethrow=0 return_oop=0}
                      ; - kotlinx.coroutines.DispatchedTask::run@168 (line 92)
                      ;   {metadata({method} {0x000001e79b520ef8} 'createFailure' '(Ljava/lang/Throwable;)Ljava/lang/Object;' in 'kotlin/ResultKt')}
  0x000001e74355bcd0: 1007 49ba | f00e 529b | e701 0000 | 4c89 5424 | 0848 c704 | 24ff ffff 

  0x000001e74355bce8: ;   {runtime_call counter_overflow Runtime1 stub}
  0x000001e74355bce8: ffe8 1255 

  0x000001e74355bcec: ; ImmutableOopMap {rax=Oop [176]=Oop [208]=Oop [216]=Oop [224]=Oop [232]=Oop [256]=Oop }
                      ;*synchronization entry
                      ; - kotlin.ResultKt::createFailure@-1
                      ; - kotlinx.coroutines.DispatchedTask::run@273 (line 98)
  0x000001e74355bcec: 1107 e9e7 

  0x000001e74355bcf0: ;   {metadata({method} {0x000001e79b415410} 'checkNotNullParameter' '(Ljava/lang/Object;Ljava/lang/String;)V' in 'kotlin/jvm/internal/Intrinsics')}
  0x000001e74355bcf0: e1ff ff49 | ba08 5441 | 9be7 0100 | 004c 8954 | 2408 48c7 | 0424 ffff 

  0x000001e74355bd08: ;   {runtime_call counter_overflow Runtime1 stub}
  0x000001e74355bd08: ffff e8f1 

  0x000001e74355bd0c: ; ImmutableOopMap {rax=Oop [176]=Oop [208]=Oop [216]=Oop [224]=Oop [232]=Oop [256]=Oop }
                      ;*synchronization entry
                      ; - kotlin.jvm.internal.Intrinsics::checkNotNullParameter@-1 (line 130)
                      ; - kotlin.ResultKt::createFailure@3
                      ; - kotlinx.coroutines.DispatchedTask::run@273 (line 98)
  0x000001e74355bd0c: 5411 07e9 | ffe1 ffff 

  0x000001e74355bd14: ;   {metadata({method} {0x000001e79b415590} 'throwParameterIsNullNPE' '(Ljava/lang/String;)V' in 'kotlin/jvm/internal/Intrinsics')}
  0x000001e74355bd14: 49ba 8855 | 419b e701 | 0000 4c89 | 5424 0848 | c704 24ff 

  0x000001e74355bd28: ;   {runtime_call counter_overflow Runtime1 stub}
  0x000001e74355bd28: ffff ffe8 

  0x000001e74355bd2c: ; ImmutableOopMap {[176]=Oop [208]=Oop [216]=Oop [224]=Oop [232]=Oop [256]=Oop }
                      ;*synchronization entry
                      ; - kotlin.jvm.internal.Intrinsics::throwParameterIsNullNPE@-1 (line 140)
                      ; - kotlin.jvm.internal.Intrinsics::checkNotNullParameter@5 (line 131)
                      ; - kotlin.ResultKt::createFailure@3
                      ; - kotlinx.coroutines.DispatchedTask::run@273 (line 98)
  0x000001e74355bd2c: d054 1107 | e946 e2ff 

  0x000001e74355bd34: ;   {metadata(nullptr)}
  0x000001e74355bd34: ff48 ba00 | 0000 0000 | 0000 00b8 | 000f 050a 

  0x000001e74355bd44: ;   {runtime_call load_klass_patching Runtime1 stub}
  0x000001e74355bd44: e837 4411 

  0x000001e74355bd48: ; ImmutableOopMap {[176]=Oop [208]=Oop [216]=Oop [224]=Oop [232]=Oop [256]=Oop }
                      ;*new {reexecute=1 rethrow=0 return_oop=0}
                      ; - (reexecute) kotlin.jvm.internal.Intrinsics::throwParameterIsNullNPE@0 (line 140)
                      ; - kotlin.jvm.internal.Intrinsics::checkNotNullParameter@5 (line 131)
                      ; - kotlin.ResultKt::createFailure@3
                      ; - kotlinx.coroutines.DispatchedTask::run@273 (line 98)
  0x000001e74355bd48: 07e9 32e2 | ffff 488b 

  0x000001e74355bd50: ;   {runtime_call fast_new_instance Runtime1 stub}
  0x000001e74355bd50: d2e8 aaec 

  0x000001e74355bd54: ; ImmutableOopMap {[176]=Oop [208]=Oop [216]=Oop [224]=Oop [232]=Oop [256]=Oop }
                      ;*new {reexecute=0 rethrow=0 return_oop=0}
                      ; - kotlin.jvm.internal.Intrinsics::throwParameterIsNullNPE@0 (line 140)
                      ; - kotlin.jvm.internal.Intrinsics::checkNotNullParameter@5 (line 131)
                      ; - kotlin.ResultKt::createFailure@3
                      ; - kotlinx.coroutines.DispatchedTask::run@273 (line 98)
  0x000001e74355bd54: 1007 e981 

  0x000001e74355bd58: ;   {metadata({method} {0x000001e79b4164f8} 'sanitizeStackTrace' '(Ljava/lang/Throwable;)Ljava/lang/Throwable;' in 'kotlin/jvm/internal/Intrinsics')}
  0x000001e74355bd58: e2ff ff49 | baf0 6441 | 9be7 0100 | 004c 8954 | 2408 48c7 | 0424 ffff 

  0x000001e74355bd70: ;   {runtime_call counter_overflow Runtime1 stub}
  0x000001e74355bd70: ffff e889 

  0x000001e74355bd74: ; ImmutableOopMap {[176]=Oop [208]=Oop [216]=Oop [224]=Oop [232]=Oop [256]=Oop [272]=Oop }
                      ;*synchronization entry
                      ; - kotlin.jvm.internal.Intrinsics::sanitizeStackTrace@-1 (line 253)
                      ; - kotlin.jvm.internal.Intrinsics::throwParameterIsNullNPE@11 (line 140)
                      ; - kotlin.jvm.internal.Intrinsics::checkNotNullParameter@5 (line 131)
                      ; - kotlin.ResultKt::createFailure@3
                      ; - kotlinx.coroutines.DispatchedTask::run@273 (line 98)
  0x000001e74355bd74: 5411 07e9 | 09e3 ffff 

  0x000001e74355bd7c: ;   {metadata({method} {0x000001e75a46b368} 'getName' '()Ljava/lang/String;' in 'java/lang/Class')}
  0x000001e74355bd7c: 49ba 60b3 | 465a e701 | 0000 4c89 | 5424 0848 | c704 24ff 

  0x000001e74355bd90: ;   {runtime_call counter_overflow Runtime1 stub}
  0x000001e74355bd90: ffff ffe8 

  0x000001e74355bd94: ; ImmutableOopMap {rdx=Oop [176]=Oop [208]=Oop [216]=Oop [224]=Oop [232]=Oop [256]=Oop [272]=Oop }
                      ;*synchronization entry
                      ; - java.lang.Class::getName@-1 (line 949)
                      ; - kotlin.jvm.internal.Intrinsics::sanitizeStackTrace@3 (line 253)
                      ; - kotlin.jvm.internal.Intrinsics::throwParameterIsNullNPE@11 (line 140)
                      ; - kotlin.jvm.internal.Intrinsics::checkNotNullParameter@5 (line 131)
                      ; - kotlin.ResultKt::createFailure@3
                      ; - kotlinx.coroutines.DispatchedTask::run@273 (line 98)
  0x000001e74355bd94: 6854 1107 | e92e e3ff 

  0x000001e74355bd9c: ;   {runtime_call throw_null_pointer_exception Runtime1 stub}
  0x000001e74355bd9c: ffe8 5edf 

  0x000001e74355bda0: ; ImmutableOopMap {[176]=Oop [208]=Oop [216]=Oop [224]=Oop [232]=Oop [256]=Oop [272]=Oop }
                      ;*getfield name {reexecute=1 rethrow=0 return_oop=0}
                      ; - (reexecute) java.lang.Class::getName@1 (line 949)
                      ; - kotlin.jvm.internal.Intrinsics::sanitizeStackTrace@3 (line 253)
                      ; - kotlin.jvm.internal.Intrinsics::throwParameterIsNullNPE@11 (line 140)
                      ; - kotlin.jvm.internal.Intrinsics::checkNotNullParameter@5 (line 131)
                      ; - kotlin.ResultKt::createFailure@3
                      ; - kotlinx.coroutines.DispatchedTask::run@273 (line 98)
  0x000001e74355bda0: 1007 488b 

  0x000001e74355bda4: ;   {runtime_call fast_new_instance Runtime1 stub}
  0x000001e74355bda4: d2e8 56ec 

  0x000001e74355bda8: ; ImmutableOopMap {rbx=Oop [176]=Oop [208]=Oop [216]=Oop [224]=Oop [232]=Oop [256]=Oop }
                      ;*new {reexecute=0 rethrow=0 return_oop=0}
                      ; - kotlin.ResultKt::createFailure@6 (line 122)
                      ; - kotlinx.coroutines.DispatchedTask::run@273 (line 98)
  0x000001e74355bda8: 1007 e9fc 

  0x000001e74355bdac: ;   {metadata({method} {0x000001e79b50ee40} '<init>' '(Ljava/lang/Throwable;)V' in 'kotlin/Result$Failure')}
  0x000001e74355bdac: e3ff ff49 | ba38 ee50 | 9be7 0100 | 004c 8954 | 2408 48c7 | 0424 ffff 

  0x000001e74355bdc4: ;   {runtime_call counter_overflow Runtime1 stub}
  0x000001e74355bdc4: ffff e835 

  0x000001e74355bdc8: ; ImmutableOopMap {rbx=Oop rax=Oop [176]=Oop [208]=Oop [216]=Oop [224]=Oop [232]=Oop [256]=Oop [288]=Oop }
                      ;*synchronization entry
                      ; - kotlin.Result$Failure::<init>@-1
                      ; - kotlin.ResultKt::createFailure@11 (line 122)
                      ; - kotlinx.coroutines.DispatchedTask::run@273 (line 98)
  0x000001e74355bdc8: 5411 07e9 | 1fe4 ffff 

  0x000001e74355bdd0: ;   {metadata({method} {0x000001e79b415410} 'checkNotNullParameter' '(Ljava/lang/Object;Ljava/lang/String;)V' in 'kotlin/jvm/internal/Intrinsics')}
  0x000001e74355bdd0: 49ba 0854 | 419b e701 | 0000 4c89 | 5424 0848 | c704 24ff 

  0x000001e74355bde4: ;   {runtime_call counter_overflow Runtime1 stub}
  0x000001e74355bde4: ffff ffe8 

  0x000001e74355bde8: ; ImmutableOopMap {rbx=Oop rax=Oop [176]=Oop [208]=Oop [216]=Oop [224]=Oop [232]=Oop [256]=Oop [288]=Oop }
                      ;*synchronization entry
                      ; - kotlin.jvm.internal.Intrinsics::checkNotNullParameter@-1 (line 130)
                      ; - kotlin.Result$Failure::<init>@3
                      ; - kotlin.ResultKt::createFailure@11 (line 122)
                      ; - kotlinx.coroutines.DispatchedTask::run@273 (line 98)
  0x000001e74355bde8: 1454 1107 | e937 e4ff 

  0x000001e74355bdf0: ;   {metadata({method} {0x000001e79b415590} 'throwParameterIsNullNPE' '(Ljava/lang/String;)V' in 'kotlin/jvm/internal/Intrinsics')}
  0x000001e74355bdf0: ff49 ba88 | 5541 9be7 | 0100 004c | 8954 2408 | 48c7 0424 | ffff ffff 

  0x000001e74355be08: ;   {runtime_call counter_overflow Runtime1 stub}
  0x000001e74355be08: e8f3 5311 

  0x000001e74355be0c: ; ImmutableOopMap {[176]=Oop [208]=Oop [216]=Oop [224]=Oop [232]=Oop [256]=Oop [288]=Oop }
                      ;*synchronization entry
                      ; - kotlin.jvm.internal.Intrinsics::throwParameterIsNullNPE@-1 (line 140)
                      ; - kotlin.jvm.internal.Intrinsics::checkNotNullParameter@5 (line 131)
                      ; - kotlin.Result$Failure::<init>@3
                      ; - kotlin.ResultKt::createFailure@11 (line 122)
                      ; - kotlinx.coroutines.DispatchedTask::run@273 (line 98)
  0x000001e74355be0c: 07e9 7ee4 

  0x000001e74355be10: ;   {metadata(nullptr)}
  0x000001e74355be10: ffff 48ba | 0000 0000 | 0000 0000 | b800 0f05 

  0x000001e74355be20: ;   {runtime_call load_klass_patching Runtime1 stub}
  0x000001e74355be20: 0ae8 5a43 

  0x000001e74355be24: ; ImmutableOopMap {[176]=Oop [208]=Oop [216]=Oop [224]=Oop [232]=Oop [256]=Oop [288]=Oop }
                      ;*new {reexecute=1 rethrow=0 return_oop=0}
                      ; - (reexecute) kotlin.jvm.internal.Intrinsics::throwParameterIsNullNPE@0 (line 140)
                      ; - kotlin.jvm.internal.Intrinsics::checkNotNullParameter@5 (line 131)
                      ; - kotlin.Result$Failure::<init>@3
                      ; - kotlin.ResultKt::createFailure@11 (line 122)
                      ; - kotlinx.coroutines.DispatchedTask::run@273 (line 98)
  0x000001e74355be24: 1107 e965 | e4ff ff48 

  0x000001e74355be2c: ;   {runtime_call fast_new_instance Runtime1 stub}
  0x000001e74355be2c: 8bd2 e8cd 

  0x000001e74355be30: ; ImmutableOopMap {[176]=Oop [208]=Oop [216]=Oop [224]=Oop [232]=Oop [256]=Oop [288]=Oop }
                      ;*new {reexecute=0 rethrow=0 return_oop=0}
                      ; - kotlin.jvm.internal.Intrinsics::throwParameterIsNullNPE@0 (line 140)
                      ; - kotlin.jvm.internal.Intrinsics::checkNotNullParameter@5 (line 131)
                      ; - kotlin.Result$Failure::<init>@3
                      ; - kotlin.ResultKt::createFailure@11 (line 122)
                      ; - kotlinx.coroutines.DispatchedTask::run@273 (line 98)
  0x000001e74355be30: eb10 07e9 | b4e4 ffff 

  0x000001e74355be38: ;   {metadata({method} {0x000001e79b4164f8} 'sanitizeStackTrace' '(Ljava/lang/Throwable;)Ljava/lang/Throwable;' in 'kotlin/jvm/internal/Intrinsics')}
  0x000001e74355be38: 49ba f064 | 419b e701 | 0000 4c89 | 5424 0848 | c704 24ff 

  0x000001e74355be4c: ;   {runtime_call counter_overflow Runtime1 stub}
  0x000001e74355be4c: ffff ffe8 

  0x000001e74355be50: ; ImmutableOopMap {[176]=Oop [208]=Oop [216]=Oop [224]=Oop [232]=Oop [256]=Oop [280]=Oop [288]=Oop }
                      ;*synchronization entry
                      ; - kotlin.jvm.internal.Intrinsics::sanitizeStackTrace@-1 (line 253)
                      ; - kotlin.jvm.internal.Intrinsics::throwParameterIsNullNPE@11 (line 140)
                      ; - kotlin.jvm.internal.Intrinsics::checkNotNullParameter@5 (line 131)
                      ; - kotlin.Result$Failure::<init>@3
                      ; - kotlin.ResultKt::createFailure@11 (line 122)
                      ; - kotlinx.coroutines.DispatchedTask::run@273 (line 98)
  0x000001e74355be50: ac53 1107 | e93c e5ff 

  0x000001e74355be58: ;   {metadata({method} {0x000001e75a46b368} 'getName' '()Ljava/lang/String;' in 'java/lang/Class')}
  0x000001e74355be58: ff49 ba60 | b346 5ae7 | 0100 004c | 8954 2408 | 48c7 0424 | ffff ffff 

  0x000001e74355be70: ;   {runtime_call counter_overflow Runtime1 stub}
  0x000001e74355be70: e88b 5311 

  0x000001e74355be74: ; ImmutableOopMap {rdx=Oop [176]=Oop [208]=Oop [216]=Oop [224]=Oop [232]=Oop [256]=Oop [280]=Oop [288]=Oop }
                      ;*synchronization entry
                      ; - java.lang.Class::getName@-1 (line 949)
                      ; - kotlin.jvm.internal.Intrinsics::sanitizeStackTrace@3 (line 253)
                      ; - kotlin.jvm.internal.Intrinsics::throwParameterIsNullNPE@11 (line 140)
                      ; - kotlin.jvm.internal.Intrinsics::checkNotNullParameter@5 (line 131)
                      ; - kotlin.Result$Failure::<init>@3
                      ; - kotlin.ResultKt::createFailure@11 (line 122)
                      ; - kotlinx.coroutines.DispatchedTask::run@273 (line 98)
  0x000001e74355be74: 07e9 61e5 

  0x000001e74355be78: ;   {runtime_call throw_null_pointer_exception Runtime1 stub}
  0x000001e74355be78: ffff e881 

  0x000001e74355be7c: ; ImmutableOopMap {[176]=Oop [208]=Oop [216]=Oop [224]=Oop [232]=Oop [256]=Oop [280]=Oop [288]=Oop }
                      ;*getfield name {reexecute=1 rethrow=0 return_oop=0}
                      ; - (reexecute) java.lang.Class::getName@1 (line 949)
                      ; - kotlin.jvm.internal.Intrinsics::sanitizeStackTrace@3 (line 253)
                      ; - kotlin.jvm.internal.Intrinsics::throwParameterIsNullNPE@11 (line 140)
                      ; - kotlin.jvm.internal.Intrinsics::checkNotNullParameter@5 (line 131)
                      ; - kotlin.Result$Failure::<init>@3
                      ; - kotlin.ResultKt::createFailure@11 (line 122)
                      ; - kotlinx.coroutines.DispatchedTask::run@273 (line 98)
                      ;   {metadata({method} {0x000001e75a476650} '<init>' '()V' in 'java/lang/Object')}
  0x000001e74355be7c: de10 0749 | ba48 6647 | 5ae7 0100 | 004c 8954 | 2408 48c7 | 0424 ffff 

  0x000001e74355be94: ;   {runtime_call counter_overflow Runtime1 stub}
  0x000001e74355be94: ffff e865 

  0x000001e74355be98: ; ImmutableOopMap {rax=Oop rdi=Oop [176]=Oop [208]=Oop [216]=Oop [224]=Oop [232]=Oop [256]=Oop [288]=Oop }
                      ;*synchronization entry
                      ; - java.lang.Object::<init>@-1 (line 45)
                      ; - kotlin.Result$Failure::<init>@7 (line 105)
                      ; - kotlin.ResultKt::createFailure@11 (line 122)
                      ; - kotlinx.coroutines.DispatchedTask::run@273 (line 98)
  0x000001e74355be98: 5311 07e9 | 0de6 ffff | 448b 400c | 49c1 e003 | 4983 f800 | 0f84 09e6 | ffff 4c89 

  0x000001e74355beb4: ;   {runtime_call g1_pre_barrier_slow}
  0x000001e74355beb4: 0424 e845 | 5911 07e9 | fbe5 ffff | 4883 ff00 | 0f84 10e6 | ffff 4889 

  0x000001e74355becc: ;   {runtime_call g1_post_barrier_slow}
  0x000001e74355becc: 0424 e82d | 5c11 07e9 | 02e6 ffff 

  0x000001e74355bed8: ;   {metadata({method} {0x000001e79b50cf08} 'constructor-impl' '(Ljava/lang/Object;)Ljava/lang/Object;' in 'kotlin/Result')}
  0x000001e74355bed8: 49ba 00cf | 509b e701 | 0000 4c89 | 5424 0848 | c704 24ff 

  0x000001e74355beec: ;   {runtime_call counter_overflow Runtime1 stub}
  0x000001e74355beec: ffff ffe8 

  0x000001e74355bef0: ; ImmutableOopMap {rax=Oop [176]=Oop [208]=Oop [216]=Oop [224]=Oop [232]=Oop [288]=Oop }
                      ;*synchronization entry
                      ; - kotlin.Result::constructor-impl@-1
                      ; - kotlinx.coroutines.DispatchedTask::run@276 (line 98)
  0x000001e74355bef0: 0c53 1107 | e91c e6ff 

  0x000001e74355bef8: ;   {metadata({method} {0x000001e79b50cf08} 'constructor-impl' '(Ljava/lang/Object;)Ljava/lang/Object;' in 'kotlin/Result')}
  0x000001e74355bef8: ff49 ba00 | cf50 9be7 | 0100 004c | 8954 2408 | 48c7 0424 | ffff ffff 

  0x000001e74355bf10: ;   {runtime_call counter_overflow Runtime1 stub}
  0x000001e74355bf10: e8eb 5211 

  0x000001e74355bf14: ; ImmutableOopMap {rax=Oop [176]=Oop [208]=Oop [216]=Oop [224]=Oop [232]=Oop }
                      ;*synchronization entry
                      ; - kotlin.Result::constructor-impl@-1
                      ; - kotlinx.coroutines.DispatchedTask::run@298 (line 100)
  0x000001e74355bf14: 07e9 cde7 

  0x000001e74355bf18: ;   {runtime_call throw_incompatible_class_change_error Runtime1 stub}
  0x000001e74355bf18: ffff e8e1 

  0x000001e74355bf1c: ; ImmutableOopMap {rsi=Oop [176]=Oop [208]=Oop [216]=Oop [224]=Oop [232]=Oop [248]=Oop }
                      ;*invokeinterface getCancellationException {reexecute=0 rethrow=0 return_oop=0}
                      ; - kotlinx.coroutines.DispatchedTask::run@178 (line 93)
                      ;   {metadata({method} {0x000001e79b4de568} 'getRECOVER_STACK_TRACES' '()Z' in 'kotlinx/coroutines/DebugKt')}
  0x000001e74355bf1c: 2411 0749 | ba60 e54d | 9be7 0100 | 004c 8954 | 2408 48c7 | 0424 ffff 

  0x000001e74355bf34: ;   {runtime_call counter_overflow Runtime1 stub}
  0x000001e74355bf34: ffff e8c5 

  0x000001e74355bf38: ; ImmutableOopMap {[176]=Oop [208]=Oop [216]=Oop [224]=Oop [232]=Oop [296]=Oop }
                      ;*synchronization entry
                      ; - kotlinx.coroutines.DebugKt::getRECOVER_STACK_TRACES@-1 (line 77)
                      ; - kotlinx.coroutines.DispatchedTask::run@211 (line 233)
  0x000001e74355bf38: 5211 07e9 | 55ea ffff 

  0x000001e74355bf40: ;   {metadata({method} {0x000001e79b520ef8} 'createFailure' '(Ljava/lang/Throwable;)Ljava/lang/Object;' in 'kotlin/ResultKt')}
  0x000001e74355bf40: 49ba f00e | 529b e701 | 0000 4c89 | 5424 0848 | c704 24ff 

  0x000001e74355bf54: ;   {runtime_call counter_overflow Runtime1 stub}
  0x000001e74355bf54: ffff ffe8 

  0x000001e74355bf58: ; ImmutableOopMap {rax=Oop [176]=Oop [208]=Oop [216]=Oop [224]=Oop [232]=Oop [296]=Oop }
                      ;*synchronization entry
                      ; - kotlin.ResultKt::createFailure@-1
                      ; - kotlinx.coroutines.DispatchedTask::run@246 (line 232)
  0x000001e74355bf58: a452 1107 | e995 eaff 

  0x000001e74355bf60: ;   {metadata({method} {0x000001e79b415410} 'checkNotNullParameter' '(Ljava/lang/Object;Ljava/lang/String;)V' in 'kotlin/jvm/internal/Intrinsics')}
  0x000001e74355bf60: ff49 ba08 | 5441 9be7 | 0100 004c | 8954 2408 | 48c7 0424 | ffff ffff 

  0x000001e74355bf78: ;   {runtime_call counter_overflow Runtime1 stub}
  0x000001e74355bf78: e883 5211 

  0x000001e74355bf7c: ; ImmutableOopMap {rax=Oop [176]=Oop [208]=Oop [216]=Oop [224]=Oop [232]=Oop [296]=Oop }
                      ;*synchronization entry
                      ; - kotlin.jvm.internal.Intrinsics::checkNotNullParameter@-1 (line 130)
                      ; - kotlin.ResultKt::createFailure@3
                      ; - kotlinx.coroutines.DispatchedTask::run@246 (line 232)
  0x000001e74355bf7c: 07e9 adea 

  0x000001e74355bf80: ;   {metadata({method} {0x000001e79b415590} 'throwParameterIsNullNPE' '(Ljava/lang/String;)V' in 'kotlin/jvm/internal/Intrinsics')}
  0x000001e74355bf80: ffff 49ba | 8855 419b | e701 0000 | 4c89 5424 | 0848 c704 | 24ff ffff 

  0x000001e74355bf98: ;   {runtime_call counter_overflow Runtime1 stub}
  0x000001e74355bf98: ffe8 6252 

  0x000001e74355bf9c: ; ImmutableOopMap {[176]=Oop [208]=Oop [216]=Oop [224]=Oop [232]=Oop [296]=Oop }
                      ;*synchronization entry
                      ; - kotlin.jvm.internal.Intrinsics::throwParameterIsNullNPE@-1 (line 140)
                      ; - kotlin.jvm.internal.Intrinsics::checkNotNullParameter@5 (line 131)
                      ; - kotlin.ResultKt::createFailure@3
                      ; - kotlinx.coroutines.DispatchedTask::run@246 (line 232)
  0x000001e74355bf9c: 1107 e9f4 

  0x000001e74355bfa0: ;   {metadata(nullptr)}
  0x000001e74355bfa0: eaff ff48 | ba00 0000 | 0000 0000 | 00b8 000f 

  0x000001e74355bfb0: ;   {runtime_call load_klass_patching Runtime1 stub}
  0x000001e74355bfb0: 050a e8c9 

  0x000001e74355bfb4: ; ImmutableOopMap {[176]=Oop [208]=Oop [216]=Oop [224]=Oop [232]=Oop [296]=Oop }
                      ;*new {reexecute=1 rethrow=0 return_oop=0}
                      ; - (reexecute) kotlin.jvm.internal.Intrinsics::throwParameterIsNullNPE@0 (line 140)
                      ; - kotlin.jvm.internal.Intrinsics::checkNotNullParameter@5 (line 131)
                      ; - kotlin.ResultKt::createFailure@3
                      ; - kotlinx.coroutines.DispatchedTask::run@246 (line 232)
  0x000001e74355bfb4: 4111 07e9 | dcea ffff 

  0x000001e74355bfbc: ;   {runtime_call fast_new_instance Runtime1 stub}
  0x000001e74355bfbc: 488b d2e8 

  0x000001e74355bfc0: ; ImmutableOopMap {[176]=Oop [208]=Oop [216]=Oop [224]=Oop [232]=Oop [296]=Oop }
                      ;*new {reexecute=0 rethrow=0 return_oop=0}
                      ; - kotlin.jvm.internal.Intrinsics::throwParameterIsNullNPE@0 (line 140)
                      ; - kotlin.jvm.internal.Intrinsics::checkNotNullParameter@5 (line 131)
                      ; - kotlin.ResultKt::createFailure@3
                      ; - kotlinx.coroutines.DispatchedTask::run@246 (line 232)
  0x000001e74355bfc0: 3cea 1007 | e92b ebff 

  0x000001e74355bfc8: ;   {metadata({method} {0x000001e79b4164f8} 'sanitizeStackTrace' '(Ljava/lang/Throwable;)Ljava/lang/Throwable;' in 'kotlin/jvm/internal/Intrinsics')}
  0x000001e74355bfc8: ff49 baf0 | 6441 9be7 | 0100 004c | 8954 2408 | 48c7 0424 | ffff ffff 

  0x000001e74355bfe0: ;   {runtime_call counter_overflow Runtime1 stub}
  0x000001e74355bfe0: e81b 5211 

  0x000001e74355bfe4: ; ImmutableOopMap {[176]=Oop [208]=Oop [216]=Oop [224]=Oop [232]=Oop [296]=Oop [304]=Oop }
                      ;*synchronization entry
                      ; - kotlin.jvm.internal.Intrinsics::sanitizeStackTrace@-1 (line 253)
                      ; - kotlin.jvm.internal.Intrinsics::throwParameterIsNullNPE@11 (line 140)
                      ; - kotlin.jvm.internal.Intrinsics::checkNotNullParameter@5 (line 131)
                      ; - kotlin.ResultKt::createFailure@3
                      ; - kotlinx.coroutines.DispatchedTask::run@246 (line 232)
  0x000001e74355bfe4: 07e9 b3eb 

  0x000001e74355bfe8: ;   {metadata({method} {0x000001e75a46b368} 'getName' '()Ljava/lang/String;' in 'java/lang/Class')}
  0x000001e74355bfe8: ffff 49ba | 60b3 465a | e701 0000 | 4c89 5424 | 0848 c704 | 24ff ffff 

  0x000001e74355c000: ;   {runtime_call counter_overflow Runtime1 stub}
  0x000001e74355c000: ffe8 fa51 

  0x000001e74355c004: ; ImmutableOopMap {rdx=Oop [176]=Oop [208]=Oop [216]=Oop [224]=Oop [232]=Oop [296]=Oop [304]=Oop }
                      ;*synchronization entry
                      ; - java.lang.Class::getName@-1 (line 949)
                      ; - kotlin.jvm.internal.Intrinsics::sanitizeStackTrace@3 (line 253)
                      ; - kotlin.jvm.internal.Intrinsics::throwParameterIsNullNPE@11 (line 140)
                      ; - kotlin.jvm.internal.Intrinsics::checkNotNullParameter@5 (line 131)
                      ; - kotlin.ResultKt::createFailure@3
                      ; - kotlinx.coroutines.DispatchedTask::run@246 (line 232)
  0x000001e74355c004: 1107 e9d8 

  0x000001e74355c008: ;   {runtime_call throw_null_pointer_exception Runtime1 stub}
  0x000001e74355c008: ebff ffe8 

  0x000001e74355c00c: ; ImmutableOopMap {[176]=Oop [208]=Oop [216]=Oop [224]=Oop [232]=Oop [296]=Oop [304]=Oop }
                      ;*getfield name {reexecute=1 rethrow=0 return_oop=0}
                      ; - (reexecute) java.lang.Class::getName@1 (line 949)
                      ; - kotlin.jvm.internal.Intrinsics::sanitizeStackTrace@3 (line 253)
                      ; - kotlin.jvm.internal.Intrinsics::throwParameterIsNullNPE@11 (line 140)
                      ; - kotlin.jvm.internal.Intrinsics::checkNotNullParameter@5 (line 131)
                      ; - kotlin.ResultKt::createFailure@3
                      ; - kotlinx.coroutines.DispatchedTask::run@246 (line 232)
  0x000001e74355c00c: f0dc 1007 

  0x000001e74355c010: ;   {runtime_call fast_new_instance Runtime1 stub}
  0x000001e74355c010: 488b d2e8 

  0x000001e74355c014: ; ImmutableOopMap {rbx=Oop [176]=Oop [208]=Oop [216]=Oop [224]=Oop [232]=Oop [296]=Oop }
                      ;*new {reexecute=0 rethrow=0 return_oop=0}
                      ; - kotlin.ResultKt::createFailure@6 (line 122)
                      ; - kotlinx.coroutines.DispatchedTask::run@246 (line 232)
  0x000001e74355c014: e8e9 1007 | e9a6 ecff 

  0x000001e74355c01c: ;   {metadata({method} {0x000001e79b50ee40} '<init>' '(Ljava/lang/Throwable;)V' in 'kotlin/Result$Failure')}
  0x000001e74355c01c: ff49 ba38 | ee50 9be7 | 0100 004c | 8954 2408 | 48c7 0424 | ffff ffff 

  0x000001e74355c034: ;   {runtime_call counter_overflow Runtime1 stub}
  0x000001e74355c034: e8c7 5111 

  0x000001e74355c038: ; ImmutableOopMap {rbx=Oop rax=Oop [176]=Oop [208]=Oop [216]=Oop [224]=Oop [232]=Oop [296]=Oop [320]=Oop }
                      ;*synchronization entry
                      ; - kotlin.Result$Failure::<init>@-1
                      ; - kotlin.ResultKt::createFailure@11 (line 122)
                      ; - kotlinx.coroutines.DispatchedTask::run@246 (line 232)
  0x000001e74355c038: 07e9 c9ec 

  0x000001e74355c03c: ;   {metadata({method} {0x000001e79b415410} 'checkNotNullParameter' '(Ljava/lang/Object;Ljava/lang/String;)V' in 'kotlin/jvm/internal/Intrinsics')}
  0x000001e74355c03c: ffff 49ba | 0854 419b | e701 0000 | 4c89 5424 | 0848 c704 | 24ff ffff 

  0x000001e74355c054: ;   {runtime_call counter_overflow Runtime1 stub}
  0x000001e74355c054: ffe8 a651 

  0x000001e74355c058: ; ImmutableOopMap {rbx=Oop rax=Oop [176]=Oop [208]=Oop [216]=Oop [224]=Oop [232]=Oop [296]=Oop [320]=Oop }
                      ;*synchronization entry
                      ; - kotlin.jvm.internal.Intrinsics::checkNotNullParameter@-1 (line 130)
                      ; - kotlin.Result$Failure::<init>@3
                      ; - kotlin.ResultKt::createFailure@11 (line 122)
                      ; - kotlinx.coroutines.DispatchedTask::run@246 (line 232)
  0x000001e74355c058: 1107 e9e1 

  0x000001e74355c05c: ;   {metadata({method} {0x000001e79b415590} 'throwParameterIsNullNPE' '(Ljava/lang/String;)V' in 'kotlin/jvm/internal/Intrinsics')}
  0x000001e74355c05c: ecff ff49 | ba88 5541 | 9be7 0100 | 004c 8954 | 2408 48c7 | 0424 ffff 

  0x000001e74355c074: ;   {runtime_call counter_overflow Runtime1 stub}
  0x000001e74355c074: ffff e885 

  0x000001e74355c078: ; ImmutableOopMap {[176]=Oop [208]=Oop [216]=Oop [224]=Oop [232]=Oop [296]=Oop [320]=Oop }
                      ;*synchronization entry
                      ; - kotlin.jvm.internal.Intrinsics::throwParameterIsNullNPE@-1 (line 140)
                      ; - kotlin.jvm.internal.Intrinsics::checkNotNullParameter@5 (line 131)
                      ; - kotlin.Result$Failure::<init>@3
                      ; - kotlin.ResultKt::createFailure@11 (line 122)
                      ; - kotlinx.coroutines.DispatchedTask::run@246 (line 232)
  0x000001e74355c078: 5111 07e9 | 28ed ffff 

  0x000001e74355c080: ;   {metadata(nullptr)}
  0x000001e74355c080: 48ba 0000 | 0000 0000 | 0000 b800 

  0x000001e74355c08c: ;   {runtime_call load_klass_patching Runtime1 stub}
  0x000001e74355c08c: 0f05 0ae8 

  0x000001e74355c090: ; ImmutableOopMap {[176]=Oop [208]=Oop [216]=Oop [224]=Oop [232]=Oop [296]=Oop [320]=Oop }
                      ;*new {reexecute=1 rethrow=0 return_oop=0}
                      ; - (reexecute) kotlin.jvm.internal.Intrinsics::throwParameterIsNullNPE@0 (line 140)
                      ; - kotlin.jvm.internal.Intrinsics::checkNotNullParameter@5 (line 131)
                      ; - kotlin.Result$Failure::<init>@3
                      ; - kotlin.ResultKt::createFailure@11 (line 122)
                      ; - kotlinx.coroutines.DispatchedTask::run@246 (line 232)
  0x000001e74355c090: ec40 1107 | e90f edff | ff48 8bd2 

  0x000001e74355c09c: ;   {runtime_call fast_new_instance Runtime1 stub}
  0x000001e74355c09c: e85f e910 

  0x000001e74355c0a0: ; ImmutableOopMap {[176]=Oop [208]=Oop [216]=Oop [224]=Oop [232]=Oop [296]=Oop [320]=Oop }
                      ;*new {reexecute=0 rethrow=0 return_oop=0}
                      ; - kotlin.jvm.internal.Intrinsics::throwParameterIsNullNPE@0 (line 140)
                      ; - kotlin.jvm.internal.Intrinsics::checkNotNullParameter@5 (line 131)
                      ; - kotlin.Result$Failure::<init>@3
                      ; - kotlin.ResultKt::createFailure@11 (line 122)
                      ; - kotlinx.coroutines.DispatchedTask::run@246 (line 232)
  0x000001e74355c0a0: 07e9 5eed 

  0x000001e74355c0a4: ;   {metadata({method} {0x000001e79b4164f8} 'sanitizeStackTrace' '(Ljava/lang/Throwable;)Ljava/lang/Throwable;' in 'kotlin/jvm/internal/Intrinsics')}
  0x000001e74355c0a4: ffff 49ba | f064 419b | e701 0000 | 4c89 5424 | 0848 c704 | 24ff ffff 

  0x000001e74355c0bc: ;   {runtime_call counter_overflow Runtime1 stub}
  0x000001e74355c0bc: ffe8 3e51 

  0x000001e74355c0c0: ; ImmutableOopMap {[176]=Oop [208]=Oop [216]=Oop [224]=Oop [232]=Oop [296]=Oop [312]=Oop [320]=Oop }
                      ;*synchronization entry
                      ; - kotlin.jvm.internal.Intrinsics::sanitizeStackTrace@-1 (line 253)
                      ; - kotlin.jvm.internal.Intrinsics::throwParameterIsNullNPE@11 (line 140)
                      ; - kotlin.jvm.internal.Intrinsics::checkNotNullParameter@5 (line 131)
                      ; - kotlin.Result$Failure::<init>@3
                      ; - kotlin.ResultKt::createFailure@11 (line 122)
                      ; - kotlinx.coroutines.DispatchedTask::run@246 (line 232)
  0x000001e74355c0c0: 1107 e9e6 

  0x000001e74355c0c4: ;   {metadata({method} {0x000001e75a46b368} 'getName' '()Ljava/lang/String;' in 'java/lang/Class')}
  0x000001e74355c0c4: edff ff49 | ba60 b346 | 5ae7 0100 | 004c 8954 | 2408 48c7 | 0424 ffff 

  0x000001e74355c0dc: ;   {runtime_call counter_overflow Runtime1 stub}
  0x000001e74355c0dc: ffff e81d 

  0x000001e74355c0e0: ; ImmutableOopMap {rdx=Oop [176]=Oop [208]=Oop [216]=Oop [224]=Oop [232]=Oop [296]=Oop [312]=Oop [320]=Oop }
                      ;*synchronization entry
                      ; - java.lang.Class::getName@-1 (line 949)
                      ; - kotlin.jvm.internal.Intrinsics::sanitizeStackTrace@3 (line 253)
                      ; - kotlin.jvm.internal.Intrinsics::throwParameterIsNullNPE@11 (line 140)
                      ; - kotlin.jvm.internal.Intrinsics::checkNotNullParameter@5 (line 131)
                      ; - kotlin.Result$Failure::<init>@3
                      ; - kotlin.ResultKt::createFailure@11 (line 122)
                      ; - kotlinx.coroutines.DispatchedTask::run@246 (line 232)
  0x000001e74355c0e0: 5111 07e9 | 0bee ffff 

  0x000001e74355c0e8: ;   {runtime_call throw_null_pointer_exception Runtime1 stub}
  0x000001e74355c0e8: e813 dc10 

  0x000001e74355c0ec: ; ImmutableOopMap {[176]=Oop [208]=Oop [216]=Oop [224]=Oop [232]=Oop [296]=Oop [312]=Oop [320]=Oop }
                      ;*getfield name {reexecute=1 rethrow=0 return_oop=0}
                      ; - (reexecute) java.lang.Class::getName@1 (line 949)
                      ; - kotlin.jvm.internal.Intrinsics::sanitizeStackTrace@3 (line 253)
                      ; - kotlin.jvm.internal.Intrinsics::throwParameterIsNullNPE@11 (line 140)
                      ; - kotlin.jvm.internal.Intrinsics::checkNotNullParameter@5 (line 131)
                      ; - kotlin.Result$Failure::<init>@3
                      ; - kotlin.ResultKt::createFailure@11 (line 122)
                      ; - kotlinx.coroutines.DispatchedTask::run@246 (line 232)
                      ;   {metadata({method} {0x000001e75a476650} '<init>' '()V' in 'java/lang/Object')}
  0x000001e74355c0ec: 0749 ba48 | 6647 5ae7 | 0100 004c | 8954 2408 | 48c7 0424 | ffff ffff 

  0x000001e74355c104: ;   {runtime_call counter_overflow Runtime1 stub}
  0x000001e74355c104: e8f7 5011 

  0x000001e74355c108: ; ImmutableOopMap {rdi=Oop rax=Oop [176]=Oop [208]=Oop [216]=Oop [224]=Oop [232]=Oop [296]=Oop [320]=Oop }
                      ;*synchronization entry
                      ; - java.lang.Object::<init>@-1 (line 45)
                      ; - kotlin.Result$Failure::<init>@7 (line 105)
                      ; - kotlin.ResultKt::createFailure@11 (line 122)
                      ; - kotlinx.coroutines.DispatchedTask::run@246 (line 232)
  0x000001e74355c108: 07e9 b7ee | ffff 448b | 400c 49c1 | e003 4983 | f800 0f84 | b3ee ffff | 4c89 0424 

  0x000001e74355c124: ;   {runtime_call g1_pre_barrier_slow}
  0x000001e74355c124: e8d7 5611 | 07e9 a5ee | ffff 4883 | ff00 0f84 | baee ffff | 4889 0424 

  0x000001e74355c13c: ;   {runtime_call g1_post_barrier_slow}
  0x000001e74355c13c: e8bf 5911 | 07e9 acee 

  0x000001e74355c144: ;   {metadata({method} {0x000001e79b50cf08} 'constructor-impl' '(Ljava/lang/Object;)Ljava/lang/Object;' in 'kotlin/Result')}
  0x000001e74355c144: ffff 49ba | 00cf 509b | e701 0000 | 4c89 5424 | 0848 c704 | 24ff ffff 

  0x000001e74355c15c: ;   {runtime_call counter_overflow Runtime1 stub}
  0x000001e74355c15c: ffe8 9e50 

  0x000001e74355c160: ; ImmutableOopMap {rax=Oop [176]=Oop [208]=Oop [216]=Oop [224]=Oop [232]=Oop [320]=Oop }
                      ;*synchronization entry
                      ; - kotlin.Result::constructor-impl@-1
                      ; - kotlinx.coroutines.DispatchedTask::run@249 (line 232)
  0x000001e74355c160: 1107 e9c6 

  0x000001e74355c164: ;   {runtime_call throw_null_pointer_exception Runtime1 stub}
  0x000001e74355c164: eeff ffe8 

  0x000001e74355c168: ; ImmutableOopMap {rax=Oop [176]=Oop [216]=Oop [224]=Oop }
                      ;*invokevirtual clearThreadContext {reexecute=0 rethrow=0 return_oop=0}
                      ; - kotlinx.coroutines.DispatchedTask::run@319 (line 236)
  0x000001e74355c168: 94db 1007 

  0x000001e74355c16c: ;   {internal_word}
  0x000001e74355c16c: 49ba d4b1 | 5543 e701 | 0000 4d89 | 9760 0400 

  0x000001e74355c17c: ;   {runtime_call SafepointBlob}
  0x000001e74355c17c: 00e9 fe92 | 0507 4889 

  0x000001e74355c184: ;   {runtime_call throw_class_cast_exception Runtime1 stub}
  0x000001e74355c184: 0424 e875 

  0x000001e74355c188: ; ImmutableOopMap {r8=Oop [176]=Oop [208]=Oop [216]=Oop [224]=Oop [232]=Oop [296]=Oop [320]=Oop }
                      ;*checkcast {reexecute=0 rethrow=0 return_oop=0}
                      ; - kotlin.jvm.internal.Intrinsics::throwParameterIsNullNPE@14 (line 140)
                      ; - kotlin.jvm.internal.Intrinsics::checkNotNullParameter@5 (line 131)
                      ; - kotlin.Result$Failure::<init>@3
                      ; - kotlin.ResultKt::createFailure@11 (line 122)
                      ; - kotlinx.coroutines.DispatchedTask::run@246 (line 232)
                      ;   {runtime_call throw_null_pointer_exception Runtime1 stub}
  0x000001e74355c188: 1b11 07e8 

  0x000001e74355c18c: ; ImmutableOopMap {r8=Oop rax=Oop [176]=Oop [208]=Oop [216]=Oop [224]=Oop [232]=Oop [296]=Oop [320]=Oop }
                      ;*athrow {reexecute=1 rethrow=0 return_oop=0}
                      ; - (reexecute) kotlin.jvm.internal.Intrinsics::throwParameterIsNullNPE@17 (line 140)
                      ; - kotlin.jvm.internal.Intrinsics::checkNotNullParameter@5 (line 131)
                      ; - kotlin.Result$Failure::<init>@3
                      ; - kotlin.ResultKt::createFailure@11 (line 122)
                      ; - kotlinx.coroutines.DispatchedTask::run@246 (line 232)
  0x000001e74355c18c: 70db 1007 | 4889 0424 

  0x000001e74355c194: ;   {runtime_call throw_class_cast_exception Runtime1 stub}
  0x000001e74355c194: e867 1b11 

  0x000001e74355c198: ; ImmutableOopMap {r8=Oop [176]=Oop [208]=Oop [216]=Oop [224]=Oop [232]=Oop [296]=Oop }
                      ;*checkcast {reexecute=0 rethrow=0 return_oop=0}
                      ; - kotlin.jvm.internal.Intrinsics::throwParameterIsNullNPE@14 (line 140)
                      ; - kotlin.jvm.internal.Intrinsics::checkNotNullParameter@5 (line 131)
                      ; - kotlin.ResultKt::createFailure@3
                      ; - kotlinx.coroutines.DispatchedTask::run@246 (line 232)
                      ;   {runtime_call throw_null_pointer_exception Runtime1 stub}
  0x000001e74355c198: 07e8 62db 

  0x000001e74355c19c: ; ImmutableOopMap {r8=Oop rax=Oop [176]=Oop [208]=Oop [216]=Oop [224]=Oop [232]=Oop [296]=Oop }
                      ;*athrow {reexecute=1 rethrow=0 return_oop=0}
                      ; - (reexecute) kotlin.jvm.internal.Intrinsics::throwParameterIsNullNPE@17 (line 140)
                      ; - kotlin.jvm.internal.Intrinsics::checkNotNullParameter@5 (line 131)
                      ; - kotlin.ResultKt::createFailure@3
                      ; - kotlinx.coroutines.DispatchedTask::run@246 (line 232)
  0x000001e74355c19c: 1007 4889 

  0x000001e74355c1a0: ;   {runtime_call throw_class_cast_exception Runtime1 stub}
  0x000001e74355c1a0: 0424 e859 

  0x000001e74355c1a4: ; ImmutableOopMap {r8=Oop [176]=Oop [208]=Oop [216]=Oop [224]=Oop [232]=Oop [256]=Oop [288]=Oop }
                      ;*checkcast {reexecute=0 rethrow=0 return_oop=0}
                      ; - kotlin.jvm.internal.Intrinsics::throwParameterIsNullNPE@14 (line 140)
                      ; - kotlin.jvm.internal.Intrinsics::checkNotNullParameter@5 (line 131)
                      ; - kotlin.Result$Failure::<init>@3
                      ; - kotlin.ResultKt::createFailure@11 (line 122)
                      ; - kotlinx.coroutines.DispatchedTask::run@273 (line 98)
                      ;   {runtime_call throw_null_pointer_exception Runtime1 stub}
  0x000001e74355c1a4: 1b11 07e8 

  0x000001e74355c1a8: ; ImmutableOopMap {r8=Oop rax=Oop [176]=Oop [208]=Oop [216]=Oop [224]=Oop [232]=Oop [256]=Oop [288]=Oop }
                      ;*athrow {reexecute=1 rethrow=0 return_oop=0}
                      ; - (reexecute) kotlin.jvm.internal.Intrinsics::throwParameterIsNullNPE@17 (line 140)
                      ; - kotlin.jvm.internal.Intrinsics::checkNotNullParameter@5 (line 131)
                      ; - kotlin.Result$Failure::<init>@3
                      ; - kotlin.ResultKt::createFailure@11 (line 122)
                      ; - kotlinx.coroutines.DispatchedTask::run@273 (line 98)
  0x000001e74355c1a8: 54db 1007 | 4889 0424 

  0x000001e74355c1b0: ;   {runtime_call throw_class_cast_exception Runtime1 stub}
  0x000001e74355c1b0: e84b 1b11 

  0x000001e74355c1b4: ; ImmutableOopMap {rdi=Oop rsi=Oop [176]=Oop [216]=Oop [224]=Oop [232]=Oop [256]=Oop }
                      ;*checkcast {reexecute=0 rethrow=0 return_oop=0}
                      ; - kotlin.jvm.internal.Intrinsics::throwParameterIsNullNPE@14 (line 140)
                      ; - kotlin.jvm.internal.Intrinsics::checkNotNullParameter@5 (line 131)
                      ; - kotlin.ResultKt::createFailure@3
                      ; - kotlinx.coroutines.DispatchedTask::run@273 (line 98)
                      ;   {runtime_call throw_null_pointer_exception Runtime1 stub}
  0x000001e74355c1b4: 07e8 46db 

  0x000001e74355c1b8: ; ImmutableOopMap {rdi=Oop rsi=Oop rax=Oop [176]=Oop [216]=Oop [224]=Oop [232]=Oop [256]=Oop }
                      ;*athrow {reexecute=1 rethrow=0 return_oop=0}
                      ; - (reexecute) kotlin.jvm.internal.Intrinsics::throwParameterIsNullNPE@17 (line 140)
                      ; - kotlin.jvm.internal.Intrinsics::checkNotNullParameter@5 (line 131)
                      ; - kotlin.ResultKt::createFailure@3
                      ; - kotlinx.coroutines.DispatchedTask::run@273 (line 98)
                      ;   {runtime_call throw_null_pointer_exception Runtime1 stub}
  0x000001e74355c1b8: 1007 e841 

  0x000001e74355c1bc: ; ImmutableOopMap {rdx=Oop [176]=Oop [216]=Oop [224]=Oop [328]=Oop }
                      ;*invokevirtual clearThreadContext {reexecute=0 rethrow=0 return_oop=0}
                      ; - kotlinx.coroutines.DispatchedTask::run@344 (line 236)
  0x000001e74355c1bc: db10 0748 

  0x000001e74355c1c0: ;   {runtime_call throw_class_cast_exception Runtime1 stub}
  0x000001e74355c1c0: 8904 24e8 

  0x000001e74355c1c4: ; ImmutableOopMap {r8=Oop [176]=Oop [184]=Oop }
                      ;*checkcast {reexecute=0 rethrow=0 return_oop=0}
                      ; - kotlin.jvm.internal.Intrinsics::throwJavaNpe@11 (line 50)
                      ; - kotlin.jvm.internal.Intrinsics::checkNotNull@5 (line 31)
                      ; - kotlinx.coroutines.DispatchedTask::run@40 (line 80)
  0x000001e74355c1c4: 381b 1107 

  0x000001e74355c1c8: ;   {runtime_call throw_null_pointer_exception Runtime1 stub}
  0x000001e74355c1c8: e833 db10 

  0x000001e74355c1cc: ; ImmutableOopMap {r8=Oop rax=Oop [176]=Oop [184]=Oop }
                      ;*athrow {reexecute=1 rethrow=0 return_oop=0}
                      ; - (reexecute) kotlin.jvm.internal.Intrinsics::throwJavaNpe@14 (line 50)
                      ; - kotlin.jvm.internal.Intrinsics::checkNotNull@5 (line 31)
                      ; - kotlinx.coroutines.DispatchedTask::run@40 (line 80)
                      ;   {internal_word}
  0x000001e74355c1cc: 0749 ba0c | b955 43e7 | 0100 004d | 8997 6004 

  0x000001e74355c1dc: ;   {runtime_call SafepointBlob}
  0x000001e74355c1dc: 0000 e99d 

  0x000001e74355c1e0: ;   {runtime_call throw_null_pointer_exception Runtime1 stub}
  0x000001e74355c1e0: 9205 07e8 

  0x000001e74355c1e4: ; ImmutableOopMap {rax=Oop [336]=Oop }
                      ;*invokeinterface getContext {reexecute=0 rethrow=0 return_oop=0}
                      ; - kotlinx.coroutines.DispatchedTask::run@365 (line 105)
  0x000001e74355c1e4: 18db 1007 

  0x000001e74355c1e8: ;   {internal_word}
  0x000001e74355c1e8: 49ba 8cbb | 5543 e701 | 0000 4d89 | 9760 0400 

  0x000001e74355c1f8: ;   {runtime_call SafepointBlob}
  0x000001e74355c1f8: 00e9 8292 | 0507 498b | 87f8 0400 | 0049 c787 | f804 0000 | 0000 0000 | 49c7 8700 | 0500 0000 
  0x000001e74355c218: 0000 0048 | 81c4 7001 

  0x000001e74355c220: ;   {runtime_call unwind_exception Runtime1 stub}
  0x000001e74355c220: 0000 5de9 | d8c7 1007 
[Stub Code]
  0x000001e74355c228: ;   {no_reloc}
  0x000001e74355c228: 0f1f 4400 

  0x000001e74355c22c: ;   {static_stub}
  0x000001e74355c22c: 0048 bb00 | 0000 0000 

  0x000001e74355c234: ;   {runtime_call nmethod}
  0x000001e74355c234: 0000 00e9 | fbff ffff 

  0x000001e74355c23c: ;   {static_stub}
  0x000001e74355c23c: 9048 bb00 | 0000 0000 

  0x000001e74355c244: ;   {runtime_call nmethod}
  0x000001e74355c244: 0000 00e9 | fbff ffff 

  0x000001e74355c24c: ;   {static_stub}
  0x000001e74355c24c: 9048 bb00 | 0000 0000 

  0x000001e74355c254: ;   {runtime_call nmethod}
  0x000001e74355c254: 0000 00e9 | fbff ffff 

  0x000001e74355c25c: ;   {static_stub}
  0x000001e74355c25c: 9048 bb00 | 0000 0000 

  0x000001e74355c264: ;   {runtime_call nmethod}
  0x000001e74355c264: 0000 00e9 | fbff ffff 

  0x000001e74355c26c: ;   {static_stub}
  0x000001e74355c26c: 9048 bb00 | 0000 0000 

  0x000001e74355c274: ;   {runtime_call nmethod}
  0x000001e74355c274: 0000 00e9 | fbff ffff 

  0x000001e74355c27c: ;   {static_stub}
  0x000001e74355c27c: 9048 bb00 | 0000 0000 

  0x000001e74355c284: ;   {runtime_call nmethod}
  0x000001e74355c284: 0000 00e9 | fbff ffff 

  0x000001e74355c28c: ;   {static_stub}
  0x000001e74355c28c: 9048 bb00 | 0000 0000 

  0x000001e74355c294: ;   {runtime_call nmethod}
  0x000001e74355c294: 0000 00e9 | fbff ffff 

  0x000001e74355c29c: ;   {static_stub}
  0x000001e74355c29c: 9048 bb00 | 0000 0000 

  0x000001e74355c2a4: ;   {runtime_call nmethod}
  0x000001e74355c2a4: 0000 00e9 | fbff ffff 

  0x000001e74355c2ac: ;   {static_stub}
  0x000001e74355c2ac: 9048 bb00 | 0000 0000 

  0x000001e74355c2b4: ;   {runtime_call nmethod}
  0x000001e74355c2b4: 0000 00e9 | fbff ffff 

  0x000001e74355c2bc: ;   {static_stub}
  0x000001e74355c2bc: 9048 bb00 | 0000 0000 

  0x000001e74355c2c4: ;   {runtime_call nmethod}
  0x000001e74355c2c4: 0000 00e9 | fbff ffff 

  0x000001e74355c2cc: ;   {static_stub}
  0x000001e74355c2cc: 9048 bbb0 | d84e 9be7 

  0x000001e74355c2d4: ;   {runtime_call I2C/C2I adapters}
  0x000001e74355c2d4: 0100 00e9 | 8771 0507 

  0x000001e74355c2dc: ;   {static_stub}
  0x000001e74355c2dc: 9048 bb00 | 0000 0000 

  0x000001e74355c2e4: ;   {runtime_call nmethod}
  0x000001e74355c2e4: 0000 00e9 | fbff ffff 

  0x000001e74355c2ec: ;   {static_stub}
  0x000001e74355c2ec: 9048 bb00 | 0000 0000 

  0x000001e74355c2f4: ;   {runtime_call nmethod}
  0x000001e74355c2f4: 0000 00e9 | fbff ffff 

  0x000001e74355c2fc: ;   {static_stub}
  0x000001e74355c2fc: 9048 bb00 | 0000 0000 

  0x000001e74355c304: ;   {runtime_call nmethod}
  0x000001e74355c304: 0000 00e9 | fbff ffff 

  0x000001e74355c30c: ;   {static_stub}
  0x000001e74355c30c: 9048 bb00 | 0000 0000 

  0x000001e74355c314: ;   {runtime_call nmethod}
  0x000001e74355c314: 0000 00e9 | fbff ffff 

  0x000001e74355c31c: ;   {static_stub}
  0x000001e74355c31c: 9048 bb00 | 0000 0000 

  0x000001e74355c324: ;   {runtime_call nmethod}
  0x000001e74355c324: 0000 00e9 | fbff ffff 

  0x000001e74355c32c: ;   {static_stub}
  0x000001e74355c32c: 9048 bb00 | 0000 0000 

  0x000001e74355c334: ;   {runtime_call nmethod}
  0x000001e74355c334: 0000 00e9 | fbff ffff 

  0x000001e74355c33c: ;   {static_stub}
  0x000001e74355c33c: 48bb 0000 | 0000 0000 

  0x000001e74355c344: ;   {runtime_call nmethod}
  0x000001e74355c344: 0000 e9fb 

  0x000001e74355c348: ;   {static_stub}
  0x000001e74355c348: ffff ff48 | bb00 0000 | 0000 0000 

  0x000001e74355c354: ;   {runtime_call nmethod}
  0x000001e74355c354: 00e9 fbff 

  0x000001e74355c358: ;   {static_stub}
  0x000001e74355c358: ffff 48bb | 0000 0000 | 0000 0000 

  0x000001e74355c364: ;   {runtime_call nmethod}
  0x000001e74355c364: e9fb ffff 

  0x000001e74355c368: ;   {static_stub}
  0x000001e74355c368: ff48 bb00 | 0000 0000 

  0x000001e74355c370: ;   {runtime_call nmethod}
  0x000001e74355c370: 0000 00e9 | fbff ffff 

  0x000001e74355c378: ;   {static_stub}
  0x000001e74355c378: 48bb 0000 | 0000 0000 

  0x000001e74355c380: ;   {runtime_call nmethod}
  0x000001e74355c380: 0000 e9fb 

  0x000001e74355c384: ;   {static_stub}
  0x000001e74355c384: ffff ff48 | bb00 0000 | 0000 0000 

  0x000001e74355c390: ;   {runtime_call nmethod}
  0x000001e74355c390: 00e9 fbff 

  0x000001e74355c394: ;   {static_stub}
  0x000001e74355c394: ffff 48bb | 0000 0000 | 0000 0000 

  0x000001e74355c3a0: ;   {runtime_call nmethod}
  0x000001e74355c3a0: e9fb ffff 

  0x000001e74355c3a4: ;   {static_stub}
  0x000001e74355c3a4: ff48 bb00 | 0000 0000 

  0x000001e74355c3ac: ;   {runtime_call nmethod}
  0x000001e74355c3ac: 0000 00e9 | fbff ffff 

  0x000001e74355c3b4: ;   {static_stub}
  0x000001e74355c3b4: 48bb 0000 | 0000 0000 

  0x000001e74355c3bc: ;   {runtime_call nmethod}
  0x000001e74355c3bc: 0000 e9fb 

  0x000001e74355c3c0: ;   {runtime_call handle_exception_from_callee Runtime1 stub}
  0x000001e74355c3c0: ffff ffe8 | 380b 1107 

  0x000001e74355c3c8: ;   {external_word}
  0x000001e74355c3c8: 48b9 789b | e171 f97f | 0000 4883 

  0x000001e74355c3d4: ;   {runtime_call}
  0x000001e74355c3d4: e4f0 48b8 | d0e6 a371 | f97f 0000 

  0x000001e74355c3e0: ;   {section_word}
  0x000001e74355c3e0: ffd0 f449 | bae3 c355 | 43e7 0100 

  0x000001e74355c3ec: ;   {runtime_call DeoptimizationBlob}
  0x000001e74355c3ec: 0041 52e9 | 2c83 0507 | f4f4 f4f4 
[/MachCode]


---------------  P R O C E S S  ---------------

Threads class SMR info:
_java_thread_list=0x000001e7fc050b00, length=25, elements={
0x000001e7385b3580, 0x000001e7594f6810, 0x000001e7594f7130, 0x000001e7594fa150,
0x000001e7594fa7b0, 0x000001e7594fae10, 0x000001e7594fb5a0, 0x000001e75950fb10,
0x000001e7595183c0, 0x000001e7596d6870, 0x000001e7596d47a0, 0x000001e7596d4e30,
0x000001e7596d54c0, 0x000001e7596d61e0, 0x000001e7596d7590, 0x000001e7596d7c20,
0x000001e79fba8530, 0x000001e79fbad3f0, 0x000001e79fbaa600, 0x000001e79fbab9b0,
0x000001e79fbaf4c0, 0x000001e79fbaac90, 0x000001e7a7b75b10, 0x000001e7a7b77550,
0x000001e79f1e42c0
}

Java Threads: ( => current thread )
  0x000001e7385b3580 JavaThread "main"                              [_thread_blocked, id=6816, stack(0x000000d0f4400000,0x000000d0f4500000) (1024K)]
  0x000001e7594f6810 JavaThread "Reference Handler"          daemon [_thread_blocked, id=3472, stack(0x000000d0f4c00000,0x000000d0f4d00000) (1024K)]
  0x000001e7594f7130 JavaThread "Finalizer"                  daemon [_thread_blocked, id=9060, stack(0x000000d0f4d00000,0x000000d0f4e00000) (1024K)]
  0x000001e7594fa150 JavaThread "Signal Dispatcher"          daemon [_thread_blocked, id=8724, stack(0x000000d0f4e00000,0x000000d0f4f00000) (1024K)]
  0x000001e7594fa7b0 JavaThread "Attach Listener"            daemon [_thread_blocked, id=11176, stack(0x000000d0f4f00000,0x000000d0f5000000) (1024K)]
  0x000001e7594fae10 JavaThread "Service Thread"             daemon [_thread_blocked, id=1324, stack(0x000000d0f5000000,0x000000d0f5100000) (1024K)]
  0x000001e7594fb5a0 JavaThread "Monitor Deflation Thread"   daemon [_thread_blocked, id=2760, stack(0x000000d0f5100000,0x000000d0f5200000) (1024K)]
  0x000001e75950fb10 JavaThread "C2 CompilerThread0"         daemon [_thread_blocked, id=5472, stack(0x000000d0f5200000,0x000000d0f5300000) (1024K)]
  0x000001e7595183c0 JavaThread "C1 CompilerThread0"         daemon [_thread_blocked, id=5652, stack(0x000000d0f5300000,0x000000d0f5400000) (1024K)]
  0x000001e7596d6870 JavaThread "Notification Thread"        daemon [_thread_blocked, id=9100, stack(0x000000d0f5400000,0x000000d0f5500000) (1024K)]
  0x000001e7596d47a0 JavaThread "Common-Cleaner"             daemon [_thread_blocked, id=8576, stack(0x000000d0f5500000,0x000000d0f5600000) (1024K)]
  0x000001e7596d4e30 JavaThread "Java2D Disposer"            daemon [_thread_blocked, id=7632, stack(0x000000d0f5a00000,0x000000d0f5b00000) (1024K)]
  0x000001e7596d54c0 JavaThread "AWT-Shutdown"                      [_thread_blocked, id=10200, stack(0x000000d0f5b00000,0x000000d0f5c00000) (1024K)]
  0x000001e7596d61e0 JavaThread "DefaultDispatcher-worker-1" daemon [_thread_blocked, id=13024, stack(0x000000d0f5d00000,0x000000d0f5e00000) (1024K)]
  0x000001e7596d7590 JavaThread "DefaultDispatcher-worker-2" daemon [_thread_in_native, id=10508, stack(0x000000d0f5e00000,0x000000d0f5f00000) (1024K)]
=>0x000001e7596d7c20 JavaThread "DefaultDispatcher-worker-3" daemon [_thread_in_native, id=3964, stack(0x000000d0f5f00000,0x000000d0f6000000) (1024K)]
  0x000001e79fba8530 JavaThread "Reference Cleaner"          daemon [_thread_blocked, id=7184, stack(0x000000d0f6000000,0x000000d0f6100000) (1024K)]
  0x000001e79fbad3f0 JavaThread "kotlinx.coroutines.DefaultExecutor" daemon [_thread_blocked, id=8364, stack(0x000000d0f6100000,0x000000d0f6200000) (1024K)]
  0x000001e79fbaa600 JavaThread "AWT-EventQueue-0"                  [_thread_blocked, id=14060, stack(0x000000d0f6200000,0x000000d0f6300000) (1024K)]
  0x000001e79fbab9b0 JavaThread "TimerQueue"                 daemon [_thread_blocked, id=11488, stack(0x000000d0f6300000,0x000000d0f6400000) (1024K)]
  0x000001e79fbaf4c0 JavaThread "JavaCPP Deallocator"        daemon [_thread_blocked, id=3772, stack(0x000000d0f6c00000,0x000000d0f6d00000) (1024K)]
  0x000001e79fbaac90 JavaThread "DefaultDispatcher-worker-4" daemon [_thread_blocked, id=12928, stack(0x000000d0f6d00000,0x000000d0f6e00000) (1024K)]
  0x000001e7a7b75b10 JavaThread "pool-1-thread-1"            daemon [_thread_blocked, id=8244, stack(0x000000d0f7500000,0x000000d0f7600000) (1024K)]
  0x000001e7a7b77550 JavaThread "pool-1-thread-2"            daemon [_thread_blocked, id=10396, stack(0x000000d0f7600000,0x000000d0f7700000) (1024K)]
  0x000001e79f1e42c0 JavaThread "DefaultDispatcher-worker-5" daemon [_thread_blocked, id=1916, stack(0x000000d0f7e00000,0x000000d0f7f00000) (1024K)]
Total: 25

Other Threads:
  0x000001e7594d8080 VMThread "VM Thread"                           [id=9136, stack(0x000000d0f4b00000,0x000000d0f4c00000) (1024K)]
  0x000001e7594c4510 WatcherThread "VM Periodic Task Thread"        [id=11940, stack(0x000000d0f4a00000,0x000000d0f4b00000) (1024K)]
  0x000001e73a960cc0 WorkerThread "GC Thread#0"                     [id=3692, stack(0x000000d0f4500000,0x000000d0f4600000) (1024K)]
  0x000001e79f2a5a20 WorkerThread "GC Thread#1"                     [id=12016, stack(0x000000d0f5700000,0x000000d0f5800000) (1024K)]
  0x000001e79f9c3b50 WorkerThread "GC Thread#2"                     [id=1708, stack(0x000000d0f5800000,0x000000d0f5900000) (1024K)]
  0x000001e79f9c3ef0 WorkerThread "GC Thread#3"                     [id=13856, stack(0x000000d0f5900000,0x000000d0f5a00000) (1024K)]
  0x000001e73a971ce0 ConcurrentGCThread "G1 Main Marker"            [id=2984, stack(0x000000d0f4600000,0x000000d0f4700000) (1024K)]
  0x000001e73a972f80 WorkerThread "G1 Conc#0"                       [id=8096, stack(0x000000d0f4700000,0x000000d0f4800000) (1024K)]
  0x000001e759385600 ConcurrentGCThread "G1 Refine#0"               [id=12952, stack(0x000000d0f4800000,0x000000d0f4900000) (1024K)]
  0x000001e759385f10 ConcurrentGCThread "G1 Service"                [id=1452, stack(0x000000d0f4900000,0x000000d0f4a00000) (1024K)]
Total: 10

Threads with active compile tasks:
Total: 0

VM state: not at safepoint (normal execution)

VM Mutex/Monitor currently owned by a thread: None

Heap address: 0x0000000701600000, size: 4074 MB, Compressed Oops mode: Zero based, Oop shift amount: 3

CDS archive(s) mapped at: [0x000001e75a000000-0x000001e75ac80000-0x000001e75ac80000), size 13107200, SharedBaseAddress: 0x000001e75a000000, ArchiveRelocationMode: 1.
Compressed class space mapped at: 0x000001e75b000000-0x000001e79b000000, reserved size: 1073741824
Narrow klass base: 0x000001e75a000000, Narrow klass shift: 0, Narrow klass range: 0x100000000

GC Precious Log:
 CardTable entry size: 512
 Card Set container configuration: InlinePtr #cards 4 size 8 Array Of Cards #cards 16 size 48 Howl #buckets 8 coarsen threshold 3686 Howl Bitmap #cards 512 size 80 coarsen threshold 460 Card regions per heap region 1 cards per card region 4096
 CPUs: 4 total, 4 available
 Memory: 16291M
 Large Page Support: Disabled
 NUMA Support: Disabled
 Compressed Oops: Enabled (Zero based)
 Heap Region Size: 2M
 Heap Min Capacity: 8M
 Heap Initial Capacity: 256M
 Heap Max Capacity: 4074M
 Pre-touch: Disabled
 Parallel Workers: 4
 Concurrent Workers: 1
 Concurrent Refinement Workers: 4
 Periodic GC: Disabled

Heap:
 garbage-first heap   total 176128K, used 137118K [0x0000000701600000, 0x0000000800000000)
  region size 2048K, 31 young (63488K), 1 survivors (2048K)
 Metaspace       used 37853K, committed 38464K, reserved 1114112K
  class space    used 3370K, committed 3648K, reserved 1048576K

Heap Regions: E=young(eden), S=young(survivor), O=old, HS=humongous(starts), HC=humongous(continues), CS=collection set, F=free, TAMS=top-at-mark-start, PB=parsable bottom
|   0|0x0000000701600000, 0x0000000701800000, 0x0000000701800000|100%| O|  |TAMS 0x0000000701600000| PB 0x0000000701600000| Untracked 
|   1|0x0000000701800000, 0x0000000701a00000, 0x0000000701a00000|100%| O|  |TAMS 0x0000000701800000| PB 0x0000000701800000| Untracked 
|   2|0x0000000701a00000, 0x0000000701c00000, 0x0000000701c00000|100%| O|  |TAMS 0x0000000701a00000| PB 0x0000000701a00000| Untracked 
|   3|0x0000000701c00000, 0x0000000701e00000, 0x0000000701e00000|100%|HS|  |TAMS 0x0000000701c00000| PB 0x0000000701c00000| Complete 
|   4|0x0000000701e00000, 0x0000000702000000, 0x0000000702000000|100%|HS|  |TAMS 0x0000000701e00000| PB 0x0000000701e00000| Complete 
|   5|0x0000000702000000, 0x0000000702200000, 0x0000000702200000|100%|HS|  |TAMS 0x0000000702000000| PB 0x0000000702000000| Complete 
|   6|0x0000000702200000, 0x0000000702400000, 0x0000000702400000|100%|HS|  |TAMS 0x0000000702200000| PB 0x0000000702200000| Complete 
|   7|0x0000000702400000, 0x0000000702600000, 0x0000000702600000|100%|HS|  |TAMS 0x0000000702400000| PB 0x0000000702400000| Complete 
|   8|0x0000000702600000, 0x00000007027eb4d0, 0x0000000702800000| 95%| O|  |TAMS 0x0000000702600000| PB 0x0000000702600000| Untracked 
|   9|0x0000000702800000, 0x0000000702a00000, 0x0000000702a00000|100%|HS|  |TAMS 0x0000000702800000| PB 0x0000000702800000| Complete 
|  10|0x0000000702a00000, 0x0000000702c00000, 0x0000000702c00000|100%| O|  |TAMS 0x0000000702a00000| PB 0x0000000702a00000| Untracked 
|  11|0x0000000702c00000, 0x0000000702e00000, 0x0000000702e00000|100%|HS|  |TAMS 0x0000000702c00000| PB 0x0000000702c00000| Complete 
|  12|0x0000000702e00000, 0x0000000703000000, 0x0000000703000000|100%|HC|  |TAMS 0x0000000702e00000| PB 0x0000000702e00000| Complete 
|  13|0x0000000703000000, 0x0000000703200000, 0x0000000703200000|100%|HC|  |TAMS 0x0000000703000000| PB 0x0000000703000000| Complete 
|  14|0x0000000703200000, 0x0000000703400000, 0x0000000703400000|100%|HS|  |TAMS 0x0000000703200000| PB 0x0000000703200000| Complete 
|  15|0x0000000703400000, 0x0000000703600000, 0x0000000703600000|100%|HS|  |TAMS 0x0000000703400000| PB 0x0000000703400000| Complete 
|  16|0x0000000703600000, 0x0000000703800000, 0x0000000703800000|100%|HS|  |TAMS 0x0000000703600000| PB 0x0000000703600000| Complete 
|  17|0x0000000703800000, 0x0000000703a00000, 0x0000000703a00000|100%|HS|  |TAMS 0x0000000703800000| PB 0x0000000703800000| Complete 
|  18|0x0000000703a00000, 0x0000000703c00000, 0x0000000703c00000|100%|HS|  |TAMS 0x0000000703a00000| PB 0x0000000703a00000| Complete 
|  19|0x0000000703c00000, 0x0000000703e00000, 0x0000000703e00000|100%|HS|  |TAMS 0x0000000703c00000| PB 0x0000000703c00000| Complete 
|  20|0x0000000703e00000, 0x0000000704000000, 0x0000000704000000|100%|HS|  |TAMS 0x0000000703e00000| PB 0x0000000703e00000| Complete 
|  21|0x0000000704000000, 0x0000000704200000, 0x0000000704200000|100%|HS|  |TAMS 0x0000000704000000| PB 0x0000000704000000| Complete 
|  22|0x0000000704200000, 0x0000000704400000, 0x0000000704400000|100%|HS|  |TAMS 0x0000000704200000| PB 0x0000000704200000| Complete 
|  23|0x0000000704400000, 0x0000000704600000, 0x0000000704600000|100%|HS|  |TAMS 0x0000000704400000| PB 0x0000000704400000| Complete 
|  24|0x0000000704600000, 0x0000000704800000, 0x0000000704800000|100%|HS|  |TAMS 0x0000000704600000| PB 0x0000000704600000| Complete 
|  25|0x0000000704800000, 0x0000000704a00000, 0x0000000704a00000|100%|HS|  |TAMS 0x0000000704800000| PB 0x0000000704800000| Complete 
|  26|0x0000000704a00000, 0x0000000704c00000, 0x0000000704c00000|100%|HS|  |TAMS 0x0000000704a00000| PB 0x0000000704a00000| Complete 
|  27|0x0000000704c00000, 0x0000000704e00000, 0x0000000704e00000|100%|HS|  |TAMS 0x0000000704c00000| PB 0x0000000704c00000| Complete 
|  28|0x0000000704e00000, 0x0000000705000000, 0x0000000705000000|100%|HS|  |TAMS 0x0000000704e00000| PB 0x0000000704e00000| Complete 
|  29|0x0000000705000000, 0x0000000705200000, 0x0000000705200000|100%|HC|  |TAMS 0x0000000705000000| PB 0x0000000705000000| Complete 
|  30|0x0000000705200000, 0x0000000705400000, 0x0000000705400000|100%|HC|  |TAMS 0x0000000705200000| PB 0x0000000705200000| Complete 
|  31|0x0000000705400000, 0x0000000705600000, 0x0000000705600000|100%|HS|  |TAMS 0x0000000705400000| PB 0x0000000705400000| Complete 
|  32|0x0000000705600000, 0x0000000705800000, 0x0000000705800000|100%|HS|  |TAMS 0x0000000705600000| PB 0x0000000705600000| Complete 
|  33|0x0000000705800000, 0x0000000705a00000, 0x0000000705a00000|100%|HS|  |TAMS 0x0000000705800000| PB 0x0000000705800000| Complete 
|  34|0x0000000705a00000, 0x0000000705c00000, 0x0000000705c00000|100%|HS|  |TAMS 0x0000000705a00000| PB 0x0000000705a00000| Complete 
|  35|0x0000000705c00000, 0x0000000705e00000, 0x0000000705e00000|100%|HS|  |TAMS 0x0000000705c00000| PB 0x0000000705c00000| Complete 
|  36|0x0000000705e00000, 0x0000000705e00000, 0x0000000706000000|  0%| F|  |TAMS 0x0000000705e00000| PB 0x0000000705e00000| Untracked 
|  37|0x0000000706000000, 0x0000000706000000, 0x0000000706200000|  0%| F|  |TAMS 0x0000000706000000| PB 0x0000000706000000| Untracked 
|  38|0x0000000706200000, 0x0000000706200000, 0x0000000706400000|  0%| F|  |TAMS 0x0000000706200000| PB 0x0000000706200000| Untracked 
|  39|0x0000000706400000, 0x0000000706400000, 0x0000000706600000|  0%| F|  |TAMS 0x0000000706400000| PB 0x0000000706400000| Untracked 
|  40|0x0000000706600000, 0x0000000706600000, 0x0000000706800000|  0%| F|  |TAMS 0x0000000706600000| PB 0x0000000706600000| Untracked 
|  41|0x0000000706800000, 0x0000000706800000, 0x0000000706a00000|  0%| F|  |TAMS 0x0000000706800000| PB 0x0000000706800000| Untracked 
|  42|0x0000000706a00000, 0x0000000706a00000, 0x0000000706c00000|  0%| F|  |TAMS 0x0000000706a00000| PB 0x0000000706a00000| Untracked 
|  43|0x0000000706c00000, 0x0000000706c00000, 0x0000000706e00000|  0%| F|  |TAMS 0x0000000706c00000| PB 0x0000000706c00000| Untracked 
|  44|0x0000000706e00000, 0x0000000706e00000, 0x0000000707000000|  0%| F|  |TAMS 0x0000000706e00000| PB 0x0000000706e00000| Untracked 
|  45|0x0000000707000000, 0x0000000707000000, 0x0000000707200000|  0%| F|  |TAMS 0x0000000707000000| PB 0x0000000707000000| Untracked 
|  46|0x0000000707200000, 0x0000000707200000, 0x0000000707400000|  0%| F|  |TAMS 0x0000000707200000| PB 0x0000000707200000| Untracked 
|  47|0x0000000707400000, 0x0000000707400000, 0x0000000707600000|  0%| F|  |TAMS 0x0000000707400000| PB 0x0000000707400000| Untracked 
|  48|0x0000000707600000, 0x0000000707600000, 0x0000000707800000|  0%| F|  |TAMS 0x0000000707600000| PB 0x0000000707600000| Untracked 
|  49|0x0000000707800000, 0x0000000707800000, 0x0000000707a00000|  0%| F|  |TAMS 0x0000000707800000| PB 0x0000000707800000| Untracked 
|  50|0x0000000707a00000, 0x0000000707a00000, 0x0000000707c00000|  0%| F|  |TAMS 0x0000000707a00000| PB 0x0000000707a00000| Untracked 
|  51|0x0000000707c00000, 0x0000000707c00000, 0x0000000707e00000|  0%| F|  |TAMS 0x0000000707c00000| PB 0x0000000707c00000| Untracked 
|  52|0x0000000707e00000, 0x0000000707e8ba90, 0x0000000708000000| 27%| E|  |TAMS 0x0000000707e00000| PB 0x0000000707e00000| Complete 
|  53|0x0000000708000000, 0x0000000708200000, 0x0000000708200000|100%| E|CS|TAMS 0x0000000708000000| PB 0x0000000708000000| Complete 
|  54|0x0000000708200000, 0x0000000708400000, 0x0000000708400000|100%| E|CS|TAMS 0x0000000708200000| PB 0x0000000708200000| Complete 
|  55|0x0000000708400000, 0x0000000708600000, 0x0000000708600000|100%| E|CS|TAMS 0x0000000708400000| PB 0x0000000708400000| Complete 
|  56|0x0000000708600000, 0x0000000708800000, 0x0000000708800000|100%| E|CS|TAMS 0x0000000708600000| PB 0x0000000708600000| Complete 
|  57|0x0000000708800000, 0x0000000708a00000, 0x0000000708a00000|100%| E|  |TAMS 0x0000000708800000| PB 0x0000000708800000| Complete 
|  58|0x0000000708a00000, 0x0000000708c00000, 0x0000000708c00000|100%| E|CS|TAMS 0x0000000708a00000| PB 0x0000000708a00000| Complete 
|  59|0x0000000708c00000, 0x0000000708e00000, 0x0000000708e00000|100%| E|CS|TAMS 0x0000000708c00000| PB 0x0000000708c00000| Complete 
|  60|0x0000000708e00000, 0x0000000709000000, 0x0000000709000000|100%| E|CS|TAMS 0x0000000708e00000| PB 0x0000000708e00000| Complete 
|  61|0x0000000709000000, 0x0000000709200000, 0x0000000709200000|100%| E|CS|TAMS 0x0000000709000000| PB 0x0000000709000000| Complete 
|  62|0x0000000709200000, 0x0000000709400000, 0x0000000709400000|100%| E|CS|TAMS 0x0000000709200000| PB 0x0000000709200000| Complete 
|  63|0x0000000709400000, 0x0000000709600000, 0x0000000709600000|100%| E|CS|TAMS 0x0000000709400000| PB 0x0000000709400000| Complete 
|  64|0x0000000709600000, 0x0000000709800000, 0x0000000709800000|100%| E|CS|TAMS 0x0000000709600000| PB 0x0000000709600000| Complete 
|  65|0x0000000709800000, 0x0000000709a00000, 0x0000000709a00000|100%| E|CS|TAMS 0x0000000709800000| PB 0x0000000709800000| Complete 
|  66|0x0000000709a00000, 0x0000000709c00000, 0x0000000709c00000|100%| E|CS|TAMS 0x0000000709a00000| PB 0x0000000709a00000| Complete 
|  67|0x0000000709c00000, 0x0000000709e00000, 0x0000000709e00000|100%| E|CS|TAMS 0x0000000709c00000| PB 0x0000000709c00000| Complete 
|  68|0x0000000709e00000, 0x000000070a000000, 0x000000070a000000|100%| E|CS|TAMS 0x0000000709e00000| PB 0x0000000709e00000| Complete 
|  69|0x000000070a000000, 0x000000070a200000, 0x000000070a200000|100%| E|CS|TAMS 0x000000070a000000| PB 0x000000070a000000| Complete 
|  70|0x000000070a200000, 0x000000070a400000, 0x000000070a400000|100%| E|CS|TAMS 0x000000070a200000| PB 0x000000070a200000| Complete 
|  71|0x000000070a400000, 0x000000070a600000, 0x000000070a600000|100%| E|CS|TAMS 0x000000070a400000| PB 0x000000070a400000| Complete 
|  72|0x000000070a600000, 0x000000070a800000, 0x000000070a800000|100%| E|CS|TAMS 0x000000070a600000| PB 0x000000070a600000| Complete 
|  73|0x000000070a800000, 0x000000070aa00000, 0x000000070aa00000|100%| E|CS|TAMS 0x000000070a800000| PB 0x000000070a800000| Complete 
|  74|0x000000070aa00000, 0x000000070ac00000, 0x000000070ac00000|100%| E|CS|TAMS 0x000000070aa00000| PB 0x000000070aa00000| Complete 
|  75|0x000000070ac00000, 0x000000070ae00000, 0x000000070ae00000|100%| E|CS|TAMS 0x000000070ac00000| PB 0x000000070ac00000| Complete 
|  76|0x000000070ae00000, 0x000000070b000000, 0x000000070b000000|100%| E|CS|TAMS 0x000000070ae00000| PB 0x000000070ae00000| Complete 
|  77|0x000000070b000000, 0x000000070b200000, 0x000000070b200000|100%| E|CS|TAMS 0x000000070b000000| PB 0x000000070b000000| Complete 
|  78|0x000000070b200000, 0x000000070b400000, 0x000000070b400000|100%| E|CS|TAMS 0x000000070b200000| PB 0x000000070b200000| Complete 
|  79|0x000000070b400000, 0x000000070b600000, 0x000000070b600000|100%|HS|  |TAMS 0x000000070b400000| PB 0x000000070b400000| Complete 
|  80|0x000000070b600000, 0x000000070b800000, 0x000000070b800000|100%| E|CS|TAMS 0x000000070b600000| PB 0x000000070b600000| Complete 
|  81|0x000000070b800000, 0x000000070ba00000, 0x000000070ba00000|100%|HS|  |TAMS 0x000000070b800000| PB 0x000000070b800000| Complete 
|  82|0x000000070ba00000, 0x000000070bc00000, 0x000000070bc00000|100%| E|CS|TAMS 0x000000070ba00000| PB 0x000000070ba00000| Complete 
|  83|0x000000070bc00000, 0x000000070bc10a00, 0x000000070be00000|  3%| S|CS|TAMS 0x000000070bc00000| PB 0x000000070bc00000| Complete 
| 127|0x0000000711400000, 0x0000000711600000, 0x0000000711600000|100%| E|CS|TAMS 0x0000000711400000| PB 0x0000000711400000| Complete 
|2036|0x00000007ffe00000, 0x00000007fffeb9e0, 0x0000000800000000| 96%| O|  |TAMS 0x00000007ffe00000| PB 0x00000007ffe00000| Untracked 

Card table byte_map: [0x000001e752830000,0x000001e753030000] _byte_map_base: 0x000001e74f025000

Marking Bits: (CMBitMap*) 0x000001e73a9613c0
 Bits: [0x000001e753030000, 0x000001e756fd8000)

Polling page: 0x000001e738750000

Metaspace:

Usage:
  Non-class:     33.67 MB used.
      Class:      3.29 MB used.
       Both:     36.97 MB used.

Virtual space:
  Non-class space:       64.00 MB reserved,      34.00 MB ( 53%) committed,  1 nodes.
      Class space:        1.00 GB reserved,       3.56 MB ( <1%) committed,  1 nodes.
             Both:        1.06 GB reserved,      37.56 MB (  3%) committed. 

Chunk freelists:
   Non-Class:  13.50 MB
       Class:  12.47 MB
        Both:  25.97 MB

MaxMetaspaceSize: unlimited
CompressedClassSpaceSize: 1.00 GB
Initial GC threshold: 21.00 MB
Current GC threshold: 58.88 MB
CDS: on
 - commit_granule_bytes: 65536.
 - commit_granule_words: 8192.
 - virtual_space_node_default_size: 8388608.
 - enlarge_chunks_in_place: 1.
 - use_allocation_guard: 0.


Internal statistics:

num_allocs_failed_limit: 8.
num_arena_births: 914.
num_arena_deaths: 0.
num_vsnodes_births: 2.
num_vsnodes_deaths: 0.
num_space_committed: 599.
num_space_uncommitted: 0.
num_chunks_returned_to_freelist: 8.
num_chunks_taken_from_freelist: 2137.
num_chunk_merges: 8.
num_chunk_splits: 1535.
num_chunks_enlarged: 1099.
num_inconsistent_stats: 0.

CodeHeap 'non-profiled nmethods': size=120000Kb used=3507Kb max_used=3507Kb free=116492Kb
 bounds [0x000001e74ab00000, 0x000001e74ae70000, 0x000001e752030000]
CodeHeap 'profiled nmethods': size=120000Kb used=11096Kb max_used=11096Kb free=108903Kb
 bounds [0x000001e743030000, 0x000001e743b10000, 0x000001e74a560000]
CodeHeap 'non-nmethods': size=5760Kb used=3076Kb max_used=3551Kb free=2684Kb
 bounds [0x000001e74a560000, 0x000001e74a910000, 0x000001e74ab00000]
CodeCache: size=245760Kb, used=17679Kb, max_used=18154Kb, free=228079Kb
 total_blobs=7412, nmethods=5355, adapters=1961, full_count=0
Compilation: enabled, stopped_count=0, restarted_count=0

Compilation events (20 events):
Event: 36.644 Thread 0x000001e75950fb10 nmethod 5523 0x000001e74ae6ab10 code [0x000001e74ae6aca0, 0x000001e74ae6adf8]
Event: 36.644 Thread 0x000001e7595183c0 nmethod 5525 0x000001e743b00290 code [0x000001e743b004a0, 0x000001e743b00b18]
Event: 36.644 Thread 0x000001e7595183c0 5527       3       kotlinx.coroutines.JobSupport$Finishing::getRootCause (11 bytes)
Event: 36.644 Thread 0x000001e7595183c0 nmethod 5527 0x000001e743b00d10 code [0x000001e743b00ee0, 0x000001e743b01310]
Event: 36.644 Thread 0x000001e7595183c0 5528       3       androidx.compose.ui.node.DepthSortedSet::remove (121 bytes)
Event: 36.645 Thread 0x000001e75950fb10 5530       4       kotlinx.coroutines.JobSupportKt::access$getCOMPLETING_ALREADY$p (4 bytes)
Event: 36.645 Thread 0x000001e75950fb10 nmethod 5530 0x000001e74ae6af90 code [0x000001e74ae6b120, 0x000001e74ae6b190]
Event: 36.646 Thread 0x000001e7595183c0 nmethod 5528 0x000001e743b01490 code [0x000001e743b017e0, 0x000001e743b02a50]
Event: 36.646 Thread 0x000001e75950fb10 5534       4       java.util.LinkedHashMap::get (29 bytes)
Event: 36.646 Thread 0x000001e7595183c0 5529       3       androidx.compose.ui.node.MeasurePassDelegate::setMeasuredByParent$ui (12 bytes)
Event: 36.646 Thread 0x000001e7595183c0 nmethod 5529 0x000001e743b03110 code [0x000001e743b03340, 0x000001e743b03950]
Event: 36.647 Thread 0x000001e7595183c0 5531       1       androidx.compose.ui.node.RootNodeOwner$OwnerImpl::getLayoutNodes (5 bytes)
Event: 36.647 Thread 0x000001e7595183c0 nmethod 5531 0x000001e74ae6b290 code [0x000001e74ae6b420, 0x000001e74ae6b4f0]
Event: 36.647 Thread 0x000001e7595183c0 5532       1       androidx.compose.ui.node.MeasurePassDelegate::setPlaced$ui (6 bytes)
Event: 36.647 Thread 0x000001e7595183c0 nmethod 5532 0x000001e74ae6b590 code [0x000001e74ae6b720, 0x000001e74ae6b7f0]
Event: 36.647 Thread 0x000001e7595183c0 5533       1       androidx.compose.ui.node.LayoutNode::access$setIgnoreRemeasureRequests$p (6 bytes)
Event: 36.647 Thread 0x000001e7595183c0 nmethod 5533 0x000001e74ae6b890 code [0x000001e74ae6ba20, 0x000001e74ae6bad0]
Event: 36.653 Thread 0x000001e75950fb10 nmethod 5534 0x000001e74ae6bb90 code [0x000001e74ae6bd60, 0x000001e74ae6c120]
Event: 36.653 Thread 0x000001e75950fb10 5535       4       androidx.compose.ui.node.NodeCoordinator::invalidateLayer (34 bytes)
Event: 36.656 Thread 0x000001e75950fb10 nmethod 5535 0x000001e74ae6c390 code [0x000001e74ae6c580, 0x000001e74ae6c7e0]

GC Heap History (20 events):
Event: 27.000 GC heap before
{Heap before GC invocations=37 (full 0):
 garbage-first heap   total 165888K, used 133883K [0x0000000701600000, 0x0000000800000000)
  region size 2048K, 32 young (65536K), 1 survivors (2048K)
 Metaspace       used 37402K, committed 38080K, reserved 1114112K
  class space    used 3351K, committed 3648K, reserved 1048576K
}
Event: 27.001 GC heap after
{Heap after GC invocations=38 (full 0):
 garbage-first heap   total 165888K, used 21230K [0x0000000701600000, 0x0000000800000000)
  region size 2048K, 1 young (2048K), 1 survivors (2048K)
 Metaspace       used 37402K, committed 38080K, reserved 1114112K
  class space    used 3351K, committed 3648K, reserved 1048576K
}
Event: 27.941 GC heap before
{Heap before GC invocations=38 (full 0):
 garbage-first heap   total 165888K, used 133870K [0x0000000701600000, 0x0000000800000000)
  region size 2048K, 32 young (65536K), 1 survivors (2048K)
 Metaspace       used 37417K, committed 38080K, reserved 1114112K
  class space    used 3351K, committed 3648K, reserved 1048576K
}
Event: 27.942 GC heap after
{Heap after GC invocations=39 (full 0):
 garbage-first heap   total 165888K, used 21239K [0x0000000701600000, 0x0000000800000000)
  region size 2048K, 1 young (2048K), 1 survivors (2048K)
 Metaspace       used 37417K, committed 38080K, reserved 1114112K
  class space    used 3351K, committed 3648K, reserved 1048576K
}
Event: 28.729 GC heap before
{Heap before GC invocations=39 (full 0):
 garbage-first heap   total 165888K, used 133879K [0x0000000701600000, 0x0000000800000000)
  region size 2048K, 32 young (65536K), 1 survivors (2048K)
 Metaspace       used 37450K, committed 38144K, reserved 1114112K
  class space    used 3351K, committed 3648K, reserved 1048576K
}
Event: 28.730 GC heap after
{Heap after GC invocations=40 (full 0):
 garbage-first heap   total 165888K, used 21237K [0x0000000701600000, 0x0000000800000000)
  region size 2048K, 1 young (2048K), 1 survivors (2048K)
 Metaspace       used 37450K, committed 38144K, reserved 1114112K
  class space    used 3351K, committed 3648K, reserved 1048576K
}
Event: 29.974 GC heap before
{Heap before GC invocations=40 (full 0):
 garbage-first heap   total 165888K, used 137973K [0x0000000701600000, 0x0000000800000000)
  region size 2048K, 32 young (65536K), 1 survivors (2048K)
 Metaspace       used 37470K, committed 38144K, reserved 1114112K
  class space    used 3351K, committed 3648K, reserved 1048576K
}
Event: 29.975 GC heap after
{Heap after GC invocations=41 (full 0):
 garbage-first heap   total 165888K, used 18288K [0x0000000701600000, 0x0000000800000000)
  region size 2048K, 1 young (2048K), 1 survivors (2048K)
 Metaspace       used 37470K, committed 38144K, reserved 1114112K
  class space    used 3351K, committed 3648K, reserved 1048576K
}
Event: 31.049 GC heap before
{Heap before GC invocations=41 (full 0):
 garbage-first heap   total 165888K, used 143216K [0x0000000701600000, 0x0000000800000000)
  region size 2048K, 36 young (73728K), 1 survivors (2048K)
 Metaspace       used 37481K, committed 38144K, reserved 1114112K
  class space    used 3351K, committed 3648K, reserved 1048576K
}
Event: 31.050 GC heap after
{Heap after GC invocations=42 (full 0):
 garbage-first heap   total 165888K, used 18301K [0x0000000701600000, 0x0000000800000000)
  region size 2048K, 1 young (2048K), 1 survivors (2048K)
 Metaspace       used 37481K, committed 38144K, reserved 1114112K
  class space    used 3351K, committed 3648K, reserved 1048576K
}
Event: 31.950 GC heap before
{Heap before GC invocations=42 (full 0):
 garbage-first heap   total 165888K, used 141181K [0x0000000701600000, 0x0000000800000000)
  region size 2048K, 36 young (73728K), 1 survivors (2048K)
 Metaspace       used 37517K, committed 38208K, reserved 1114112K
  class space    used 3351K, committed 3648K, reserved 1048576K
}
Event: 31.952 GC heap after
{Heap after GC invocations=43 (full 0):
 garbage-first heap   total 165888K, used 28546K [0x0000000701600000, 0x0000000800000000)
  region size 2048K, 1 young (2048K), 1 survivors (2048K)
 Metaspace       used 37517K, committed 38208K, reserved 1114112K
  class space    used 3351K, committed 3648K, reserved 1048576K
}
Event: 32.825 GC heap before
{Heap before GC invocations=43 (full 0):
 garbage-first heap   total 165888K, used 120706K [0x0000000701600000, 0x0000000800000000)
  region size 2048K, 26 young (53248K), 1 survivors (2048K)
 Metaspace       used 37533K, committed 38208K, reserved 1114112K
  class space    used 3351K, committed 3648K, reserved 1048576K
}
Event: 32.826 GC heap after
{Heap after GC invocations=44 (full 0):
 garbage-first heap   total 165888K, used 18322K [0x0000000701600000, 0x0000000800000000)
  region size 2048K, 1 young (2048K), 1 survivors (2048K)
 Metaspace       used 37533K, committed 38208K, reserved 1114112K
  class space    used 3351K, committed 3648K, reserved 1048576K
}
Event: 33.629 GC heap before
{Heap before GC invocations=44 (full 0):
 garbage-first heap   total 165888K, used 139154K [0x0000000701600000, 0x0000000800000000)
  region size 2048K, 35 young (71680K), 1 survivors (2048K)
 Metaspace       used 37550K, committed 38208K, reserved 1114112K
  class space    used 3351K, committed 3648K, reserved 1048576K
}
Event: 33.630 GC heap after
{Heap after GC invocations=45 (full 0):
 garbage-first heap   total 165888K, used 26506K [0x0000000701600000, 0x0000000800000000)
  region size 2048K, 1 young (2048K), 1 survivors (2048K)
 Metaspace       used 37550K, committed 38208K, reserved 1114112K
  class space    used 3351K, committed 3648K, reserved 1048576K
}
Event: 34.386 GC heap before
{Heap before GC invocations=45 (full 0):
 garbage-first heap   total 165888K, used 122762K [0x0000000701600000, 0x0000000800000000)
  region size 2048K, 27 young (55296K), 1 survivors (2048K)
 Metaspace       used 37565K, committed 38272K, reserved 1114112K
  class space    used 3351K, committed 3648K, reserved 1048576K
}
Event: 34.387 GC heap after
{Heap after GC invocations=46 (full 0):
 garbage-first heap   total 165888K, used 18319K [0x0000000701600000, 0x0000000800000000)
  region size 2048K, 1 young (2048K), 1 survivors (2048K)
 Metaspace       used 37565K, committed 38272K, reserved 1114112K
  class space    used 3351K, committed 3648K, reserved 1048576K
}
Event: 35.995 GC heap before
{Heap before GC invocations=46 (full 0):
 garbage-first heap   total 174080K, used 167823K [0x0000000701600000, 0x0000000800000000)
  region size 2048K, 47 young (96256K), 1 survivors (2048K)
 Metaspace       used 37721K, committed 38400K, reserved 1114112K
  class space    used 3351K, committed 3648K, reserved 1048576K
}
Event: 35.996 GC heap after
{Heap after GC invocations=47 (full 0):
 garbage-first heap   total 176128K, used 20382K [0x0000000701600000, 0x0000000800000000)
  region size 2048K, 1 young (2048K), 1 survivors (2048K)
 Metaspace       used 37721K, committed 38400K, reserved 1114112K
  class space    used 3351K, committed 3648K, reserved 1048576K
}

Dll operation events (20 events):
Event: 2.872 Loaded shared library C:\Users\Welcome\.javacpp\cache\javacpp-1.5.9-windows-x86_64.jar\org\bytedeco\javacpp\windows-x86_64\ucrtbase.dll
Event: 2.878 Loaded shared library C:\Users\Welcome\.javacpp\cache\javacpp-1.5.9-windows-x86_64.jar\org\bytedeco\javacpp\windows-x86_64\vcruntime140.dll
Event: 2.885 Loaded shared library C:\Users\Welcome\.javacpp\cache\javacpp-1.5.9-windows-x86_64.jar\org\bytedeco\javacpp\windows-x86_64\vcruntime140_1.dll
Event: 2.894 Loaded shared library C:\Users\Welcome\.javacpp\cache\javacpp-1.5.9-windows-x86_64.jar\org\bytedeco\javacpp\windows-x86_64\msvcp140.dll
Event: 2.900 Loaded shared library C:\Users\Welcome\.javacpp\cache\javacpp-1.5.9-windows-x86_64.jar\org\bytedeco\javacpp\windows-x86_64\msvcp140_1.dll
Event: 2.908 Loaded shared library C:\Users\Welcome\.javacpp\cache\javacpp-1.5.9-windows-x86_64.jar\org\bytedeco\javacpp\windows-x86_64\concrt140.dll
Event: 2.916 Loaded shared library C:\Users\Welcome\.javacpp\cache\javacpp-1.5.9-windows-x86_64.jar\org\bytedeco\javacpp\windows-x86_64\vcomp140.dll
Event: 2.923 Loaded shared library C:\Users\Welcome\.javacpp\cache\javacpp-1.5.9-windows-x86_64.jar\org\bytedeco\javacpp\windows-x86_64\jnijavacpp.dll
Event: 3.049 Loaded shared library C:\Users\Welcome\.javacpp\cache\openblas-0.3.23-1.5.9-windows-x86_64.jar\org\bytedeco\openblas\windows-x86_64\libopenblas_nolapack.dll
Event: 3.060 Loaded shared library C:\Users\Welcome\.javacpp\cache\openblas-0.3.23-1.5.9-windows-x86_64.jar\org\bytedeco\openblas\windows-x86_64\jniopenblas_nolapack.dll
Event: 3.176 Loaded shared library C:\Users\Welcome\.javacpp\cache\openblas-0.3.23-1.5.9-windows-x86_64.jar\org\bytedeco\openblas\windows-x86_64\libopenblas.dll
Event: 3.218 Loaded shared library C:\Users\Welcome\.javacpp\cache\openblas-0.3.23-1.5.9-windows-x86_64.jar\org\bytedeco\openblas\windows-x86_64\jniopenblas.dll
Event: 3.735 Loaded shared library C:\Users\Welcome\.javacpp\cache\opencv-4.7.0-1.5.9-windows-x86_64.jar\org\bytedeco\opencv\windows-x86_64\opencv_core470.dll
Event: 3.760 Loaded shared library C:\Users\Welcome\.javacpp\cache\opencv-4.7.0-1.5.9-windows-x86_64.jar\org\bytedeco\opencv\windows-x86_64\opencv_imgproc470.dll
Event: 3.784 Loaded shared library C:\Users\Welcome\.javacpp\cache\opencv-4.7.0-1.5.9-windows-x86_64.jar\org\bytedeco\opencv\windows-x86_64\jniopencv_core.dll
Event: 3.908 Loaded shared library C:\Users\Welcome\.javacpp\cache\opencv-4.7.0-1.5.9-windows-x86_64.jar\org\bytedeco\opencv\windows-x86_64\jniopencv_imgproc.dll
Event: 3.935 Loaded shared library C:\Users\Welcome\.javacpp\cache\opencv-4.7.0-1.5.9-windows-x86_64.jar\org\bytedeco\opencv\windows-x86_64\opencv_imgcodecs470.dll
Event: 3.941 Loaded shared library C:\Users\Welcome\.javacpp\cache\opencv-4.7.0-1.5.9-windows-x86_64.jar\org\bytedeco\opencv\windows-x86_64\jniopencv_imgcodecs.dll
Event: 3.979 Loaded shared library C:\Users\Welcome\.javacpp\cache\opencv-4.7.0-1.5.9-windows-x86_64.jar\org\bytedeco\opencv\windows-x86_64\opencv_videoio470.dll
Event: 3.985 Loaded shared library C:\Users\Welcome\.javacpp\cache\opencv-4.7.0-1.5.9-windows-x86_64.jar\org\bytedeco\opencv\windows-x86_64\jniopencv_videoio.dll

Deoptimization events (20 events):
Event: 35.368 Thread 0x000001e79fbaa600 DEOPT PACKING pc=0x000001e74acf4cfc sp=0x000000d0f62fed40
Event: 35.368 Thread 0x000001e79fbaa600 DEOPT UNPACKING pc=0x000001e74a5b4422 sp=0x000000d0f62febe8 mode 2
Event: 36.638 Thread 0x000001e79fbaa600 Uncommon trap: trap_request=0xffffff45 fr.pc=0x000001e74acebba4 relative=0x0000000000000064
Event: 36.638 Thread 0x000001e79fbaa600 Uncommon trap: reason=unstable_if action=reinterpret pc=0x000001e74acebba4 method=java.security.AccessController.getContext()Ljava/security/AccessControlContext; @ 5 c2
Event: 36.638 Thread 0x000001e79fbaa600 DEOPT PACKING pc=0x000001e74acebba4 sp=0x000000d0f62fd590
Event: 36.638 Thread 0x000001e79fbaa600 DEOPT UNPACKING pc=0x000001e74a5b4422 sp=0x000000d0f62fd528 mode 2
Event: 36.638 Thread 0x000001e79fbaa600 Uncommon trap: trap_request=0xffffff45 fr.pc=0x000001e74ad1a2bc relative=0x000000000000009c
Event: 36.638 Thread 0x000001e79fbaa600 Uncommon trap: reason=unstable_if action=reinterpret pc=0x000001e74ad1a2bc method=java.awt.EventQueue.eventToCacheIndex(Ljava/awt/AWTEvent;)I @ 4 c2
Event: 36.638 Thread 0x000001e79fbaa600 DEOPT PACKING pc=0x000001e74ad1a2bc sp=0x000000d0f62fd620
Event: 36.638 Thread 0x000001e79fbaa600 DEOPT UNPACKING pc=0x000001e74a5b4422 sp=0x000000d0f62fd5c0 mode 2
Event: 36.641 Thread 0x000001e79fbaa600 DEOPT PACKING pc=0x000001e74353d157 sp=0x000000d0f62fd8e0
Event: 36.641 Thread 0x000001e79fbaa600 DEOPT UNPACKING pc=0x000001e74a5b4bc2 sp=0x000000d0f62fcd88 mode 0
Event: 36.642 Thread 0x000001e79fbaa600 Uncommon trap: trap_request=0xffffff76 fr.pc=0x000001e74ade51d0 relative=0x0000000000000230
Event: 36.642 Thread 0x000001e79fbaa600 Uncommon trap: reason=predicate action=maybe_recompile pc=0x000001e74ade51d0 method=java.util.Arrays.fill([Ljava/lang/Object;IILjava/lang/Object;)V @ 13 c2
Event: 36.642 Thread 0x000001e79fbaa600 DEOPT PACKING pc=0x000001e74ade51d0 sp=0x000000d0f62fd110
Event: 36.642 Thread 0x000001e79fbaa600 DEOPT UNPACKING pc=0x000001e74a5b4422 sp=0x000000d0f62fd0c0 mode 2
Event: 36.646 Thread 0x000001e79fbaa600 Uncommon trap: trap_request=0xffffff45 fr.pc=0x000001e74add1068 relative=0x0000000000000308
Event: 36.646 Thread 0x000001e79fbaa600 Uncommon trap: reason=unstable_if action=reinterpret pc=0x000001e74add1068 method=androidx.collection.ScatterSet.contains(Ljava/lang/Object;)Z @ 277 c2
Event: 36.646 Thread 0x000001e79fbaa600 DEOPT PACKING pc=0x000001e74add1068 sp=0x000000d0f62fd9b0
Event: 36.646 Thread 0x000001e79fbaa600 DEOPT UNPACKING pc=0x000001e74a5b4422 sp=0x000000d0f62fd8b0 mode 2

Classes loaded (20 events):
Event: 11.137 Loading class jdk/internal/module/ModulePatcher$PatchedModuleReader
Event: 11.138 Loading class jdk/internal/module/ModulePatcher$PatchedModuleReader done
Event: 11.138 Loading class sun/net/www/protocol/jrt/Handler
Event: 11.138 Loading class sun/net/www/protocol/jrt/Handler done
Event: 11.144 Loading class sun/util/resources/LocaleData$CommonResourceBundleProvider
Event: 11.144 Loading class sun/util/resources/LocaleData$LocaleDataResourceBundleProvider
Event: 11.144 Loading class java/util/spi/ResourceBundleProvider
Event: 11.144 Loading class java/util/spi/ResourceBundleProvider done
Event: 11.144 Loading class sun/util/resources/LocaleData$LocaleDataResourceBundleProvider done
Event: 11.144 Loading class sun/util/resources/LocaleData$CommonResourceBundleProvider done
Event: 11.145 Loading class java/util/ArrayList$SubList$1
Event: 11.145 Loading class java/util/ArrayList$SubList$1 done
Event: 11.145 Loading class sun/text/resources/cldr/FormatData_en
Event: 11.146 Loading class sun/text/resources/cldr/FormatData_en done
Event: 11.146 Loading class sun/util/resources/Bundles$2
Event: 11.146 Loading class sun/util/resources/Bundles$2 done
Event: 36.637 Loading class java/awt/KeyboardFocusManager$2
Event: 36.637 Loading class java/awt/KeyboardFocusManager$2 done
Event: 36.638 Loading class sun/awt/SunToolkit$1
Event: 36.638 Loading class sun/awt/SunToolkit$1 done

Classes unloaded (0 events):
No events

Classes redefined (0 events):
No events

Internal exceptions (20 events):
Event: 5.981 Thread 0x000001e7596d7590 Exception <a 'java/lang/NoSuchMethodError'{0x00000007099731a0}: 'java.lang.Object java.lang.invoke.DirectMethodHandle$Holder.invokeSpecial(java.lang.Object, java.lang.Object, int, int, int)'> (0x00000007099731a0) 
thrown [s\src\hotspot\share\interpreter\linkResolver.cpp, line 773]
Event: 9.072 Thread 0x000001e79fbaa600 Exception <a 'java/lang/NoSuchMethodError'{0x000000070a1f4008}: 'long java.lang.invoke.DirectMethodHandle$Holder.invokeStatic(java.lang.Object, java.lang.Object)'> (0x000000070a1f4008) 
thrown [s\src\hotspot\share\interpreter\linkResolver.cpp, line 773]
Event: 9.086 Thread 0x000001e79fbaa600 Exception <a 'java/lang/NoSuchMethodError'{0x0000000709e819d8}: 'java.lang.Object java.lang.invoke.DirectMethodHandle$Holder.newInvokeSpecial(java.lang.Object, java.lang.Object, java.lang.Object, java.lang.Object, java.lang.Object, java.lang.Object, int)'> (0x0000000709e819d8) 
thrown [s\src\hotspot\share\interpreter\linkResolver.cpp, line 773]
Event: 9.087 Thread 0x000001e79fbaa600 Exception <a 'java/lang/NoSuchMethodError'{0x0000000709e86210}: 'java.lang.Object java.lang.invoke.DirectMethodHandle$Holder.invokeSpecial(java.lang.Object, java.lang.Object, java.lang.Object, java.lang.Object, java.lang.Object, java.lang.Object, java.lang.Object, int)'> (0x0000000709e86210) 
thrown [s\src\hotspot\share\interpreter\linkResolver.cpp, line 773]
Event: 9.091 Thread 0x000001e79fbaa600 Exception <a 'java/lang/NoSuchMethodError'{0x0000000709ea62a8}: 'java.lang.Object java.lang.invoke.DirectMethodHandle$Holder.newInvokeSpecial(java.lang.Object, int, java.lang.Object, java.lang.Object, java.lang.Object, java.lang.Object)'> (0x0000000709ea62a8) 
thrown [s\src\hotspot\share\interpreter\linkResolver.cpp, line 773]
Event: 9.134 Thread 0x000001e79fbaa600 Exception <a 'java/lang/NoSuchMethodError'{0x00000007097f5840}: 'java.lang.Object java.lang.invoke.DirectMethodHandle$Holder.newInvokeSpecial(java.lang.Object, java.lang.Object, float)'> (0x00000007097f5840) 
thrown [s\src\hotspot\share\interpreter\linkResolver.cpp, line 773]
Event: 9.147 Thread 0x000001e79fbaa600 Exception <a 'java/lang/NoSuchMethodError'{0x000000070944e300}: 'java.lang.Object java.lang.invoke.DirectMethodHandle$Holder.invokeStatic(java.lang.Object, java.lang.Object, int, java.lang.Object, java.lang.Object)'> (0x000000070944e300) 
thrown [s\src\hotspot\share\interpreter\linkResolver.cpp, line 773]
Event: 9.148 Thread 0x000001e79fbaa600 Exception <a 'java/lang/NoSuchMethodError'{0x0000000709455788}: 'java.lang.Object java.lang.invoke.DirectMethodHandle$Holder.newInvokeSpecial(java.lang.Object, java.lang.Object, int, java.lang.Object)'> (0x0000000709455788) 
thrown [s\src\hotspot\share\interpreter\linkResolver.cpp, line 773]
Event: 9.148 Thread 0x000001e79fbaa600 Exception <a 'java/lang/NoSuchMethodError'{0x0000000709459bc8}: 'java.lang.Object java.lang.invoke.DirectMethodHandle$Holder.invokeSpecial(java.lang.Object, java.lang.Object, java.lang.Object, int, java.lang.Object)'> (0x0000000709459bc8) 
thrown [s\src\hotspot\share\interpreter\linkResolver.cpp, line 773]
Event: 9.148 Thread 0x000001e79fbaa600 Exception <a 'java/lang/NoSuchMethodError'{0x000000070945d890}: 'java.lang.Object java.lang.invoke.Invokers$Holder.linkToTargetMethod(java.lang.Object, int, java.lang.Object, java.lang.Object)'> (0x000000070945d890) 
thrown [s\src\hotspot\share\interpreter\linkResolver.cpp, line 773]
Event: 9.150 Thread 0x000001e79fbaa600 Exception <a 'java/lang/NoSuchMethodError'{0x000000070946c368}: 'java.lang.Object java.lang.invoke.DirectMethodHandle$Holder.invokeStatic(java.lang.Object, java.lang.Object, long, java.lang.Object)'> (0x000000070946c368) 
thrown [s\src\hotspot\share\interpreter\linkResolver.cpp, line 773]
Event: 9.150 Thread 0x000001e79fbaa600 Exception <a 'java/lang/NoSuchMethodError'{0x00000007094732f8}: 'java.lang.Object java.lang.invoke.DirectMethodHandle$Holder.newInvokeSpecial(java.lang.Object, java.lang.Object, long)'> (0x00000007094732f8) 
thrown [s\src\hotspot\share\interpreter\linkResolver.cpp, line 773]
Event: 9.150 Thread 0x000001e79fbaa600 Exception <a 'java/lang/NoSuchMethodError'{0x0000000709476d70}: 'java.lang.Object java.lang.invoke.Invokers$Holder.linkToTargetMethod(java.lang.Object, long, java.lang.Object)'> (0x0000000709476d70) 
thrown [s\src\hotspot\share\interpreter\linkResolver.cpp, line 773]
Event: 11.125 Thread 0x000001e7596d7590 Exception <a 'java/lang/NoSuchMethodError'{0x0000000708f46df8}: 'java.lang.Object java.lang.invoke.DirectMethodHandle$Holder.invokeSpecial(java.lang.Object, java.lang.Object, int, float)'> (0x0000000708f46df8) 
thrown [s\src\hotspot\share\interpreter\linkResolver.cpp, line 773]
Event: 11.127 Thread 0x000001e7596d7590 Exception <a 'java/lang/NoSuchMethodError'{0x0000000708f60980}: 'java.lang.Object java.lang.invoke.DirectMethodHandle$Holder.invokeSpecial(java.lang.Object, java.lang.Object, java.lang.Object, java.lang.Object, double)'> (0x0000000708f60980) 
thrown [s\src\hotspot\share\interpreter\linkResolver.cpp, line 773]
Event: 11.128 Thread 0x000001e7596d7590 Exception <a 'java/lang/NoSuchMethodError'{0x0000000708f642e0}: 'java.lang.Object java.lang.invoke.Invokers$Holder.linkToTargetMethod(java.lang.Object, java.lang.Object, double, java.lang.Object)'> (0x0000000708f642e0) 
thrown [s\src\hotspot\share\interpreter\linkResolver.cpp, line 773]
Event: 12.252 Thread 0x000001e7596d7c20 Exception <a 'java/lang/NoSuchMethodError'{0x00000007114512b8}: 'java.lang.Object java.lang.invoke.DirectMethodHandle$Holder.newInvokeSpecial(java.lang.Object, long, long)'> (0x00000007114512b8) 
thrown [s\src\hotspot\share\interpreter\linkResolver.cpp, line 773]
Event: 12.256 Thread 0x000001e7596d7c20 Exception <a 'java/lang/NoSuchMethodError'{0x000000071147e778}: 'java.lang.Object java.lang.invoke.DirectMethodHandle$Holder.invokeSpecial(java.lang.Object, java.lang.Object, int, int, int, int)'> (0x000000071147e778) 
thrown [s\src\hotspot\share\interpreter\linkResolver.cpp, line 773]
Event: 12.256 Thread 0x000001e7596d7c20 Exception <a 'java/lang/NoSuchMethodError'{0x0000000711481b48}: 'java.lang.Object java.lang.invoke.Invokers$Holder.linkToTargetMethod(int, int, int, int, java.lang.Object)'> (0x0000000711481b48) 
thrown [s\src\hotspot\share\interpreter\linkResolver.cpp, line 773]
Event: 17.360 Thread 0x000001e79fbaa600 Exception <a 'java/lang/NoSuchMethodError'{0x000000070ab28888}: 'java.lang.Object java.lang.invoke.DirectMethodHandle$Holder.invokeSpecial(java.lang.Object, java.lang.Object, int, int, java.lang.Object)'> (0x000000070ab28888) 
thrown [s\src\hotspot\share\interpreter\linkResolver.cpp, line 773]

ZGC Phase Switch (0 events):
No events

VM Operations (20 events):
Event: 29.731 Executing VM operation: Cleanup
Event: 29.738 Executing VM operation: Cleanup done
Event: 29.974 Executing VM operation: G1TryInitiateConcMark (G1 Humongous Allocation)
Event: 29.975 Executing VM operation: G1TryInitiateConcMark (G1 Humongous Allocation) done
Event: 30.976 Executing VM operation: Cleanup
Event: 31.046 Executing VM operation: Cleanup done
Event: 31.046 Executing VM operation: G1TryInitiateConcMark (G1 Humongous Allocation)
Event: 31.050 Executing VM operation: G1TryInitiateConcMark (G1 Humongous Allocation) done
Event: 31.950 Executing VM operation: G1TryInitiateConcMark (G1 Humongous Allocation)
Event: 31.952 Executing VM operation: G1TryInitiateConcMark (G1 Humongous Allocation) done
Event: 32.825 Executing VM operation: G1TryInitiateConcMark (G1 Humongous Allocation)
Event: 32.826 Executing VM operation: G1TryInitiateConcMark (G1 Humongous Allocation) done
Event: 33.629 Executing VM operation: G1TryInitiateConcMark (G1 Humongous Allocation)
Event: 33.630 Executing VM operation: G1TryInitiateConcMark (G1 Humongous Allocation) done
Event: 34.386 Executing VM operation: G1TryInitiateConcMark (G1 Humongous Allocation)
Event: 34.387 Executing VM operation: G1TryInitiateConcMark (G1 Humongous Allocation) done
Event: 35.878 Executing VM operation: G1TryInitiateConcMark (G1 Humongous Allocation)
Event: 35.996 Executing VM operation: G1TryInitiateConcMark (G1 Humongous Allocation) done
Event: 36.012 Executing VM operation: HandshakeAllThreads (Deoptimize)
Event: 36.013 Executing VM operation: HandshakeAllThreads (Deoptimize) done

Memory protections (0 events):
No events

Nmethod flushes (20 events):
Event: 9.557 Thread 0x000001e7594d8080 flushing  nmethod 0x000001e7430a7010
Event: 9.557 Thread 0x000001e7594d8080 flushing  nmethod 0x000001e7430a7690
Event: 9.557 Thread 0x000001e7594d8080 flushing  nmethod 0x000001e7430a7d10
Event: 9.557 Thread 0x000001e7594d8080 flushing  nmethod 0x000001e7430a8690
Event: 9.557 Thread 0x000001e7594d8080 flushing  nmethod 0x000001e7430ac210
Event: 9.557 Thread 0x000001e7594d8080 flushing  nmethod 0x000001e7430ac690
Event: 9.557 Thread 0x000001e7594d8080 flushing  nmethod 0x000001e7430adc90
Event: 9.557 Thread 0x000001e7594d8080 flushing  nmethod 0x000001e7430ae210
Event: 9.557 Thread 0x000001e7594d8080 flushing  nmethod 0x000001e7430aef90
Event: 9.557 Thread 0x000001e7594d8080 flushing  nmethod 0x000001e7430af390
Event: 9.557 Thread 0x000001e7594d8080 flushing  nmethod 0x000001e7430afc90
Event: 9.557 Thread 0x000001e7594d8080 flushing  nmethod 0x000001e7430b0010
Event: 9.557 Thread 0x000001e7594d8080 flushing  nmethod 0x000001e7430d4410
Event: 9.557 Thread 0x000001e7594d8080 flushing  nmethod 0x000001e7430e1f90
Event: 9.557 Thread 0x000001e7594d8080 flushing  nmethod 0x000001e7430e5d10
Event: 9.557 Thread 0x000001e7594d8080 flushing  nmethod 0x000001e7430e6610
Event: 9.557 Thread 0x000001e7594d8080 flushing  nmethod 0x000001e7430e9c10
Event: 9.557 Thread 0x000001e7594d8080 flushing  nmethod 0x000001e743120110
Event: 9.557 Thread 0x000001e7594d8080 flushing  nmethod 0x000001e74324d510
Event: 9.557 Thread 0x000001e7594d8080 flushing  nmethod 0x000001e7432df810

Events (20 events):
Event: 18.620 Thread 0x000001e759518a90 Thread exited: 0x000001e759518a90
Event: 20.215 Thread 0x000001e7595183c0 Thread added: 0x000001e759518a90
Event: 20.542 Thread 0x000001e759518a90 Thread exited: 0x000001e759518a90
Event: 25.245 Thread 0x000001e7595183c0 Thread added: 0x000001e759518a90
Event: 25.647 Thread 0x000001e759518a90 Thread exited: 0x000001e759518a90
Event: 25.747 Thread 0x000001e7595183c0 Thread added: 0x000001e759518a90
Event: 26.141 Thread 0x000001e759518a90 Thread exited: 0x000001e759518a90
Event: 26.706 Thread 0x000001e7595183c0 Thread added: 0x000001e759518a90
Event: 27.005 Thread 0x000001e759518a90 Thread exited: 0x000001e759518a90
Event: 28.363 Thread 0x000001e7595183c0 Thread added: 0x000001e759518a90
Event: 28.734 Thread 0x000001e759518a90 Thread exited: 0x000001e759518a90
Event: 29.833 Thread 0x000001e7595183c0 Thread added: 0x000001e759518a90
Event: 29.988 Thread 0x000001e759518a90 Thread exited: 0x000001e759518a90
Event: 30.508 Thread 0x000001e7595183c0 Thread added: 0x000001e759518a90
Event: 30.588 Thread 0x000001e7596d61e0 Thread added: 0x000001e79f1e42c0
Event: 30.743 Thread 0x000001e759518a90 Thread exited: 0x000001e759518a90
Event: 33.910 Thread 0x000001e7595183c0 Thread added: 0x000001e759518a90
Event: 34.268 Thread 0x000001e759518a90 Thread exited: 0x000001e759518a90
Event: 36.022 Thread 0x000001e7595183c0 Thread added: 0x000001e759518a90
Event: 36.490 Thread 0x000001e759518a90 Thread exited: 0x000001e759518a90


Dynamic libraries:
0x00007ff6266c0000 - 0x00007ff6266ce000 	C:\Program Files\BellSoft\LibericaJDK-21\bin\java.exe
0x00007ff9f6840000 - 0x00007ff9f6a49000 	C:\Windows\SYSTEM32\ntdll.dll
0x00007ff9f6000000 - 0x00007ff9f60bd000 	C:\Windows\System32\KERNEL32.DLL
0x00007ff9f3ff0000 - 0x00007ff9f4374000 	C:\Windows\System32\KERNELBASE.dll
0x00007ff9f44d0000 - 0x00007ff9f45e1000 	C:\Windows\System32\ucrtbase.dll
0x00007ff9bf7e0000 - 0x00007ff9bf7fb000 	C:\Program Files\BellSoft\LibericaJDK-21\bin\VCRUNTIME140.dll
0x00007ff9efbf0000 - 0x00007ff9efc08000 	C:\Program Files\BellSoft\LibericaJDK-21\bin\jli.dll
0x00007ff9f5230000 - 0x00007ff9f53dd000 	C:\Windows\System32\USER32.dll
0x00007ff9dfcc0000 - 0x00007ff9dff65000 	C:\Windows\WinSxS\amd64_microsoft.windows.common-controls_6595b64144ccf1df_6.0.22000.120_none_9d947278b86cc467\COMCTL32.dll
0x00007ff9f44a0000 - 0x00007ff9f44c6000 	C:\Windows\System32\win32u.dll
0x00007ff9f5fd0000 - 0x00007ff9f5ffa000 	C:\Windows\System32\GDI32.dll
0x00007ff9f5180000 - 0x00007ff9f5223000 	C:\Windows\System32\msvcrt.dll
0x00007ff9f4380000 - 0x00007ff9f449e000 	C:\Windows\System32\gdi32full.dll
0x00007ff9f45f0000 - 0x00007ff9f468d000 	C:\Windows\System32\msvcp_win.dll
0x00007ff9f5f90000 - 0x00007ff9f5fc1000 	C:\Windows\System32\IMM32.DLL
0x00007ff9e7580000 - 0x00007ff9e758c000 	C:\Program Files\BellSoft\LibericaJDK-21\bin\vcruntime140_1.dll
0x00007ff9721d0000 - 0x00007ff97225e000 	C:\Program Files\BellSoft\LibericaJDK-21\bin\msvcp140.dll
0x00007ff971410000 - 0x00007ff9721c3000 	C:\Program Files\BellSoft\LibericaJDK-21\bin\server\jvm.dll
0x00007ff9f5cc0000 - 0x00007ff9f5d6e000 	C:\Windows\System32\ADVAPI32.dll
0x00007ff9f5c20000 - 0x00007ff9f5cbe000 	C:\Windows\System32\sechost.dll
0x00007ff9f4900000 - 0x00007ff9f4a21000 	C:\Windows\System32\RPCRT4.dll
0x00007ff9f4770000 - 0x00007ff9f47df000 	C:\Windows\System32\WS2_32.dll
0x00007ff9cd7b0000 - 0x00007ff9cd7e3000 	C:\Windows\SYSTEM32\WINMM.dll
0x00007ff9ecd80000 - 0x00007ff9ecd8a000 	C:\Windows\SYSTEM32\VERSION.dll
0x00007ff9f3a00000 - 0x00007ff9f3a4d000 	C:\Windows\SYSTEM32\POWRPROF.dll
0x00007ff9f39e0000 - 0x00007ff9f39f3000 	C:\Windows\SYSTEM32\UMPDC.dll
0x00007ff9f2d00000 - 0x00007ff9f2d18000 	C:\Windows\SYSTEM32\kernel.appcore.dll
0x00007ff9c61e0000 - 0x00007ff9c61ea000 	C:\Program Files\BellSoft\LibericaJDK-21\bin\jimage.dll
0x00007ff9dfa90000 - 0x00007ff9dfcb1000 	C:\Windows\SYSTEM32\DBGHELP.DLL
0x00007ff9e00c0000 - 0x00007ff9e00f1000 	C:\Windows\SYSTEM32\dbgcore.DLL
0x00007ff9f3f70000 - 0x00007ff9f3fef000 	C:\Windows\System32\bcryptPrimitives.dll
0x00007ff9bf7c0000 - 0x00007ff9bf7df000 	C:\Program Files\BellSoft\LibericaJDK-21\bin\java.dll
0x00007ff9f53e0000 - 0x00007ff9f5ba5000 	C:\Windows\System32\SHELL32.dll
0x00007ff9f1d60000 - 0x00007ff9f25c2000 	C:\Windows\SYSTEM32\windows.storage.dll
0x00007ff9f4ae0000 - 0x00007ff9f4e56000 	C:\Windows\System32\combase.dll
0x00007ff9f1bf0000 - 0x00007ff9f1d57000 	C:\Windows\SYSTEM32\wintypes.dll
0x00007ff9f6290000 - 0x00007ff9f637a000 	C:\Windows\System32\SHCORE.dll
0x00007ff9f4710000 - 0x00007ff9f476d000 	C:\Windows\System32\shlwapi.dll
0x00007ff9f3c00000 - 0x00007ff9f3c25000 	C:\Windows\SYSTEM32\profapi.dll
0x00007ff971150000 - 0x00007ff971227000 	C:\Program Files\BellSoft\LibericaJDK-21\bin\jsvml.dll
0x00007ff9860c0000 - 0x00007ff9860d0000 	C:\Program Files\BellSoft\LibericaJDK-21\bin\net.dll
0x00007ff9ee6a0000 - 0x00007ff9ee7b4000 	C:\Windows\SYSTEM32\WINHTTP.dll
0x00007ff9f31a0000 - 0x00007ff9f3207000 	C:\Windows\system32\mswsock.dll
0x00007ff97f2f0000 - 0x00007ff97f306000 	C:\Program Files\BellSoft\LibericaJDK-21\bin\nio.dll
0x00007ff97f2d0000 - 0x00007ff97f2e8000 	C:\Program Files\BellSoft\LibericaJDK-21\bin\zip.dll
0x00007ff984a80000 - 0x00007ff98569f000 	C:\Users\Welcome\.skiko\64f176e39f60453df1ebf3b490935ff01e2e8db2dfc6217e7f91aacb376d7385\skiko-windows-x64.dll
0x00007ff9f4fe0000 - 0x00007ff9f517a000 	C:\Windows\System32\ole32.dll
0x00007ff9f18f0000 - 0x00007ff9f191f000 	C:\Windows\SYSTEM32\dwmapi.dll
0x00007ff9f0230000 - 0x00007ff9f0327000 	C:\Windows\SYSTEM32\PROPSYS.dll
0x00007ff9d6270000 - 0x00007ff9d63fe000 	C:\Program Files\BellSoft\LibericaJDK-21\bin\awt.dll
0x00007ff9f4f00000 - 0x00007ff9f4fd6000 	C:\Windows\System32\OLEAUT32.dll
0x00007ff9f11d0000 - 0x00007ff9f1262000 	C:\Windows\SYSTEM32\apphelp.dll
0x00007ff9f1380000 - 0x00007ff9f142c000 	C:\Windows\system32\uxtheme.dll
0x00007ff9f5d70000 - 0x00007ff9f5e8d000 	C:\Windows\System32\MSCTF.dll
0x00007ff9cace0000 - 0x00007ff9cade1000 	C:\Windows\system32\opengl32.dll
0x00007ff9cac70000 - 0x00007ff9cac9d000 	C:\Windows\SYSTEM32\GLU32.dll
0x00007ff9f1480000 - 0x00007ff9f14b8000 	C:\Windows\SYSTEM32\dxcore.dll
0x00007ff9e36d0000 - 0x00007ff9e3757000 	C:\Program Files\BellSoft\LibericaJDK-21\bin\freetype.dll
0x00007ff9d5dd0000 - 0x00007ff9d5ec1000 	C:\Program Files\BellSoft\LibericaJDK-21\bin\fontmanager.dll
0x00007ff9d9380000 - 0x00007ff9d95df000 	C:\Windows\SYSTEM32\dwrite.dll
0x00007ff9f4a30000 - 0x00007ff9f4adf000 	C:\Windows\System32\clbcatq.dll
0x00007ff9ed9e0000 - 0x00007ff9edb8e000 	C:\Windows\SYSTEM32\WindowsCodecs.dll
0x00007ff9c9ca0000 - 0x00007ff9c9cfd000 	C:\Windows\system32\dataexchange.dll
0x00007ff9ecab0000 - 0x00007ff9ecd15000 	C:\Windows\system32\twinapi.appcore.dll
0x00007ff9efba0000 - 0x00007ff9efba7000 	C:\Program Files\BellSoft\LibericaJDK-21\bin\jawt.dll
0x00007ff9f14c0000 - 0x00007ff9f15b3000 	C:\Windows\SYSTEM32\Dxgi.dll
0x00007ff9ef660000 - 0x00007ff9ef6a4000 	C:\Windows\SYSTEM32\directxdatabasehelper.dll
0x00007ff9f2d20000 - 0x00007ff9f2d54000 	C:\Windows\SYSTEM32\ntmarta.dll
0x00007ff9efb30000 - 0x00007ff9efb58000 	C:\Windows\SYSTEM32\D3D12.dll
0x00007ff9d2770000 - 0x00007ff9d2975000 	C:\Windows\SYSTEM32\D3D12Core.dll
0x00007ff9f3950000 - 0x00007ff9f399c000 	C:\Windows\SYSTEM32\cfgmgr32.dll
0x00007ff9f3620000 - 0x00007ff9f3647000 	C:\Windows\SYSTEM32\bcrypt.dll
0x00007ff9e7a30000 - 0x00007ff9eb1c4000 	C:\Windows\System32\DriverStore\FileRepository\iigd_dch.inf_amd64_51f685305808e3a5\igc64.dll
0x00007ff9f3cd0000 - 0x00007ff9f3e32000 	C:\Windows\System32\CRYPT32.dll
0x00007ff9e36a0000 - 0x00007ff9e36cd000 	C:\Windows\SYSTEM32\D3DSCache.dll
0x00007ff9f3240000 - 0x00007ff9f326c000 	C:\Windows\SYSTEM32\USERENV.dll
0x00007ff9f3470000 - 0x00007ff9f3488000 	C:\Windows\SYSTEM32\CRYPTSP.dll
0x00007ff9f2c60000 - 0x00007ff9f2c95000 	C:\Windows\system32\rsaenh.dll
0x00007ff9f3390000 - 0x00007ff9f339c000 	C:\Windows\SYSTEM32\CRYPTBASE.dll
0x00007ff9f2810000 - 0x00007ff9f283d000 	C:\Windows\SYSTEM32\IPHLPAPI.DLL
0x00007ff9f4ef0000 - 0x00007ff9f4ef9000 	C:\Windows\System32\NSI.dll
0x00007ff974a80000 - 0x00007ff97553e000 	C:\Users\Welcome\AppData\Local\Temp\onnxruntime-java6296771979078346870\onnxruntime.dll
0x00007ff9efb90000 - 0x00007ff9efb99000 	C:\Windows\SYSTEM32\MSVCP140_1.dll
0x00007ff9e3e80000 - 0x00007ff9e3e97000 	C:\Users\Welcome\AppData\Local\Temp\onnxruntime-java6296771979078346870\onnxruntime4j_jni.dll
0x000001e7a4cc0000 - 0x000001e7a4cc4000 	C:\Users\Welcome\.javacpp\cache\javacpp-1.5.9-windows-x86_64.jar\org\bytedeco\javacpp\windows-x86_64\api-ms-win-crt-locale-l1-1-0.dll
0x000001e7a4cd0000 - 0x000001e7a4cd5000 	C:\Users\Welcome\.javacpp\cache\javacpp-1.5.9-windows-x86_64.jar\org\bytedeco\javacpp\windows-x86_64\api-ms-win-crt-string-l1-1-0.dll
0x000001e7a4ce0000 - 0x000001e7a4ce5000 	C:\Users\Welcome\.javacpp\cache\javacpp-1.5.9-windows-x86_64.jar\org\bytedeco\javacpp\windows-x86_64\api-ms-win-crt-stdio-l1-1-0.dll
0x000001e7a4cf0000 - 0x000001e7a4cf6000 	C:\Users\Welcome\.javacpp\cache\javacpp-1.5.9-windows-x86_64.jar\org\bytedeco\javacpp\windows-x86_64\api-ms-win-crt-math-l1-1-0.dll
0x000001e7a4d00000 - 0x000001e7a4d04000 	C:\Users\Welcome\.javacpp\cache\javacpp-1.5.9-windows-x86_64.jar\org\bytedeco\javacpp\windows-x86_64\api-ms-win-crt-heap-l1-1-0.dll
0x000001e7a4d10000 - 0x000001e7a4d15000 	C:\Users\Welcome\.javacpp\cache\javacpp-1.5.9-windows-x86_64.jar\org\bytedeco\javacpp\windows-x86_64\api-ms-win-crt-runtime-l1-1-0.dll
0x000001e7a4d20000 - 0x000001e7a4d25000 	C:\Users\Welcome\.javacpp\cache\javacpp-1.5.9-windows-x86_64.jar\org\bytedeco\javacpp\windows-x86_64\api-ms-win-crt-convert-l1-1-0.dll
0x000001e7a4d30000 - 0x000001e7a4d34000 	C:\Users\Welcome\.javacpp\cache\javacpp-1.5.9-windows-x86_64.jar\org\bytedeco\javacpp\windows-x86_64\api-ms-win-crt-environment-l1-1-0.dll
0x000001e7a4d40000 - 0x000001e7a4d44000 	C:\Users\Welcome\.javacpp\cache\javacpp-1.5.9-windows-x86_64.jar\org\bytedeco\javacpp\windows-x86_64\api-ms-win-crt-time-l1-1-0.dll
0x000001e7a4e40000 - 0x000001e7a4e44000 	C:\Users\Welcome\.javacpp\cache\javacpp-1.5.9-windows-x86_64.jar\org\bytedeco\javacpp\windows-x86_64\api-ms-win-crt-filesystem-l1-1-0.dll
0x000001e7a4e50000 - 0x000001e7a4e54000 	C:\Users\Welcome\.javacpp\cache\javacpp-1.5.9-windows-x86_64.jar\org\bytedeco\javacpp\windows-x86_64\api-ms-win-crt-utility-l1-1-0.dll
0x000001e7a5760000 - 0x000001e7a5766000 	C:\Users\Welcome\.javacpp\cache\javacpp-1.5.9-windows-x86_64.jar\org\bytedeco\javacpp\windows-x86_64\api-ms-win-crt-multibyte-l1-1-0.dll
0x000001e7a5770000 - 0x000001e7a5774000 	C:\Users\Welcome\.javacpp\cache\javacpp-1.5.9-windows-x86_64.jar\org\bytedeco\javacpp\windows-x86_64\api-ms-win-crt-conio-l1-1-0.dll
0x000001e7a5780000 - 0x000001e7a5791000 	C:\Users\Welcome\.javacpp\cache\javacpp-1.5.9-windows-x86_64.jar\org\bytedeco\javacpp\windows-x86_64\api-ms-win-crt-private-l1-1-0.dll
0x000001e7a5890000 - 0x000001e7a5894000 	C:\Users\Welcome\.javacpp\cache\javacpp-1.5.9-windows-x86_64.jar\org\bytedeco\javacpp\windows-x86_64\api-ms-win-crt-process-l1-1-0.dll
0x000001e7a5bc0000 - 0x000001e7a5bc4000 	C:\Users\Welcome\.javacpp\cache\javacpp-1.5.9-windows-x86_64.jar\org\bytedeco\javacpp\windows-x86_64\api-ms-win-core-console-l1-2-0.dll
0x000001e7a5bd0000 - 0x000001e7a5bd4000 	C:\Users\Welcome\.javacpp\cache\javacpp-1.5.9-windows-x86_64.jar\org\bytedeco\javacpp\windows-x86_64\api-ms-win-core-string-l1-1-0.dll
0x000001e7a5be0000 - 0x000001e7a5be4000 	C:\Users\Welcome\.javacpp\cache\javacpp-1.5.9-windows-x86_64.jar\org\bytedeco\javacpp\windows-x86_64\api-ms-win-core-errorhandling-l1-1-0.dll
0x000001e7a5bf0000 - 0x000001e7a5bf4000 	C:\Users\Welcome\.javacpp\cache\javacpp-1.5.9-windows-x86_64.jar\org\bytedeco\javacpp\windows-x86_64\api-ms-win-core-timezone-l1-1-0.dll
0x000001e7a5c00000 - 0x000001e7a5c05000 	C:\Users\Welcome\.javacpp\cache\javacpp-1.5.9-windows-x86_64.jar\org\bytedeco\javacpp\windows-x86_64\api-ms-win-core-file-l1-1-0.dll
0x000001e7a5c10000 - 0x000001e7a5c14000 	C:\Users\Welcome\.javacpp\cache\javacpp-1.5.9-windows-x86_64.jar\org\bytedeco\javacpp\windows-x86_64\api-ms-win-core-namedpipe-l1-1-0.dll
0x000001e7a5c20000 - 0x000001e7a5c24000 	C:\Users\Welcome\.javacpp\cache\javacpp-1.5.9-windows-x86_64.jar\org\bytedeco\javacpp\windows-x86_64\api-ms-win-core-handle-l1-1-0.dll
0x000001e7a6420000 - 0x000001e7a6424000 	C:\Users\Welcome\.javacpp\cache\javacpp-1.5.9-windows-x86_64.jar\org\bytedeco\javacpp\windows-x86_64\api-ms-win-core-file-l2-1-0.dll
0x000001e7a5c30000 - 0x000001e7a5c34000 	C:\Users\Welcome\.javacpp\cache\javacpp-1.5.9-windows-x86_64.jar\org\bytedeco\javacpp\windows-x86_64\api-ms-win-core-heap-l1-1-0.dll
0x000001e7a5c40000 - 0x000001e7a5c44000 	C:\Users\Welcome\.javacpp\cache\javacpp-1.5.9-windows-x86_64.jar\org\bytedeco\javacpp\windows-x86_64\api-ms-win-core-libraryloader-l1-1-0.dll
0x000001e7a5c50000 - 0x000001e7a5c54000 	C:\Users\Welcome\.javacpp\cache\javacpp-1.5.9-windows-x86_64.jar\org\bytedeco\javacpp\windows-x86_64\api-ms-win-core-synch-l1-1-0.dll
0x000001e7a5c60000 - 0x000001e7a5c64000 	C:\Users\Welcome\.javacpp\cache\javacpp-1.5.9-windows-x86_64.jar\org\bytedeco\javacpp\windows-x86_64\api-ms-win-core-processthreads-l1-1-0.dll
0x000001e7a5c70000 - 0x000001e7a5c74000 	C:\Users\Welcome\.javacpp\cache\javacpp-1.5.9-windows-x86_64.jar\org\bytedeco\javacpp\windows-x86_64\api-ms-win-core-processenvironment-l1-1-0.dll
0x000001e7a5c80000 - 0x000001e7a5c84000 	C:\Users\Welcome\.javacpp\cache\javacpp-1.5.9-windows-x86_64.jar\org\bytedeco\javacpp\windows-x86_64\api-ms-win-core-datetime-l1-1-0.dll
0x000001e7a5c90000 - 0x000001e7a5c94000 	C:\Users\Welcome\.javacpp\cache\javacpp-1.5.9-windows-x86_64.jar\org\bytedeco\javacpp\windows-x86_64\api-ms-win-core-localization-l1-2-0.dll
0x000001e7a5ca0000 - 0x000001e7a5ca4000 	C:\Users\Welcome\.javacpp\cache\javacpp-1.5.9-windows-x86_64.jar\org\bytedeco\javacpp\windows-x86_64\api-ms-win-core-sysinfo-l1-1-0.dll
0x000001e7a5cc0000 - 0x000001e7a5cc4000 	C:\Users\Welcome\.javacpp\cache\javacpp-1.5.9-windows-x86_64.jar\org\bytedeco\javacpp\windows-x86_64\api-ms-win-core-synch-l1-2-0.dll
0x00007ff9ef150000 - 0x00007ff9ef369000 	C:\Windows\SYSTEM32\dcomp.dll
0x000001e7a5cd0000 - 0x000001e7a5cd4000 	C:\Users\Welcome\.javacpp\cache\javacpp-1.5.9-windows-x86_64.jar\org\bytedeco\javacpp\windows-x86_64\api-ms-win-core-console-l1-1-0.dll
0x000001e7a5ce0000 - 0x000001e7a5ce4000 	C:\Users\Welcome\.javacpp\cache\javacpp-1.5.9-windows-x86_64.jar\org\bytedeco\javacpp\windows-x86_64\api-ms-win-core-debug-l1-1-0.dll
0x000001e7a5cf0000 - 0x000001e7a5cf4000 	C:\Users\Welcome\.javacpp\cache\javacpp-1.5.9-windows-x86_64.jar\org\bytedeco\javacpp\windows-x86_64\api-ms-win-core-rtlsupport-l1-1-0.dll
0x000001e7a5d00000 - 0x000001e7a5d04000 	C:\Users\Welcome\.javacpp\cache\javacpp-1.5.9-windows-x86_64.jar\org\bytedeco\javacpp\windows-x86_64\api-ms-win-core-processthreads-l1-1-1.dll
0x00007ff9f0500000 - 0x00007ff9f0966000 	C:\Windows\SYSTEM32\d3dcompiler_47.dll
0x000001e7a5d10000 - 0x000001e7a5d14000 	C:\Users\Welcome\.javacpp\cache\javacpp-1.5.9-windows-x86_64.jar\org\bytedeco\javacpp\windows-x86_64\api-ms-win-core-file-l1-2-0.dll
0x000001e7a5d20000 - 0x000001e7a5d24000 	C:\Users\Welcome\.javacpp\cache\javacpp-1.5.9-windows-x86_64.jar\org\bytedeco\javacpp\windows-x86_64\api-ms-win-core-profile-l1-1-0.dll
0x000001e7a5d30000 - 0x000001e7a5d34000 	C:\Users\Welcome\.javacpp\cache\javacpp-1.5.9-windows-x86_64.jar\org\bytedeco\javacpp\windows-x86_64\api-ms-win-core-memory-l1-1-0.dll
0x000001e7a5d40000 - 0x000001e7a5d44000 	C:\Users\Welcome\.javacpp\cache\javacpp-1.5.9-windows-x86_64.jar\org\bytedeco\javacpp\windows-x86_64\api-ms-win-core-util-l1-1-0.dll
0x000001e7a5d50000 - 0x000001e7a5d54000 	C:\Users\Welcome\.javacpp\cache\javacpp-1.5.9-windows-x86_64.jar\org\bytedeco\javacpp\windows-x86_64\api-ms-win-core-interlocked-l1-1-0.dll
0x00007ff9d5cb0000 - 0x00007ff9d5dc1000 	C:\Users\Welcome\.javacpp\cache\javacpp-1.5.9-windows-x86_64.jar\org\bytedeco\javacpp\windows-x86_64\ucrtbase.dll

JVMTI agents: none

dbghelp: loaded successfully - version: 4.0.5 - missing functions: none
symbol engine: initialized successfully - sym options: 0x614 - pdb path: .;C:\Program Files\BellSoft\LibericaJDK-21\bin;C:\Windows\SYSTEM32;C:\Windows\WinSxS\amd64_microsoft.windows.common-controls_6595b64144ccf1df_6.0.22000.120_none_9d947278b86cc467;C:\Program Files\BellSoft\LibericaJDK-21\bin\server;C:\Users\Welcome\.skiko\64f176e39f60453df1ebf3b490935ff01e2e8db2dfc6217e7f91aacb376d7385;C:\Windows\System32\DriverStore\FileRepository\iigd_dch.inf_amd64_51f685305808e3a5;C:\Users\Welcome\AppData\Local\Temp\onnxruntime-java6296771979078346870;C:\Users\Welcome\.javacpp\cache\javacpp-1.5.9-windows-x86_64.jar\org\bytedeco\javacpp\windows-x86_64;C:\Users\Welcome\.javacpp\cache\openblas-0.3.23-1.5.9-windows-x86_64.jar\org\bytedeco\openblas\windows-x86_64;C:\Users\Welcome\.javacpp\cache\opencv-4.7.0-1.5.9-windows-x86_64.jar\org\bytedeco\opencv\windows-x86_64;C:\Windows\WinSxS\amd64_microsoft.windows.gdiplus_6595b64144ccf1df_1.1.22000.2003_none_4c4fc4c1c574dc79

VM Arguments:
jvm_args: -Dcompose.application.configure.swing.globals=true -Dcompose.application.resources.dir=C:\Users\Welcome\IdeaProjects\orais- v1\composeApp\build\compose\tmp\prepareAppResources -Dfile.encoding=UTF-8 -Duser.country=IN -Duser.language=en -Duser.variant 
java_command: com.ram.orai.orais.MainKt
java_class_path (initial): C:\Users\Welcome\.gradle\.tmp\gradle-javaexec-classpath17541341498183451158.jar
Launcher Type: SUN_STANDARD

[Global flags]
     intx CICompilerCount                          = 3                                         {product} {ergonomic}
     uint ConcGCThreads                            = 1                                         {product} {ergonomic}
     uint G1ConcRefinementThreads                  = 4                                         {product} {ergonomic}
   size_t G1HeapRegionSize                         = 2097152                                   {product} {ergonomic}
    uintx GCDrainStackTargetSize                   = 64                                        {product} {ergonomic}
   size_t InitialHeapSize                          = 268435456                                 {product} {ergonomic}
   size_t MarkStackSize                            = 4194304                                   {product} {ergonomic}
   size_t MaxHeapSize                              = 4271898624                                {product} {ergonomic}
   size_t MaxNewSize                               = 2562719744                                {product} {ergonomic}
   size_t MinHeapDeltaBytes                        = 2097152                                   {product} {ergonomic}
   size_t MinHeapSize                              = 8388608                                   {product} {ergonomic}
    uintx NonNMethodCodeHeapSize                   = 5832780                                {pd product} {ergonomic}
    uintx NonProfiledCodeHeapSize                  = 122912730                              {pd product} {ergonomic}
    uintx ProfiledCodeHeapSize                     = 122912730                              {pd product} {ergonomic}
    uintx ReservedCodeCacheSize                    = 251658240                              {pd product} {ergonomic}
     bool SegmentedCodeCache                       = true                                      {product} {ergonomic}
   size_t SoftMaxHeapSize                          = 4271898624                             {manageable} {ergonomic}
     bool UseCompressedOops                        = true                           {product lp64_product} {ergonomic}
     bool UseG1GC                                  = true                                      {product} {ergonomic}
     bool UseLargePagesIndividualAllocation        = false                                  {pd product} {ergonomic}

Logging:
Log output configuration:
 #0: stdout all=warning uptime,level,tags foldmultilines=false
 #1: stderr all=off uptime,level,tags foldmultilines=false

Release file:
IMPLEMENTOR="BellSoft" 
JAVA_RUNTIME_VERSION="21.0.9+15-LTS" 
JAVA_VERSION="21.0.9" 
JAVA_VERSION_DATE="2025-10-21" 
LIBC="default" 
MODULES="java.base java.compiler java.datatransfer java.xml java.prefs java.desktop java.instrument java.logging java.management java.security.sasl java.naming java.rmi java.management.rmi java.net.http java.scripting java.security.jgss java.transaction.xa java.sql java.sql.rowset java.xml.crypto java.se java.smartcardio jdk.accessibility jdk.internal.jvmstat jdk.attach jdk.charsets jdk.internal.opt jdk.zipfs jdk.compiler jdk.crypto.ec jdk.crypto.cryptoki jdk.crypto.mscapi jdk.dynalink jdk.internal.ed jdk.editpad jdk.hotspot.agent jdk.httpserver jdk.incubator.vector jdk.internal.le jdk.internal.vm.ci jdk.internal.vm.compiler jdk.internal.vm.compiler.management jdk.jartool jdk.javadoc jdk.jcmd jdk.management jdk.management.agent jdk.jconsole jdk.jdeps jdk.jdwp.agent jdk.jdi jdk.jfr jdk.jlink jdk.jpackage jdk.jshell jdk.jsobject jdk.jstatd jdk.localedata jdk.management.jfr jdk.naming.dns jdk.naming.rmi jdk.net jdk.nio.mapmode jdk.random jdk.sctp jdk.security.auth jdk.security.jgss jdk.unsupported jdk.unsupported.desktop jdk.xml.dom" 
OS_ARCH="x86_64" 
OS_NAME="Windows" 
SOURCE=".:git:b00e41d2b14a+" 

Environment Variables:
JAVA_HOME=C:\Program Files\BellSoft\LibericaJDK-21\
PATH=C:\Program Files\PowerShell\7-preview;C:\Program Files\BellSoft\LibericaJDK-21\bin\;C:\Windows\system32;C:\Windows;C:\Windows\System32\Wbem;C:\Windows\System32\WindowsPowerShell\v1.0\;C:\Windows\System32\OpenSSH\;C:\Program Files\Git\cmd;C:\Program Files\BellSoft\LibericaJDK-21\\bin;C:\Program Files\GitHub CLI\;C:\Program Files\nodejs\;C:\Program Files\cursor\resources\app\bin;C:\Program Files\PowerShell\7-preview\preview;C:\Program Files (x86)\Windows Kits\10\Windows Performance Toolkit\;C:\ProgramData\chocolatey\bin;C:\Users\Welcome\AppData\Local\Programs\Python\Launcher\;C:\Users\Welcome\AppData\Local\Microsoft\WindowsApps;C:\Users\Welcome\AppData\Local\Programs\Windsurf\bin;C:\Users\Welcome\AppData\Local\Programs\Ollama;C:\Users\Welcome\flutter\bin;C:\Users\Welcome\AppData\Roaming\npm;C:\Users\Welcome\AppData\Local\Programs\Microsoft VS Code\bin;C:\Users\Welcome\AppData\Local\Programs\MiKTeX\miktex\bin\x64\;C:\Users\Welcome\AppData\Local\Pandoc\;C:\Users\Welcome\AppData\Local\Google\Cloud SDK\google-cloud-sdk\bin;C:\Users\Welcome\AppData\Local\GitHubDesktop\bin
USERNAME=Welcome
LANG=en_US.UTF-8
OS=Windows_NT
PROCESSOR_IDENTIFIER=Intel64 Family 6 Model 94 Stepping 3, GenuineIntel
TMP=C:\Users\Welcome\AppData\Local\Temp
TEMP=C:\Users\Welcome\AppData\Local\Temp




Periodic native trim disabled

---------------  S Y S T E M  ---------------

OS:
 Windows 11 , 64 bit Build 22000 (10.0.22000.2538)
OS uptime: 0 days 3:13 hours
Hyper-V role detected

CPU: total 4 (initial active 4) (4 cores per cpu, 1 threads per core) family 6 model 94 stepping 3 microcode 0xd6, cx8, cmov, fxsr, mmx, 3dnowpref, sse, sse2, sse3, ssse3, sse4.1, sse4.2, popcnt, lzcnt, tsc, tscinvbit, avx, avx2, aes, erms, clmul, bmi1, bmi2, rtm, adx, fma, vzeroupper, clflush, clflushopt, hv, rdtscp, f16c
Processor Information for the first 4 processors :
  Max Mhz: 3312, Current Mhz: 3312, Mhz Limit: 3312

Memory: 4k page, system-wide physical 16291M (6215M free)
TotalPageFile size 23971M (AvailPageFile size 11088M)
current process WorkingSet (physical memory assigned to process): 876M, peak: 1059M
current process commit charge ("private bytes"): 1780M, peak: 2088M

vm_info: OpenJDK 64-Bit Server VM (21.0.9+15-LTS) for windows-amd64 JRE (21.0.9+15-LTS), built on 2025-11-18T05:03:52Z by "hudson" with MS VC++ 17.1 (VS2022)

END.
