#
# A fatal error has been detected by the Java Runtime Environment:
#
#  EXCEPTION_ACCESS_VIOLATION (0xc0000005) at pc=0x00007ff90c3f24cf, pid=10816, tid=5360
#
# JRE version: OpenJDK Runtime Environment (21.0.9+15) (build 21.0.9+15-LTS)
# Java VM: OpenJDK 64-Bit Server VM (21.0.9+15-LTS, mixed mode, sharing, tiered, compressed oops, compressed class ptrs, g1 gc, windows-amd64)
# Problematic frame:
# C  [onnxruntime.dll+0x6424cf]
#
# No core dump will be written. Minidumps are not enabled by default on client versions of Windows
#
# If you would like to submit a bug report, please visit:
#   https://bell-sw.com/support
# The crash happened outside the Java Virtual Machine in native code.
# See problematic frame for where to report the bug.
#

---------------  S U M M A R Y ------------

Command Line: -Dcompose.application.configure.swing.globals=true -Dcompose.application.resources.dir=C:\Users\Welcome\IdeaProjects\orais- v1\composeApp\build\compose\tmp\prepareAppResources -Dfile.encoding=UTF-8 -Duser.country=IN -Duser.language=en -Duser.variant com.ram.orai.orais.MainKt

Host: Intel(R) Core(TM) i5-6600 CPU @ 3.30GHz, 4 cores, 15G,  Windows 11 , 64 bit Build 22000 (10.0.22000.2538)
Time: Sat Jan  3 20:31:56 2026 India Standard Time elapsed time: 18.985472 seconds (0d 0h 0m 18s)

---------------  T H R E A D  ---------------

Current thread (0x000001bd9c85ee30):  JavaThread "DefaultDispatcher-worker-3" daemon [_thread_in_native, id=5360, stack(0x000000af9b700000,0x000000af9b800000) (1024K)]

Stack: [0x000000af9b700000,0x000000af9b800000],  sp=0x000000af9b7fc3a0,  free space=1008k
Native frames: (J=compiled Java code, j=interpreted, Vv=VM code, C=native code)
C  [onnxruntime.dll+0x6424cf]

Java frames: (J=compiled Java code, j=interpreted, Vv=VM code)
j  ai.onnxruntime.OrtSession.run(JJJ[Ljava/lang/String;[JJ[Ljava/lang/String;J[Lai/onnxruntime/OnnxValue;[JJ)[Z+0
j  ai.onnxruntime.OrtSession.run(Ljava/util/Map;Ljava/util/Set;Ljava/util/Map;Lai/onnxruntime/OrtSession$RunOptions;)Lai/onnxruntime/OrtSession$Result;+722
j  ai.onnxruntime.OrtSession.run(Ljava/util/Map;Ljava/util/Set;)Lai/onnxruntime/OrtSession$Result;+7
j  ai.onnxruntime.OrtSession.run(Ljava/util/Map;)Lai/onnxruntime/OrtSession$Result;+6
j  com.ram.orai.orais.ModelInference.runInference(Lcom/ram/orai/orais/ImageData;F)Ljava/util/List;+57
j  com.ram.orai.orais.ComposableSingletons$AppKt$lambda$-1564548354$1$3$1$1$1$1.emit(Lcom/ram/orai/orais/CameraFrame;Lkotlin/coroutines/Continuation;)Ljava/lang/Object;+688
j  com.ram.orai.orais.ComposableSingletons$AppKt$lambda$-1564548354$1$3$1$1$1$1.emit(Ljava/lang/Object;Lkotlin/coroutines/Continuation;)Ljava/lang/Object;+6
j  kotlinx.coroutines.flow.FlowKt__DelayKt$sample$2$1$2.invokeSuspend(Ljava/lang/Object;)Ljava/lang/Object;+91
j  kotlinx.coroutines.flow.FlowKt__DelayKt$sample$2$1$2.invoke(Lkotlin/Unit;Lkotlin/coroutines/Continuation;)Ljava/lang/Object;+12
j  kotlinx.coroutines.flow.FlowKt__DelayKt$sample$2$1$2.invoke(Ljava/lang/Object;Ljava/lang/Object;)Ljava/lang/Object;+9
j  kotlinx.coroutines.selects.SelectImplementation$ClauseData.invokeBlock(Ljava/lang/Object;Lkotlin/coroutines/Continuation;)Ljava/lang/Object;+54
j  kotlinx.coroutines.selects.SelectImplementation.complete(Lkotlin/coroutines/Continuation;)Ljava/lang/Object;+68
j  kotlinx.coroutines.selects.SelectImplementation.doSelectSuspend(Lkotlin/coroutines/Continuation;)Ljava/lang/Object;+142
j  kotlinx.coroutines.selects.SelectImplementation.access$doSelectSuspend(Lkotlinx/coroutines/selects/SelectImplementation;Lkotlin/coroutines/Continuation;)Ljava/lang/Object;+2
j  kotlinx.coroutines.selects.SelectImplementation$doSelectSuspend$1.invokeSuspend(Ljava/lang/Object;)Ljava/lang/Object;+24
J 2601 c1 kotlin.coroutines.jvm.internal.BaseContinuationImpl.resumeWith(Ljava/lang/Object;)V (124 bytes) @ 0x000001bd405cd2e4 [0x000001bd405ccec0+0x0000000000000424]
J 2727 c1 kotlinx.coroutines.DispatchedTask.run()V (387 bytes) @ 0x000001bd405fbc1c [0x000001bd405fa620+0x00000000000015fc]
j  kotlinx.coroutines.scheduling.CoroutineScheduler.runSafely(Lkotlinx/coroutines/scheduling/Task;)V+2
j  kotlinx.coroutines.scheduling.CoroutineScheduler$Worker.executeTask(Lkotlinx/coroutines/scheduling/Task;)V+164
j  kotlinx.coroutines.scheduling.CoroutineScheduler$Worker.runWorker()V+44
j  kotlinx.coroutines.scheduling.CoroutineScheduler$Worker.run()V+1
v  ~StubRoutines::call_stub 0x000001bd475f100d

siginfo: EXCEPTION_ACCESS_VIOLATION (0xc0000005), reading address 0x0000000000001800


Registers:
RAX=0x000001bda33d3cc0, RBX=0x0000000000000100, RCX=0x000001bda33d3930, RDX=0x0000000000000000
RSP=0x000000af9b7fc3a0, RBP=0x000000af9b7fce50, RSI=0x0000000000000000, RDI=0x000000af9b7fcb30
R8 =0x0000000000000300, R9 =0x000001bda3233600, R10=0x0000000000006400, R11=0x000000af9b7fc520
R12=0x000001bdaa7e4d80, R13=0x0000000000000000, R14=0x000000af9b7fcef0, R15=0x000001bda33d3cc0
RIP=0x00007ff90c3f24cf, EFLAGS=0x0000000000010202

XMM[0]=0xbff1316ebf9bc970 0xbfe38b81bfff6568
XMM[1]=0x3ff1316e3f9bc970 0x3fe38b813fff6568
XMM[2]=0x0000000000000000 0x3f0f212d77318fc5
XMM[3]=0x3fd610223fd682c0 0x3fd3c2ea3fd477a8
XMM[4]=0xbfe38b81bfff6568 0x3fd949883fdab790
XMM[5]=0xbff1316ebf9bc970 0xbfe38b81bfff6568
XMM[6]=0x0000000000000000 0x0000000040000000
XMM[7]=0x0000000000000000 0x0000000000000000
XMM[8]=0x0000000000000000 0x0000000000000000
XMM[9]=0x0000000000000000 0x000000003ac02200
XMM[10]=0x0000000000000000 0x000000003a130a00
XMM[11]=0x0000000000000000 0x000000003a201000
XMM[12]=0x0000000000000000 0x0000000000000000
XMM[13]=0x0000000000000000 0x0000000000000000
XMM[14]=0x0000000000000000 0x0000000000ff0000
XMM[15]=0x0000000000000000 0x000000000000ff00
  MXCSR=0x00001fa0


Register to memory mapping:

RAX=0x000001bda33d3cc0 points into unknown readable memory: 0x00007ff90c68ab88 | 88 ab 68 0c f9 7f 00 00
RBX=0x0000000000000100 is an unknown value
RCX=0x000001bda33d3930 points into unknown readable memory: 0x000001bda36e1070 | 70 10 6e a3 bd 01 00 00
RDX=0x0 is null
RSP=0x000000af9b7fc3a0 is pointing into the stack for thread: 0x000001bd9c85ee30
RBP=0x000000af9b7fce50 is pointing into the stack for thread: 0x000001bd9c85ee30
RSI=0x0 is null
RDI=0x000000af9b7fcb30 is pointing into the stack for thread: 0x000001bd9c85ee30
R8 =0x0000000000000300 is an unknown value
R9 =0x000001bda3233600 is an unknown value
R10=0x0000000000006400 is an unknown value
R11=0x000000af9b7fc520 is pointing into the stack for thread: 0x000001bd9c85ee30
R12=0x000001bdaa7e4d80 points into unknown readable memory: 0x000001bd9d731280 | 80 12 73 9d bd 01 00 00
R13=0x0 is null
R14=0x000000af9b7fcef0 is pointing into the stack for thread: 0x000001bd9c85ee30
R15=0x000001bda33d3cc0 points into unknown readable memory: 0x00007ff90c68ab88 | 88 ab 68 0c f9 7f 00 00

Top of Stack: (sp=0x000000af9b7fc3a0)
0x000000af9b7fc3a0:   000001bda119f4c0 0000000000064000
0x000000af9b7fc3b0:   0000000000000000 0000000000000002
0x000000af9b7fc3c0:   0000000000000000 0000000000000001
0x000000af9b7fc3d0:   0000000000000000 0000000000000000
0x000000af9b7fc3e0:   0000000000000000 0000000000000002
0x000000af9b7fc3f0:   0000000000000000 0000000000000001
0x000000af9b7fc400:   0000000000000001 0000000000000000
0x000000af9b7fc410:   0000000000000000 0000000000000002
0x000000af9b7fc420:   0000000000064000 0000000000000008
0x000000af9b7fc430:   0000000000000001 0000000000000040
0x000000af9b7fc440:   0000000000000050 0000000000000001
0x000000af9b7fc450:   0000000000000000 0000000000000008
0x000000af9b7fc460:   0000000000000001 0000000000000040
0x000000af9b7fc470:   0000000000000050 0000000000000050
0x000000af9b7fc480:   0000000000000000 0000000000000000
0x000000af9b7fc490:   0000000000064000 0000f038d0f6da7c
0x000000af9b7fc4a0:   0000000040000000 0000000000000000
0x000000af9b7fc4b0:   0000000000000100 000000af9b7fcef0
0x000000af9b7fc4c0:   000001bdaa7e4d80 000000af9b7fcb30
0x000000af9b7fc4d0:   0000000000000000 000000af9b7fc5a8
0x000000af9b7fc4e0:   000000af9b7fce50 00007ff90bfdabee
0x000000af9b7fc4f0:   0000000000000050 0000000000000000
0x000000af9b7fc500:   0000f038d0f6da4c 0000000000000100
0x000000af9b7fc510:   0000f038d0f6da6c 000000af9b7fc5a8
0x000000af9b7fc520:   0000000000000100 000000af9b7fcef0
0x000000af9b7fc530:   000000af9b7fcb30 0000000000000000
0x000000af9b7fc540:   000000af9b7fce50 00007ff90c3ca85b
0x000000af9b7fc550:   000000af9b7fc840 000001bda410ae10
0x000000af9b7fc560:   000001bda410ae10 000000af9b7fcb30
0x000000af9b7fc570:   000001bdaa7e4d80 000000af9b7fe898
0x000000af9b7fc580:   0000000000000000 00007ff90bdfacc9
0x000000af9b7fc590:   000001bda410ae10 000000af9b7fcef0 

Instructions: (pc=0x00007ff90c3f24cf)
0x00007ff90c3f23cf:   cc 48 83 ec 28 48 81 c1 38 01 00 00 e8 30 43 9c
0x00007ff90c3f23df:   ff 8b 08 85 c9 74 08 f3 90 8b 08 85 c9 75 f8 48
0x00007ff90c3f23ef:   83 c4 28 c3 cc cc cc cc cc cc cc cc cc cc cc cc
0x00007ff90c3f23ff:   cc 48 81 c1 40 01 00 00 48 83 39 00 75 0a 48 83
0x00007ff90c3f240f:   3a 00 0f 85 19 c5 a0 ff c3 cc cc cc cc cc cc cc
0x00007ff90c3f241f:   cc 48 89 5c 24 08 57 48 83 ec 20 48 8b d9 48 81
0x00007ff90c3f242f:   c1 90 01 00 00 e8 d7 87 9d ff 48 8d 8b 50 01 00
0x00007ff90c3f243f:   00 48 83 39 00 74 05 e8 15 0b a3 ff 48 8b bb 40
0x00007ff90c3f244f:   01 00 00 48 85 ff 74 16 48 8d 4f 08 e8 10 3e 9c
0x00007ff90c3f245f:   ff ba 28 00 00 00 48 8b cf e8 cf 8a 1f 00 48 8b
0x00007ff90c3f246f:   8b 30 01 00 00 48 85 c9 74 05 e8 be 8a 1f 00 48
0x00007ff90c3f247f:   8d 4b 08 48 8b 5c 24 30 48 83 c4 20 5f e9 df de
0x00007ff90c3f248f:   fc ff cc cc cc cc cc cc cc cc cc cc cc cc cc cc
0x00007ff90c3f249f:   cc 48 89 5c 24 18 55 56 57 41 56 41 57 48 81 ec
0x00007ff90c3f24af:   80 01 00 00 48 8b da 4c 8b f1 48 8b 09 e8 af c0
0x00007ff90c3f24bf:   fa ff 4c 8b f8 4c 8d 04 5b 48 8b 90 c0 00 00 00
0x00007ff90c3f24cf:   4a 8b 1c c2 4a 8b 6c c2 08 48 3b dd 74 71 4c 8b
0x00007ff90c3f24df:   03 49 8b 86 30 01 00 00 4a 8d 0c 80 e8 20 42 9c
0x00007ff90c3f24ef:   ff b9 ff ff ff ff f0 0f c1 08 83 f9 01 75 4a 49
0x00007ff90c3f24ff:   8d 4e 08 49 c1 e0 04 4d 03 87 a8 00 00 00 45 8b
0x00007ff90c3f250f:   00 48 8d 94 24 b8 01 00 00 e8 b3 bf fc ff 48 8b
0x00007ff90c3f251f:   30 48 8b bc 24 b8 01 00 00 48 85 ff 74 16 48 8d
0x00007ff90c3f252f:   4f 08 e8 3a 3d 9c ff ba 28 00 00 00 48 8b cf e8
0x00007ff90c3f253f:   f9 89 1f 00 48 85 f6 75 1d 48 83 c3 08 eb 8a 48
0x00007ff90c3f254f:   8b 9c 24 c0 01 00 00 48 81 c4 80 01 00 00 41 5f
0x00007ff90c3f255f:   41 5e 5f 5e 5d c3 48 8d 4c 24 48 e8 21 a0 9d ff
0x00007ff90c3f256f:   48 8b d8 48 8d 4c 24 30 e8 24 7a 0c 00 90 48 89
0x00007ff90c3f257f:   44 24 20 4c 8d 0d 87 54 2e 00 41 b8 aa 00 00 00
0x00007ff90c3f258f:   48 8d 15 fa 53 2e 00 48 8d 8c 24 20 01 00 00 e8
0x00007ff90c3f259f:   5d db 9c ff 90 4c 8b cb 4c 8d 05 a2 54 2e 00 48
0x00007ff90c3f25af:   8b d0 48 8d 4c 24 70 e8 a5 de 9c ff 48 8d 15 06
0x00007ff90c3f25bf:   31 3c 00 48 8d 4c 24 70 e8 fe 93 1f 00 cc cc cc 


Stack slot to memory mapping:

stack at sp + 0 slots: 0x000001bda119f4c0 points into unknown readable memory: 0x0000000000000000 | 00 00 00 00 00 00 00 00
stack at sp + 1 slots: 0x0000000000064000 is an unknown value
stack at sp + 2 slots: 0x0 is null
stack at sp + 3 slots: 0x0000000000000002 is an unknown value
stack at sp + 4 slots: 0x0 is null
stack at sp + 5 slots: 0x0000000000000001 is an unknown value
stack at sp + 6 slots: 0x0 is null
stack at sp + 7 slots: 0x0 is null


Compiled method (c1) 20264 2601   !   3       kotlin.coroutines.jvm.internal.BaseContinuationImpl::resumeWith (124 bytes)
 total in heap  [0x000001bd405cca90,0x000001bd405cf608] = 11128
 relocation     [0x000001bd405ccbf0,0x000001bd405ccea8] = 696
 main code      [0x000001bd405ccec0,0x000001bd405ceaf8] = 7224
 stub code      [0x000001bd405ceaf8,0x000001bd405ceba8] = 176
 oops           [0x000001bd405ceba8,0x000001bd405cebc8] = 32
 metadata       [0x000001bd405cebc8,0x000001bd405cec30] = 104
 scopes data    [0x000001bd405cec30,0x000001bd405cf120] = 1264
 scopes pcs     [0x000001bd405cf120,0x000001bd405cf590] = 1136
 dependencies   [0x000001bd405cf590,0x000001bd405cf598] = 8
 handler table  [0x000001bd405cf598,0x000001bd405cf5b0] = 24
 nul chk table  [0x000001bd405cf5b0,0x000001bd405cf608] = 88

[Constant Pool (empty)]

[MachCode]
[Entry Point]
  # {method} {0x000001bd984d4c80} 'resumeWith' '(Ljava/lang/Object;)V' in 'kotlin/coroutines/jvm/internal/BaseContinuationImpl'
  # this:     rdx:rdx   = 'kotlin/coroutines/jvm/internal/BaseContinuationImpl'
  # parm0:    r8:r8     = 'java/lang/Object'
  #           [sp+0x120]  (sp of caller)
  0x000001bd405ccec0: 448b 5208 | 49bb 0000 | 0057 bd01 | 0000 4d03 | d34c 3bd0 

  0x000001bd405cced4: ;   {runtime_call ic_miss_stub}
  0x000001bd405cced4: 0f85 a618 | 0707 660f | 1f44 0000 
[Verified Entry Point]
  0x000001bd405ccee0: 8984 2400 | 80ff ff55 | 4881 ec10 | 0100 0090 | 4181 7f20 | 1900 0000 

  0x000001bd405ccef8: ;   {runtime_call StubRoutines (final stubs)}
  0x000001bd405ccef8: 7405 e8e1 

  0x000001bd405ccefc: ;   {metadata(method data for {method} {0x000001bd984d4c80} 'resumeWith' '(Ljava/lang/Object;)V' in 'kotlin/coroutines/jvm/internal/BaseContinuationImpl')}
  0x000001bd405ccefc: 9505 0748 | be18 cae1 | 99bd 0100 | 008b becc | 0000 0083 | c702 89be | cc00 0000 | 81e7 fe07 
  0x000001bd405ccf1c: 0000 85ff | 0f84 f916 | 0000 6690 | 4885 d275 

  0x000001bd405ccf2c: ;   {metadata(method data for {method} {0x000001bd984d4c80} 'resumeWith' '(Ljava/lang/Object;)V' in 'kotlin/coroutines/jvm/internal/BaseContinuationImpl')}
  0x000001bd405ccf2c: 1648 bb18 | cae1 99bd | 0100 0080 | 8b09 0100 | 0001 e9e7 

  0x000001bd405ccf40: ;   {metadata('kotlin/coroutines/Continuation')}
  0x000001bd405ccf40: 0000 0048 | b818 2e08 | 58bd 0100 | 008b 5a08 | 49ba 0000 | 0057 bd01 | 0000 4903 | da48 3b43 
  0x000001bd405ccf60: 200f 841a | 0000 0048 | 3bd8 0f84 | 1100 0000 

  0x000001bd405ccf70: ;   {runtime_call slow_subtype_check Runtime1 stub}
  0x000001bd405ccf70: 5350 e889 | 2813 075b | 5b85 db0f | 848d 0000 

  0x000001bd405ccf80: ;   {metadata(method data for {method} {0x000001bd984d4c80} 'resumeWith' '(Ljava/lang/Object;)V' in 'kotlin/coroutines/jvm/internal/BaseContinuationImpl')}
  0x000001bd405ccf80: 0048 bb18 | cae1 99bd | 0100 008b | 4208 49ba | 0000 0057 | bd01 0000 | 4903 c248 | 3b83 2001 
  0x000001bd405ccfa0: 0000 750d | 4883 8328 | 0100 0001 | e979 0000 | 0048 3b83 | 3001 0000 | 750d 4883 | 8338 0100 
  0x000001bd405ccfc0: 0001 e963 | 0000 0048 | 83bb 2001 | 0000 0075 | 1748 8983 | 2001 0000 | 48c7 8328 | 0100 0001 
  0x000001bd405ccfe0: 0000 00e9 | 4200 0000 | 4883 bb30 | 0100 0000 | 7517 4889 | 8330 0100 | 0048 c783 | 3801 0000 
  0x000001bd405cd000: 0100 0000 | e921 0000 | 00e9 1c00 

  0x000001bd405cd00c: ;   {metadata(method data for {method} {0x000001bd984d4c80} 'resumeWith' '(Ljava/lang/Object;)V' in 'kotlin/coroutines/jvm/internal/BaseContinuationImpl')}
  0x000001bd405cd00c: 0000 48bb | 18ca e199 | bd01 0000 | 4883 ab10 | 0100 0001 | e91b 1600 | 00e9 0000 | 0000 488b 
  0x000001bd405cd02c: ;   {metadata(method data for {method} {0x000001bd984d4c80} 'resumeWith' '(Ljava/lang/Object;)V' in 'kotlin/coroutines/jvm/internal/BaseContinuationImpl')}
  0x000001bd405cd02c: f248 bf18 | cae1 99bd | 0100 0048 | 8387 4801 

  0x000001bd405cd03c: ;   {metadata(method data for {method} {0x000001bd984fcad0} 'probeCoroutineResumed' '(Lkotlin/coroutines/Continuation;)V' in 'kotlin/coroutines/jvm/internal/DebugProbesKt')}
  0x000001bd405cd03c: 0000 0148 | bf28 aee1 | 99bd 0100 | 008b 9fcc | 0000 0083 | c302 899f | cc00 0000 | 81e3 feff 
  0x000001bd405cd05c: 1f00 85db | 0f84 e315 

  0x000001bd405cd064: ;   {metadata(method data for {method} {0x000001bd984fcad0} 'probeCoroutineResumed' '(Lkotlin/coroutines/Continuation;)V' in 'kotlin/coroutines/jvm/internal/DebugProbesKt')}
  0x000001bd405cd064: 0000 48bf | 28ae e199 | bd01 0000 | 4883 8710 | 0100 0001 

  0x000001bd405cd078: ;   {metadata(method data for {method} {0x000001bd98415410} 'checkNotNullParameter' '(Ljava/lang/Object;Ljava/lang/String;)V' in 'kotlin/jvm/internal/Intrinsics')}
  0x000001bd405cd078: 48bf b0c3 | 5b98 bd01 | 0000 8b9f | cc00 0000 | 83c3 0289 | 9fcc 0000 | 0081 e3fe | ff1f 0085 
  0x000001bd405cd098: db0f 84cb | 1500 0048 

  0x000001bd405cd0a0: ;   {metadata(method data for {method} {0x000001bd98415410} 'checkNotNullParameter' '(Ljava/lang/Object;Ljava/lang/String;)V' in 'kotlin/jvm/internal/Intrinsics')}
  0x000001bd405cd0a0: 85f6 48be | b0c3 5b98 | bd01 0000 | 48c7 c720 | 0100 0074 | 0748 c7c7 | 1001 0000 | 488b 1c3e 
  0x000001bd405cd0c0: 488d 5b01 | 4889 1c3e | 0f84 a60d | 0000 4885 

  0x000001bd405cd0d0: ;   {metadata(method data for {method} {0x000001bd984d4c80} 'resumeWith' '(Ljava/lang/Object;)V' in 'kotlin/coroutines/jvm/internal/BaseContinuationImpl')}
  0x000001bd405cd0d0: d275 1648 | bf18 cae1 | 99bd 0100 | 0080 8f51 | 0100 0001 | e9cd 0000 

  0x000001bd405cd0e8: ;   {metadata('kotlin/coroutines/jvm/internal/BaseContinuationImpl')}
  0x000001bd405cd0e8: 0048 bb18 | 3208 58bd | 0100 008b | 7a08 49ba | 0000 0057 | bd01 0000 | 4903 fa48 | 3b5f 380f 
  0x000001bd405cd108: 858d 0000 

  0x000001bd405cd10c: ;   {metadata(method data for {method} {0x000001bd984d4c80} 'resumeWith' '(Ljava/lang/Object;)V' in 'kotlin/coroutines/jvm/internal/BaseContinuationImpl')}
  0x000001bd405cd10c: 0048 bf18 | cae1 99bd | 0100 008b | 5a08 49ba | 0000 0057 | bd01 0000 | 4903 da48 | 3b9f 6801 
  0x000001bd405cd12c: 0000 750d | 4883 8770 | 0100 0001 | e979 0000 | 0048 3b9f | 7801 0000 | 750d 4883 | 8780 0100 
  0x000001bd405cd14c: 0001 e963 | 0000 0048 | 83bf 6801 | 0000 0075 | 1748 899f | 6801 0000 | 48c7 8770 | 0100 0001 
  0x000001bd405cd16c: 0000 00e9 | 4200 0000 | 4883 bf78 | 0100 0000 | 7517 4889 | 9f78 0100 | 0048 c787 | 8001 0000 
  0x000001bd405cd18c: 0100 0000 | e921 0000 | 00e9 1c00 

  0x000001bd405cd198: ;   {metadata(method data for {method} {0x000001bd984d4c80} 'resumeWith' '(Ljava/lang/Object;)V' in 'kotlin/coroutines/jvm/internal/BaseContinuationImpl')}
  0x000001bd405cd198: 0000 48bf | 18ca e199 | bd01 0000 | 4883 af58 | 0100 0001 | e9da 1400 | 00e9 0000 | 0000 488b 
  0x000001bd405cd1b8: f28b 7e0c | 48c1 e703 | 4889 bc24 | b000 0000 

  0x000001bd405cd1c8: ;   {metadata(method data for {method} {0x000001bd984d4c80} 'resumeWith' '(Ljava/lang/Object;)V' in 'kotlin/coroutines/jvm/internal/BaseContinuationImpl')}
  0x000001bd405cd1c8: 48ba 18ca | e199 bd01 | 0000 4883 | 8290 0100 

  0x000001bd405cd1d8: ;   {metadata(method data for {method} {0x000001bd984143c8} 'checkNotNull' '(Ljava/lang/Object;)V' in 'kotlin/jvm/internal/Intrinsics')}
  0x000001bd405cd1d8: 0001 48ba | 98f9 3499 | bd01 0000 | 8b9a cc00 | 0000 83c3 | 0289 9acc | 0000 0081 | e3fe ff1f 
  0x000001bd405cd1f8: 0085 db0f | 8498 1400 | 0048 85ff 

  0x000001bd405cd204: ;   {metadata(method data for {method} {0x000001bd984143c8} 'checkNotNull' '(Ljava/lang/Object;)V' in 'kotlin/jvm/internal/Intrinsics')}
  0x000001bd405cd204: 48ba 98f9 | 3499 bd01 | 0000 48c7 | c320 0100 | 0074 0748 | c7c3 1001 | 0000 488b | 041a 488d 
  0x000001bd405cd224: 4001 4889 | 041a 0f84 | 5c0a 0000 

  0x000001bd405cd230: ;   {metadata(method data for {method} {0x000001bd984d4c80} 'resumeWith' '(Ljava/lang/Object;)V' in 'kotlin/coroutines/jvm/internal/BaseContinuationImpl')}
  0x000001bd405cd230: 488b d648 | bb18 cae1 | 99bd 0100 | 008b 5208 | 49ba 0000 | 0057 bd01 | 0000 4903 | d248 3b93 
  0x000001bd405cd250: b001 0000 | 750d 4883 | 83b8 0100 | 0001 e960 | 0000 0048 | 3b93 c001 | 0000 750d | 4883 83c8 
  0x000001bd405cd270: 0100 0001 | e94a 0000 | 0048 83bb | b001 0000 | 0075 1748 | 8993 b001 | 0000 48c7 | 83b8 0100 
  0x000001bd405cd290: 0001 0000 | 00e9 2900 | 0000 4883 | bbc0 0100 | 0000 7517 | 4889 93c0 | 0100 0048 | c783 c801 
  0x000001bd405cd2b0: 0000 0100 | 0000 e908 | 0000 0048 | 8383 a001 | 0000 0148 | 8bd6 4889 | b424 a800 | 0000 0f1f 
  0x000001bd405cd2d0: 8000 0000 | 0048 b8ff | ffff ffff 

  0x000001bd405cd2dc: ;   {virtual_call}
  0x000001bd405cd2dc: ffff ffe8 

  0x000001bd405cd2e0: ; ImmutableOopMap {[168]=Oop [176]=Oop }
                      ;*invokevirtual invokeSuspend {reexecute=0 rethrow=0 return_oop=0}
                      ; - kotlin.coroutines.jvm.internal.BaseContinuationImpl::resumeWith@40 (line 34)
  0x000001bd405cd2e0: cca1 1307 

  0x000001bd405cd2e4: ;   {other}
  0x000001bd405cd2e4: 0f1f 8400 | 5408 0000 

  0x000001bd405cd2ec: ;   {metadata(method data for {method} {0x000001bd984d4c80} 'resumeWith' '(Ljava/lang/Object;)V' in 'kotlin/coroutines/jvm/internal/BaseContinuationImpl')}
  0x000001bd405cd2ec: 48ba 18ca | e199 bd01 | 0000 4883 | 82d8 0100 

  0x000001bd405cd2fc: ;   {metadata(method data for {method} {0x000001bd984fab88} 'getCOROUTINE_SUSPENDED' '()Ljava/lang/Object;' in 'kotlin/coroutines/intrinsics/IntrinsicsKt__IntrinsicsKt')}
  0x000001bd405cd2fc: 0001 48ba | a0ba 6599 | bd01 0000 | 8bb2 cc00 | 0000 83c6 | 0289 b2cc | 0000 0081 | e6fe ff1f 
  0x000001bd405cd31c: 0085 f60f | 8495 1300 

  0x000001bd405cd324: ;   {oop(a 'kotlin/coroutines/intrinsics/CoroutineSingletons'{0x00000007fff00950})}
  0x000001bd405cd324: 0049 ba50 | 09f0 ff07 | 0000 0049 

  0x000001bd405cd330: ;   {metadata(method data for {method} {0x000001bd984d4c80} 'resumeWith' '(Ljava/lang/Object;)V' in 'kotlin/coroutines/jvm/internal/BaseContinuationImpl')}
  0x000001bd405cd330: 3bc2 48ba | 18ca e199 | bd01 0000 | 48c7 c6f8 | 0100 0074 | 0748 c7c6 | e801 0000 | 488b 3c32 
  0x000001bd405cd350: 488d 7f01 | 4889 3c32 | 0f84 140e 

  0x000001bd405cd35c: ;   {metadata(method data for {method} {0x000001bd984d4c80} 'resumeWith' '(Ljava/lang/Object;)V' in 'kotlin/coroutines/jvm/internal/BaseContinuationImpl')}
  0x000001bd405cd35c: 0000 48ba | 18ca e199 | bd01 0000 | 4883 8208 | 0200 0001 

  0x000001bd405cd370: ;   {metadata(method data for {method} {0x000001bd9850cf08} 'constructor-impl' '(Ljava/lang/Object;)Ljava/lang/Object;' in 'kotlin/Result')}
  0x000001bd405cd370: 48ba c899 | d799 bd01 | 0000 8bb2 | cc00 0000 | 83c6 0289 | b2cc 0000 | 0081 e6fe | ff1f 0085 
  0x000001bd405cd390: f60f 8444 

  0x000001bd405cd394: ;   {metadata(method data for {method} {0x000001bd984d4c80} 'resumeWith' '(Ljava/lang/Object;)V' in 'kotlin/coroutines/jvm/internal/BaseContinuationImpl')}
  0x000001bd405cd394: 1300 0048 | ba18 cae1 | 99bd 0100 | 00ff 8218 | 0200 00e9 | 5002 0000 | 498b 87f8 | 0400 004d 
  0x000001bd405cd3b4: 33d2 4d89 | 97f8 0400 | 004d 33d2 | 4d89 9700 

  0x000001bd405cd3c4: ;   {metadata(method data for {method} {0x000001bd984d4c80} 'resumeWith' '(Ljava/lang/Object;)V' in 'kotlin/coroutines/jvm/internal/BaseContinuationImpl')}
  0x000001bd405cd3c4: 0500 0048 | ba18 cae1 | 99bd 0100 | 0048 8382 | 3002 0000 

  0x000001bd405cd3d8: ;   {metadata(method data for {method} {0x000001bd98520520} 'createFailure' '(Ljava/lang/Throwable;)Ljava/lang/Object;' in 'kotlin/ResultKt')}
  0x000001bd405cd3d8: 0148 baa8 | cde1 99bd | 0100 008b | b2cc 0000 | 0083 c602 | 89b2 cc00 | 0000 81e6 | feff 1f00 
  0x000001bd405cd3f8: 85f6 0f84 | fc12 0000 

  0x000001bd405cd400: ;   {metadata(method data for {method} {0x000001bd98520520} 'createFailure' '(Ljava/lang/Throwable;)Ljava/lang/Object;' in 'kotlin/ResultKt')}
  0x000001bd405cd400: 48ba a8cd | e199 bd01 | 0000 4883 | 8210 0100 

  0x000001bd405cd410: ;   {metadata(method data for {method} {0x000001bd98415410} 'checkNotNullParameter' '(Ljava/lang/Object;Ljava/lang/String;)V' in 'kotlin/jvm/internal/Intrinsics')}
  0x000001bd405cd410: 0001 48ba | b0c3 5b98 | bd01 0000 | 8bb2 cc00 | 0000 83c6 | 0289 b2cc | 0000 0081 | e6fe ff1f 
  0x000001bd405cd430: 0085 f60f | 84e4 1200 | 0048 85c0 

  0x000001bd405cd43c: ;   {metadata(method data for {method} {0x000001bd98415410} 'checkNotNullParameter' '(Ljava/lang/Object;Ljava/lang/String;)V' in 'kotlin/jvm/internal/Intrinsics')}
  0x000001bd405cd43c: 48ba b0c3 | 5b98 bd01 | 0000 48c7 | c620 0100 | 0074 0748 | c7c6 1001 | 0000 488b | 3c32 488d 
  0x000001bd405cd45c: 7f01 4889 | 3c32 0f84 | 0406 0000 

  0x000001bd405cd468: ;   {metadata('kotlin/Result$Failure')}
  0x000001bd405cd468: 48ba 48ea | 0858 bd01 | 0000 488b | d849 8b87 | b801 0000 | 488d 7810 | 493b bfc8 | 0100 000f 
  0x000001bd405cd488: 87b1 1200 | 0049 89bf | b801 0000 | 48c7 0001 | 0000 0048 | 8bca 49ba | 0000 0057 | bd01 0000 
  0x000001bd405cd4a8: 492b ca89 | 4808 4833 | c989 480c | 4833 c948 

  0x000001bd405cd4b8: ;   {metadata(method data for {method} {0x000001bd98520520} 'createFailure' '(Ljava/lang/Throwable;)Ljava/lang/Object;' in 'kotlin/ResultKt')}
  0x000001bd405cd4b8: 8bd0 48be | a8cd e199 | bd01 0000 | 4883 8620 | 0100 0001 

  0x000001bd405cd4cc: ;   {metadata(method data for {method} {0x000001bd9850ee40} '<init>' '(Ljava/lang/Throwable;)V' in 'kotlin/Result$Failure')}
  0x000001bd405cd4cc: 48ba 18cf | e199 bd01 | 0000 8bb2 | cc00 0000 | 83c6 0289 | b2cc 0000 | 0081 e6fe | ff1f 0085 
  0x000001bd405cd4ec: f60f 8458 

  0x000001bd405cd4f0: ;   {metadata(method data for {method} {0x000001bd9850ee40} '<init>' '(Ljava/lang/Throwable;)V' in 'kotlin/Result$Failure')}
  0x000001bd405cd4f0: 1200 0048 | ba18 cfe1 | 99bd 0100 | 0048 8382 | 1001 0000 

  0x000001bd405cd504: ;   {metadata(method data for {method} {0x000001bd98415410} 'checkNotNullParameter' '(Ljava/lang/Object;Ljava/lang/String;)V' in 'kotlin/jvm/internal/Intrinsics')}
  0x000001bd405cd504: 0148 bab0 | c35b 98bd | 0100 008b | b2cc 0000 | 0083 c602 | 89b2 cc00 | 0000 81e6 | feff 1f00 
  0x000001bd405cd524: 85f6 0f84 | 4012 0000 

  0x000001bd405cd52c: ;   {metadata(method data for {method} {0x000001bd98415410} 'checkNotNullParameter' '(Ljava/lang/Object;Ljava/lang/String;)V' in 'kotlin/jvm/internal/Intrinsics')}
  0x000001bd405cd52c: 4885 db48 | bab0 c35b | 98bd 0100 | 0048 c7c6 | 2001 0000 | 7407 48c7 | c610 0100 | 0048 8b3c 
  0x000001bd405cd54c: 3248 8d7f | 0148 893c | 320f 84ec | 0200 0048 

  0x000001bd405cd55c: ;   {metadata(method data for {method} {0x000001bd9850ee40} '<init>' '(Ljava/lang/Throwable;)V' in 'kotlin/Result$Failure')}
  0x000001bd405cd55c: 8bd0 48be | 18cf e199 | bd01 0000 | 4883 8620 | 0100 0001 

  0x000001bd405cd570: ;   {metadata(method data for {method} {0x000001bd57476650} '<init>' '()V' in 'java/lang/Object')}
  0x000001bd405cd570: 48ba 5068 | 0098 bd01 | 0000 8bb2 | cc00 0000 | 83c6 0289 | b2cc 0000 | 0081 e6fe | ff1f 0085 
  0x000001bd405cd590: f60f 84f6 | 1100 0041 | 0fbe 5740 | 85d2 0f85 | 0a12 0000 | 4c8b d349 | c1ea 0344 | 8950 0c48 
  0x000001bd405cd5b0: 8bd0 4833 | d348 c1ea | 1548 83fa | 000f 850a 

  0x000001bd405cd5c0: ;   {metadata(method data for {method} {0x000001bd984d4c80} 'resumeWith' '(Ljava/lang/Object;)V' in 'kotlin/coroutines/jvm/internal/BaseContinuationImpl')}
  0x000001bd405cd5c0: 1200 0048 | ba18 cae1 | 99bd 0100 | 0048 8382 | 4002 0000 

  0x000001bd405cd5d4: ;   {metadata(method data for {method} {0x000001bd9850cf08} 'constructor-impl' '(Ljava/lang/Object;)Ljava/lang/Object;' in 'kotlin/Result')}
  0x000001bd405cd5d4: 0148 bac8 | 99d7 99bd | 0100 008b | b2cc 0000 | 0083 c602 | 89b2 cc00 | 0000 81e6 | feff 1f00 
  0x000001bd405cd5f4: 85f6 0f84 | e911 0000 | 4889 8424 | b800 0000 | 488b b424 | a800 0000 

  0x000001bd405cd60c: ;   {metadata(method data for {method} {0x000001bd984d4c80} 'resumeWith' '(Ljava/lang/Object;)V' in 'kotlin/coroutines/jvm/internal/BaseContinuationImpl')}
  0x000001bd405cd60c: 48ba 18ca | e199 bd01 | 0000 8b76 | 0849 ba00 | 0000 57bd | 0100 0049 | 03f2 483b | b260 0200 
  0x000001bd405cd62c: 0075 0d48 | 8382 6802 | 0000 01e9 | 6000 0000 | 483b b270 | 0200 0075 | 0d48 8382 | 7802 0000 
  0x000001bd405cd64c: 01e9 4a00 | 0000 4883 | ba60 0200 | 0000 7517 | 4889 b260 | 0200 0048 | c782 6802 | 0000 0100 
  0x000001bd405cd66c: 0000 e929 | 0000 0048 | 83ba 7002 | 0000 0075 | 1748 89b2 | 7002 0000 | 48c7 8278 | 0200 0001 
  0x000001bd405cd68c: 0000 00e9 | 0800 0000 | 4883 8250 | 0200 0001 | 488b 9424 | a800 0000 | 9048 b8ff | ffff ffff 
  0x000001bd405cd6ac: ;   {virtual_call}
  0x000001bd405cd6ac: ffff ffe8 

  0x000001bd405cd6b0: ; ImmutableOopMap {[176]=Oop [184]=Oop }
                      ;*invokevirtual releaseIntercepted {reexecute=0 rethrow=0 return_oop=0}
                      ; - kotlin.coroutines.jvm.internal.BaseContinuationImpl::resumeWith@90 (line 40)
  0x000001bd405cd6b0: 147f 3007 

  0x000001bd405cd6b4: ;   {other}
  0x000001bd405cd6b4: 0f1f 8400 | 240c 0001 | 488b bc24 | b000 0000 | 4885 ff75 

  0x000001bd405cd6c8: ;   {metadata(method data for {method} {0x000001bd984d4c80} 'resumeWith' '(Ljava/lang/Object;)V' in 'kotlin/coroutines/jvm/internal/BaseContinuationImpl')}
  0x000001bd405cd6c8: 1648 b818 | cae1 99bd | 0100 0080 | 8881 0200 | 0001 e9cd 

  0x000001bd405cd6dc: ;   {metadata('kotlin/coroutines/jvm/internal/BaseContinuationImpl')}
  0x000001bd405cd6dc: 0000 0048 | b918 3208 | 58bd 0100 | 008b 4708 | 49ba 0000 | 0057 bd01 | 0000 4903 | c248 3b48 
  0x000001bd405cd6fc: 380f 858d 

  0x000001bd405cd700: ;   {metadata(method data for {method} {0x000001bd984d4c80} 'resumeWith' '(Ljava/lang/Object;)V' in 'kotlin/coroutines/jvm/internal/BaseContinuationImpl')}
  0x000001bd405cd700: 0000 0048 | b818 cae1 | 99bd 0100 | 008b 4f08 | 49ba 0000 | 0057 bd01 | 0000 4903 | ca48 3b88 
  0x000001bd405cd720: 9802 0000 | 750d 4883 | 80a0 0200 | 0001 e97e | 0000 0048 | 3b88 a802 | 0000 750d | 4883 80b0 
  0x000001bd405cd740: 0200 0001 | e968 0000 | 0048 83b8 | 9802 0000 | 0075 1748 | 8988 9802 | 0000 48c7 | 80a0 0200 
  0x000001bd405cd760: 0001 0000 | 00e9 4700 | 0000 4883 | b8a8 0200 | 0000 7517 | 4889 88a8 | 0200 0048 | c780 b002 
  0x000001bd405cd780: 0000 0100 | 0000 e926 | 0000 00e9 | 2100 0000 

  0x000001bd405cd790: ;   {metadata(method data for {method} {0x000001bd984d4c80} 'resumeWith' '(Ljava/lang/Object;)V' in 'kotlin/coroutines/jvm/internal/BaseContinuationImpl')}
  0x000001bd405cd790: 48b8 18ca | e199 bd01 | 0000 4883 | a888 0200 | 0001 e905 | 0000 00e9 | 0500 0000 | 4833 d2eb 
  0x000001bd405cd7b0: 0748 c7c2 | 0100 0000 

  0x000001bd405cd7b8: ;   {metadata(method data for {method} {0x000001bd984d4c80} 'resumeWith' '(Ljava/lang/Object;)V' in 'kotlin/coroutines/jvm/internal/BaseContinuationImpl')}
  0x000001bd405cd7b8: 85d2 48ba | 18ca e199 | bd01 0000 | 48c7 c6c0 | 0200 0074 | 0748 c7c6 | d002 0000 | 488b 0432 
  0x000001bd405cd7d8: 488d 4001 | 4889 0432 | 0f84 b608 

  0x000001bd405cd7e4: ;   {metadata(method data for {method} {0x000001bd984d4c80} 'resumeWith' '(Ljava/lang/Object;)V' in 'kotlin/coroutines/jvm/internal/BaseContinuationImpl')}
  0x000001bd405cd7e4: 0000 48ba | 18ca e199 | bd01 0000 | ff82 e002 

  0x000001bd405cd7f4: ;   {metadata(method data for {method} {0x000001bd984d4c80} 'resumeWith' '(Ljava/lang/Object;)V' in 'kotlin/coroutines/jvm/internal/BaseContinuationImpl')}
  0x000001bd405cd7f4: 0000 48ba | 18ca e199 | bd01 0000 | 8bb2 d000 | 0000 83c6 | 0289 b2d0 | 0000 0081 | e6fe 3f00 
  0x000001bd405cd814: 0085 f60f | 84e9 0f00 | 004d 8b97 

  0x000001bd405cd820: ; ImmutableOopMap {rdi=Oop [176]=Oop [184]=Oop }
                      ;*goto {reexecute=1 rethrow=0 return_oop=0}
                      ; - (reexecute) kotlin.coroutines.jvm.internal.BaseContinuationImpl::resumeWith@121 (line 30)
  0x000001bd405cd820: 5004 0000 

  0x000001bd405cd824: ;   {poll}
  0x000001bd405cd824: 4185 0248 | ba18 cae1 | 99bd 0100 | 00ff 8230 | 0300 004c | 8b84 24b8 | 0000 0048 | 8bd7 e9e1 
  0x000001bd405cd844: f6ff ff48 | 8984 24c8 | 0000 0048 | 899c 24d0 

  0x000001bd405cd854: ;   {metadata(method data for {method} {0x000001bd98415410} 'checkNotNullParameter' '(Ljava/lang/Object;Ljava/lang/String;)V' in 'kotlin/jvm/internal/Intrinsics')}
  0x000001bd405cd854: 0000 0048 | bab0 c35b | 98bd 0100 | 0048 8382 | 3001 0000 

  0x000001bd405cd868: ;   {metadata(method data for {method} {0x000001bd98415590} 'throwParameterIsNullNPE' '(Ljava/lang/String;)V' in 'kotlin/jvm/internal/Intrinsics')}
  0x000001bd405cd868: 0148 ba38 | c55b 98bd | 0100 008b | b2cc 0000 | 0083 c602 | 89b2 cc00 | 0000 81e6 | feff 1f00 
  0x000001bd405cd888: 85f6 0f84 | 970f 0000 

  0x000001bd405cd890: ;   {no_reloc}
  0x000001bd405cd890: e9c2 0f00 | 0000 0000 | 0000 498b | 87b8 0100 | 0048 8d78 | 3049 3bbf | c801 0000 | 0f87 af0f 
  0x000001bd405cd8b0: 0000 4989 | bfb8 0100 | 0048 c700 | 0100 0000 | 488b ca49 | ba00 0000 | 57bd 0100 | 0049 2bca 
  0x000001bd405cd8d0: 8948 0848 | 33c9 8948 | 0c48 33c9 | 4889 4810 | 4889 4818 | 4889 4820 | 4889 4828 

  0x000001bd405cd8ec: ;   {metadata(method data for {method} {0x000001bd98415590} 'throwParameterIsNullNPE' '(Ljava/lang/String;)V' in 'kotlin/jvm/internal/Intrinsics')}
  0x000001bd405cd8ec: 48ba 38c5 | 5b98 bd01 | 0000 4883 | 8210 0100 

  0x000001bd405cd8fc: ;   {oop("exception"{0x0000000701685828})}
  0x000001bd405cd8fc: 0001 48ba | 2858 6801 | 0700 0000 | 4889 8424 | c000 0000 | 0f1f 8000 

  0x000001bd405cd914: ;   {static_call}
  0x000001bd405cd914: 0000 00e8 

  0x000001bd405cd918: ; ImmutableOopMap {[168]=Oop [176]=Oop [192]=Oop [200]=Oop [208]=Oop }
                      ;*invokestatic createParameterIsNullExceptionMessage {reexecute=0 rethrow=0 return_oop=0}
                      ; - kotlin.jvm.internal.Intrinsics::throwParameterIsNullNPE@5 (line 140)
                      ; - kotlin.jvm.internal.Intrinsics::checkNotNullParameter@5 (line 131)
                      ; - kotlin.Result$Failure::<init>@3
                      ; - kotlin.ResultKt::createFailure@11 (line 122)
                      ; - kotlin.coroutines.jvm.internal.BaseContinuationImpl::resumeWith@76 (line 38)
  0x000001bd405cd918: 6417 0707 

  0x000001bd405cd91c: ;   {other}
  0x000001bd405cd91c: 0f1f 8400 | 8c0e 0003 | 4c8b 8424 | c000 0000 

  0x000001bd405cd92c: ;   {metadata(method data for {method} {0x000001bd98415590} 'throwParameterIsNullNPE' '(Ljava/lang/String;)V' in 'kotlin/jvm/internal/Intrinsics')}
  0x000001bd405cd92c: 48ba 38c5 | 5b98 bd01 | 0000 4883 | 8220 0100 | 0001 4c8b | c048 8b94 | 24c0 0000 | 0066 0f1f 
  0x000001bd405cd94c: ;   {optimized virtual_call}
  0x000001bd405cd94c: 4400 00e8 

  0x000001bd405cd950: ; ImmutableOopMap {[168]=Oop [176]=Oop [192]=Oop [200]=Oop [208]=Oop }
                      ;*invokespecial <init> {reexecute=0 rethrow=0 return_oop=0}
                      ; - kotlin.jvm.internal.Intrinsics::throwParameterIsNullNPE@8 (line 140)
                      ; - kotlin.jvm.internal.Intrinsics::checkNotNullParameter@5 (line 131)
                      ; - kotlin.Result$Failure::<init>@3
                      ; - kotlin.ResultKt::createFailure@11 (line 122)
                      ; - kotlin.coroutines.jvm.internal.BaseContinuationImpl::resumeWith@76 (line 38)
  0x000001bd405cd950: 2c11 0707 

  0x000001bd405cd954: ;   {other}
  0x000001bd405cd954: 0f1f 8400 | c40e 0004 

  0x000001bd405cd95c: ;   {metadata(method data for {method} {0x000001bd98415590} 'throwParameterIsNullNPE' '(Ljava/lang/String;)V' in 'kotlin/jvm/internal/Intrinsics')}
  0x000001bd405cd95c: 48ba 38c5 | 5b98 bd01 | 0000 4883 | 8230 0100 

  0x000001bd405cd96c: ;   {metadata(method data for {method} {0x000001bd984164f8} 'sanitizeStackTrace' '(Ljava/lang/Throwable;)Ljava/lang/Throwable;' in 'kotlin/jvm/internal/Intrinsics')}
  0x000001bd405cd96c: 0001 48ba | 18cc 5b98 | bd01 0000 | 8bb2 cc00 | 0000 83c6 | 0289 b2cc | 0000 0081 | e6fe ff1f 
  0x000001bd405cd98c: 0085 f60f | 84d9 0e00 

  0x000001bd405cd994: ;   {oop(a 'java/lang/Class'{0x000000070167dbd0} = 'kotlin/jvm/internal/Intrinsics')}
  0x000001bd405cd994: 0048 bad0 | db67 0107 | 0000 0048 

  0x000001bd405cd9a0: ;   {metadata(method data for {method} {0x000001bd984164f8} 'sanitizeStackTrace' '(Ljava/lang/Throwable;)Ljava/lang/Throwable;' in 'kotlin/jvm/internal/Intrinsics')}
  0x000001bd405cd9a0: 8bf2 48bf | 18cc 5b98 | bd01 0000 | 4883 8710 | 0100 0001 

  0x000001bd405cd9b4: ;   {metadata(method data for {method} {0x000001bd5746b368} 'getName' '()Ljava/lang/String;' in 'java/lang/Class')}
  0x000001bd405cd9b4: 48be c074 | 0398 bd01 | 0000 8bbe | cc00 0000 | 83c7 0289 | becc 0000 | 0081 e7fe | ff1f 0085 
  0x000001bd405cd9d4: ff0f 84b4 | 0e00 008b | 522c 48c1 | e203 4885 

  0x000001bd405cd9e4: ;   {metadata(method data for {method} {0x000001bd5746b368} 'getName' '()Ljava/lang/String;' in 'java/lang/Class')}
  0x000001bd405cd9e4: d248 bec0 | 7403 98bd | 0100 0048 | c7c7 1001 | 0000 7407 | 48c7 c720 | 0100 0048 | 8b1c 3e48 
  0x000001bd405cda04: 8d5b 0148 | 891c 3e0f | 8418 0000 

  0x000001bd405cda10: ;   {metadata(method data for {method} {0x000001bd5746b368} 'getName' '()Ljava/lang/String;' in 'java/lang/Class')}
  0x000001bd405cda10: 0048 bec0 | 7403 98bd | 0100 00ff | 8630 0100 | 0048 8bf2 | e936 0000 

  0x000001bd405cda28: ;   {oop(a 'java/lang/Class'{0x000000070167dbd0} = 'kotlin/jvm/internal/Intrinsics')}
  0x000001bd405cda28: 0048 bad0 | db67 0107 | 0000 0048 

  0x000001bd405cda34: ;   {metadata(method data for {method} {0x000001bd5746b368} 'getName' '()Ljava/lang/String;' in 'java/lang/Class')}
  0x000001bd405cda34: 8bf2 48bf | c074 0398 | bd01 0000 | 4883 8748 | 0100 0001 | 0f1f 8000 

  0x000001bd405cda4c: ;   {optimized virtual_call}
  0x000001bd405cda4c: 0000 00e8 

  0x000001bd405cda50: ; ImmutableOopMap {[168]=Oop [176]=Oop [192]=Oop [200]=Oop [208]=Oop }
                      ;*invokevirtual initClassName {reexecute=0 rethrow=0 return_oop=0}
                      ; - java.lang.Class::getName@14 (line 950)
                      ; - kotlin.jvm.internal.Intrinsics::sanitizeStackTrace@3 (line 253)
                      ; - kotlin.jvm.internal.Intrinsics::throwParameterIsNullNPE@11 (line 140)
                      ; - kotlin.jvm.internal.Intrinsics::checkNotNullParameter@5 (line 131)
                      ; - kotlin.Result$Failure::<init>@3
                      ; - kotlin.ResultKt::createFailure@11 (line 122)
                      ; - kotlin.coroutines.jvm.internal.BaseContinuationImpl::resumeWith@76 (line 38)
  0x000001bd405cda50: 2c10 0707 

  0x000001bd405cda54: ;   {other}
  0x000001bd405cda54: 0f1f 8400 | c40f 0005 | 488b f048 | 8b84 24c0 | 0000 00e9 | 7a0a 0000 | 4889 8424 | d000 0000 
  0x000001bd405cda74: ;   {metadata(method data for {method} {0x000001bd98415410} 'checkNotNullParameter' '(Ljava/lang/Object;Ljava/lang/String;)V' in 'kotlin/jvm/internal/Intrinsics')}
  0x000001bd405cda74: 48ba b0c3 | 5b98 bd01 | 0000 4883 | 8230 0100 

  0x000001bd405cda84: ;   {metadata(method data for {method} {0x000001bd98415590} 'throwParameterIsNullNPE' '(Ljava/lang/String;)V' in 'kotlin/jvm/internal/Intrinsics')}
  0x000001bd405cda84: 0001 48ba | 38c5 5b98 | bd01 0000 | 8bb2 cc00 | 0000 83c6 | 0289 b2cc | 0000 0081 | e6fe ff1f 
  0x000001bd405cdaa4: 0085 f60f | 8408 0e00 | 0066 6690 

  0x000001bd405cdab0: ;   {no_reloc}
  0x000001bd405cdab0: e930 0e00 | 0000 0000 | 0000 498b | 87b8 0100 | 0048 8d78 | 3049 3bbf | c801 0000 | 0f87 1d0e 
  0x000001bd405cdad0: 0000 4989 | bfb8 0100 | 0048 c700 | 0100 0000 | 488b ca49 | ba00 0000 | 57bd 0100 | 0049 2bca 
  0x000001bd405cdaf0: 8948 0848 | 33c9 8948 | 0c48 33c9 | 4889 4810 | 4889 4818 | 4889 4820 | 4889 4828 

  0x000001bd405cdb0c: ;   {metadata(method data for {method} {0x000001bd98415590} 'throwParameterIsNullNPE' '(Ljava/lang/String;)V' in 'kotlin/jvm/internal/Intrinsics')}
  0x000001bd405cdb0c: 48ba 38c5 | 5b98 bd01 | 0000 4883 | 8210 0100 

  0x000001bd405cdb1c: ;   {oop("exception"{0x0000000701685828})}
  0x000001bd405cdb1c: 0001 48ba | 2858 6801 | 0700 0000 | 4889 8424 | d800 0000 | 0f1f 8000 

  0x000001bd405cdb34: ;   {static_call}
  0x000001bd405cdb34: 0000 00e8 

  0x000001bd405cdb38: ; ImmutableOopMap {[168]=Oop [176]=Oop [208]=Oop [216]=Oop }
                      ;*invokestatic createParameterIsNullExceptionMessage {reexecute=0 rethrow=0 return_oop=0}
                      ; - kotlin.jvm.internal.Intrinsics::throwParameterIsNullNPE@5 (line 140)
                      ; - kotlin.jvm.internal.Intrinsics::checkNotNullParameter@5 (line 131)
                      ; - kotlin.ResultKt::createFailure@3
                      ; - kotlin.coroutines.jvm.internal.BaseContinuationImpl::resumeWith@76 (line 38)
  0x000001bd405cdb38: 4415 0707 

  0x000001bd405cdb3c: ;   {other}
  0x000001bd405cdb3c: 0f1f 8400 | ac10 0006 | 4c8b 8424 | d800 0000 

  0x000001bd405cdb4c: ;   {metadata(method data for {method} {0x000001bd98415590} 'throwParameterIsNullNPE' '(Ljava/lang/String;)V' in 'kotlin/jvm/internal/Intrinsics')}
  0x000001bd405cdb4c: 48ba 38c5 | 5b98 bd01 | 0000 4883 | 8220 0100 | 0001 4c8b | c048 8b94 | 24d8 0000 | 0066 0f1f 
  0x000001bd405cdb6c: ;   {optimized virtual_call}
  0x000001bd405cdb6c: 4400 00e8 

  0x000001bd405cdb70: ; ImmutableOopMap {[168]=Oop [176]=Oop [208]=Oop [216]=Oop }
                      ;*invokespecial <init> {reexecute=0 rethrow=0 return_oop=0}
                      ; - kotlin.jvm.internal.Intrinsics::throwParameterIsNullNPE@8 (line 140)
                      ; - kotlin.jvm.internal.Intrinsics::checkNotNullParameter@5 (line 131)
                      ; - kotlin.ResultKt::createFailure@3
                      ; - kotlin.coroutines.jvm.internal.BaseContinuationImpl::resumeWith@76 (line 38)
  0x000001bd405cdb70: 0c0f 0707 

  0x000001bd405cdb74: ;   {other}
  0x000001bd405cdb74: 0f1f 8400 | e410 0007 

  0x000001bd405cdb7c: ;   {metadata(method data for {method} {0x000001bd98415590} 'throwParameterIsNullNPE' '(Ljava/lang/String;)V' in 'kotlin/jvm/internal/Intrinsics')}
  0x000001bd405cdb7c: 48ba 38c5 | 5b98 bd01 | 0000 4883 | 8230 0100 

  0x000001bd405cdb8c: ;   {metadata(method data for {method} {0x000001bd984164f8} 'sanitizeStackTrace' '(Ljava/lang/Throwable;)Ljava/lang/Throwable;' in 'kotlin/jvm/internal/Intrinsics')}
  0x000001bd405cdb8c: 0001 48ba | 18cc 5b98 | bd01 0000 | 8bb2 cc00 | 0000 83c6 | 0289 b2cc | 0000 0081 | e6fe ff1f 
  0x000001bd405cdbac: 0085 f60f | 8447 0d00 

  0x000001bd405cdbb4: ;   {oop(a 'java/lang/Class'{0x000000070167dbd0} = 'kotlin/jvm/internal/Intrinsics')}
  0x000001bd405cdbb4: 0048 bad0 | db67 0107 | 0000 0048 

  0x000001bd405cdbc0: ;   {metadata(method data for {method} {0x000001bd984164f8} 'sanitizeStackTrace' '(Ljava/lang/Throwable;)Ljava/lang/Throwable;' in 'kotlin/jvm/internal/Intrinsics')}
  0x000001bd405cdbc0: 8bf2 48bf | 18cc 5b98 | bd01 0000 | 4883 8710 | 0100 0001 

  0x000001bd405cdbd4: ;   {metadata(method data for {method} {0x000001bd5746b368} 'getName' '()Ljava/lang/String;' in 'java/lang/Class')}
  0x000001bd405cdbd4: 48be c074 | 0398 bd01 | 0000 8bbe | cc00 0000 | 83c7 0289 | becc 0000 | 0081 e7fe | ff1f 0085 
  0x000001bd405cdbf4: ff0f 8422 | 0d00 008b | 522c 48c1 | e203 4885 

  0x000001bd405cdc04: ;   {metadata(method data for {method} {0x000001bd5746b368} 'getName' '()Ljava/lang/String;' in 'java/lang/Class')}
  0x000001bd405cdc04: d248 bec0 | 7403 98bd | 0100 0048 | c7c7 1001 | 0000 7407 | 48c7 c720 | 0100 0048 | 8b1c 3e48 
  0x000001bd405cdc24: 8d5b 0148 | 891c 3e0f | 8418 0000 

  0x000001bd405cdc30: ;   {metadata(method data for {method} {0x000001bd5746b368} 'getName' '()Ljava/lang/String;' in 'java/lang/Class')}
  0x000001bd405cdc30: 0048 bec0 | 7403 98bd | 0100 00ff | 8630 0100 | 0048 8bf2 | e936 0000 

  0x000001bd405cdc48: ;   {oop(a 'java/lang/Class'{0x000000070167dbd0} = 'kotlin/jvm/internal/Intrinsics')}
  0x000001bd405cdc48: 0048 bad0 | db67 0107 | 0000 0048 

  0x000001bd405cdc54: ;   {metadata(method data for {method} {0x000001bd5746b368} 'getName' '()Ljava/lang/String;' in 'java/lang/Class')}
  0x000001bd405cdc54: 8bf2 48bf | c074 0398 | bd01 0000 | 4883 8748 | 0100 0001 | 0f1f 8000 

  0x000001bd405cdc6c: ;   {optimized virtual_call}
  0x000001bd405cdc6c: 0000 00e8 

  0x000001bd405cdc70: ; ImmutableOopMap {[168]=Oop [176]=Oop [208]=Oop [216]=Oop }
                      ;*invokevirtual initClassName {reexecute=0 rethrow=0 return_oop=0}
                      ; - java.lang.Class::getName@14 (line 950)
                      ; - kotlin.jvm.internal.Intrinsics::sanitizeStackTrace@3 (line 253)
                      ; - kotlin.jvm.internal.Intrinsics::throwParameterIsNullNPE@11 (line 140)
                      ; - kotlin.jvm.internal.Intrinsics::checkNotNullParameter@5 (line 131)
                      ; - kotlin.ResultKt::createFailure@3
                      ; - kotlin.coroutines.jvm.internal.BaseContinuationImpl::resumeWith@76 (line 38)
  0x000001bd405cdc70: 0c0e 0707 

  0x000001bd405cdc74: ;   {other}
  0x000001bd405cdc74: 0f1f 8400 | e411 0008 | 488b f048 | 8b84 24d8 | 0000 00e9 | 4007 0000 | 4889 b424 | a800 0000 
  0x000001bd405cdc94: 4c89 8424 | e800 0000 

  0x000001bd405cdc9c: ;   {metadata(method data for {method} {0x000001bd984143c8} 'checkNotNull' '(Ljava/lang/Object;)V' in 'kotlin/jvm/internal/Intrinsics')}
  0x000001bd405cdc9c: 48ba 98f9 | 3499 bd01 | 0000 4883 | 8230 0100 

  0x000001bd405cdcac: ;   {metadata(method data for {method} {0x000001bd984146b0} 'throwJavaNpe' '()V' in 'kotlin/jvm/internal/Intrinsics')}
  0x000001bd405cdcac: 0001 48ba | 18fb 3499 | bd01 0000 | 8bb2 cc00 | 0000 83c6 | 0289 b2cc | 0000 0081 | e6fe ff1f 
  0x000001bd405cdccc: 0085 f60f | 846e 0c00 | 0066 6690 

  0x000001bd405cdcd8: ;   {no_reloc}
  0x000001bd405cdcd8: e996 0c00 | 0000 0000 | 0000 498b | 87b8 0100 | 0048 8d78 | 3049 3bbf | c801 0000 | 0f87 830c 
  0x000001bd405cdcf8: 0000 4989 | bfb8 0100 | 0048 c700 | 0100 0000 | 488b ca49 | ba00 0000 | 57bd 0100 | 0049 2bca 
  0x000001bd405cdd18: 8948 0848 | 33c9 8948 | 0c48 33c9 | 4889 4810 | 4889 4818 | 4889 4820 | 4889 4828 

  0x000001bd405cdd34: ;   {metadata(method data for {method} {0x000001bd984146b0} 'throwJavaNpe' '()V' in 'kotlin/jvm/internal/Intrinsics')}
  0x000001bd405cdd34: 488b d048 | be18 fb34 | 99bd 0100 | 0048 8386 | 1001 0000 | 0148 8bd0 | 4889 8424 | e000 0000 
  0x000001bd405cdd54: ;   {optimized virtual_call}
  0x000001bd405cdd54: 6666 90e8 

  0x000001bd405cdd58: ; ImmutableOopMap {[168]=Oop [176]=Oop [224]=Oop [232]=Oop }
                      ;*invokespecial <init> {reexecute=0 rethrow=0 return_oop=0}
                      ; - kotlin.jvm.internal.Intrinsics::throwJavaNpe@4 (line 45)
                      ; - kotlin.jvm.internal.Intrinsics::checkNotNull@4 (line 25)
                      ; - kotlin.coroutines.jvm.internal.BaseContinuationImpl::resumeWith@31 (line 31)
  0x000001bd405cdd58: 240d 0707 

  0x000001bd405cdd5c: ;   {other}
  0x000001bd405cdd5c: 0f1f 8400 | cc12 0009 

  0x000001bd405cdd64: ;   {metadata(method data for {method} {0x000001bd984146b0} 'throwJavaNpe' '()V' in 'kotlin/jvm/internal/Intrinsics')}
  0x000001bd405cdd64: 48ba 18fb | 3499 bd01 | 0000 4883 | 8220 0100 

  0x000001bd405cdd74: ;   {metadata(method data for {method} {0x000001bd984164f8} 'sanitizeStackTrace' '(Ljava/lang/Throwable;)Ljava/lang/Throwable;' in 'kotlin/jvm/internal/Intrinsics')}
  0x000001bd405cdd74: 0001 48ba | 18cc 5b98 | bd01 0000 | 8bb2 cc00 | 0000 83c6 | 0289 b2cc | 0000 0081 | e6fe ff1f 
  0x000001bd405cdd94: 0085 f60f | 84ed 0b00 

  0x000001bd405cdd9c: ;   {oop(a 'java/lang/Class'{0x000000070167dbd0} = 'kotlin/jvm/internal/Intrinsics')}
  0x000001bd405cdd9c: 0048 bad0 | db67 0107 | 0000 0048 

  0x000001bd405cdda8: ;   {metadata(method data for {method} {0x000001bd984164f8} 'sanitizeStackTrace' '(Ljava/lang/Throwable;)Ljava/lang/Throwable;' in 'kotlin/jvm/internal/Intrinsics')}
  0x000001bd405cdda8: 8bf2 48bf | 18cc 5b98 | bd01 0000 | 4883 8710 | 0100 0001 

  0x000001bd405cddbc: ;   {metadata(method data for {method} {0x000001bd5746b368} 'getName' '()Ljava/lang/String;' in 'java/lang/Class')}
  0x000001bd405cddbc: 48be c074 | 0398 bd01 | 0000 8bbe | cc00 0000 | 83c7 0289 | becc 0000 | 0081 e7fe | ff1f 0085 
  0x000001bd405cdddc: ff0f 84c8 | 0b00 008b | 522c 48c1 | e203 4885 

  0x000001bd405cddec: ;   {metadata(method data for {method} {0x000001bd5746b368} 'getName' '()Ljava/lang/String;' in 'java/lang/Class')}
  0x000001bd405cddec: d248 bec0 | 7403 98bd | 0100 0048 | c7c7 1001 | 0000 7407 | 48c7 c720 | 0100 0048 | 8b1c 3e48 
  0x000001bd405cde0c: 8d5b 0148 | 891c 3e0f | 8418 0000 

  0x000001bd405cde18: ;   {metadata(method data for {method} {0x000001bd5746b368} 'getName' '()Ljava/lang/String;' in 'java/lang/Class')}
  0x000001bd405cde18: 0048 bec0 | 7403 98bd | 0100 00ff | 8630 0100 | 0048 8bf2 | e936 0000 

  0x000001bd405cde30: ;   {oop(a 'java/lang/Class'{0x000000070167dbd0} = 'kotlin/jvm/internal/Intrinsics')}
  0x000001bd405cde30: 0048 bad0 | db67 0107 | 0000 0048 

  0x000001bd405cde3c: ;   {metadata(method data for {method} {0x000001bd5746b368} 'getName' '()Ljava/lang/String;' in 'java/lang/Class')}
  0x000001bd405cde3c: 8bf2 48bf | c074 0398 | bd01 0000 | 4883 8748 | 0100 0001 | 0f1f 8000 

  0x000001bd405cde54: ;   {optimized virtual_call}
  0x000001bd405cde54: 0000 00e8 

  0x000001bd405cde58: ; ImmutableOopMap {[168]=Oop [176]=Oop [224]=Oop [232]=Oop }
                      ;*invokevirtual initClassName {reexecute=0 rethrow=0 return_oop=0}
                      ; - java.lang.Class::getName@14 (line 950)
                      ; - kotlin.jvm.internal.Intrinsics::sanitizeStackTrace@3 (line 253)
                      ; - kotlin.jvm.internal.Intrinsics::throwJavaNpe@7 (line 45)
                      ; - kotlin.jvm.internal.Intrinsics::checkNotNull@4 (line 25)
                      ; - kotlin.coroutines.jvm.internal.BaseContinuationImpl::resumeWith@31 (line 31)
  0x000001bd405cde58: 240c 0707 

  0x000001bd405cde5c: ;   {other}
  0x000001bd405cde5c: 0f1f 8400 | cc13 000a | 488b f048 | 8b84 24e0 | 0000 00e9 | 3804 0000 | 4c89 8424 | e800 0000 
  0x000001bd405cde7c: 4889 9424 | f800 0000 

  0x000001bd405cde84: ;   {metadata(method data for {method} {0x000001bd98415410} 'checkNotNullParameter' '(Ljava/lang/Object;Ljava/lang/String;)V' in 'kotlin/jvm/internal/Intrinsics')}
  0x000001bd405cde84: 48be b0c3 | 5b98 bd01 | 0000 4883 | 8630 0100 

  0x000001bd405cde94: ;   {metadata(method data for {method} {0x000001bd98415590} 'throwParameterIsNullNPE' '(Ljava/lang/String;)V' in 'kotlin/jvm/internal/Intrinsics')}
  0x000001bd405cde94: 0001 48be | 38c5 5b98 | bd01 0000 | 8bbe cc00 | 0000 83c7 | 0289 becc | 0000 0081 | e7fe ff1f 
  0x000001bd405cdeb4: 0085 ff0f | 8414 0b00 | 0066 6690 

  0x000001bd405cdec0: ;   {no_reloc}
  0x000001bd405cdec0: e93c 0b00 | 0000 0000 | 0000 498b | 87b8 0100 | 0048 8d78 | 3049 3bbf | c801 0000 | 0f87 290b 
  0x000001bd405cdee0: 0000 4989 | bfb8 0100 | 0048 c700 | 0100 0000 | 488b ca49 | ba00 0000 | 57bd 0100 | 0049 2bca 
  0x000001bd405cdf00: 8948 0848 | 33c9 8948 | 0c48 33c9 | 4889 4810 | 4889 4818 | 4889 4820 | 4889 4828 

  0x000001bd405cdf1c: ;   {metadata(method data for {method} {0x000001bd98415590} 'throwParameterIsNullNPE' '(Ljava/lang/String;)V' in 'kotlin/jvm/internal/Intrinsics')}
  0x000001bd405cdf1c: 48ba 38c5 | 5b98 bd01 | 0000 4883 | 8210 0100 

  0x000001bd405cdf2c: ;   {oop("frame"{0x00000007fff81608})}
  0x000001bd405cdf2c: 0001 48ba | 0816 f8ff | 0700 0000 | 4889 8424 | f000 0000 | 0f1f 8000 

  0x000001bd405cdf44: ;   {static_call}
  0x000001bd405cdf44: 0000 00e8 

  0x000001bd405cdf48: ; ImmutableOopMap {[232]=Oop [240]=Oop [248]=Oop }
                      ;*invokestatic createParameterIsNullExceptionMessage {reexecute=0 rethrow=0 return_oop=0}
                      ; - kotlin.jvm.internal.Intrinsics::throwParameterIsNullNPE@5 (line 140)
                      ; - kotlin.jvm.internal.Intrinsics::checkNotNullParameter@5 (line 131)
                      ; - kotlin.coroutines.jvm.internal.DebugProbesKt::probeCoroutineResumed@3
                      ; - kotlin.coroutines.jvm.internal.BaseContinuationImpl::resumeWith@13 (line 29)
  0x000001bd405cdf48: 3411 0707 

  0x000001bd405cdf4c: ;   {other}
  0x000001bd405cdf4c: 0f1f 8400 | bc14 000b | 4c8b 8424 | f000 0000 

  0x000001bd405cdf5c: ;   {metadata(method data for {method} {0x000001bd98415590} 'throwParameterIsNullNPE' '(Ljava/lang/String;)V' in 'kotlin/jvm/internal/Intrinsics')}
  0x000001bd405cdf5c: 48ba 38c5 | 5b98 bd01 | 0000 4883 | 8220 0100 | 0001 4c8b | c048 8b94 | 24f0 0000 | 0066 0f1f 
  0x000001bd405cdf7c: ;   {optimized virtual_call}
  0x000001bd405cdf7c: 4400 00e8 

  0x000001bd405cdf80: ; ImmutableOopMap {[232]=Oop [240]=Oop [248]=Oop }
                      ;*invokespecial <init> {reexecute=0 rethrow=0 return_oop=0}
                      ; - kotlin.jvm.internal.Intrinsics::throwParameterIsNullNPE@8 (line 140)
                      ; - kotlin.jvm.internal.Intrinsics::checkNotNullParameter@5 (line 131)
                      ; - kotlin.coroutines.jvm.internal.DebugProbesKt::probeCoroutineResumed@3
                      ; - kotlin.coroutines.jvm.internal.BaseContinuationImpl::resumeWith@13 (line 29)
  0x000001bd405cdf80: fc0a 0707 

  0x000001bd405cdf84: ;   {other}
  0x000001bd405cdf84: 0f1f 8400 | f414 000c 

  0x000001bd405cdf8c: ;   {metadata(method data for {method} {0x000001bd98415590} 'throwParameterIsNullNPE' '(Ljava/lang/String;)V' in 'kotlin/jvm/internal/Intrinsics')}
  0x000001bd405cdf8c: 48ba 38c5 | 5b98 bd01 | 0000 4883 | 8230 0100 

  0x000001bd405cdf9c: ;   {metadata(method data for {method} {0x000001bd984164f8} 'sanitizeStackTrace' '(Ljava/lang/Throwable;)Ljava/lang/Throwable;' in 'kotlin/jvm/internal/Intrinsics')}
  0x000001bd405cdf9c: 0001 48ba | 18cc 5b98 | bd01 0000 | 8bb2 cc00 | 0000 83c6 | 0289 b2cc | 0000 0081 | e6fe ff1f 
  0x000001bd405cdfbc: 0085 f60f | 8453 0a00 

  0x000001bd405cdfc4: ;   {oop(a 'java/lang/Class'{0x000000070167dbd0} = 'kotlin/jvm/internal/Intrinsics')}
  0x000001bd405cdfc4: 0048 bad0 | db67 0107 | 0000 0048 

  0x000001bd405cdfd0: ;   {metadata(method data for {method} {0x000001bd984164f8} 'sanitizeStackTrace' '(Ljava/lang/Throwable;)Ljava/lang/Throwable;' in 'kotlin/jvm/internal/Intrinsics')}
  0x000001bd405cdfd0: 8bf2 48bf | 18cc 5b98 | bd01 0000 | 4883 8710 | 0100 0001 

  0x000001bd405cdfe4: ;   {metadata(method data for {method} {0x000001bd5746b368} 'getName' '()Ljava/lang/String;' in 'java/lang/Class')}
  0x000001bd405cdfe4: 48be c074 | 0398 bd01 | 0000 8bbe | cc00 0000 | 83c7 0289 | becc 0000 | 0081 e7fe | ff1f 0085 
  0x000001bd405ce004: ff0f 842e | 0a00 008b | 522c 48c1 | e203 4885 

  0x000001bd405ce014: ;   {metadata(method data for {method} {0x000001bd5746b368} 'getName' '()Ljava/lang/String;' in 'java/lang/Class')}
  0x000001bd405ce014: d248 bec0 | 7403 98bd | 0100 0048 | c7c7 1001 | 0000 7407 | 48c7 c720 | 0100 0048 | 8b1c 3e48 
  0x000001bd405ce034: 8d5b 0148 | 891c 3e0f | 8418 0000 

  0x000001bd405ce040: ;   {metadata(method data for {method} {0x000001bd5746b368} 'getName' '()Ljava/lang/String;' in 'java/lang/Class')}
  0x000001bd405ce040: 0048 bec0 | 7403 98bd | 0100 00ff | 8630 0100 | 0048 8bf2 | e936 0000 

  0x000001bd405ce058: ;   {oop(a 'java/lang/Class'{0x000000070167dbd0} = 'kotlin/jvm/internal/Intrinsics')}
  0x000001bd405ce058: 0048 bad0 | db67 0107 | 0000 0048 

  0x000001bd405ce064: ;   {metadata(method data for {method} {0x000001bd5746b368} 'getName' '()Ljava/lang/String;' in 'java/lang/Class')}
  0x000001bd405ce064: 8bf2 48bf | c074 0398 | bd01 0000 | 4883 8748 | 0100 0001 | 0f1f 8000 

  0x000001bd405ce07c: ;   {optimized virtual_call}
  0x000001bd405ce07c: 0000 00e8 

  0x000001bd405ce080: ; ImmutableOopMap {[232]=Oop [240]=Oop [248]=Oop }
                      ;*invokevirtual initClassName {reexecute=0 rethrow=0 return_oop=0}
                      ; - java.lang.Class::getName@14 (line 950)
                      ; - kotlin.jvm.internal.Intrinsics::sanitizeStackTrace@3 (line 253)
                      ; - kotlin.jvm.internal.Intrinsics::throwParameterIsNullNPE@11 (line 140)
                      ; - kotlin.jvm.internal.Intrinsics::checkNotNullParameter@5 (line 131)
                      ; - kotlin.coroutines.jvm.internal.DebugProbesKt::probeCoroutineResumed@3
                      ; - kotlin.coroutines.jvm.internal.BaseContinuationImpl::resumeWith@13 (line 29)
  0x000001bd405ce080: fc09 0707 

  0x000001bd405ce084: ;   {other}
  0x000001bd405ce084: 0f1f 8400 | f415 000d | 488b f048 | 8b84 24f0 | 0000 00e9 | ec00 0000 | 488b 8424 | b800 0000 
  0x000001bd405ce0a4: ; implicit exception: dispatches to 0x000001bd405cea5f
  0x000001bd405ce0a4: 483b 074c 

  0x000001bd405ce0a8: ;   {metadata(method data for {method} {0x000001bd984d4c80} 'resumeWith' '(Ljava/lang/Object;)V' in 'kotlin/coroutines/jvm/internal/BaseContinuationImpl')}
  0x000001bd405ce0a8: 8bc7 48ba | 18ca e199 | bd01 0000 | 458b 4008 | 49ba 0000 | 0057 bd01 | 0000 4d03 | c24c 3b82 
  0x000001bd405ce0c8: 0803 0000 | 750d 4883 | 8210 0300 | 0001 e960 | 0000 004c | 3b82 1803 | 0000 750d | 4883 8220 
  0x000001bd405ce0e8: 0300 0001 | e94a 0000 | 0048 83ba | 0803 0000 | 0075 174c | 8982 0803 | 0000 48c7 | 8210 0300 
  0x000001bd405ce108: 0001 0000 | 00e9 2900 | 0000 4883 | ba18 0300 | 0000 7517 | 4c89 8218 | 0300 0048 | c782 2003 
  0x000001bd405ce128: 0000 0100 | 0000 e908 | 0000 0048 | 8382 f802 | 0000 014c | 8bc0 488b | d70f 1f40 | 0048 b8c0 
  0x000001bd405ce148: 5c56 a3bd 

  0x000001bd405ce14c: ;   {virtual_call}
  0x000001bd405ce14c: 0100 00e8 

  0x000001bd405ce150: ; ImmutableOopMap {}
                      ;*invokeinterface resumeWith {reexecute=0 rethrow=0 return_oop=0}
                      ; - kotlin.coroutines.jvm.internal.BaseContinuationImpl::resumeWith@114 (line 47)
  0x000001bd405ce150: 6497 1307 

  0x000001bd405ce154: ;   {other}
  0x000001bd405ce154: 0f1f 8400 | c416 000e | 4881 c410 | 0100 005d 

  0x000001bd405ce164: ;   {poll_return}
  0x000001bd405ce164: 493b a748 | 0400 000f | 87f3 0800 | 00c3 4881 | c410 0100 

  0x000001bd405ce178: ;   {poll_return}
  0x000001bd405ce178: 005d 493b | a748 0400 | 000f 87f3 | 0800 00c3 

  0x000001bd405ce188: ;   {metadata(method data for {method} {0x000001bd984164f8} 'sanitizeStackTrace' '(Ljava/lang/Throwable;)Ljava/lang/Throwable;' in 'kotlin/jvm/internal/Intrinsics')}
  0x000001bd405ce188: 48ba 18cc | 5b98 bd01 | 0000 4883 | 8248 0100 | 0001 488b | d04c 8bc6 | 0f1f 8000 

  0x000001bd405ce1a4: ;   {static_call}
  0x000001bd405ce1a4: 0000 00e8 

  0x000001bd405ce1a8: ; ImmutableOopMap {[232]=Oop [248]=Oop }
                      ;*invokestatic sanitizeStackTrace {reexecute=0 rethrow=0 return_oop=0}
                      ; - kotlin.jvm.internal.Intrinsics::sanitizeStackTrace@6 (line 253)
                      ; - kotlin.jvm.internal.Intrinsics::throwParameterIsNullNPE@11 (line 140)
                      ; - kotlin.jvm.internal.Intrinsics::checkNotNullParameter@5 (line 131)
                      ; - kotlin.coroutines.jvm.internal.DebugProbesKt::probeCoroutineResumed@3
                      ; - kotlin.coroutines.jvm.internal.BaseContinuationImpl::resumeWith@13 (line 29)
  0x000001bd405ce1a8: d40e 0707 

  0x000001bd405ce1ac: ;   {other}
  0x000001bd405ce1ac: 0f1f 8400 | 1c17 000f | 488b 9424 | f800 0000 | 4885 c075 

  0x000001bd405ce1c0: ;   {metadata(method data for {method} {0x000001bd98415590} 'throwParameterIsNullNPE' '(Ljava/lang/String;)V' in 'kotlin/jvm/internal/Intrinsics')}
  0x000001bd405ce1c0: 1648 be38 | c55b 98bd | 0100 0080 | 8e39 0100 | 0001 e9cd 

  0x000001bd405ce1d4: ;   {metadata('java/lang/NullPointerException')}
  0x000001bd405ce1d4: 0000 0048 | bf88 cd06 | 57bd 0100 | 008b 7008 | 49ba 0000 | 0057 bd01 | 0000 4903 | f248 3b7e 
  0x000001bd405ce1f4: 500f 858d 

  0x000001bd405ce1f8: ;   {metadata(method data for {method} {0x000001bd98415590} 'throwParameterIsNullNPE' '(Ljava/lang/String;)V' in 'kotlin/jvm/internal/Intrinsics')}
  0x000001bd405ce1f8: 0000 0048 | be38 c55b | 98bd 0100 | 008b 7808 | 49ba 0000 | 0057 bd01 | 0000 4903 | fa48 3bbe 
  0x000001bd405ce218: 5001 0000 | 750d 4883 | 8658 0100 | 0001 e979 | 0000 0048 | 3bbe 6001 | 0000 750d | 4883 8668 
  0x000001bd405ce238: 0100 0001 | e963 0000 | 0048 83be | 5001 0000 | 0075 1748 | 89be 5001 | 0000 48c7 | 8658 0100 
  0x000001bd405ce258: 0001 0000 | 00e9 4200 | 0000 4883 | be60 0100 | 0000 7517 | 4889 be60 | 0100 0048 | c786 6801 
  0x000001bd405ce278: 0000 0100 | 0000 e921 | 0000 00e9 | 1c00 0000 

  0x000001bd405ce288: ;   {metadata(method data for {method} {0x000001bd98415590} 'throwParameterIsNullNPE' '(Ljava/lang/String;)V' in 'kotlin/jvm/internal/Intrinsics')}
  0x000001bd405ce288: 48be 38c5 | 5b98 bd01 | 0000 4883 | ae40 0100 | 0001 e9f1 | 0700 00e9 | 0000 0000 

  0x000001bd405ce2a4: ; implicit exception: dispatches to 0x000001bd405cea99
  0x000001bd405ce2a4: 483b 00e9 | 3908 0000 

  0x000001bd405ce2ac: ;   {metadata(method data for {method} {0x000001bd984164f8} 'sanitizeStackTrace' '(Ljava/lang/Throwable;)Ljava/lang/Throwable;' in 'kotlin/jvm/internal/Intrinsics')}
  0x000001bd405ce2ac: 48ba 18cc | 5b98 bd01 | 0000 4883 | 8248 0100 | 0001 488b | d04c 8bc6 

  0x000001bd405ce2c4: ;   {static_call}
  0x000001bd405ce2c4: 6666 90e8 

  0x000001bd405ce2c8: ; ImmutableOopMap {[168]=Oop [176]=Oop [232]=Oop }
                      ;*invokestatic sanitizeStackTrace {reexecute=0 rethrow=0 return_oop=0}
                      ; - kotlin.jvm.internal.Intrinsics::sanitizeStackTrace@6 (line 253)
                      ; - kotlin.jvm.internal.Intrinsics::throwJavaNpe@7 (line 45)
                      ; - kotlin.jvm.internal.Intrinsics::checkNotNull@4 (line 25)
                      ; - kotlin.coroutines.jvm.internal.BaseContinuationImpl::resumeWith@31 (line 31)
  0x000001bd405ce2c8: b40d 0707 

  0x000001bd405ce2cc: ;   {other}
  0x000001bd405ce2cc: 0f1f 8400 | 3c18 0010 | 4c8b 8424 | e800 0000 | 4885 c075 

  0x000001bd405ce2e0: ;   {metadata(method data for {method} {0x000001bd984146b0} 'throwJavaNpe' '()V' in 'kotlin/jvm/internal/Intrinsics')}
  0x000001bd405ce2e0: 1648 be18 | fb34 99bd | 0100 0080 | 8e29 0100 | 0001 e9cd 

  0x000001bd405ce2f4: ;   {metadata('java/lang/NullPointerException')}
  0x000001bd405ce2f4: 0000 0048 | bf88 cd06 | 57bd 0100 | 008b 7008 | 49ba 0000 | 0057 bd01 | 0000 4903 | f248 3b7e 
  0x000001bd405ce314: 500f 858d 

  0x000001bd405ce318: ;   {metadata(method data for {method} {0x000001bd984146b0} 'throwJavaNpe' '()V' in 'kotlin/jvm/internal/Intrinsics')}
  0x000001bd405ce318: 0000 0048 | be18 fb34 | 99bd 0100 | 008b 7808 | 49ba 0000 | 0057 bd01 | 0000 4903 | fa48 3bbe 
  0x000001bd405ce338: 4001 0000 | 750d 4883 | 8648 0100 | 0001 e979 | 0000 0048 | 3bbe 5001 | 0000 750d | 4883 8658 
  0x000001bd405ce358: 0100 0001 | e963 0000 | 0048 83be | 4001 0000 | 0075 1748 | 89be 4001 | 0000 48c7 | 8648 0100 
  0x000001bd405ce378: 0001 0000 | 00e9 4200 | 0000 4883 | be50 0100 | 0000 7517 | 4889 be50 | 0100 0048 | c786 5801 
  0x000001bd405ce398: 0000 0100 | 0000 e921 | 0000 00e9 | 1c00 0000 

  0x000001bd405ce3a8: ;   {metadata(method data for {method} {0x000001bd984146b0} 'throwJavaNpe' '()V' in 'kotlin/jvm/internal/Intrinsics')}
  0x000001bd405ce3a8: 48be 18fb | 3499 bd01 | 0000 4883 | ae30 0100 | 0001 e9df | 0600 00e9 | 0000 0000 

  0x000001bd405ce3c4: ; implicit exception: dispatches to 0x000001bd405ceaa7
  0x000001bd405ce3c4: 483b 00e9 | 1907 0000 

  0x000001bd405ce3cc: ;   {metadata(method data for {method} {0x000001bd984164f8} 'sanitizeStackTrace' '(Ljava/lang/Throwable;)Ljava/lang/Throwable;' in 'kotlin/jvm/internal/Intrinsics')}
  0x000001bd405ce3cc: 48ba 18cc | 5b98 bd01 | 0000 4883 | 8248 0100 | 0001 488b | d04c 8bc6 

  0x000001bd405ce3e4: ;   {static_call}
  0x000001bd405ce3e4: 6666 90e8 

  0x000001bd405ce3e8: ; ImmutableOopMap {[168]=Oop [176]=Oop [208]=Oop }
                      ;*invokestatic sanitizeStackTrace {reexecute=0 rethrow=0 return_oop=0}
                      ; - kotlin.jvm.internal.Intrinsics::sanitizeStackTrace@6 (line 253)
                      ; - kotlin.jvm.internal.Intrinsics::throwParameterIsNullNPE@11 (line 140)
                      ; - kotlin.jvm.internal.Intrinsics::checkNotNullParameter@5 (line 131)
                      ; - kotlin.ResultKt::createFailure@3
                      ; - kotlin.coroutines.jvm.internal.BaseContinuationImpl::resumeWith@76 (line 38)
  0x000001bd405ce3e8: 940c 0707 

  0x000001bd405ce3ec: ;   {other}
  0x000001bd405ce3ec: 0f1f 8400 | 5c19 0011 | 4885 c075 

  0x000001bd405ce3f8: ;   {metadata(method data for {method} {0x000001bd98415590} 'throwParameterIsNullNPE' '(Ljava/lang/String;)V' in 'kotlin/jvm/internal/Intrinsics')}
  0x000001bd405ce3f8: 1749 b838 | c55b 98bd | 0100 0041 | 8088 3901 | 0000 01e9 | ce00 0000 

  0x000001bd405ce410: ;   {metadata('java/lang/NullPointerException')}
  0x000001bd405ce410: 48be 88cd | 0657 bd01 | 0000 448b | 4008 49ba | 0000 0057 | bd01 0000 | 4d03 c249 | 3b70 500f 
  0x000001bd405ce430: 858d 0000 

  0x000001bd405ce434: ;   {metadata(method data for {method} {0x000001bd98415590} 'throwParameterIsNullNPE' '(Ljava/lang/String;)V' in 'kotlin/jvm/internal/Intrinsics')}
  0x000001bd405ce434: 0049 b838 | c55b 98bd | 0100 008b | 7008 49ba | 0000 0057 | bd01 0000 | 4903 f249 | 3bb0 5001 
  0x000001bd405ce454: 0000 750d | 4983 8058 | 0100 0001 | e979 0000 | 0049 3bb0 | 6001 0000 | 750d 4983 | 8068 0100 
  0x000001bd405ce474: 0001 e963 | 0000 0049 | 83b8 5001 | 0000 0075 | 1749 89b0 | 5001 0000 | 49c7 8058 | 0100 0001 
  0x000001bd405ce494: 0000 00e9 | 4200 0000 | 4983 b860 | 0100 0000 | 7517 4989 | b060 0100 | 0049 c780 | 6801 0000 
  0x000001bd405ce4b4: 0100 0000 | e921 0000 | 00e9 1c00 

  0x000001bd405ce4c0: ;   {metadata(method data for {method} {0x000001bd98415590} 'throwParameterIsNullNPE' '(Ljava/lang/String;)V' in 'kotlin/jvm/internal/Intrinsics')}
  0x000001bd405ce4c0: 0000 49b8 | 38c5 5b98 | bd01 0000 | 4983 a840 | 0100 0001 | e9d3 0500 | 00e9 0000 | 0000 483b 
  0x000001bd405ce4e0: 00e9 ff05 

  0x000001bd405ce4e4: ;   {metadata(method data for {method} {0x000001bd984164f8} 'sanitizeStackTrace' '(Ljava/lang/Throwable;)Ljava/lang/Throwable;' in 'kotlin/jvm/internal/Intrinsics')}
  0x000001bd405ce4e4: 0000 48ba | 18cc 5b98 | bd01 0000 | 4883 8248 | 0100 0001 | 488b d04c 

  0x000001bd405ce4fc: ;   {static_call}
  0x000001bd405ce4fc: 8bc6 90e8 

  0x000001bd405ce500: ; ImmutableOopMap {[168]=Oop [176]=Oop [200]=Oop [208]=Oop }
                      ;*invokestatic sanitizeStackTrace {reexecute=0 rethrow=0 return_oop=0}
                      ; - kotlin.jvm.internal.Intrinsics::sanitizeStackTrace@6 (line 253)
                      ; - kotlin.jvm.internal.Intrinsics::throwParameterIsNullNPE@11 (line 140)
                      ; - kotlin.jvm.internal.Intrinsics::checkNotNullParameter@5 (line 131)
                      ; - kotlin.Result$Failure::<init>@3
                      ; - kotlin.ResultKt::createFailure@11 (line 122)
                      ; - kotlin.coroutines.jvm.internal.BaseContinuationImpl::resumeWith@76 (line 38)
  0x000001bd405ce500: 7c0b 0707 

  0x000001bd405ce504: ;   {other}
  0x000001bd405ce504: 0f1f 8400 | 741a 0012 | 488b 9c24 | c800 0000 | 488b b424 | d000 0000 | 488b bc24 | b000 0000 
  0x000001bd405ce524: 488b 9424 | a800 0000 | 4885 c075 

  0x000001bd405ce530: ;   {metadata(method data for {method} {0x000001bd98415590} 'throwParameterIsNullNPE' '(Ljava/lang/String;)V' in 'kotlin/jvm/internal/Intrinsics')}
  0x000001bd405ce530: 1749 b838 | c55b 98bd | 0100 0041 | 8088 3901 | 0000 01e9 | cf00 0000 

  0x000001bd405ce548: ;   {metadata('java/lang/NullPointerException')}
  0x000001bd405ce548: 49b9 88cd | 0657 bd01 | 0000 448b | 4008 49ba | 0000 0057 | bd01 0000 | 4d03 c24d | 3b48 500f 
  0x000001bd405ce568: 858e 0000 

  0x000001bd405ce56c: ;   {metadata(method data for {method} {0x000001bd98415590} 'throwParameterIsNullNPE' '(Ljava/lang/String;)V' in 'kotlin/jvm/internal/Intrinsics')}
  0x000001bd405ce56c: 0049 b838 | c55b 98bd | 0100 0044 | 8b48 0849 | ba00 0000 | 57bd 0100 | 004d 03ca | 4d3b 8850 
  0x000001bd405ce58c: 0100 0075 | 0d49 8380 | 5801 0000 | 01e9 7900 | 0000 4d3b | 8860 0100 | 0075 0d49 | 8380 6801 
  0x000001bd405ce5ac: 0000 01e9 | 6300 0000 | 4983 b850 | 0100 0000 | 7517 4d89 | 8850 0100 | 0049 c780 | 5801 0000 
  0x000001bd405ce5cc: 0100 0000 | e942 0000 | 0049 83b8 | 6001 0000 | 0075 174d | 8988 6001 | 0000 49c7 | 8068 0100 
  0x000001bd405ce5ec: 0001 0000 | 00e9 2100 | 0000 e91c 

  0x000001bd405ce5f8: ;   {metadata(method data for {method} {0x000001bd98415590} 'throwParameterIsNullNPE' '(Ljava/lang/String;)V' in 'kotlin/jvm/internal/Intrinsics')}
  0x000001bd405ce5f8: 0000 0049 | b838 c55b | 98bd 0100 | 0049 83a8 | 4001 0000 | 01e9 a804 | 0000 e900 | 0000 0048 
  0x000001bd405ce618: 3b00 e9c6 

  0x000001bd405ce61c: ;   {metadata({method} {0x000001bd984d4c80} 'resumeWith' '(Ljava/lang/Object;)V' in 'kotlin/coroutines/jvm/internal/BaseContinuationImpl')}
  0x000001bd405ce61c: 0400 0049 | ba78 4c4d | 98bd 0100 | 004c 8954 | 2408 48c7 | 0424 ffff 

  0x000001bd405ce634: ;   {runtime_call counter_overflow Runtime1 stub}
  0x000001bd405ce634: ffff e8c5 

  0x000001bd405ce638: ; ImmutableOopMap {rdx=Oop r8=Oop }
                      ;*synchronization entry
                      ; - kotlin.coroutines.jvm.internal.BaseContinuationImpl::resumeWith@-1 (line 24)
  0x000001bd405ce638: 3813 07e9 | e6e8 ffff | 4889 1424 

  0x000001bd405ce644: ;   {runtime_call throw_class_cast_exception Runtime1 stub}
  0x000001bd405ce644: e8b7 0b13 

  0x000001bd405ce648: ; ImmutableOopMap {r8=Oop rdx=Oop }
                      ;*checkcast {reexecute=0 rethrow=0 return_oop=0}
                      ; - kotlin.coroutines.jvm.internal.BaseContinuationImpl::resumeWith@10 (line 29)
                      ;   {metadata({method} {0x000001bd984fcad0} 'probeCoroutineResumed' '(Lkotlin/coroutines/Continuation;)V' in 'kotlin/coroutines/jvm/internal/DebugProbesKt')}
  0x000001bd405ce648: 0749 bac8 | ca4f 98bd | 0100 004c | 8954 2408 | 48c7 0424 | ffff ffff 

  0x000001bd405ce660: ;   {runtime_call counter_overflow Runtime1 stub}
  0x000001bd405ce660: e89b 3813 

  0x000001bd405ce664: ; ImmutableOopMap {r8=Oop rdx=Oop rsi=Oop }
                      ;*synchronization entry
                      ; - kotlin.coroutines.jvm.internal.DebugProbesKt::probeCoroutineResumed@-1
                      ; - kotlin.coroutines.jvm.internal.BaseContinuationImpl::resumeWith@13 (line 29)
  0x000001bd405ce664: 07e9 fce9 

  0x000001bd405ce668: ;   {metadata({method} {0x000001bd98415410} 'checkNotNullParameter' '(Ljava/lang/Object;Ljava/lang/String;)V' in 'kotlin/jvm/internal/Intrinsics')}
  0x000001bd405ce668: ffff 49ba | 0854 4198 | bd01 0000 | 4c89 5424 | 0848 c704 | 24ff ffff 

  0x000001bd405ce680: ;   {runtime_call counter_overflow Runtime1 stub}
  0x000001bd405ce680: ffe8 7a38 

  0x000001bd405ce684: ; ImmutableOopMap {r8=Oop rdx=Oop rsi=Oop }
                      ;*synchronization entry
                      ; - kotlin.jvm.internal.Intrinsics::checkNotNullParameter@-1 (line 130)
                      ; - kotlin.coroutines.jvm.internal.DebugProbesKt::probeCoroutineResumed@3
                      ; - kotlin.coroutines.jvm.internal.BaseContinuationImpl::resumeWith@13 (line 29)
  0x000001bd405ce684: 1307 e914 | eaff ff48 

  0x000001bd405ce68c: ;   {runtime_call throw_class_cast_exception Runtime1 stub}
  0x000001bd405ce68c: 8914 24e8 

  0x000001bd405ce690: ; ImmutableOopMap {r8=Oop }
                      ;*checkcast {reexecute=0 rethrow=0 return_oop=0}
                      ; - kotlin.coroutines.jvm.internal.BaseContinuationImpl::resumeWith@17 (line 30)
  0x000001bd405ce690: 6c0b 1307 

  0x000001bd405ce694: ;   {runtime_call throw_null_pointer_exception Runtime1 stub}
  0x000001bd405ce694: e867 da12 

  0x000001bd405ce698: ; ImmutableOopMap {r8=Oop rsi=Oop }
                      ;*getfield completion {reexecute=1 rethrow=0 return_oop=0}
                      ; - (reexecute) kotlin.coroutines.jvm.internal.BaseContinuationImpl::resumeWith@27 (line 31)
                      ;   {metadata({method} {0x000001bd984143c8} 'checkNotNull' '(Ljava/lang/Object;)V' in 'kotlin/jvm/internal/Intrinsics')}
  0x000001bd405ce698: 0749 bac0 | 4341 98bd | 0100 004c | 8954 2408 | 48c7 0424 | ffff ffff 

  0x000001bd405ce6b0: ;   {runtime_call counter_overflow Runtime1 stub}
  0x000001bd405ce6b0: e84b 3813 

  0x000001bd405ce6b4: ; ImmutableOopMap {r8=Oop rsi=Oop rdi=Oop [176]=Oop }
                      ;*synchronization entry
                      ; - kotlin.jvm.internal.Intrinsics::checkNotNull@-1 (line 24)
                      ; - kotlin.coroutines.jvm.internal.BaseContinuationImpl::resumeWith@31 (line 31)
  0x000001bd405ce6b4: 07e9 47eb 

  0x000001bd405ce6b8: ;   {metadata({method} {0x000001bd984fab88} 'getCOROUTINE_SUSPENDED' '()Ljava/lang/Object;' in 'kotlin/coroutines/intrinsics/IntrinsicsKt__IntrinsicsKt')}
  0x000001bd405ce6b8: ffff 49ba | 80ab 4f98 | bd01 0000 | 4c89 5424 | 0848 c704 | 24ff ffff 

  0x000001bd405ce6d0: ;   {runtime_call counter_overflow Runtime1 stub}
  0x000001bd405ce6d0: ffe8 2a38 

  0x000001bd405ce6d4: ; ImmutableOopMap {rax=Oop [168]=Oop [176]=Oop }
                      ;*synchronization entry
                      ; - kotlin.coroutines.intrinsics.IntrinsicsKt__IntrinsicsKt::getCOROUTINE_SUSPENDED@-1 (line 57)
                      ; - kotlin.coroutines.jvm.internal.BaseContinuationImpl::resumeWith@47 (line 35)
  0x000001bd405ce6d4: 1307 e94a 

  0x000001bd405ce6d8: ;   {metadata({method} {0x000001bd9850cf08} 'constructor-impl' '(Ljava/lang/Object;)Ljava/lang/Object;' in 'kotlin/Result')}
  0x000001bd405ce6d8: ecff ff49 | ba00 cf50 | 98bd 0100 | 004c 8954 | 2408 48c7 | 0424 ffff 

  0x000001bd405ce6f0: ;   {runtime_call counter_overflow Runtime1 stub}
  0x000001bd405ce6f0: ffff e809 

  0x000001bd405ce6f4: ; ImmutableOopMap {rax=Oop [168]=Oop [176]=Oop }
                      ;*synchronization entry
                      ; - kotlin.Result::constructor-impl@-1
                      ; - kotlin.coroutines.jvm.internal.BaseContinuationImpl::resumeWith@60 (line 36)
  0x000001bd405ce6f4: 3813 07e9 | 9bec ffff 

  0x000001bd405ce6fc: ;   {metadata({method} {0x000001bd98520520} 'createFailure' '(Ljava/lang/Throwable;)Ljava/lang/Object;' in 'kotlin/ResultKt')}
  0x000001bd405ce6fc: 49ba 1805 | 5298 bd01 | 0000 4c89 | 5424 0848 | c704 24ff 

  0x000001bd405ce710: ;   {runtime_call counter_overflow Runtime1 stub}
  0x000001bd405ce710: ffff ffe8 

  0x000001bd405ce714: ; ImmutableOopMap {rax=Oop [168]=Oop [176]=Oop }
                      ;*synchronization entry
                      ; - kotlin.ResultKt::createFailure@-1
                      ; - kotlin.coroutines.jvm.internal.BaseContinuationImpl::resumeWith@76 (line 38)
  0x000001bd405ce714: e837 1307 | e9e3 ecff 

  0x000001bd405ce71c: ;   {metadata({method} {0x000001bd98415410} 'checkNotNullParameter' '(Ljava/lang/Object;Ljava/lang/String;)V' in 'kotlin/jvm/internal/Intrinsics')}
  0x000001bd405ce71c: ff49 ba08 | 5441 98bd | 0100 004c | 8954 2408 | 48c7 0424 | ffff ffff 

  0x000001bd405ce734: ;   {runtime_call counter_overflow Runtime1 stub}
  0x000001bd405ce734: e8c7 3713 

  0x000001bd405ce738: ; ImmutableOopMap {rax=Oop [168]=Oop [176]=Oop }
                      ;*synchronization entry
                      ; - kotlin.jvm.internal.Intrinsics::checkNotNullParameter@-1 (line 130)
                      ; - kotlin.ResultKt::createFailure@3
                      ; - kotlin.coroutines.jvm.internal.BaseContinuationImpl::resumeWith@76 (line 38)
  0x000001bd405ce738: 07e9 fbec | ffff 488b 

  0x000001bd405ce740: ;   {runtime_call fast_new_instance Runtime1 stub}
  0x000001bd405ce740: d2e8 bae6 

  0x000001bd405ce744: ; ImmutableOopMap {rbx=Oop [168]=Oop [176]=Oop }
                      ;*new {reexecute=0 rethrow=0 return_oop=0}
                      ; - kotlin.ResultKt::createFailure@6 (line 122)
                      ; - kotlin.coroutines.jvm.internal.BaseContinuationImpl::resumeWith@76 (line 38)
  0x000001bd405ce744: 1207 e96c 

  0x000001bd405ce748: ;   {metadata({method} {0x000001bd9850ee40} '<init>' '(Ljava/lang/Throwable;)V' in 'kotlin/Result$Failure')}
  0x000001bd405ce748: edff ff49 | ba38 ee50 | 98bd 0100 | 004c 8954 | 2408 48c7 | 0424 ffff 

  0x000001bd405ce760: ;   {runtime_call counter_overflow Runtime1 stub}
  0x000001bd405ce760: ffff e899 

  0x000001bd405ce764: ; ImmutableOopMap {rbx=Oop rax=Oop [168]=Oop [176]=Oop }
                      ;*synchronization entry
                      ; - kotlin.Result$Failure::<init>@-1
                      ; - kotlin.ResultKt::createFailure@11 (line 122)
                      ; - kotlin.coroutines.jvm.internal.BaseContinuationImpl::resumeWith@76 (line 38)
  0x000001bd405ce764: 3713 07e9 | 87ed ffff 

  0x000001bd405ce76c: ;   {metadata({method} {0x000001bd98415410} 'checkNotNullParameter' '(Ljava/lang/Object;Ljava/lang/String;)V' in 'kotlin/jvm/internal/Intrinsics')}
  0x000001bd405ce76c: 49ba 0854 | 4198 bd01 | 0000 4c89 | 5424 0848 | c704 24ff 

  0x000001bd405ce780: ;   {runtime_call counter_overflow Runtime1 stub}
  0x000001bd405ce780: ffff ffe8 

  0x000001bd405ce784: ; ImmutableOopMap {rbx=Oop rax=Oop [168]=Oop [176]=Oop }
                      ;*synchronization entry
                      ; - kotlin.jvm.internal.Intrinsics::checkNotNullParameter@-1 (line 130)
                      ; - kotlin.Result$Failure::<init>@3
                      ; - kotlin.ResultKt::createFailure@11 (line 122)
                      ; - kotlin.coroutines.jvm.internal.BaseContinuationImpl::resumeWith@76 (line 38)
  0x000001bd405ce784: 7837 1307 | e99f edff 

  0x000001bd405ce78c: ;   {metadata({method} {0x000001bd57476650} '<init>' '()V' in 'java/lang/Object')}
  0x000001bd405ce78c: ff49 ba48 | 6647 57bd | 0100 004c | 8954 2408 | 48c7 0424 | ffff ffff 

  0x000001bd405ce7a4: ;   {runtime_call counter_overflow Runtime1 stub}
  0x000001bd405ce7a4: e857 3713 

  0x000001bd405ce7a8: ; ImmutableOopMap {rbx=Oop rax=Oop [168]=Oop [176]=Oop }
                      ;*synchronization entry
                      ; - java.lang.Object::<init>@-1 (line 45)
                      ; - kotlin.Result$Failure::<init>@7 (line 105)
                      ; - kotlin.ResultKt::createFailure@11 (line 122)
                      ; - kotlin.coroutines.jvm.internal.BaseContinuationImpl::resumeWith@76 (line 38)
  0x000001bd405ce7a8: 07e9 e9ed | ffff 8b50 | 0c48 c1e2 | 0348 83fa | 000f 84e5 | edff ff48 

  0x000001bd405ce7c0: ;   {runtime_call g1_pre_barrier_slow}
  0x000001bd405ce7c0: 8914 24e8 | 383d 1307 | e9d7 edff | ff48 83fb | 000f 84ec | edff ff48 

  0x000001bd405ce7d8: ;   {runtime_call g1_post_barrier_slow}
  0x000001bd405ce7d8: 8904 24e8 | 2040 1307 | e9de edff 

  0x000001bd405ce7e4: ;   {metadata({method} {0x000001bd9850cf08} 'constructor-impl' '(Ljava/lang/Object;)Ljava/lang/Object;' in 'kotlin/Result')}
  0x000001bd405ce7e4: ff49 ba00 | cf50 98bd | 0100 004c | 8954 2408 | 48c7 0424 | ffff ffff 

  0x000001bd405ce7fc: ;   {runtime_call counter_overflow Runtime1 stub}
  0x000001bd405ce7fc: e8ff 3613 

  0x000001bd405ce800: ; ImmutableOopMap {rax=Oop [168]=Oop [176]=Oop }
                      ;*synchronization entry
                      ; - kotlin.Result::constructor-impl@-1
                      ; - kotlin.coroutines.jvm.internal.BaseContinuationImpl::resumeWith@79 (line 38)
  0x000001bd405ce800: 07e9 f6ed 

  0x000001bd405ce804: ;   {metadata({method} {0x000001bd984d4c80} 'resumeWith' '(Ljava/lang/Object;)V' in 'kotlin/coroutines/jvm/internal/BaseContinuationImpl')}
  0x000001bd405ce804: ffff 49ba | 784c 4d98 | bd01 0000 | 4c89 5424 | 0848 c704 | 2479 0000 

  0x000001bd405ce81c: ;   {runtime_call counter_overflow Runtime1 stub}
  0x000001bd405ce81c: 00e8 de36 

  0x000001bd405ce820: ; ImmutableOopMap {rdi=Oop [176]=Oop [184]=Oop }
                      ;*goto {reexecute=1 rethrow=0 return_oop=0}
                      ; - (reexecute) kotlin.coroutines.jvm.internal.BaseContinuationImpl::resumeWith@121 (line 30)
  0x000001bd405ce820: 1307 e9f6 

  0x000001bd405ce824: ;   {metadata({method} {0x000001bd98415590} 'throwParameterIsNullNPE' '(Ljava/lang/String;)V' in 'kotlin/jvm/internal/Intrinsics')}
  0x000001bd405ce824: efff ff49 | ba88 5541 | 98bd 0100 | 004c 8954 | 2408 48c7 | 0424 ffff 

  0x000001bd405ce83c: ;   {runtime_call counter_overflow Runtime1 stub}
  0x000001bd405ce83c: ffff e8bd 

  0x000001bd405ce840: ; ImmutableOopMap {[168]=Oop [176]=Oop [200]=Oop [208]=Oop }
                      ;*synchronization entry
                      ; - kotlin.jvm.internal.Intrinsics::throwParameterIsNullNPE@-1 (line 140)
                      ; - kotlin.jvm.internal.Intrinsics::checkNotNullParameter@5 (line 131)
                      ; - kotlin.Result$Failure::<init>@3
                      ; - kotlin.ResultKt::createFailure@11 (line 122)
                      ; - kotlin.coroutines.jvm.internal.BaseContinuationImpl::resumeWith@76 (line 38)
  0x000001bd405ce840: 3613 07e9 | 48f0 ffff 

  0x000001bd405ce848: ;   {metadata(nullptr)}
  0x000001bd405ce848: 48ba 0000 | 0000 0000 | 0000 b800 

  0x000001bd405ce854: ;   {runtime_call load_klass_patching Runtime1 stub}
  0x000001bd405ce854: 0f05 0ae8 

  0x000001bd405ce858: ; ImmutableOopMap {[168]=Oop [176]=Oop [200]=Oop [208]=Oop }
                      ;*new {reexecute=1 rethrow=0 return_oop=0}
                      ; - (reexecute) kotlin.jvm.internal.Intrinsics::throwParameterIsNullNPE@0 (line 140)
                      ; - kotlin.jvm.internal.Intrinsics::checkNotNullParameter@5 (line 131)
                      ; - kotlin.Result$Failure::<init>@3
                      ; - kotlin.ResultKt::createFailure@11 (line 122)
                      ; - kotlin.coroutines.jvm.internal.BaseContinuationImpl::resumeWith@76 (line 38)
  0x000001bd405ce858: 2426 1307 | e92f f0ff | ff48 8bd2 

  0x000001bd405ce864: ;   {runtime_call fast_new_instance Runtime1 stub}
  0x000001bd405ce864: e897 e512 

  0x000001bd405ce868: ; ImmutableOopMap {[168]=Oop [176]=Oop [200]=Oop [208]=Oop }
                      ;*new {reexecute=0 rethrow=0 return_oop=0}
                      ; - kotlin.jvm.internal.Intrinsics::throwParameterIsNullNPE@0 (line 140)
                      ; - kotlin.jvm.internal.Intrinsics::checkNotNullParameter@5 (line 131)
                      ; - kotlin.Result$Failure::<init>@3
                      ; - kotlin.ResultKt::createFailure@11 (line 122)
                      ; - kotlin.coroutines.jvm.internal.BaseContinuationImpl::resumeWith@76 (line 38)
  0x000001bd405ce868: 07e9 7ef0 

  0x000001bd405ce86c: ;   {metadata({method} {0x000001bd984164f8} 'sanitizeStackTrace' '(Ljava/lang/Throwable;)Ljava/lang/Throwable;' in 'kotlin/jvm/internal/Intrinsics')}
  0x000001bd405ce86c: ffff 49ba | f064 4198 | bd01 0000 | 4c89 5424 | 0848 c704 | 24ff ffff 

  0x000001bd405ce884: ;   {runtime_call counter_overflow Runtime1 stub}
  0x000001bd405ce884: ffe8 7636 

  0x000001bd405ce888: ; ImmutableOopMap {[168]=Oop [176]=Oop [192]=Oop [200]=Oop [208]=Oop }
                      ;*synchronization entry
                      ; - kotlin.jvm.internal.Intrinsics::sanitizeStackTrace@-1 (line 253)
                      ; - kotlin.jvm.internal.Intrinsics::throwParameterIsNullNPE@11 (line 140)
                      ; - kotlin.jvm.internal.Intrinsics::checkNotNullParameter@5 (line 131)
                      ; - kotlin.Result$Failure::<init>@3
                      ; - kotlin.ResultKt::createFailure@11 (line 122)
                      ; - kotlin.coroutines.jvm.internal.BaseContinuationImpl::resumeWith@76 (line 38)
  0x000001bd405ce888: 1307 e906 

  0x000001bd405ce88c: ;   {metadata({method} {0x000001bd5746b368} 'getName' '()Ljava/lang/String;' in 'java/lang/Class')}
  0x000001bd405ce88c: f1ff ff49 | ba60 b346 | 57bd 0100 | 004c 8954 | 2408 48c7 | 0424 ffff 

  0x000001bd405ce8a4: ;   {runtime_call counter_overflow Runtime1 stub}
  0x000001bd405ce8a4: ffff e855 

  0x000001bd405ce8a8: ; ImmutableOopMap {rdx=Oop [168]=Oop [176]=Oop [192]=Oop [200]=Oop [208]=Oop }
                      ;*synchronization entry
                      ; - java.lang.Class::getName@-1 (line 949)
                      ; - kotlin.jvm.internal.Intrinsics::sanitizeStackTrace@3 (line 253)
                      ; - kotlin.jvm.internal.Intrinsics::throwParameterIsNullNPE@11 (line 140)
                      ; - kotlin.jvm.internal.Intrinsics::checkNotNullParameter@5 (line 131)
                      ; - kotlin.Result$Failure::<init>@3
                      ; - kotlin.ResultKt::createFailure@11 (line 122)
                      ; - kotlin.coroutines.jvm.internal.BaseContinuationImpl::resumeWith@76 (line 38)
  0x000001bd405ce8a8: 3613 07e9 | 2bf1 ffff 

  0x000001bd405ce8b0: ;   {runtime_call throw_null_pointer_exception Runtime1 stub}
  0x000001bd405ce8b0: e84b d812 

  0x000001bd405ce8b4: ; ImmutableOopMap {[168]=Oop [176]=Oop [192]=Oop [200]=Oop [208]=Oop }
                      ;*getfield name {reexecute=1 rethrow=0 return_oop=0}
                      ; - (reexecute) java.lang.Class::getName@1 (line 949)
                      ; - kotlin.jvm.internal.Intrinsics::sanitizeStackTrace@3 (line 253)
                      ; - kotlin.jvm.internal.Intrinsics::throwParameterIsNullNPE@11 (line 140)
                      ; - kotlin.jvm.internal.Intrinsics::checkNotNullParameter@5 (line 131)
                      ; - kotlin.Result$Failure::<init>@3
                      ; - kotlin.ResultKt::createFailure@11 (line 122)
                      ; - kotlin.coroutines.jvm.internal.BaseContinuationImpl::resumeWith@76 (line 38)
                      ;   {metadata({method} {0x000001bd98415590} 'throwParameterIsNullNPE' '(Ljava/lang/String;)V' in 'kotlin/jvm/internal/Intrinsics')}
  0x000001bd405ce8b4: 0749 ba88 | 5541 98bd | 0100 004c | 8954 2408 | 48c7 0424 | ffff ffff 

  0x000001bd405ce8cc: ;   {runtime_call counter_overflow Runtime1 stub}
  0x000001bd405ce8cc: e82f 3613 

  0x000001bd405ce8d0: ; ImmutableOopMap {[168]=Oop [176]=Oop [208]=Oop }
                      ;*synchronization entry
                      ; - kotlin.jvm.internal.Intrinsics::throwParameterIsNullNPE@-1 (line 140)
                      ; - kotlin.jvm.internal.Intrinsics::checkNotNullParameter@5 (line 131)
                      ; - kotlin.ResultKt::createFailure@3
                      ; - kotlin.coroutines.jvm.internal.BaseContinuationImpl::resumeWith@76 (line 38)
  0x000001bd405ce8d0: 07e9 d7f1 

  0x000001bd405ce8d4: ;   {metadata(nullptr)}
  0x000001bd405ce8d4: ffff 48ba | 0000 0000 | 0000 0000 | b800 0f05 

  0x000001bd405ce8e4: ;   {runtime_call load_klass_patching Runtime1 stub}
  0x000001bd405ce8e4: 0ae8 9625 

  0x000001bd405ce8e8: ; ImmutableOopMap {[168]=Oop [176]=Oop [208]=Oop }
                      ;*new {reexecute=1 rethrow=0 return_oop=0}
                      ; - (reexecute) kotlin.jvm.internal.Intrinsics::throwParameterIsNullNPE@0 (line 140)
                      ; - kotlin.jvm.internal.Intrinsics::checkNotNullParameter@5 (line 131)
                      ; - kotlin.ResultKt::createFailure@3
                      ; - kotlin.coroutines.jvm.internal.BaseContinuationImpl::resumeWith@76 (line 38)
  0x000001bd405ce8e8: 1307 e9c1 | f1ff ff48 

  0x000001bd405ce8f0: ;   {runtime_call fast_new_instance Runtime1 stub}
  0x000001bd405ce8f0: 8bd2 e809 

  0x000001bd405ce8f4: ; ImmutableOopMap {[168]=Oop [176]=Oop [208]=Oop }
                      ;*new {reexecute=0 rethrow=0 return_oop=0}
                      ; - kotlin.jvm.internal.Intrinsics::throwParameterIsNullNPE@0 (line 140)
                      ; - kotlin.jvm.internal.Intrinsics::checkNotNullParameter@5 (line 131)
                      ; - kotlin.ResultKt::createFailure@3
                      ; - kotlin.coroutines.jvm.internal.BaseContinuationImpl::resumeWith@76 (line 38)
  0x000001bd405ce8f4: e512 07e9 | 10f2 ffff 

  0x000001bd405ce8fc: ;   {metadata({method} {0x000001bd984164f8} 'sanitizeStackTrace' '(Ljava/lang/Throwable;)Ljava/lang/Throwable;' in 'kotlin/jvm/internal/Intrinsics')}
  0x000001bd405ce8fc: 49ba f064 | 4198 bd01 | 0000 4c89 | 5424 0848 | c704 24ff 

  0x000001bd405ce910: ;   {runtime_call counter_overflow Runtime1 stub}
  0x000001bd405ce910: ffff ffe8 

  0x000001bd405ce914: ; ImmutableOopMap {[168]=Oop [176]=Oop [208]=Oop [216]=Oop }
                      ;*synchronization entry
                      ; - kotlin.jvm.internal.Intrinsics::sanitizeStackTrace@-1 (line 253)
                      ; - kotlin.jvm.internal.Intrinsics::throwParameterIsNullNPE@11 (line 140)
                      ; - kotlin.jvm.internal.Intrinsics::checkNotNullParameter@5 (line 131)
                      ; - kotlin.ResultKt::createFailure@3
                      ; - kotlin.coroutines.jvm.internal.BaseContinuationImpl::resumeWith@76 (line 38)
  0x000001bd405ce914: e835 1307 | e998 f2ff 

  0x000001bd405ce91c: ;   {metadata({method} {0x000001bd5746b368} 'getName' '()Ljava/lang/String;' in 'java/lang/Class')}
  0x000001bd405ce91c: ff49 ba60 | b346 57bd | 0100 004c | 8954 2408 | 48c7 0424 | ffff ffff 

  0x000001bd405ce934: ;   {runtime_call counter_overflow Runtime1 stub}
  0x000001bd405ce934: e8c7 3513 

  0x000001bd405ce938: ; ImmutableOopMap {rdx=Oop [168]=Oop [176]=Oop [208]=Oop [216]=Oop }
                      ;*synchronization entry
                      ; - java.lang.Class::getName@-1 (line 949)
                      ; - kotlin.jvm.internal.Intrinsics::sanitizeStackTrace@3 (line 253)
                      ; - kotlin.jvm.internal.Intrinsics::throwParameterIsNullNPE@11 (line 140)
                      ; - kotlin.jvm.internal.Intrinsics::checkNotNullParameter@5 (line 131)
                      ; - kotlin.ResultKt::createFailure@3
                      ; - kotlin.coroutines.jvm.internal.BaseContinuationImpl::resumeWith@76 (line 38)
  0x000001bd405ce938: 07e9 bdf2 

  0x000001bd405ce93c: ;   {runtime_call throw_null_pointer_exception Runtime1 stub}
  0x000001bd405ce93c: ffff e8bd 

  0x000001bd405ce940: ; ImmutableOopMap {[168]=Oop [176]=Oop [208]=Oop [216]=Oop }
                      ;*getfield name {reexecute=1 rethrow=0 return_oop=0}
                      ; - (reexecute) java.lang.Class::getName@1 (line 949)
                      ; - kotlin.jvm.internal.Intrinsics::sanitizeStackTrace@3 (line 253)
                      ; - kotlin.jvm.internal.Intrinsics::throwParameterIsNullNPE@11 (line 140)
                      ; - kotlin.jvm.internal.Intrinsics::checkNotNullParameter@5 (line 131)
                      ; - kotlin.ResultKt::createFailure@3
                      ; - kotlin.coroutines.jvm.internal.BaseContinuationImpl::resumeWith@76 (line 38)
                      ;   {metadata({method} {0x000001bd984146b0} 'throwJavaNpe' '()V' in 'kotlin/jvm/internal/Intrinsics')}
  0x000001bd405ce940: d712 0749 | baa8 4641 | 98bd 0100 | 004c 8954 | 2408 48c7 | 0424 ffff 

  0x000001bd405ce958: ;   {runtime_call counter_overflow Runtime1 stub}
  0x000001bd405ce958: ffff e8a1 

  0x000001bd405ce95c: ; ImmutableOopMap {[168]=Oop [176]=Oop [232]=Oop }
                      ;*synchronization entry
                      ; - kotlin.jvm.internal.Intrinsics::throwJavaNpe@-1 (line 45)
                      ; - kotlin.jvm.internal.Intrinsics::checkNotNull@4 (line 25)
                      ; - kotlin.coroutines.jvm.internal.BaseContinuationImpl::resumeWith@31 (line 31)
  0x000001bd405ce95c: 3513 07e9 | 71f3 ffff 

  0x000001bd405ce964: ;   {metadata(nullptr)}
  0x000001bd405ce964: 48ba 0000 | 0000 0000 | 0000 b800 

  0x000001bd405ce970: ;   {runtime_call load_klass_patching Runtime1 stub}
  0x000001bd405ce970: 0f05 0ae8 

  0x000001bd405ce974: ; ImmutableOopMap {[168]=Oop [176]=Oop [232]=Oop }
                      ;*new {reexecute=1 rethrow=0 return_oop=0}
                      ; - (reexecute) kotlin.jvm.internal.Intrinsics::throwJavaNpe@0 (line 45)
                      ; - kotlin.jvm.internal.Intrinsics::checkNotNull@4 (line 25)
                      ; - kotlin.coroutines.jvm.internal.BaseContinuationImpl::resumeWith@31 (line 31)
  0x000001bd405ce974: 0825 1307 | e95b f3ff | ff48 8bd2 

  0x000001bd405ce980: ;   {runtime_call fast_new_instance Runtime1 stub}
  0x000001bd405ce980: e87b e412 

  0x000001bd405ce984: ; ImmutableOopMap {[168]=Oop [176]=Oop [232]=Oop }
                      ;*new {reexecute=0 rethrow=0 return_oop=0}
                      ; - kotlin.jvm.internal.Intrinsics::throwJavaNpe@0 (line 45)
                      ; - kotlin.jvm.internal.Intrinsics::checkNotNull@4 (line 25)
                      ; - kotlin.coroutines.jvm.internal.BaseContinuationImpl::resumeWith@31 (line 31)
  0x000001bd405ce984: 07e9 aaf3 

  0x000001bd405ce988: ;   {metadata({method} {0x000001bd984164f8} 'sanitizeStackTrace' '(Ljava/lang/Throwable;)Ljava/lang/Throwable;' in 'kotlin/jvm/internal/Intrinsics')}
  0x000001bd405ce988: ffff 49ba | f064 4198 | bd01 0000 | 4c89 5424 | 0848 c704 | 24ff ffff 

  0x000001bd405ce9a0: ;   {runtime_call counter_overflow Runtime1 stub}
  0x000001bd405ce9a0: ffe8 5a35 

  0x000001bd405ce9a4: ; ImmutableOopMap {[168]=Oop [176]=Oop [224]=Oop [232]=Oop }
                      ;*synchronization entry
                      ; - kotlin.jvm.internal.Intrinsics::sanitizeStackTrace@-1 (line 253)
                      ; - kotlin.jvm.internal.Intrinsics::throwJavaNpe@7 (line 45)
                      ; - kotlin.jvm.internal.Intrinsics::checkNotNull@4 (line 25)
                      ; - kotlin.coroutines.jvm.internal.BaseContinuationImpl::resumeWith@31 (line 31)
  0x000001bd405ce9a4: 1307 e9f2 

  0x000001bd405ce9a8: ;   {metadata({method} {0x000001bd5746b368} 'getName' '()Ljava/lang/String;' in 'java/lang/Class')}
  0x000001bd405ce9a8: f3ff ff49 | ba60 b346 | 57bd 0100 | 004c 8954 | 2408 48c7 | 0424 ffff 

  0x000001bd405ce9c0: ;   {runtime_call counter_overflow Runtime1 stub}
  0x000001bd405ce9c0: ffff e839 

  0x000001bd405ce9c4: ; ImmutableOopMap {rdx=Oop [168]=Oop [176]=Oop [224]=Oop [232]=Oop }
                      ;*synchronization entry
                      ; - java.lang.Class::getName@-1 (line 949)
                      ; - kotlin.jvm.internal.Intrinsics::sanitizeStackTrace@3 (line 253)
                      ; - kotlin.jvm.internal.Intrinsics::throwJavaNpe@7 (line 45)
                      ; - kotlin.jvm.internal.Intrinsics::checkNotNull@4 (line 25)
                      ; - kotlin.coroutines.jvm.internal.BaseContinuationImpl::resumeWith@31 (line 31)
  0x000001bd405ce9c4: 3513 07e9 | 17f4 ffff 

  0x000001bd405ce9cc: ;   {runtime_call throw_null_pointer_exception Runtime1 stub}
  0x000001bd405ce9cc: e82f d712 

  0x000001bd405ce9d0: ; ImmutableOopMap {[168]=Oop [176]=Oop [224]=Oop [232]=Oop }
                      ;*getfield name {reexecute=1 rethrow=0 return_oop=0}
                      ; - (reexecute) java.lang.Class::getName@1 (line 949)
                      ; - kotlin.jvm.internal.Intrinsics::sanitizeStackTrace@3 (line 253)
                      ; - kotlin.jvm.internal.Intrinsics::throwJavaNpe@7 (line 45)
                      ; - kotlin.jvm.internal.Intrinsics::checkNotNull@4 (line 25)
                      ; - kotlin.coroutines.jvm.internal.BaseContinuationImpl::resumeWith@31 (line 31)
                      ;   {metadata({method} {0x000001bd98415590} 'throwParameterIsNullNPE' '(Ljava/lang/String;)V' in 'kotlin/jvm/internal/Intrinsics')}
  0x000001bd405ce9d0: 0749 ba88 | 5541 98bd | 0100 004c | 8954 2408 | 48c7 0424 | ffff ffff 

  0x000001bd405ce9e8: ;   {runtime_call counter_overflow Runtime1 stub}
  0x000001bd405ce9e8: e813 3513 

  0x000001bd405ce9ec: ; ImmutableOopMap {[232]=Oop [248]=Oop }
                      ;*synchronization entry
                      ; - kotlin.jvm.internal.Intrinsics::throwParameterIsNullNPE@-1 (line 140)
                      ; - kotlin.jvm.internal.Intrinsics::checkNotNullParameter@5 (line 131)
                      ; - kotlin.coroutines.jvm.internal.DebugProbesKt::probeCoroutineResumed@3
                      ; - kotlin.coroutines.jvm.internal.BaseContinuationImpl::resumeWith@13 (line 29)
  0x000001bd405ce9ec: 07e9 cbf4 

  0x000001bd405ce9f0: ;   {metadata(nullptr)}
  0x000001bd405ce9f0: ffff 48ba | 0000 0000 | 0000 0000 | b800 0f05 

  0x000001bd405cea00: ;   {runtime_call load_klass_patching Runtime1 stub}
  0x000001bd405cea00: 0ae8 7a24 

  0x000001bd405cea04: ; ImmutableOopMap {[232]=Oop [248]=Oop }
                      ;*new {reexecute=1 rethrow=0 return_oop=0}
                      ; - (reexecute) kotlin.jvm.internal.Intrinsics::throwParameterIsNullNPE@0 (line 140)
                      ; - kotlin.jvm.internal.Intrinsics::checkNotNullParameter@5 (line 131)
                      ; - kotlin.coroutines.jvm.internal.DebugProbesKt::probeCoroutineResumed@3
                      ; - kotlin.coroutines.jvm.internal.BaseContinuationImpl::resumeWith@13 (line 29)
  0x000001bd405cea04: 1307 e9b5 | f4ff ff48 

  0x000001bd405cea0c: ;   {runtime_call fast_new_instance Runtime1 stub}
  0x000001bd405cea0c: 8bd2 e8ed 

  0x000001bd405cea10: ; ImmutableOopMap {[232]=Oop [248]=Oop }
                      ;*new {reexecute=0 rethrow=0 return_oop=0}
                      ; - kotlin.jvm.internal.Intrinsics::throwParameterIsNullNPE@0 (line 140)
                      ; - kotlin.jvm.internal.Intrinsics::checkNotNullParameter@5 (line 131)
                      ; - kotlin.coroutines.jvm.internal.DebugProbesKt::probeCoroutineResumed@3
                      ; - kotlin.coroutines.jvm.internal.BaseContinuationImpl::resumeWith@13 (line 29)
  0x000001bd405cea10: e312 07e9 | 04f5 ffff 

  0x000001bd405cea18: ;   {metadata({method} {0x000001bd984164f8} 'sanitizeStackTrace' '(Ljava/lang/Throwable;)Ljava/lang/Throwable;' in 'kotlin/jvm/internal/Intrinsics')}
  0x000001bd405cea18: 49ba f064 | 4198 bd01 | 0000 4c89 | 5424 0848 | c704 24ff 

  0x000001bd405cea2c: ;   {runtime_call counter_overflow Runtime1 stub}
  0x000001bd405cea2c: ffff ffe8 

  0x000001bd405cea30: ; ImmutableOopMap {[232]=Oop [240]=Oop [248]=Oop }
                      ;*synchronization entry
                      ; - kotlin.jvm.internal.Intrinsics::sanitizeStackTrace@-1 (line 253)
                      ; - kotlin.jvm.internal.Intrinsics::throwParameterIsNullNPE@11 (line 140)
                      ; - kotlin.jvm.internal.Intrinsics::checkNotNullParameter@5 (line 131)
                      ; - kotlin.coroutines.jvm.internal.DebugProbesKt::probeCoroutineResumed@3
                      ; - kotlin.coroutines.jvm.internal.BaseContinuationImpl::resumeWith@13 (line 29)
  0x000001bd405cea30: cc34 1307 | e98c f5ff 

  0x000001bd405cea38: ;   {metadata({method} {0x000001bd5746b368} 'getName' '()Ljava/lang/String;' in 'java/lang/Class')}
  0x000001bd405cea38: ff49 ba60 | b346 57bd | 0100 004c | 8954 2408 | 48c7 0424 | ffff ffff 

  0x000001bd405cea50: ;   {runtime_call counter_overflow Runtime1 stub}
  0x000001bd405cea50: e8ab 3413 

  0x000001bd405cea54: ; ImmutableOopMap {rdx=Oop [232]=Oop [240]=Oop [248]=Oop }
                      ;*synchronization entry
                      ; - java.lang.Class::getName@-1 (line 949)
                      ; - kotlin.jvm.internal.Intrinsics::sanitizeStackTrace@3 (line 253)
                      ; - kotlin.jvm.internal.Intrinsics::throwParameterIsNullNPE@11 (line 140)
                      ; - kotlin.jvm.internal.Intrinsics::checkNotNullParameter@5 (line 131)
                      ; - kotlin.coroutines.jvm.internal.DebugProbesKt::probeCoroutineResumed@3
                      ; - kotlin.coroutines.jvm.internal.BaseContinuationImpl::resumeWith@13 (line 29)
  0x000001bd405cea54: 07e9 b1f5 

  0x000001bd405cea58: ;   {runtime_call throw_null_pointer_exception Runtime1 stub}
  0x000001bd405cea58: ffff e8a1 

  0x000001bd405cea5c: ; ImmutableOopMap {[232]=Oop [240]=Oop [248]=Oop }
                      ;*getfield name {reexecute=1 rethrow=0 return_oop=0}
                      ; - (reexecute) java.lang.Class::getName@1 (line 949)
                      ; - kotlin.jvm.internal.Intrinsics::sanitizeStackTrace@3 (line 253)
                      ; - kotlin.jvm.internal.Intrinsics::throwParameterIsNullNPE@11 (line 140)
                      ; - kotlin.jvm.internal.Intrinsics::checkNotNullParameter@5 (line 131)
                      ; - kotlin.coroutines.jvm.internal.DebugProbesKt::probeCoroutineResumed@3
                      ; - kotlin.coroutines.jvm.internal.BaseContinuationImpl::resumeWith@13 (line 29)
                      ;   {runtime_call throw_null_pointer_exception Runtime1 stub}
  0x000001bd405cea5c: d612 07e8 

  0x000001bd405cea60: ; ImmutableOopMap {rax=Oop rdi=Oop [176]=Oop }
                      ;*invokeinterface resumeWith {reexecute=0 rethrow=0 return_oop=0}
                      ; - kotlin.coroutines.jvm.internal.BaseContinuationImpl::resumeWith@114 (line 47)
  0x000001bd405cea60: 9cd6 1207 

  0x000001bd405cea64: ;   {internal_word}
  0x000001bd405cea64: 49ba 64e1 | 5c40 bd01 | 0000 4d89 | 9760 0400 

  0x000001bd405cea74: ;   {runtime_call SafepointBlob}
  0x000001bd405cea74: 00e9 066a 

  0x000001bd405cea78: ;   {internal_word}
  0x000001bd405cea78: 0707 49ba | 7ae1 5c40 | bd01 0000 | 4d89 9760 

  0x000001bd405cea88: ;   {runtime_call SafepointBlob}
  0x000001bd405cea88: 0400 00e9 | f069 0707 | 4889 0424 

  0x000001bd405cea94: ;   {runtime_call throw_class_cast_exception Runtime1 stub}
  0x000001bd405cea94: e867 0713 

  0x000001bd405cea98: ; ImmutableOopMap {rdx=Oop [232]=Oop }
                      ;*checkcast {reexecute=0 rethrow=0 return_oop=0}
                      ; - kotlin.jvm.internal.Intrinsics::throwParameterIsNullNPE@14 (line 140)
                      ; - kotlin.jvm.internal.Intrinsics::checkNotNullParameter@5 (line 131)
                      ; - kotlin.coroutines.jvm.internal.DebugProbesKt::probeCoroutineResumed@3
                      ; - kotlin.coroutines.jvm.internal.BaseContinuationImpl::resumeWith@13 (line 29)
                      ;   {runtime_call throw_null_pointer_exception Runtime1 stub}
  0x000001bd405cea98: 07e8 62d6 

  0x000001bd405cea9c: ; ImmutableOopMap {rdx=Oop rax=Oop [232]=Oop }
                      ;*athrow {reexecute=1 rethrow=0 return_oop=0}
                      ; - (reexecute) kotlin.jvm.internal.Intrinsics::throwParameterIsNullNPE@17 (line 140)
                      ; - kotlin.jvm.internal.Intrinsics::checkNotNullParameter@5 (line 131)
                      ; - kotlin.coroutines.jvm.internal.DebugProbesKt::probeCoroutineResumed@3
                      ; - kotlin.coroutines.jvm.internal.BaseContinuationImpl::resumeWith@13 (line 29)
  0x000001bd405cea9c: 1207 4889 

  0x000001bd405ceaa0: ;   {runtime_call throw_class_cast_exception Runtime1 stub}
  0x000001bd405ceaa0: 0424 e859 

  0x000001bd405ceaa4: ; ImmutableOopMap {r8=Oop [168]=Oop [176]=Oop }
                      ;*checkcast {reexecute=0 rethrow=0 return_oop=0}
                      ; - kotlin.jvm.internal.Intrinsics::throwJavaNpe@10 (line 45)
                      ; - kotlin.jvm.internal.Intrinsics::checkNotNull@4 (line 25)
                      ; - kotlin.coroutines.jvm.internal.BaseContinuationImpl::resumeWith@31 (line 31)
                      ;   {runtime_call throw_null_pointer_exception Runtime1 stub}
  0x000001bd405ceaa4: 0713 07e8 

  0x000001bd405ceaa8: ; ImmutableOopMap {r8=Oop rax=Oop [168]=Oop [176]=Oop }
                      ;*athrow {reexecute=1 rethrow=0 return_oop=0}
                      ; - (reexecute) kotlin.jvm.internal.Intrinsics::throwJavaNpe@13 (line 45)
                      ; - kotlin.jvm.internal.Intrinsics::checkNotNull@4 (line 25)
                      ; - kotlin.coroutines.jvm.internal.BaseContinuationImpl::resumeWith@31 (line 31)
  0x000001bd405ceaa8: 54d6 1207 | 4889 0424 

  0x000001bd405ceab0: ;   {runtime_call throw_class_cast_exception Runtime1 stub}
  0x000001bd405ceab0: e84b 0713 

  0x000001bd405ceab4: ; ImmutableOopMap {[168]=Oop [176]=Oop [208]=Oop }
                      ;*checkcast {reexecute=0 rethrow=0 return_oop=0}
                      ; - kotlin.jvm.internal.Intrinsics::throwParameterIsNullNPE@14 (line 140)
                      ; - kotlin.jvm.internal.Intrinsics::checkNotNullParameter@5 (line 131)
                      ; - kotlin.ResultKt::createFailure@3
                      ; - kotlin.coroutines.jvm.internal.BaseContinuationImpl::resumeWith@76 (line 38)
                      ;   {runtime_call throw_null_pointer_exception Runtime1 stub}
  0x000001bd405ceab4: 07e8 46d6 

  0x000001bd405ceab8: ; ImmutableOopMap {rax=Oop [168]=Oop [176]=Oop [208]=Oop }
                      ;*athrow {reexecute=1 rethrow=0 return_oop=0}
                      ; - (reexecute) kotlin.jvm.internal.Intrinsics::throwParameterIsNullNPE@17 (line 140)
                      ; - kotlin.jvm.internal.Intrinsics::checkNotNullParameter@5 (line 131)
                      ; - kotlin.ResultKt::createFailure@3
                      ; - kotlin.coroutines.jvm.internal.BaseContinuationImpl::resumeWith@76 (line 38)
  0x000001bd405ceab8: 1207 4889 

  0x000001bd405ceabc: ;   {runtime_call throw_class_cast_exception Runtime1 stub}
  0x000001bd405ceabc: 0424 e83d 

  0x000001bd405ceac0: ; ImmutableOopMap {rsi=Oop rdi=Oop rbx=Oop rdx=Oop [176]=Oop }
                      ;*checkcast {reexecute=0 rethrow=0 return_oop=0}
                      ; - kotlin.jvm.internal.Intrinsics::throwParameterIsNullNPE@14 (line 140)
                      ; - kotlin.jvm.internal.Intrinsics::checkNotNullParameter@5 (line 131)
                      ; - kotlin.Result$Failure::<init>@3
                      ; - kotlin.ResultKt::createFailure@11 (line 122)
                      ; - kotlin.coroutines.jvm.internal.BaseContinuationImpl::resumeWith@76 (line 38)
                      ;   {runtime_call throw_null_pointer_exception Runtime1 stub}
  0x000001bd405ceac0: 0713 07e8 

  0x000001bd405ceac4: ; ImmutableOopMap {rsi=Oop rdi=Oop rbx=Oop rdx=Oop rax=Oop [176]=Oop }
                      ;*athrow {reexecute=1 rethrow=0 return_oop=0}
                      ; - (reexecute) kotlin.jvm.internal.Intrinsics::throwParameterIsNullNPE@17 (line 140)
                      ; - kotlin.jvm.internal.Intrinsics::checkNotNullParameter@5 (line 131)
                      ; - kotlin.Result$Failure::<init>@3
                      ; - kotlin.ResultKt::createFailure@11 (line 122)
                      ; - kotlin.coroutines.jvm.internal.BaseContinuationImpl::resumeWith@76 (line 38)
  0x000001bd405ceac4: 38d6 1207 | 498b 87f8 | 0400 0049 | c787 f804 | 0000 0000 | 0000 49c7 | 8700 0500 | 0000 0000 
  0x000001bd405ceae4: 0048 81c4 | 1001 0000 

  0x000001bd405ceaec: ;   {runtime_call unwind_exception Runtime1 stub}
  0x000001bd405ceaec: 5de9 0ec7 | 1207 f4f4 | f4f4 f4f4 
[Stub Code]
  0x000001bd405ceaf8: ;   {no_reloc}
  0x000001bd405ceaf8: 0f1f 4400 

  0x000001bd405ceafc: ;   {static_stub}
  0x000001bd405ceafc: 0048 bb00 | 0000 0000 

  0x000001bd405ceb04: ;   {runtime_call nmethod}
  0x000001bd405ceb04: 0000 00e9 | fbff ffff 

  0x000001bd405ceb0c: ;   {static_stub}
  0x000001bd405ceb0c: 9048 bb00 | 0000 0000 

  0x000001bd405ceb14: ;   {runtime_call nmethod}
  0x000001bd405ceb14: 0000 00e9 | fbff ffff 

  0x000001bd405ceb1c: ;   {static_stub}
  0x000001bd405ceb1c: 9048 bb00 | 0000 0000 

  0x000001bd405ceb24: ;   {runtime_call nmethod}
  0x000001bd405ceb24: 0000 00e9 | fbff ffff 

  0x000001bd405ceb2c: ;   {static_stub}
  0x000001bd405ceb2c: 48bb 0000 | 0000 0000 

  0x000001bd405ceb34: ;   {runtime_call nmethod}
  0x000001bd405ceb34: 0000 e9fb 

  0x000001bd405ceb38: ;   {static_stub}
  0x000001bd405ceb38: ffff ff48 | bb00 0000 | 0000 0000 

  0x000001bd405ceb44: ;   {runtime_call nmethod}
  0x000001bd405ceb44: 00e9 fbff 

  0x000001bd405ceb48: ;   {static_stub}
  0x000001bd405ceb48: ffff 48bb | 0000 0000 | 0000 0000 

  0x000001bd405ceb54: ;   {runtime_call nmethod}
  0x000001bd405ceb54: e9fb ffff 

  0x000001bd405ceb58: ;   {static_stub}
  0x000001bd405ceb58: ff48 bb00 | 0000 0000 

  0x000001bd405ceb60: ;   {runtime_call nmethod}
  0x000001bd405ceb60: 0000 00e9 | fbff ffff 

  0x000001bd405ceb68: ;   {static_stub}
  0x000001bd405ceb68: 48bb 0000 | 0000 0000 

  0x000001bd405ceb70: ;   {runtime_call nmethod}
  0x000001bd405ceb70: 0000 e9fb 

  0x000001bd405ceb74: ;   {runtime_call handle_exception_from_callee Runtime1 stub}
  0x000001bd405ceb74: ffff ffe8 | 8400 1307 

  0x000001bd405ceb7c: ;   {external_word}
  0x000001bd405ceb7c: 48b9 789b | ffd5 f87f | 0000 4883 

  0x000001bd405ceb88: ;   {runtime_call}
  0x000001bd405ceb88: e4f0 48b8 | d0e6 c1d5 | f87f 0000 

  0x000001bd405ceb94: ;   {section_word}
  0x000001bd405ceb94: ffd0 f449 | ba97 eb5c | 40bd 0100 

  0x000001bd405ceba0: ;   {runtime_call DeoptimizationBlob}
  0x000001bd405ceba0: 0041 52e9 | 785b 0707 
[/MachCode]


Compiled method (c1) 20382 2727   !   3       kotlinx.coroutines.DispatchedTask::run (387 bytes)
 total in heap  [0x000001bd405f9f90,0x000001bd405ff358] = 21448
 relocation     [0x000001bd405fa0f0,0x000001bd405fa610] = 1312
 main code      [0x000001bd405fa620,0x000001bd405fd6a8] = 12424
 stub code      [0x000001bd405fd6a8,0x000001bd405fd878] = 464
 oops           [0x000001bd405fd878,0x000001bd405fd898] = 32
 metadata       [0x000001bd405fd898,0x000001bd405fd928] = 144
 scopes data    [0x000001bd405fd928,0x000001bd405fe290] = 2408
 scopes pcs     [0x000001bd405fe290,0x000001bd405fea20] = 1936
 dependencies   [0x000001bd405fea20,0x000001bd405fea30] = 16
 handler table  [0x000001bd405fea30,0x000001bd405ff2c8] = 2200
 nul chk table  [0x000001bd405ff2c8,0x000001bd405ff358] = 144

[Constant Pool (empty)]

[MachCode]
[Entry Point]
  # {method} {0x000001bd985013b0} 'run' '()V' in 'kotlinx/coroutines/DispatchedTask'
  #           [sp+0x180]  (sp of caller)
  0x000001bd405fa620: 448b 5208 | 49bb 0000 | 0057 bd01 | 0000 4d03 | d34c 3bd0 

  0x000001bd405fa634: ;   {runtime_call ic_miss_stub}
  0x000001bd405fa634: 0f85 4641 | 0407 660f | 1f44 0000 
[Verified Entry Point]
  0x000001bd405fa640: 8984 2400 | 80ff ff55 | 4881 ec70 | 0100 0090 | 4181 7f20 | 1900 0000 

  0x000001bd405fa658: ;   {runtime_call StubRoutines (final stubs)}
  0x000001bd405fa658: 7405 e881 | be02 0748 | 8994 24b0 

  0x000001bd405fa664: ;   {metadata(method data for {method} {0x000001bd985013b0} 'run' '()V' in 'kotlinx/coroutines/DispatchedTask')}
  0x000001bd405fa664: 0000 0048 | be88 64e4 | 99bd 0100 | 008b becc | 0000 0083 | c702 89be | cc00 0000 | 81e7 fe07 
  0x000001bd405fa684: 0000 85ff | 0f84 8c29 

  0x000001bd405fa68c: ;   {metadata(method data for {method} {0x000001bd985013b0} 'run' '()V' in 'kotlinx/coroutines/DispatchedTask')}
  0x000001bd405fa68c: 0000 48be | 8864 e499 | bd01 0000 | 4883 8610 | 0100 0001 

  0x000001bd405fa6a0: ;   {metadata(method data for {method} {0x000001bd984de438} 'getASSERTIONS_ENABLED' '()Z' in 'kotlinx/coroutines/DebugKt')}
  0x000001bd405fa6a0: 48be 800a | 5e99 bd01 | 0000 8bbe | cc00 0000 | 83c7 0289 | becc 0000 | 0081 e7fe | ff1f 0085 
  0x000001bd405fa6c0: ff0f 8474 

  0x000001bd405fa6c4: ;   {metadata(method data for {method} {0x000001bd985013b0} 'run' '()V' in 'kotlinx/coroutines/DispatchedTask')}
  0x000001bd405fa6c4: 2900 0048 | be88 64e4 | 99bd 0100 | 00ff 8620 | 0100 0048 

  0x000001bd405fa6d8: ;   {metadata(method data for {method} {0x000001bd985013b0} 'run' '()V' in 'kotlinx/coroutines/DispatchedTask')}
  0x000001bd405fa6d8: 8bf2 48bf | 8864 e499 | bd01 0000 | 8b76 0849 | ba00 0000 | 57bd 0100 | 0049 03f2 | 483b b7b8 
  0x000001bd405fa6f8: 0100 0075 | 0d48 8387 | c001 0000 | 01e9 6000 | 0000 483b | b7c8 0100 | 0075 0d48 | 8387 d001 
  0x000001bd405fa718: 0000 01e9 | 4a00 0000 | 4883 bfb8 | 0100 0000 | 7517 4889 | b7b8 0100 | 0048 c787 | c001 0000 
  0x000001bd405fa738: 0100 0000 | e929 0000 | 0048 83bf | c801 0000 | 0075 1748 | 89b7 c801 | 0000 48c7 | 87d0 0100 
  0x000001bd405fa758: 0001 0000 | 00e9 0800 | 0000 4883 | 87a8 0100 | 0001 488b | f248 8bd6 | 0f1f 4400 | 0048 b8ff 
  0x000001bd405fa778: ffff ffff 

  0x000001bd405fa77c: ;   {virtual_call}
  0x000001bd405fa77c: ffff ffe8 

  0x000001bd405fa780: ; ImmutableOopMap {[176]=Oop }
                      ;*invokevirtual getDelegate$kotlinx_coroutines_core {reexecute=0 rethrow=0 return_oop=0}
                      ; - kotlinx.coroutines.DispatchedTask::run@34 (line 80)
  0x000001bd405fa780: 04d3 1007 

  0x000001bd405fa784: ;   {other}
  0x000001bd405fa784: 0f1f 8400 | f407 0000 | 4889 8424 | b800 0000 

  0x000001bd405fa794: ;   {metadata(method data for {method} {0x000001bd985013b0} 'run' '()V' in 'kotlinx/coroutines/DispatchedTask')}
  0x000001bd405fa794: 48ba 8864 | e499 bd01 | 0000 4883 | 82e0 0100 

  0x000001bd405fa7a4: ;   {metadata(method data for {method} {0x000001bd98414498} 'checkNotNull' '(Ljava/lang/Object;Ljava/lang/String;)V' in 'kotlin/jvm/internal/Intrinsics')}
  0x000001bd405fa7a4: 0001 48ba | d8cd ed98 | bd01 0000 | 8bb2 cc00 | 0000 83c6 | 0289 b2cc | 0000 0081 | e6fe ff1f 
  0x000001bd405fa7c4: 0085 f60f | 848f 2800 | 0048 85c0 

  0x000001bd405fa7d0: ;   {metadata(method data for {method} {0x000001bd98414498} 'checkNotNull' '(Ljava/lang/Object;Ljava/lang/String;)V' in 'kotlin/jvm/internal/Intrinsics')}
  0x000001bd405fa7d0: 48ba d8cd | ed98 bd01 | 0000 48c7 | c610 0100 | 0075 0748 | c7c6 2001 | 0000 488b | 3c32 488d 
  0x000001bd405fa7f0: 7f01 4889 | 3c32 0f85 | e001 0000 

  0x000001bd405fa7fc: ;   {metadata(method data for {method} {0x000001bd98414498} 'checkNotNull' '(Ljava/lang/Object;Ljava/lang/String;)V' in 'kotlin/jvm/internal/Intrinsics')}
  0x000001bd405fa7fc: 48ba d8cd | ed98 bd01 | 0000 4883 | 8230 0100 

  0x000001bd405fa80c: ;   {metadata(method data for {method} {0x000001bd98414768} 'throwJavaNpe' '(Ljava/lang/String;)V' in 'kotlin/jvm/internal/Intrinsics')}
  0x000001bd405fa80c: 0001 48ba | 60cf ed98 | bd01 0000 | 8bb2 cc00 | 0000 83c6 | 0289 b2cc | 0000 0081 | e6fe ff1f 
  0x000001bd405fa82c: 0085 f60f | 8448 2800 | 0066 6690 

  0x000001bd405fa838: ;   {no_reloc}
  0x000001bd405fa838: e970 2800 | 0000 0000 | 0000 498b | 87b8 0100 | 0048 8d78 | 3049 3bbf | c801 0000 | 0f87 5d28 
  0x000001bd405fa858: 0000 4989 | bfb8 0100 | 0048 c700 | 0100 0000 | 488b ca49 | ba00 0000 | 57bd 0100 | 0049 2bca 
  0x000001bd405fa878: 8948 0848 | 33c9 8948 | 0c48 33c9 | 4889 4810 | 4889 4818 | 4889 4820 | 4889 4828 

  0x000001bd405fa894: ;   {metadata(method data for {method} {0x000001bd98414768} 'throwJavaNpe' '(Ljava/lang/String;)V' in 'kotlin/jvm/internal/Intrinsics')}
  0x000001bd405fa894: 4c8b c048 | ba60 cfed | 98bd 0100 | 0048 8382 | 1001 0000 

  0x000001bd405fa8a8: ;   {oop("null cannot be cast to non-null type kotlinx.coroutines.internal.DispatchedContinuation<T of kotlinx.coroutines.DispatchedTask>"{0x00000007fff81560})}
  0x000001bd405fa8a8: 0149 b860 | 15f8 ff07 | 0000 0048 | 8bd0 4889 | 8424 c000 

  0x000001bd405fa8bc: ;   {optimized virtual_call}
  0x000001bd405fa8bc: 0000 90e8 

  0x000001bd405fa8c0: ; ImmutableOopMap {[176]=Oop [184]=Oop [192]=Oop }
                      ;*invokespecial <init> {reexecute=0 rethrow=0 return_oop=0}
                      ; - kotlin.jvm.internal.Intrinsics::throwJavaNpe@5 (line 50)
                      ; - kotlin.jvm.internal.Intrinsics::checkNotNull@5 (line 31)
                      ; - kotlinx.coroutines.DispatchedTask::run@40 (line 80)
  0x000001bd405fa8c0: bc41 0407 

  0x000001bd405fa8c4: ;   {other}
  0x000001bd405fa8c4: 0f1f 8400 | 3409 0001 

  0x000001bd405fa8cc: ;   {metadata(method data for {method} {0x000001bd98414768} 'throwJavaNpe' '(Ljava/lang/String;)V' in 'kotlin/jvm/internal/Intrinsics')}
  0x000001bd405fa8cc: 48ba 60cf | ed98 bd01 | 0000 4883 | 8220 0100 

  0x000001bd405fa8dc: ;   {metadata(method data for {method} {0x000001bd984164f8} 'sanitizeStackTrace' '(Ljava/lang/Throwable;)Ljava/lang/Throwable;' in 'kotlin/jvm/internal/Intrinsics')}
  0x000001bd405fa8dc: 0001 48ba | 18cc 5b98 | bd01 0000 | 8bb2 cc00 | 0000 83c6 | 0289 b2cc | 0000 0081 | e6fe ff1f 
  0x000001bd405fa8fc: 0085 f60f | 84bf 2700 

  0x000001bd405fa904: ;   {oop(a 'java/lang/Class'{0x000000070167dbd0} = 'kotlin/jvm/internal/Intrinsics')}
  0x000001bd405fa904: 0048 bad0 | db67 0107 | 0000 0048 

  0x000001bd405fa910: ;   {metadata(method data for {method} {0x000001bd984164f8} 'sanitizeStackTrace' '(Ljava/lang/Throwable;)Ljava/lang/Throwable;' in 'kotlin/jvm/internal/Intrinsics')}
  0x000001bd405fa910: 8bf2 48bf | 18cc 5b98 | bd01 0000 | 4883 8710 | 0100 0001 

  0x000001bd405fa924: ;   {metadata(method data for {method} {0x000001bd5746b368} 'getName' '()Ljava/lang/String;' in 'java/lang/Class')}
  0x000001bd405fa924: 48be c074 | 0398 bd01 | 0000 8bbe | cc00 0000 | 83c7 0289 | becc 0000 | 0081 e7fe | ff1f 0085 
  0x000001bd405fa944: ff0f 849a | 2700 008b | 522c 48c1 | e203 4885 

  0x000001bd405fa954: ;   {metadata(method data for {method} {0x000001bd5746b368} 'getName' '()Ljava/lang/String;' in 'java/lang/Class')}
  0x000001bd405fa954: d248 bec0 | 7403 98bd | 0100 0048 | c7c7 1001 | 0000 7407 | 48c7 c720 | 0100 0048 | 8b1c 3e48 
  0x000001bd405fa974: 8d5b 0148 | 891c 3e0f | 8418 0000 

  0x000001bd405fa980: ;   {metadata(method data for {method} {0x000001bd5746b368} 'getName' '()Ljava/lang/String;' in 'java/lang/Class')}
  0x000001bd405fa980: 0048 bec0 | 7403 98bd | 0100 00ff | 8630 0100 | 0048 8bf2 | e936 0000 

  0x000001bd405fa998: ;   {oop(a 'java/lang/Class'{0x000000070167dbd0} = 'kotlin/jvm/internal/Intrinsics')}
  0x000001bd405fa998: 0048 bad0 | db67 0107 | 0000 0048 

  0x000001bd405fa9a4: ;   {metadata(method data for {method} {0x000001bd5746b368} 'getName' '()Ljava/lang/String;' in 'java/lang/Class')}
  0x000001bd405fa9a4: 8bf2 48bf | c074 0398 | bd01 0000 | 4883 8748 | 0100 0001 | 0f1f 8000 

  0x000001bd405fa9bc: ;   {optimized virtual_call}
  0x000001bd405fa9bc: 0000 00e8 

  0x000001bd405fa9c0: ; ImmutableOopMap {[176]=Oop [184]=Oop [192]=Oop }
                      ;*invokevirtual initClassName {reexecute=0 rethrow=0 return_oop=0}
                      ; - java.lang.Class::getName@14 (line 950)
                      ; - kotlin.jvm.internal.Intrinsics::sanitizeStackTrace@3 (line 253)
                      ; - kotlin.jvm.internal.Intrinsics::throwJavaNpe@8 (line 50)
                      ; - kotlin.jvm.internal.Intrinsics::checkNotNull@5 (line 31)
                      ; - kotlinx.coroutines.DispatchedTask::run@40 (line 80)
  0x000001bd405fa9c0: bc40 0407 

  0x000001bd405fa9c4: ;   {other}
  0x000001bd405fa9c4: 0f1f 8400 | 340a 0002 | 488b f048 | 8b84 24c0 | 0000 00e9 | 3022 0000 | 4885 c075 

  0x000001bd405fa9e0: ;   {metadata(method data for {method} {0x000001bd985013b0} 'run' '()V' in 'kotlinx/coroutines/DispatchedTask')}
  0x000001bd405fa9e0: 1648 bf88 | 64e4 99bd | 0100 0080 | 8fe9 0100 | 0001 e9cc 

  0x000001bd405fa9f4: ;   {metadata('kotlinx/coroutines/internal/DispatchedContinuation')}
  0x000001bd405fa9f4: 0000 0048 | bba8 d008 | 58bd 0100 | 008b 7008 | 49ba 0000 | 0057 bd01 | 0000 4903 | f248 3bde 
  0x000001bd405faa14: 0f85 8d00 

  0x000001bd405faa18: ;   {metadata(method data for {method} {0x000001bd985013b0} 'run' '()V' in 'kotlinx/coroutines/DispatchedTask')}
  0x000001bd405faa18: 0000 48bf | 8864 e499 | bd01 0000 | 8b58 0849 | ba00 0000 | 57bd 0100 | 0049 03da | 483b 9f00 
  0x000001bd405faa38: 0200 0075 | 0d48 8387 | 0802 0000 | 01e9 7900 | 0000 483b | 9f10 0200 | 0075 0d48 | 8387 1802 
  0x000001bd405faa58: 0000 01e9 | 6300 0000 | 4883 bf00 | 0200 0000 | 7517 4889 | 9f00 0200 | 0048 c787 | 0802 0000 
  0x000001bd405faa78: 0100 0000 | e942 0000 | 0048 83bf | 1002 0000 | 0075 1748 | 899f 1002 | 0000 48c7 | 8718 0200 
  0x000001bd405faa98: 0001 0000 | 00e9 2100 | 0000 e91c 

  0x000001bd405faaa4: ;   {metadata(method data for {method} {0x000001bd985013b0} 'run' '()V' in 'kotlinx/coroutines/DispatchedTask')}
  0x000001bd405faaa4: 0000 0048 | bf88 64e4 | 99bd 0100 | 0048 83af | f001 0000 | 01e9 4d26 | 0000 e900 | 0000 0048 
  0x000001bd405faac4: 8bd0 8b72 | 2048 c1e6 | 038b 7a28 | 48c1 e703 

  0x000001bd405faad4: ; implicit exception: dispatches to 0x000001bd405fd119
  0x000001bd405faad4: 483b 0648 

  0x000001bd405faad8: ;   {metadata(method data for {method} {0x000001bd985013b0} 'run' '()V' in 'kotlinx/coroutines/DispatchedTask')}
  0x000001bd405faad8: 8bd6 48bb | 8864 e499 | bd01 0000 | 8b52 0849 | ba00 0000 | 57bd 0100 | 0049 03d2 | 483b 9338 
  0x000001bd405faaf8: 0200 0075 | 0d48 8383 | 4002 0000 | 01e9 6000 | 0000 483b | 9348 0200 | 0075 0d48 | 8383 5002 
  0x000001bd405fab18: 0000 01e9 | 4a00 0000 | 4883 bb38 | 0200 0000 | 7517 4889 | 9338 0200 | 0048 c783 | 4002 0000 
  0x000001bd405fab38: 0100 0000 | e929 0000 | 0048 83bb | 4802 0000 | 0075 1748 | 8993 4802 | 0000 48c7 | 8350 0200 
  0x000001bd405fab58: 0001 0000 | 00e9 0800 | 0000 4883 | 8328 0200 | 0001 488b | d648 89b4 | 24d0 0000 | 0048 89bc 
  0x000001bd405fab78: 24c8 0000 | 0048 b860 | c035 a3bd 

  0x000001bd405fab84: ;   {virtual_call}
  0x000001bd405fab84: 0100 00e8 

  0x000001bd405fab88: ; ImmutableOopMap {[176]=Oop [200]=Oop [208]=Oop }
                      ;*invokeinterface getContext {reexecute=0 rethrow=0 return_oop=0}
                      ; - kotlinx.coroutines.DispatchedTask::run@61 (line 222)
  0x000001bd405fab88: 14c8 1007 

  0x000001bd405fab8c: ;   {other}
  0x000001bd405fab8c: 0f1f 8400 | fc0b 0003 

  0x000001bd405fab94: ;   {metadata(method data for {method} {0x000001bd985013b0} 'run' '()V' in 'kotlinx/coroutines/DispatchedTask')}
  0x000001bd405fab94: 48ba 8864 | e499 bd01 | 0000 4883 | 8260 0200 | 0001 488b | d04c 8b84 | 24c8 0000 | 0048 8984 
  0x000001bd405fabb4: 24d8 0000 | 0066 0f1f 

  0x000001bd405fabbc: ;   {static_call}
  0x000001bd405fabbc: 4400 00e8 

  0x000001bd405fabc0: ; ImmutableOopMap {[176]=Oop [208]=Oop [216]=Oop }
                      ;*invokestatic updateThreadContext {reexecute=0 rethrow=0 return_oop=0}
                      ; - kotlinx.coroutines.DispatchedTask::run@71 (line 223)
  0x000001bd405fabc0: 1c2c feff 

  0x000001bd405fabc4: ;   {other}
  0x000001bd405fabc4: 0f1f 8400 | 340c 0004 

  0x000001bd405fabcc: ;   {oop(a 'kotlinx/coroutines/internal/Symbol'{0x00000007fff00a48})}
  0x000001bd405fabcc: 49ba 480a | f0ff 0700 | 0000 493b 

  0x000001bd405fabd8: ;   {metadata(method data for {method} {0x000001bd985013b0} 'run' '()V' in 'kotlinx/coroutines/DispatchedTask')}
  0x000001bd405fabd8: c248 ba88 | 64e4 99bd | 0100 0049 | c7c0 7002 | 0000 7407 | 49c7 c080 | 0200 004e | 8b0c 024d 
  0x000001bd405fabf8: 8d49 014e | 890c 020f | 8454 0000 

  0x000001bd405fac04: ;   {metadata(method data for {method} {0x000001bd985013b0} 'run' '()V' in 'kotlinx/coroutines/DispatchedTask')}
  0x000001bd405fac04: 0048 ba88 | 64e4 99bd | 0100 0048 | 8382 9002 | 0000 0148 | 8b94 24d0 | 0000 004c | 8b84 24d8 
  0x000001bd405fac24: 0000 004c | 8bc8 4889 | 8424 e000 | 0000 0f1f 

  0x000001bd405fac34: ;   {static_call}
  0x000001bd405fac34: 4400 00e8 

  0x000001bd405fac38: ; ImmutableOopMap {[176]=Oop [208]=Oop [216]=Oop [224]=Oop }
                      ;*invokestatic updateUndispatchedCompletion {reexecute=0 rethrow=0 return_oop=0}
                      ; - kotlinx.coroutines.DispatchedTask::run@89 (line 226)
  0x000001bd405fac38: 4444 0407 

  0x000001bd405fac3c: ;   {other}
  0x000001bd405fac3c: 0f1f 8400 | ac0c 0005 

  0x000001bd405fac44: ;   {metadata(method data for {method} {0x000001bd985013b0} 'run' '()V' in 'kotlinx/coroutines/DispatchedTask')}
  0x000001bd405fac44: 48ba 8864 | e499 bd01 | 0000 ff82 | a002 0000 | e912 0000 | 0048 8984 | 24e0 0000 

  0x000001bd405fac60: ;   {oop(nullptr)}
  0x000001bd405fac60: 0048 b800 | 0000 0000 | 0000 0048 | 8984 24e8 | 0000 0048 | 8bb4 24d0 

  0x000001bd405fac78: ;   {metadata(method data for {method} {0x000001bd985013b0} 'run' '()V' in 'kotlinx/coroutines/DispatchedTask')}
  0x000001bd405fac78: 0000 0048 | ba88 64e4 | 99bd 0100 | 008b 7608 | 49ba 0000 | 0057 bd01 | 0000 4903 | f248 3bb2 
  0x000001bd405fac98: c802 0000 | 750d 4883 | 82d0 0200 | 0001 e960 | 0000 0048 | 3bb2 d802 | 0000 750d | 4883 82e0 
  0x000001bd405facb8: 0200 0001 | e94a 0000 | 0048 83ba | c802 0000 | 0075 1748 | 89b2 c802 | 0000 48c7 | 82d0 0200 
  0x000001bd405facd8: 0001 0000 | 00e9 2900 | 0000 4883 | bad8 0200 | 0000 7517 | 4889 b2d8 | 0200 0048 | c782 e002 
  0x000001bd405facf8: 0000 0100 | 0000 e908 | 0000 0048 | 8382 b802 | 0000 0148 | 8b94 24d0 | 0000 0066 | 9048 b8d0 
  0x000001bd405fad18: c535 a3bd 

  0x000001bd405fad1c: ;   {virtual_call}
  0x000001bd405fad1c: 0100 00e8 

  0x000001bd405fad20: ; ImmutableOopMap {[176]=Oop [208]=Oop [216]=Oop [224]=Oop [232]=Oop }
                      ;*invokeinterface getContext {reexecute=0 rethrow=0 return_oop=0}
                      ; - kotlinx.coroutines.DispatchedTask::run@103 (line 83)
  0x000001bd405fad20: 7cc6 1007 

  0x000001bd405fad24: ;   {other}
  0x000001bd405fad24: 0f1f 8400 | 940d 0006 | 488b 9424 | b000 0000 

  0x000001bd405fad34: ;   {metadata(method data for {method} {0x000001bd985013b0} 'run' '()V' in 'kotlinx/coroutines/DispatchedTask')}
  0x000001bd405fad34: 48be 8864 | e499 bd01 | 0000 8b52 | 0849 ba00 | 0000 57bd | 0100 0049 | 03d2 483b | 9600 0300 
  0x000001bd405fad54: 0075 0d48 | 8386 0803 | 0000 01e9 | 6000 0000 | 483b 9610 | 0300 0075 | 0d48 8386 | 1803 0000 
  0x000001bd405fad74: 01e9 4a00 | 0000 4883 | be00 0300 | 0000 7517 | 4889 9600 | 0300 0048 | c786 0803 | 0000 0100 
  0x000001bd405fad94: 0000 e929 | 0000 0048 | 83be 1003 | 0000 0075 | 1748 8996 | 1003 0000 | 48c7 8618 | 0300 0001 
  0x000001bd405fadb4: 0000 00e9 | 0800 0000 | 4883 86f0 | 0200 0001 | 488b 9424 | b000 0000 | 4889 8424 | f000 0000 
  0x000001bd405fadd4: 9048 b8ff | ffff ffff 

  0x000001bd405faddc: ;   {virtual_call}
  0x000001bd405faddc: ffff ffe8 

  0x000001bd405fade0: ; ImmutableOopMap {[176]=Oop [208]=Oop [216]=Oop [224]=Oop [232]=Oop [240]=Oop }
                      ;*invokevirtual takeState$kotlinx_coroutines_core {reexecute=0 rethrow=0 return_oop=0}
                      ; - kotlinx.coroutines.DispatchedTask::run@111 (line 84)
  0x000001bd405fade0: 14ca 1007 

  0x000001bd405fade4: ;   {other}
  0x000001bd405fade4: 0f1f 8400 | 540e 0007 | 4889 8424 | f800 0000 | 488b 9424 | b000 0000 

  0x000001bd405fadfc: ;   {metadata(method data for {method} {0x000001bd985013b0} 'run' '()V' in 'kotlinx/coroutines/DispatchedTask')}
  0x000001bd405fadfc: 49b8 8864 | e499 bd01 | 0000 8b52 | 0849 ba00 | 0000 57bd | 0100 0049 | 03d2 493b | 9038 0300 
  0x000001bd405fae1c: 0075 0d49 | 8380 4003 | 0000 01e9 | 6000 0000 | 493b 9048 | 0300 0075 | 0d49 8380 | 5003 0000 
  0x000001bd405fae3c: 01e9 4a00 | 0000 4983 | b838 0300 | 0000 7517 | 4989 9038 | 0300 0049 | c780 4003 | 0000 0100 
  0x000001bd405fae5c: 0000 e929 | 0000 0049 | 83b8 4803 | 0000 0075 | 1749 8990 | 4803 0000 | 49c7 8050 | 0300 0001 
  0x000001bd405fae7c: 0000 00e9 | 0800 0000 | 4983 8028 | 0300 0001 | 4c8b c048 | 8b94 24b0 | 0000 0066 | 0f1f 4400 
  0x000001bd405fae9c: 0048 b8ff | ffff ffff 

  0x000001bd405faea4: ;   {virtual_call}
  0x000001bd405faea4: ffff ffe8 

  0x000001bd405faea8: ; ImmutableOopMap {[176]=Oop [208]=Oop [216]=Oop [224]=Oop [232]=Oop [240]=Oop [248]=Oop }
                      ;*invokevirtual getExceptionalResult$kotlinx_coroutines_core {reexecute=0 rethrow=0 return_oop=0}
                      ; - kotlinx.coroutines.DispatchedTask::run@119 (line 85)
  0x000001bd405faea8: 04c6 1007 

  0x000001bd405faeac: ;   {other}
  0x000001bd405faeac: 0f1f 8400 | 1c0f 0008 | 4889 8424 | 0001 0000 

  0x000001bd405faebc: ;   {metadata(method data for {method} {0x000001bd985013b0} 'run' '()V' in 'kotlinx/coroutines/DispatchedTask')}
  0x000001bd405faebc: 4885 c049 | b888 64e4 | 99bd 0100 | 0048 c7c2 | 6003 0000 | 7507 48c7 | c270 0300 | 0049 8b34 
  0x000001bd405faedc: 1048 8d76 | 0149 8934 | 1048 8b94 | 24b0 0000 | 000f 85f2 | 0000 0044 

  0x000001bd405faef4: ;   {metadata(method data for {method} {0x000001bd985013b0} 'run' '()V' in 'kotlinx/coroutines/DispatchedTask')}
  0x000001bd405faef4: 8b42 1848 | be88 64e4 | 99bd 0100 | 0048 8386 | 8003 0000 

  0x000001bd405faf08: ;   {metadata(method data for {method} {0x000001bd9851b370} 'isCancellableMode' '(I)Z' in 'kotlinx/coroutines/DispatchedTaskKt')}
  0x000001bd405faf08: 0148 be48 | 9dd7 99bd | 0100 008b | becc 0000 | 0083 c702 | 89be cc00 | 0000 81e7 | feff 1f00 
  0x000001bd405faf28: 85ff 0f84 | ee21 0000 | 4183 f801 

  0x000001bd405faf34: ;   {metadata(method data for {method} {0x000001bd9851b370} 'isCancellableMode' '(I)Z' in 'kotlinx/coroutines/DispatchedTaskKt')}
  0x000001bd405faf34: 48be 489d | d799 bd01 | 0000 48c7 | c710 0100 | 0074 0748 | c7c7 2001 | 0000 488b | 1c3e 488d 
  0x000001bd405faf54: 5b01 4889 | 1c3e 0f84 | 3000 0000 | 4183 f802 

  0x000001bd405faf64: ;   {metadata(method data for {method} {0x000001bd9851b370} 'isCancellableMode' '(I)Z' in 'kotlinx/coroutines/DispatchedTaskKt')}
  0x000001bd405faf64: 49b8 489d | d799 bd01 | 0000 48c7 | c630 0100 | 0075 0748 | c7c6 4001 | 0000 498b | 3c30 488d 
  0x000001bd405faf84: 7f01 4989 | 3c30 0f85 | 1c00 0000 

  0x000001bd405faf90: ;   {metadata(method data for {method} {0x000001bd9851b370} 'isCancellableMode' '(I)Z' in 'kotlinx/coroutines/DispatchedTaskKt')}
  0x000001bd405faf90: 49b8 489d | d799 bd01 | 0000 41ff | 8050 0100 | 0041 b801 | 0000 00e9 | 0600 0000 | 41b8 0000 
  0x000001bd405fafb0: 0000 4183 | e001 4585 

  0x000001bd405fafb8: ;   {metadata(method data for {method} {0x000001bd985013b0} 'run' '()V' in 'kotlinx/coroutines/DispatchedTask')}
  0x000001bd405fafb8: c049 b888 | 64e4 99bd | 0100 0048 | c7c6 a003 | 0000 7507 | 48c7 c690 | 0300 0049 | 8b3c 3048 
  0x000001bd405fafd8: 8d7f 0149 | 893c 300f | 850f 0000 

  0x000001bd405fafe4: ;   {oop(nullptr)}
  0x000001bd405fafe4: 0048 be00 | 0000 0000 | 0000 00e9 | e001 0000 | 488b 8424 | f000 0000 

  0x000001bd405faffc: ; implicit exception: dispatches to 0x000001bd405fd13f
  0x000001bd405faffc: 483b 004c 

  0x000001bd405fb000: ;   {metadata(method data for {method} {0x000001bd985013b0} 'run' '()V' in 'kotlinx/coroutines/DispatchedTask')}
  0x000001bd405fb000: 8bc0 48bf | 8864 e499 | bd01 0000 | 458b 4008 | 49ba 0000 | 0057 bd01 | 0000 4d03 | c24c 3b87 
  0x000001bd405fb020: f803 0000 | 750d 4883 | 8700 0400 | 0001 e960 | 0000 004c | 3b87 0804 | 0000 750d | 4883 8710 
  0x000001bd405fb040: 0400 0001 | e94a 0000 | 0048 83bf | f803 0000 | 0075 174c | 8987 f803 | 0000 48c7 | 8700 0400 
  0x000001bd405fb060: 0001 0000 | 00e9 2900 | 0000 4883 | bf08 0400 | 0000 7517 | 4c89 8708 | 0400 0048 | c787 1004 
  0x000001bd405fb080: 0000 0100 | 0000 e908 | 0000 0048 | 8387 e803 

  0x000001bd405fb090: ;   {oop(a 'kotlinx/coroutines/Job$Key'{0x00000007fff06020})}
  0x000001bd405fb090: 0000 0149 | b820 60f0 | ff07 0000 | 0048 8bd0 | 0f1f 4400 | 0048 b840 | 7d08 58bd 

  0x000001bd405fb0ac: ;   {virtual_call}
  0x000001bd405fb0ac: 0100 00e8 

  0x000001bd405fb0b0: ; ImmutableOopMap {[176]=Oop [208]=Oop [216]=Oop [224]=Oop [232]=Oop [248]=Oop [256]=Oop }
                      ;*invokeinterface get {reexecute=0 rethrow=0 return_oop=0}
                      ; - kotlinx.coroutines.DispatchedTask::run@147 (line 91)
  0x000001bd405fb0b0: 8cfc 7807 

  0x000001bd405fb0b4: ;   {other}
  0x000001bd405fb0b4: 0f1f 8400 | 2411 0009 | 4885 c075 

  0x000001bd405fb0c0: ;   {metadata(method data for {method} {0x000001bd985013b0} 'run' '()V' in 'kotlinx/coroutines/DispatchedTask')}
  0x000001bd405fb0c0: 1648 bf88 | 64e4 99bd | 0100 0080 | 8f19 0400 | 0001 e9e7 

  0x000001bd405fb0d4: ;   {metadata('kotlinx/coroutines/Job')}
  0x000001bd405fb0d4: 0000 0048 | bb18 5608 | 58bd 0100 | 008b 7808 | 49ba 0000 | 0057 bd01 | 0000 4903 | fa48 3b5f 
  0x000001bd405fb0f4: 200f 841a | 0000 0048 | 3bfb 0f84 | 1100 0000 

  0x000001bd405fb104: ;   {runtime_call slow_subtype_check Runtime1 stub}
  0x000001bd405fb104: 5753 e8f5 | 4610 075f | 5f85 ff0f | 848d 0000 

  0x000001bd405fb114: ;   {metadata(method data for {method} {0x000001bd985013b0} 'run' '()V' in 'kotlinx/coroutines/DispatchedTask')}
  0x000001bd405fb114: 0048 bf88 | 64e4 99bd | 0100 008b | 5808 49ba | 0000 0057 | bd01 0000 | 4903 da48 | 3b9f 3004 
  0x000001bd405fb134: 0000 750d | 4883 8738 | 0400 0001 | e979 0000 | 0048 3b9f | 4004 0000 | 750d 4883 | 8748 0400 
  0x000001bd405fb154: 0001 e963 | 0000 0048 | 83bf 3004 | 0000 0075 | 1748 899f | 3004 0000 | 48c7 8738 | 0400 0001 
  0x000001bd405fb174: 0000 00e9 | 4200 0000 | 4883 bf40 | 0400 0000 | 7517 4889 | 9f40 0400 | 0048 c787 | 4804 0000 
  0x000001bd405fb194: 0100 0000 | e921 0000 | 00e9 1c00 

  0x000001bd405fb1a0: ;   {metadata(method data for {method} {0x000001bd985013b0} 'run' '()V' in 'kotlinx/coroutines/DispatchedTask')}
  0x000001bd405fb1a0: 0000 48bf | 8864 e499 | bd01 0000 | 4883 af20 | 0400 0001 | e98b 1f00 | 00e9 0000 | 0000 488b 
  0x000001bd405fb1c0: ;   {metadata(method data for {method} {0x000001bd985013b0} 'run' '()V' in 'kotlinx/coroutines/DispatchedTask')}
  0x000001bd405fb1c0: d048 be88 | 64e4 99bd | 0100 00ff | 8658 0400 | 0048 8bf2 

  0x000001bd405fb1d4: ;   {metadata(method data for {method} {0x000001bd985013b0} 'run' '()V' in 'kotlinx/coroutines/DispatchedTask')}
  0x000001bd405fb1d4: 4885 f648 | ba88 64e4 | 99bd 0100 | 0048 c7c7 | 7004 0000 | 7407 48c7 | c780 0400 | 0048 8b1c 
  0x000001bd405fb1f4: 3a48 8d5b | 0148 891c | 3a0f 84e7 | 0000 0048 | 3b06 488b 

  0x000001bd405fb208: ;   {metadata(method data for {method} {0x000001bd985013b0} 'run' '()V' in 'kotlinx/coroutines/DispatchedTask')}
  0x000001bd405fb208: d648 bf88 | 64e4 99bd | 0100 008b | 5208 49ba | 0000 0057 | bd01 0000 | 4903 d248 | 3b97 a004 
  0x000001bd405fb228: 0000 750d | 4883 87a8 | 0400 0001 | e960 0000 | 0048 3b97 | b004 0000 | 750d 4883 | 87b8 0400 
  0x000001bd405fb248: 0001 e94a | 0000 0048 | 83bf a004 | 0000 0075 | 1748 8997 | a004 0000 | 48c7 87a8 | 0400 0001 
  0x000001bd405fb268: 0000 00e9 | 2900 0000 | 4883 bfb0 | 0400 0000 | 7517 4889 | 97b0 0400 | 0048 c787 | b804 0000 
  0x000001bd405fb288: 0100 0000 | e908 0000 | 0048 8387 | 9004 0000 | 0148 8bd6 | 4889 b424 | 0801 0000 | 9048 b8a0 
  0x000001bd405fb2a8: c535 a3bd 

  0x000001bd405fb2ac: ;   {virtual_call}
  0x000001bd405fb2ac: 0100 00e8 

  0x000001bd405fb2b0: ; ImmutableOopMap {[176]=Oop [208]=Oop [216]=Oop [224]=Oop [232]=Oop [248]=Oop [256]=Oop [264]=Oop }
                      ;*invokeinterface isActive {reexecute=0 rethrow=0 return_oop=0}
                      ; - kotlinx.coroutines.DispatchedTask::run@168 (line 92)
  0x000001bd405fb2b0: 5ca2 2d07 

  0x000001bd405fb2b4: ;   {other}
  0x000001bd405fb2b4: 0f1f 8400 | 2413 000a 

  0x000001bd405fb2bc: ;   {metadata(method data for {method} {0x000001bd985013b0} 'run' '()V' in 'kotlinx/coroutines/DispatchedTask')}
  0x000001bd405fb2bc: 85c0 48ba | 8864 e499 | bd01 0000 | 48c7 c6d8 | 0400 0074 | 0748 c7c6 | c804 0000 | 488b 3c32 
  0x000001bd405fb2dc: 488d 7f01 | 4889 3c32 | 0f84 3f09 | 0000 488b | 8424 0001 | 0000 4885 

  0x000001bd405fb2f4: ;   {metadata(method data for {method} {0x000001bd985013b0} 'run' '()V' in 'kotlinx/coroutines/DispatchedTask')}
  0x000001bd405fb2f4: c048 ba88 | 64e4 99bd | 0100 0048 | c7c6 5807 | 0000 7407 | 48c7 c668 | 0700 0048 | 8b3c 3248 
  0x000001bd405fb314: 8d7f 0148 | 893c 320f | 8449 0700 

  0x000001bd405fb320: ;   {metadata(method data for {method} {0x000001bd985013b0} 'run' '()V' in 'kotlinx/coroutines/DispatchedTask')}
  0x000001bd405fb320: 0048 ba88 | 64e4 99bd | 0100 0048 | 8382 7807 

  0x000001bd405fb330: ;   {metadata(method data for {method} {0x000001bd98520520} 'createFailure' '(Ljava/lang/Throwable;)Ljava/lang/Object;' in 'kotlin/ResultKt')}
  0x000001bd405fb330: 0000 0148 | baa8 cde1 | 99bd 0100 | 008b b2cc | 0000 0083 | c602 89b2 | cc00 0000 | 81e6 feff 
  0x000001bd405fb350: 1f00 85f6 | 0f84 f81d 

  0x000001bd405fb358: ;   {metadata(method data for {method} {0x000001bd98520520} 'createFailure' '(Ljava/lang/Throwable;)Ljava/lang/Object;' in 'kotlin/ResultKt')}
  0x000001bd405fb358: 0000 48ba | a8cd e199 | bd01 0000 | 4883 8210 | 0100 0001 

  0x000001bd405fb36c: ;   {metadata(method data for {method} {0x000001bd98415410} 'checkNotNullParameter' '(Ljava/lang/Object;Ljava/lang/String;)V' in 'kotlin/jvm/internal/Intrinsics')}
  0x000001bd405fb36c: 48ba b0c3 | 5b98 bd01 | 0000 8bb2 | cc00 0000 | 83c6 0289 | b2cc 0000 | 0081 e6fe | ff1f 0085 
  0x000001bd405fb38c: f60f 84e0 | 1d00 0048 

  0x000001bd405fb394: ;   {metadata(method data for {method} {0x000001bd98415410} 'checkNotNullParameter' '(Ljava/lang/Object;Ljava/lang/String;)V' in 'kotlin/jvm/internal/Intrinsics')}
  0x000001bd405fb394: 85c0 48ba | b0c3 5b98 | bd01 0000 | 48c7 c610 | 0100 0075 | 0748 c7c6 | 2001 0000 | 488b 3c32 
  0x000001bd405fb3b4: 488d 7f01 | 4889 3c32 | 0f85 1a02 

  0x000001bd405fb3c0: ;   {metadata(method data for {method} {0x000001bd98415410} 'checkNotNullParameter' '(Ljava/lang/Object;Ljava/lang/String;)V' in 'kotlin/jvm/internal/Intrinsics')}
  0x000001bd405fb3c0: 0000 48ba | b0c3 5b98 | bd01 0000 | 4883 8230 | 0100 0001 

  0x000001bd405fb3d4: ;   {metadata(method data for {method} {0x000001bd98415590} 'throwParameterIsNullNPE' '(Ljava/lang/String;)V' in 'kotlin/jvm/internal/Intrinsics')}
  0x000001bd405fb3d4: 48ba 38c5 | 5b98 bd01 | 0000 8bb2 | cc00 0000 | 83c6 0289 | b2cc 0000 | 0081 e6fe | ff1f 0085 
  0x000001bd405fb3f4: f60f 8499 | 1d00 000f | 1f44 0000 

  0x000001bd405fb400: ;   {no_reloc}
  0x000001bd405fb400: e9bf 1d00 | 0000 0000 | 0000 498b | 87b8 0100 | 0048 8d78 | 3049 3bbf | c801 0000 | 0f87 ac1d 
  0x000001bd405fb420: 0000 4989 | bfb8 0100 | 0048 c700 | 0100 0000 | 488b ca49 | ba00 0000 | 57bd 0100 | 0049 2bca 
  0x000001bd405fb440: 8948 0848 | 33c9 8948 | 0c48 33c9 | 4889 4810 | 4889 4818 | 4889 4820 | 4889 4828 

  0x000001bd405fb45c: ;   {metadata(method data for {method} {0x000001bd98415590} 'throwParameterIsNullNPE' '(Ljava/lang/String;)V' in 'kotlin/jvm/internal/Intrinsics')}
  0x000001bd405fb45c: 48ba 38c5 | 5b98 bd01 | 0000 4883 | 8210 0100 

  0x000001bd405fb46c: ;   {oop("exception"{0x0000000701685828})}
  0x000001bd405fb46c: 0001 48ba | 2858 6801 | 0700 0000 | 4889 8424 | 1001 0000 | 0f1f 8000 

  0x000001bd405fb484: ;   {static_call}
  0x000001bd405fb484: 0000 00e8 

  0x000001bd405fb488: ; ImmutableOopMap {[176]=Oop [208]=Oop [216]=Oop [224]=Oop [232]=Oop [256]=Oop [272]=Oop }
                      ;*invokestatic createParameterIsNullExceptionMessage {reexecute=0 rethrow=0 return_oop=0}
                      ; - kotlin.jvm.internal.Intrinsics::throwParameterIsNullNPE@5 (line 140)
                      ; - kotlin.jvm.internal.Intrinsics::checkNotNullParameter@5 (line 131)
                      ; - kotlin.ResultKt::createFailure@3
                      ; - kotlinx.coroutines.DispatchedTask::run@273 (line 98)
  0x000001bd405fb488: f43b 0407 

  0x000001bd405fb48c: ;   {other}
  0x000001bd405fb48c: 0f1f 8400 | fc14 000b | 4c8b 8424 | 1001 0000 

  0x000001bd405fb49c: ;   {metadata(method data for {method} {0x000001bd98415590} 'throwParameterIsNullNPE' '(Ljava/lang/String;)V' in 'kotlin/jvm/internal/Intrinsics')}
  0x000001bd405fb49c: 48ba 38c5 | 5b98 bd01 | 0000 4883 | 8220 0100 | 0001 4c8b | c048 8b94 | 2410 0100 | 0066 0f1f 
  0x000001bd405fb4bc: ;   {optimized virtual_call}
  0x000001bd405fb4bc: 4400 00e8 

  0x000001bd405fb4c0: ; ImmutableOopMap {[176]=Oop [208]=Oop [216]=Oop [224]=Oop [232]=Oop [256]=Oop [272]=Oop }
                      ;*invokespecial <init> {reexecute=0 rethrow=0 return_oop=0}
                      ; - kotlin.jvm.internal.Intrinsics::throwParameterIsNullNPE@8 (line 140)
                      ; - kotlin.jvm.internal.Intrinsics::checkNotNullParameter@5 (line 131)
                      ; - kotlin.ResultKt::createFailure@3
                      ; - kotlinx.coroutines.DispatchedTask::run@273 (line 98)
  0x000001bd405fb4c0: bc35 0407 

  0x000001bd405fb4c4: ;   {other}
  0x000001bd405fb4c4: 0f1f 8400 | 3415 000c 

  0x000001bd405fb4cc: ;   {metadata(method data for {method} {0x000001bd98415590} 'throwParameterIsNullNPE' '(Ljava/lang/String;)V' in 'kotlin/jvm/internal/Intrinsics')}
  0x000001bd405fb4cc: 48ba 38c5 | 5b98 bd01 | 0000 4883 | 8230 0100 

  0x000001bd405fb4dc: ;   {metadata(method data for {method} {0x000001bd984164f8} 'sanitizeStackTrace' '(Ljava/lang/Throwable;)Ljava/lang/Throwable;' in 'kotlin/jvm/internal/Intrinsics')}
  0x000001bd405fb4dc: 0001 48ba | 18cc 5b98 | bd01 0000 | 8bb2 cc00 | 0000 83c6 | 0289 b2cc | 0000 0081 | e6fe ff1f 
  0x000001bd405fb4fc: 0085 f60f | 84d6 1c00 

  0x000001bd405fb504: ;   {oop(a 'java/lang/Class'{0x000000070167dbd0} = 'kotlin/jvm/internal/Intrinsics')}
  0x000001bd405fb504: 0048 bad0 | db67 0107 | 0000 0048 

  0x000001bd405fb510: ;   {metadata(method data for {method} {0x000001bd984164f8} 'sanitizeStackTrace' '(Ljava/lang/Throwable;)Ljava/lang/Throwable;' in 'kotlin/jvm/internal/Intrinsics')}
  0x000001bd405fb510: 8bf2 48bf | 18cc 5b98 | bd01 0000 | 4883 8710 | 0100 0001 

  0x000001bd405fb524: ;   {metadata(method data for {method} {0x000001bd5746b368} 'getName' '()Ljava/lang/String;' in 'java/lang/Class')}
  0x000001bd405fb524: 48be c074 | 0398 bd01 | 0000 8bbe | cc00 0000 | 83c7 0289 | becc 0000 | 0081 e7fe | ff1f 0085 
  0x000001bd405fb544: ff0f 84b1 | 1c00 008b | 522c 48c1 | e203 4885 

  0x000001bd405fb554: ;   {metadata(method data for {method} {0x000001bd5746b368} 'getName' '()Ljava/lang/String;' in 'java/lang/Class')}
  0x000001bd405fb554: d248 bec0 | 7403 98bd | 0100 0048 | c7c7 1001 | 0000 7407 | 48c7 c720 | 0100 0048 | 8b1c 3e48 
  0x000001bd405fb574: 8d5b 0148 | 891c 3e0f | 8418 0000 

  0x000001bd405fb580: ;   {metadata(method data for {method} {0x000001bd5746b368} 'getName' '()Ljava/lang/String;' in 'java/lang/Class')}
  0x000001bd405fb580: 0048 bec0 | 7403 98bd | 0100 00ff | 8630 0100 | 0048 8bf2 | e936 0000 

  0x000001bd405fb598: ;   {oop(a 'java/lang/Class'{0x000000070167dbd0} = 'kotlin/jvm/internal/Intrinsics')}
  0x000001bd405fb598: 0048 bad0 | db67 0107 | 0000 0048 

  0x000001bd405fb5a4: ;   {metadata(method data for {method} {0x000001bd5746b368} 'getName' '()Ljava/lang/String;' in 'java/lang/Class')}
  0x000001bd405fb5a4: 8bf2 48bf | c074 0398 | bd01 0000 | 4883 8748 | 0100 0001 | 0f1f 8000 

  0x000001bd405fb5bc: ;   {optimized virtual_call}
  0x000001bd405fb5bc: 0000 00e8 

  0x000001bd405fb5c0: ; ImmutableOopMap {[176]=Oop [208]=Oop [216]=Oop [224]=Oop [232]=Oop [256]=Oop [272]=Oop }
                      ;*invokevirtual initClassName {reexecute=0 rethrow=0 return_oop=0}
                      ; - java.lang.Class::getName@14 (line 950)
                      ; - kotlin.jvm.internal.Intrinsics::sanitizeStackTrace@3 (line 253)
                      ; - kotlin.jvm.internal.Intrinsics::throwParameterIsNullNPE@11 (line 140)
                      ; - kotlin.jvm.internal.Intrinsics::checkNotNullParameter@5 (line 131)
                      ; - kotlin.ResultKt::createFailure@3
                      ; - kotlinx.coroutines.DispatchedTask::run@273 (line 98)
  0x000001bd405fb5c0: bc34 0407 

  0x000001bd405fb5c4: ;   {other}
  0x000001bd405fb5c4: 0f1f 8400 | 3416 000d | 488b f048 | 8b84 2410 | 0100 00e9 | 0314 0000 

  0x000001bd405fb5dc: ;   {metadata('kotlin/Result$Failure')}
  0x000001bd405fb5dc: 48ba 48ea | 0858 bd01 | 0000 488b | d849 8b87 | b801 0000 | 488d 7810 | 493b bfc8 | 0100 000f 
  0x000001bd405fb5fc: 8721 1c00 | 0049 89bf | b801 0000 | 48c7 0001 | 0000 0048 | 8bca 49ba | 0000 0057 | bd01 0000 
  0x000001bd405fb61c: 492b ca89 | 4808 4833 | c989 480c | 4833 c948 | 8984 2420 | 0100 0048 

  0x000001bd405fb634: ;   {metadata(method data for {method} {0x000001bd98520520} 'createFailure' '(Ljava/lang/Throwable;)Ljava/lang/Object;' in 'kotlin/ResultKt')}
  0x000001bd405fb634: 8bd0 48be | a8cd e199 | bd01 0000 | 4883 8620 | 0100 0001 

  0x000001bd405fb648: ;   {metadata(method data for {method} {0x000001bd9850ee40} '<init>' '(Ljava/lang/Throwable;)V' in 'kotlin/Result$Failure')}
  0x000001bd405fb648: 48ba 18cf | e199 bd01 | 0000 8bb2 | cc00 0000 | 83c6 0289 | b2cc 0000 | 0081 e6fe | ff1f 0085 
  0x000001bd405fb668: f60f 84c0 

  0x000001bd405fb66c: ;   {metadata(method data for {method} {0x000001bd9850ee40} '<init>' '(Ljava/lang/Throwable;)V' in 'kotlin/Result$Failure')}
  0x000001bd405fb66c: 1b00 0048 | ba18 cfe1 | 99bd 0100 | 0048 8382 | 1001 0000 

  0x000001bd405fb680: ;   {metadata(method data for {method} {0x000001bd98415410} 'checkNotNullParameter' '(Ljava/lang/Object;Ljava/lang/String;)V' in 'kotlin/jvm/internal/Intrinsics')}
  0x000001bd405fb680: 0148 bab0 | c35b 98bd | 0100 008b | b2cc 0000 | 0083 c602 | 89b2 cc00 | 0000 81e6 | feff 1f00 
  0x000001bd405fb6a0: 85f6 0f84 | a81b 0000 

  0x000001bd405fb6a8: ;   {metadata(method data for {method} {0x000001bd98415410} 'checkNotNullParameter' '(Ljava/lang/Object;Ljava/lang/String;)V' in 'kotlin/jvm/internal/Intrinsics')}
  0x000001bd405fb6a8: 4885 db48 | bab0 c35b | 98bd 0100 | 0048 c7c6 | 1001 0000 | 7507 48c7 | c620 0100 | 0048 8b3c 
  0x000001bd405fb6c8: 3248 8d7f | 0148 893c | 320f 8515 

  0x000001bd405fb6d4: ;   {metadata(method data for {method} {0x000001bd98415410} 'checkNotNullParameter' '(Ljava/lang/Object;Ljava/lang/String;)V' in 'kotlin/jvm/internal/Intrinsics')}
  0x000001bd405fb6d4: 0200 0048 | bab0 c35b | 98bd 0100 | 0048 8382 | 3001 0000 

  0x000001bd405fb6e8: ;   {metadata(method data for {method} {0x000001bd98415590} 'throwParameterIsNullNPE' '(Ljava/lang/String;)V' in 'kotlin/jvm/internal/Intrinsics')}
  0x000001bd405fb6e8: 0148 ba38 | c55b 98bd | 0100 008b | b2cc 0000 | 0083 c602 | 89b2 cc00 | 0000 81e6 | feff 1f00 
  0x000001bd405fb708: 85f6 0f84 | 611b 0000 

  0x000001bd405fb710: ;   {no_reloc}
  0x000001bd405fb710: e98c 1b00 | 0000 0000 | 0000 498b | 87b8 0100 | 0048 8d78 | 3049 3bbf | c801 0000 | 0f87 791b 
  0x000001bd405fb730: 0000 4989 | bfb8 0100 | 0048 c700 | 0100 0000 | 488b ca49 | ba00 0000 | 57bd 0100 | 0049 2bca 
  0x000001bd405fb750: 8948 0848 | 33c9 8948 | 0c48 33c9 | 4889 4810 | 4889 4818 | 4889 4820 | 4889 4828 

  0x000001bd405fb76c: ;   {metadata(method data for {method} {0x000001bd98415590} 'throwParameterIsNullNPE' '(Ljava/lang/String;)V' in 'kotlin/jvm/internal/Intrinsics')}
  0x000001bd405fb76c: 48ba 38c5 | 5b98 bd01 | 0000 4883 | 8210 0100 

  0x000001bd405fb77c: ;   {oop("exception"{0x0000000701685828})}
  0x000001bd405fb77c: 0001 48ba | 2858 6801 | 0700 0000 | 4889 8424 | 1801 0000 | 0f1f 8000 

  0x000001bd405fb794: ;   {static_call}
  0x000001bd405fb794: 0000 00e8 

  0x000001bd405fb798: ; ImmutableOopMap {[176]=Oop [208]=Oop [216]=Oop [224]=Oop [232]=Oop [256]=Oop [280]=Oop [288]=Oop }
                      ;*invokestatic createParameterIsNullExceptionMessage {reexecute=0 rethrow=0 return_oop=0}
                      ; - kotlin.jvm.internal.Intrinsics::throwParameterIsNullNPE@5 (line 140)
                      ; - kotlin.jvm.internal.Intrinsics::checkNotNullParameter@5 (line 131)
                      ; - kotlin.Result$Failure::<init>@3
                      ; - kotlin.ResultKt::createFailure@11 (line 122)
                      ; - kotlinx.coroutines.DispatchedTask::run@273 (line 98)
  0x000001bd405fb798: e438 0407 

  0x000001bd405fb79c: ;   {other}
  0x000001bd405fb79c: 0f1f 8400 | 0c18 000e | 4c8b 8424 | 1801 0000 

  0x000001bd405fb7ac: ;   {metadata(method data for {method} {0x000001bd98415590} 'throwParameterIsNullNPE' '(Ljava/lang/String;)V' in 'kotlin/jvm/internal/Intrinsics')}
  0x000001bd405fb7ac: 48ba 38c5 | 5b98 bd01 | 0000 4883 | 8220 0100 | 0001 4c8b | c048 8b94 | 2418 0100 | 0066 0f1f 
  0x000001bd405fb7cc: ;   {optimized virtual_call}
  0x000001bd405fb7cc: 4400 00e8 

  0x000001bd405fb7d0: ; ImmutableOopMap {[176]=Oop [208]=Oop [216]=Oop [224]=Oop [232]=Oop [256]=Oop [280]=Oop [288]=Oop }
                      ;*invokespecial <init> {reexecute=0 rethrow=0 return_oop=0}
                      ; - kotlin.jvm.internal.Intrinsics::throwParameterIsNullNPE@8 (line 140)
                      ; - kotlin.jvm.internal.Intrinsics::checkNotNullParameter@5 (line 131)
                      ; - kotlin.Result$Failure::<init>@3
                      ; - kotlin.ResultKt::createFailure@11 (line 122)
                      ; - kotlinx.coroutines.DispatchedTask::run@273 (line 98)
  0x000001bd405fb7d0: ac32 0407 

  0x000001bd405fb7d4: ;   {other}
  0x000001bd405fb7d4: 0f1f 8400 | 4418 000f 

  0x000001bd405fb7dc: ;   {metadata(method data for {method} {0x000001bd98415590} 'throwParameterIsNullNPE' '(Ljava/lang/String;)V' in 'kotlin/jvm/internal/Intrinsics')}
  0x000001bd405fb7dc: 48ba 38c5 | 5b98 bd01 | 0000 4883 | 8230 0100 

  0x000001bd405fb7ec: ;   {metadata(method data for {method} {0x000001bd984164f8} 'sanitizeStackTrace' '(Ljava/lang/Throwable;)Ljava/lang/Throwable;' in 'kotlin/jvm/internal/Intrinsics')}
  0x000001bd405fb7ec: 0001 48ba | 18cc 5b98 | bd01 0000 | 8bb2 cc00 | 0000 83c6 | 0289 b2cc | 0000 0081 | e6fe ff1f 
  0x000001bd405fb80c: 0085 f60f | 84a3 1a00 

  0x000001bd405fb814: ;   {oop(a 'java/lang/Class'{0x000000070167dbd0} = 'kotlin/jvm/internal/Intrinsics')}
  0x000001bd405fb814: 0048 bad0 | db67 0107 | 0000 0048 

  0x000001bd405fb820: ;   {metadata(method data for {method} {0x000001bd984164f8} 'sanitizeStackTrace' '(Ljava/lang/Throwable;)Ljava/lang/Throwable;' in 'kotlin/jvm/internal/Intrinsics')}
  0x000001bd405fb820: 8bf2 48bf | 18cc 5b98 | bd01 0000 | 4883 8710 | 0100 0001 

  0x000001bd405fb834: ;   {metadata(method data for {method} {0x000001bd5746b368} 'getName' '()Ljava/lang/String;' in 'java/lang/Class')}
  0x000001bd405fb834: 48be c074 | 0398 bd01 | 0000 8bbe | cc00 0000 | 83c7 0289 | becc 0000 | 0081 e7fe | ff1f 0085 
  0x000001bd405fb854: ff0f 847e | 1a00 008b | 522c 48c1 | e203 4885 

  0x000001bd405fb864: ;   {metadata(method data for {method} {0x000001bd5746b368} 'getName' '()Ljava/lang/String;' in 'java/lang/Class')}
  0x000001bd405fb864: d248 bec0 | 7403 98bd | 0100 0048 | c7c7 1001 | 0000 7407 | 48c7 c720 | 0100 0048 | 8b1c 3e48 
  0x000001bd405fb884: 8d5b 0148 | 891c 3e0f | 8418 0000 

  0x000001bd405fb890: ;   {metadata(method data for {method} {0x000001bd5746b368} 'getName' '()Ljava/lang/String;' in 'java/lang/Class')}
  0x000001bd405fb890: 0048 bec0 | 7403 98bd | 0100 00ff | 8630 0100 | 0048 8bf2 | e936 0000 

  0x000001bd405fb8a8: ;   {oop(a 'java/lang/Class'{0x000000070167dbd0} = 'kotlin/jvm/internal/Intrinsics')}
  0x000001bd405fb8a8: 0048 bad0 | db67 0107 | 0000 0048 

  0x000001bd405fb8b4: ;   {metadata(method data for {method} {0x000001bd5746b368} 'getName' '()Ljava/lang/String;' in 'java/lang/Class')}
  0x000001bd405fb8b4: 8bf2 48bf | c074 0398 | bd01 0000 | 4883 8748 | 0100 0001 | 0f1f 8000 

  0x000001bd405fb8cc: ;   {optimized virtual_call}
  0x000001bd405fb8cc: 0000 00e8 

  0x000001bd405fb8d0: ; ImmutableOopMap {[176]=Oop [208]=Oop [216]=Oop [224]=Oop [232]=Oop [256]=Oop [280]=Oop [288]=Oop }
                      ;*invokevirtual initClassName {reexecute=0 rethrow=0 return_oop=0}
                      ; - java.lang.Class::getName@14 (line 950)
                      ; - kotlin.jvm.internal.Intrinsics::sanitizeStackTrace@3 (line 253)
                      ; - kotlin.jvm.internal.Intrinsics::throwParameterIsNullNPE@11 (line 140)
                      ; - kotlin.jvm.internal.Intrinsics::checkNotNullParameter@5 (line 131)
                      ; - kotlin.Result$Failure::<init>@3
                      ; - kotlin.ResultKt::createFailure@11 (line 122)
                      ; - kotlinx.coroutines.DispatchedTask::run@273 (line 98)
  0x000001bd405fb8d0: ac31 0407 

  0x000001bd405fb8d4: ;   {other}
  0x000001bd405fb8d4: 0f1f 8400 | 4419 0010 | 488b f048 | 8b84 2418 | 0100 00e9 | cb0f 0000 | 488b fb4c 

  0x000001bd405fb8f0: ;   {metadata(method data for {method} {0x000001bd9850ee40} '<init>' '(Ljava/lang/Throwable;)V' in 'kotlin/Result$Failure')}
  0x000001bd405fb8f0: 8bc0 48ba | 18cf e199 | bd01 0000 | 4883 8220 | 0100 0001 

  0x000001bd405fb904: ;   {metadata(method data for {method} {0x000001bd57476650} '<init>' '()V' in 'java/lang/Object')}
  0x000001bd405fb904: 49b8 5068 | 0098 bd01 | 0000 418b | 90cc 0000 | 0083 c202 | 4189 90cc | 0000 0081 | e2fe ff1f 
  0x000001bd405fb924: 0085 d20f | 84d2 1900 | 0045 0fbe | 4740 4585 | c00f 85e5 | 1900 004c | 8bd7 49c1 | ea03 4489 
  0x000001bd405fb944: 500c 4c8b | c04c 33c7 | 49c1 e815 | 4983 f800 | 0f85 e619 

  0x000001bd405fb958: ;   {metadata(method data for {method} {0x000001bd985013b0} 'run' '()V' in 'kotlinx/coroutines/DispatchedTask')}
  0x000001bd405fb958: 0000 49b8 | 8864 e499 | bd01 0000 | 4983 8088 | 0700 0001 

  0x000001bd405fb96c: ;   {metadata(method data for {method} {0x000001bd9850cf08} 'constructor-impl' '(Ljava/lang/Object;)Ljava/lang/Object;' in 'kotlin/Result')}
  0x000001bd405fb96c: 49b8 c899 | d799 bd01 | 0000 418b | 90cc 0000 | 0083 c202 | 4189 90cc | 0000 0081 | e2fe ff1f 
  0x000001bd405fb98c: 0085 d20f | 84c3 1900 | 0048 8bb4 | 24d0 0000 

  0x000001bd405fb99c: ;   {metadata(method data for {method} {0x000001bd985013b0} 'run' '()V' in 'kotlinx/coroutines/DispatchedTask')}
  0x000001bd405fb99c: 0049 b888 | 64e4 99bd | 0100 008b | 7608 49ba | 0000 0057 | bd01 0000 | 4903 f249 | 3bb0 a807 
  0x000001bd405fb9bc: 0000 750d | 4983 80b0 | 0700 0001 | e960 0000 | 0049 3bb0 | b807 0000 | 750d 4983 | 80c0 0700 
  0x000001bd405fb9dc: 0001 e94a | 0000 0049 | 83b8 a807 | 0000 0075 | 1749 89b0 | a807 0000 | 49c7 80b0 | 0700 0001 
  0x000001bd405fb9fc: 0000 00e9 | 2900 0000 | 4983 b8b8 | 0700 0000 | 7517 4989 | b0b8 0700 | 0049 c780 | c007 0000 
  0x000001bd405fba1c: 0100 0000 | e908 0000 | 0049 8380 | 9807 0000 | 014c 8bc0 | 488b 9424 | d000 0000 | 0f1f 4400 
  0x000001bd405fba3c: 0048 b8c0 | d06f a1bd 

  0x000001bd405fba44: ;   {virtual_call}
  0x000001bd405fba44: 0100 00e8 

  0x000001bd405fba48: ; ImmutableOopMap {[176]=Oop [216]=Oop [224]=Oop [232]=Oop }
                      ;*invokeinterface resumeWith {reexecute=0 rethrow=0 return_oop=0}
                      ; - kotlinx.coroutines.DispatchedTask::run@279 (line 98)
  0x000001bd405fba48: 6cbe 1007 

  0x000001bd405fba4c: ;   {other}
  0x000001bd405fba4c: 0f1f 8400 | bc1a 0011 

  0x000001bd405fba54: ;   {metadata(method data for {method} {0x000001bd985013b0} 'run' '()V' in 'kotlinx/coroutines/DispatchedTask')}
  0x000001bd405fba54: 49b8 8864 | e499 bd01 | 0000 41ff | 80d0 0700 | 00e9 120b | 0000 488b | 9424 b000 

  0x000001bd405fba70: ;   {metadata(method data for {method} {0x000001bd985013b0} 'run' '()V' in 'kotlinx/coroutines/DispatchedTask')}
  0x000001bd405fba70: 0000 49b8 | 8864 e499 | bd01 0000 | 8b52 0849 | ba00 0000 | 57bd 0100 | 0049 03d2 | 493b 90f8 
  0x000001bd405fba90: 0700 0075 | 0d49 8380 | 0008 0000 | 01e9 6000 | 0000 493b | 9008 0800 | 0075 0d49 | 8380 1008 
  0x000001bd405fbab0: 0000 01e9 | 4a00 0000 | 4983 b8f8 | 0700 0000 | 7517 4989 | 90f8 0700 | 0049 c780 | 0008 0000 
  0x000001bd405fbad0: 0100 0000 | e929 0000 | 0049 83b8 | 0808 0000 | 0075 1749 | 8990 0808 | 0000 49c7 | 8010 0800 
  0x000001bd405fbaf0: 0001 0000 | 00e9 0800 | 0000 4983 | 80e8 0700 | 0001 4c8b | 8424 f800 | 0000 488b | 9424 b000 
  0x000001bd405fbb10: 0000 6666 | 9048 b8ff | ffff ffff 

  0x000001bd405fbb1c: ;   {virtual_call}
  0x000001bd405fbb1c: ffff ffe8 

  0x000001bd405fbb20: ; ImmutableOopMap {[176]=Oop [208]=Oop [216]=Oop [224]=Oop [232]=Oop }
                      ;*invokevirtual getSuccessfulResult$kotlinx_coroutines_core {reexecute=0 rethrow=0 return_oop=0}
                      ; - kotlinx.coroutines.DispatchedTask::run@295 (line 100)
  0x000001bd405fbb20: 4cb8 1007 

  0x000001bd405fbb24: ;   {other}
  0x000001bd405fbb24: 0f1f 8400 | 941b 0012 

  0x000001bd405fbb2c: ;   {metadata(method data for {method} {0x000001bd985013b0} 'run' '()V' in 'kotlinx/coroutines/DispatchedTask')}
  0x000001bd405fbb2c: 49b8 8864 | e499 bd01 | 0000 4983 | 8020 0800 

  0x000001bd405fbb3c: ;   {metadata(method data for {method} {0x000001bd9850cf08} 'constructor-impl' '(Ljava/lang/Object;)Ljava/lang/Object;' in 'kotlin/Result')}
  0x000001bd405fbb3c: 0001 49b8 | c899 d799 | bd01 0000 | 418b 90cc | 0000 0083 | c202 4189 | 90cc 0000 | 0081 e2fe 
  0x000001bd405fbb5c: ff1f 0085 | d20f 8412 | 1800 0048 | 8bb4 24d0 

  0x000001bd405fbb6c: ;   {metadata(method data for {method} {0x000001bd985013b0} 'run' '()V' in 'kotlinx/coroutines/DispatchedTask')}
  0x000001bd405fbb6c: 0000 0049 | b888 64e4 | 99bd 0100 | 008b 7608 | 49ba 0000 | 0057 bd01 | 0000 4903 | f249 3bb0 
  0x000001bd405fbb8c: 4008 0000 | 750d 4983 | 8048 0800 | 0001 e960 | 0000 0049 | 3bb0 5008 | 0000 750d | 4983 8058 
  0x000001bd405fbbac: 0800 0001 | e94a 0000 | 0049 83b8 | 4008 0000 | 0075 1749 | 89b0 4008 | 0000 49c7 | 8048 0800 
  0x000001bd405fbbcc: 0001 0000 | 00e9 2900 | 0000 4983 | b850 0800 | 0000 7517 | 4989 b050 | 0800 0049 | c780 5808 
  0x000001bd405fbbec: 0000 0100 | 0000 e908 | 0000 0049 | 8380 3008 | 0000 014c | 8bc0 488b | 9424 d000 | 0000 6666 
  0x000001bd405fbc0c: 9048 b850 | c135 a3bd 

  0x000001bd405fbc14: ;   {virtual_call}
  0x000001bd405fbc14: 0100 00e8 

  0x000001bd405fbc18: ; ImmutableOopMap {[176]=Oop [216]=Oop [224]=Oop [232]=Oop }
                      ;*invokeinterface resumeWith {reexecute=0 rethrow=0 return_oop=0}
                      ; - kotlinx.coroutines.DispatchedTask::run@301 (line 100)
  0x000001bd405fbc18: 9cbc 1007 

  0x000001bd405fbc1c: ;   {other}
  0x000001bd405fbc1c: 0f1f 8400 | 8c1c 0013 | e953 0900 | 0048 8bb4 | 2408 0100 | 0048 85f6 | 0f84 2900 

  0x000001bd405fbc38: ;   {metadata('kotlinx/coroutines/JobSupport')}
  0x000001bd405fbc38: 0000 48b9 | 185c 0858 | bd01 0000 | 8b5e 0849 | ba00 0000 | 57bd 0100 | 0049 03da | 483b 4b38 
  0x000001bd405fbc58: 0f85 3c17 | 0000 e900 | 0000 0048 | 8bd6 488b 

  0x000001bd405fbc68: ;   {metadata(method data for {method} {0x000001bd985013b0} 'run' '()V' in 'kotlinx/coroutines/DispatchedTask')}
  0x000001bd405fbc68: d648 bf88 | 64e4 99bd | 0100 008b | 5208 49ba | 0000 0057 | bd01 0000 | 4903 d248 | 3b97 f804 
  0x000001bd405fbc88: 0000 750d | 4883 8700 | 0500 0001 | e960 0000 | 0048 3b97 | 0805 0000 | 750d 4883 | 8710 0500 
  0x000001bd405fbca8: 0001 e94a | 0000 0048 | 83bf f804 | 0000 0075 | 1748 8997 | f804 0000 | 48c7 8700 | 0500 0001 
  0x000001bd405fbcc8: 0000 00e9 | 2900 0000 | 4883 bf08 | 0500 0000 | 7517 4889 | 9708 0500 | 0048 c787 | 1005 0000 
  0x000001bd405fbce8: 0100 0000 | e908 0000 | 0048 8387 | e804 0000 | 0148 8bd6 

  0x000001bd405fbcfc: ;   {optimized virtual_call}
  0x000001bd405fbcfc: 6666 90e8 

  0x000001bd405fbd00: ; ImmutableOopMap {[176]=Oop [208]=Oop [216]=Oop [224]=Oop [232]=Oop [248]=Oop }
                      ;*invokeinterface getCancellationException {reexecute=0 rethrow=0 return_oop=0}
                      ; - kotlinx.coroutines.DispatchedTask::run@178 (line 93)
  0x000001bd405fbd00: 7c2d 0407 

  0x000001bd405fbd04: ;   {other}
  0x000001bd405fbd04: 0f1f 8400 | 741d 0014 | 4889 8424 | 2801 0000 | 488b 9424 | b000 0000 

  0x000001bd405fbd1c: ;   {metadata(method data for {method} {0x000001bd985013b0} 'run' '()V' in 'kotlinx/coroutines/DispatchedTask')}
  0x000001bd405fbd1c: 49b8 8864 | e499 bd01 | 0000 8b52 | 0849 ba00 | 0000 57bd | 0100 0049 | 03d2 493b | 9068 0500 
  0x000001bd405fbd3c: 0075 0d49 | 8380 7005 | 0000 01e9 | 6000 0000 | 493b 9078 | 0500 0075 | 0d49 8380 | 8005 0000 
  0x000001bd405fbd5c: 01e9 4a00 | 0000 4983 | b868 0500 | 0000 7517 | 4989 9068 | 0500 0049 | c780 7005 | 0000 0100 
  0x000001bd405fbd7c: 0000 e929 | 0000 0049 | 83b8 7805 | 0000 0075 | 1749 8990 | 7805 0000 | 49c7 8080 | 0500 0001 
  0x000001bd405fbd9c: 0000 00e9 | 0800 0000 | 4983 8058 | 0500 0001 | 4c8b 8424 | f800 0000 | 4c8b c848 | 8b94 24b0 
  0x000001bd405fbdbc: 0000 0066 | 0f1f 4400 | 0048 b8ff | ffff ffff 

  0x000001bd405fbdcc: ;   {virtual_call}
  0x000001bd405fbdcc: ffff ffe8 

  0x000001bd405fbdd0: ; ImmutableOopMap {[176]=Oop [208]=Oop [216]=Oop [224]=Oop [232]=Oop [296]=Oop }
                      ;*invokevirtual cancelCompletedResult$kotlinx_coroutines_core {reexecute=0 rethrow=0 return_oop=0}
                      ; - kotlinx.coroutines.DispatchedTask::run@193 (line 94)
  0x000001bd405fbdd0: ac2f 0407 

  0x000001bd405fbdd4: ;   {other}
  0x000001bd405fbdd4: 0f1f 8400 | 441e 0015 

  0x000001bd405fbddc: ;   {metadata(method data for {method} {0x000001bd985013b0} 'run' '()V' in 'kotlinx/coroutines/DispatchedTask')}
  0x000001bd405fbddc: 48ba 8864 | e499 bd01 | 0000 4883 | 8290 0500 

  0x000001bd405fbdec: ;   {metadata(method data for {method} {0x000001bd984de568} 'getRECOVER_STACK_TRACES' '()Z' in 'kotlinx/coroutines/DebugKt')}
  0x000001bd405fbdec: 0001 48ba | 887a e499 | bd01 0000 | 8bb2 cc00 | 0000 83c6 | 0289 b2cc | 0000 0081 | e6fe ff1f 
  0x000001bd405fbe0c: 0085 f60f | 848a 1500 

  0x000001bd405fbe14: ;   {metadata(method data for {method} {0x000001bd985013b0} 'run' '()V' in 'kotlinx/coroutines/DispatchedTask')}
  0x000001bd405fbe14: 0048 ba88 | 64e4 99bd | 0100 00ff | 82a0 0500 

  0x000001bd405fbe24: ;   {metadata(method data for {method} {0x000001bd985013b0} 'run' '()V' in 'kotlinx/coroutines/DispatchedTask')}
  0x000001bd405fbe24: 0048 ba88 | 64e4 99bd | 0100 00ff | 8250 0600 | 0048 8b84 | 2428 0100 

  0x000001bd405fbe3c: ;   {metadata(method data for {method} {0x000001bd985013b0} 'run' '()V' in 'kotlinx/coroutines/DispatchedTask')}
  0x000001bd405fbe3c: 0048 ba88 | 64e4 99bd | 0100 0048 | 8382 e806 

  0x000001bd405fbe4c: ;   {metadata(method data for {method} {0x000001bd98520520} 'createFailure' '(Ljava/lang/Throwable;)Ljava/lang/Object;' in 'kotlin/ResultKt')}
  0x000001bd405fbe4c: 0000 0148 | baa8 cde1 | 99bd 0100 | 008b b2cc | 0000 0083 | c602 89b2 | cc00 0000 | 81e6 feff 
  0x000001bd405fbe6c: 1f00 85f6 | 0f84 4a15 

  0x000001bd405fbe74: ;   {metadata(method data for {method} {0x000001bd98520520} 'createFailure' '(Ljava/lang/Throwable;)Ljava/lang/Object;' in 'kotlin/ResultKt')}
  0x000001bd405fbe74: 0000 48ba | a8cd e199 | bd01 0000 | 4883 8210 | 0100 0001 

  0x000001bd405fbe88: ;   {metadata(method data for {method} {0x000001bd98415410} 'checkNotNullParameter' '(Ljava/lang/Object;Ljava/lang/String;)V' in 'kotlin/jvm/internal/Intrinsics')}
  0x000001bd405fbe88: 48ba b0c3 | 5b98 bd01 | 0000 8bb2 | cc00 0000 | 83c6 0289 | b2cc 0000 | 0081 e6fe | ff1f 0085 
  0x000001bd405fbea8: f60f 8432 | 1500 0048 

  0x000001bd405fbeb0: ;   {metadata(method data for {method} {0x000001bd98415410} 'checkNotNullParameter' '(Ljava/lang/Object;Ljava/lang/String;)V' in 'kotlin/jvm/internal/Intrinsics')}
  0x000001bd405fbeb0: 85c0 48ba | b0c3 5b98 | bd01 0000 | 48c7 c610 | 0100 0075 | 0748 c7c6 | 2001 0000 | 488b 3c32 
  0x000001bd405fbed0: 488d 7f01 | 4889 3c32 | 0f85 1602 

  0x000001bd405fbedc: ;   {metadata(method data for {method} {0x000001bd98415410} 'checkNotNullParameter' '(Ljava/lang/Object;Ljava/lang/String;)V' in 'kotlin/jvm/internal/Intrinsics')}
  0x000001bd405fbedc: 0000 48ba | b0c3 5b98 | bd01 0000 | 4883 8230 | 0100 0001 

  0x000001bd405fbef0: ;   {metadata(method data for {method} {0x000001bd98415590} 'throwParameterIsNullNPE' '(Ljava/lang/String;)V' in 'kotlin/jvm/internal/Intrinsics')}
  0x000001bd405fbef0: 48ba 38c5 | 5b98 bd01 | 0000 8bb2 | cc00 0000 | 83c6 0289 | b2cc 0000 | 0081 e6fe | ff1f 0085 
  0x000001bd405fbf10: f60f 84eb | 1400 0090 

  0x000001bd405fbf18: ;   {no_reloc}
  0x000001bd405fbf18: e915 1500 | 0000 0000 | 0000 498b | 87b8 0100 | 0048 8d78 | 3049 3bbf | c801 0000 | 0f87 0215 
  0x000001bd405fbf38: 0000 4989 | bfb8 0100 | 0048 c700 | 0100 0000 | 488b ca49 | ba00 0000 | 57bd 0100 | 0049 2bca 
  0x000001bd405fbf58: 8948 0848 | 33c9 8948 | 0c48 33c9 | 4889 4810 | 4889 4818 | 4889 4820 | 4889 4828 

  0x000001bd405fbf74: ;   {metadata(method data for {method} {0x000001bd98415590} 'throwParameterIsNullNPE' '(Ljava/lang/String;)V' in 'kotlin/jvm/internal/Intrinsics')}
  0x000001bd405fbf74: 48ba 38c5 | 5b98 bd01 | 0000 4883 | 8210 0100 

  0x000001bd405fbf84: ;   {oop("exception"{0x0000000701685828})}
  0x000001bd405fbf84: 0001 48ba | 2858 6801 | 0700 0000 | 4889 8424 | 3001 0000 | 0f1f 8000 

  0x000001bd405fbf9c: ;   {static_call}
  0x000001bd405fbf9c: 0000 00e8 

  0x000001bd405fbfa0: ; ImmutableOopMap {[176]=Oop [208]=Oop [216]=Oop [224]=Oop [232]=Oop [296]=Oop [304]=Oop }
                      ;*invokestatic createParameterIsNullExceptionMessage {reexecute=0 rethrow=0 return_oop=0}
                      ; - kotlin.jvm.internal.Intrinsics::throwParameterIsNullNPE@5 (line 140)
                      ; - kotlin.jvm.internal.Intrinsics::checkNotNullParameter@5 (line 131)
                      ; - kotlin.ResultKt::createFailure@3
                      ; - kotlinx.coroutines.DispatchedTask::run@246 (line 232)
  0x000001bd405fbfa0: dc30 0407 

  0x000001bd405fbfa4: ;   {other}
  0x000001bd405fbfa4: 0f1f 8400 | 1420 0016 | 4c8b 8424 | 3001 0000 

  0x000001bd405fbfb4: ;   {metadata(method data for {method} {0x000001bd98415590} 'throwParameterIsNullNPE' '(Ljava/lang/String;)V' in 'kotlin/jvm/internal/Intrinsics')}
  0x000001bd405fbfb4: 48ba 38c5 | 5b98 bd01 | 0000 4883 | 8220 0100 | 0001 4c8b | c048 8b94 | 2430 0100 | 0066 0f1f 
  0x000001bd405fbfd4: ;   {optimized virtual_call}
  0x000001bd405fbfd4: 4400 00e8 

  0x000001bd405fbfd8: ; ImmutableOopMap {[176]=Oop [208]=Oop [216]=Oop [224]=Oop [232]=Oop [296]=Oop [304]=Oop }
                      ;*invokespecial <init> {reexecute=0 rethrow=0 return_oop=0}
                      ; - kotlin.jvm.internal.Intrinsics::throwParameterIsNullNPE@8 (line 140)
                      ; - kotlin.jvm.internal.Intrinsics::checkNotNullParameter@5 (line 131)
                      ; - kotlin.ResultKt::createFailure@3
                      ; - kotlinx.coroutines.DispatchedTask::run@246 (line 232)
  0x000001bd405fbfd8: a42a 0407 

  0x000001bd405fbfdc: ;   {other}
  0x000001bd405fbfdc: 0f1f 8400 | 4c20 0017 

  0x000001bd405fbfe4: ;   {metadata(method data for {method} {0x000001bd98415590} 'throwParameterIsNullNPE' '(Ljava/lang/String;)V' in 'kotlin/jvm/internal/Intrinsics')}
  0x000001bd405fbfe4: 48ba 38c5 | 5b98 bd01 | 0000 4883 | 8230 0100 

  0x000001bd405fbff4: ;   {metadata(method data for {method} {0x000001bd984164f8} 'sanitizeStackTrace' '(Ljava/lang/Throwable;)Ljava/lang/Throwable;' in 'kotlin/jvm/internal/Intrinsics')}
  0x000001bd405fbff4: 0001 48ba | 18cc 5b98 | bd01 0000 | 8bb2 cc00 | 0000 83c6 | 0289 b2cc | 0000 0081 | e6fe ff1f 
  0x000001bd405fc014: 0085 f60f | 842c 1400 

  0x000001bd405fc01c: ;   {oop(a 'java/lang/Class'{0x000000070167dbd0} = 'kotlin/jvm/internal/Intrinsics')}
  0x000001bd405fc01c: 0048 bad0 | db67 0107 | 0000 0048 

  0x000001bd405fc028: ;   {metadata(method data for {method} {0x000001bd984164f8} 'sanitizeStackTrace' '(Ljava/lang/Throwable;)Ljava/lang/Throwable;' in 'kotlin/jvm/internal/Intrinsics')}
  0x000001bd405fc028: 8bf2 48bf | 18cc 5b98 | bd01 0000 | 4883 8710 | 0100 0001 

  0x000001bd405fc03c: ;   {metadata(method data for {method} {0x000001bd5746b368} 'getName' '()Ljava/lang/String;' in 'java/lang/Class')}
  0x000001bd405fc03c: 48be c074 | 0398 bd01 | 0000 8bbe | cc00 0000 | 83c7 0289 | becc 0000 | 0081 e7fe | ff1f 0085 
  0x000001bd405fc05c: ff0f 8407 | 1400 008b | 522c 48c1 | e203 4885 

  0x000001bd405fc06c: ;   {metadata(method data for {method} {0x000001bd5746b368} 'getName' '()Ljava/lang/String;' in 'java/lang/Class')}
  0x000001bd405fc06c: d248 bec0 | 7403 98bd | 0100 0048 | c7c7 1001 | 0000 7407 | 48c7 c720 | 0100 0048 | 8b1c 3e48 
  0x000001bd405fc08c: 8d5b 0148 | 891c 3e0f | 8418 0000 

  0x000001bd405fc098: ;   {metadata(method data for {method} {0x000001bd5746b368} 'getName' '()Ljava/lang/String;' in 'java/lang/Class')}
  0x000001bd405fc098: 0048 bec0 | 7403 98bd | 0100 00ff | 8630 0100 | 0048 8bf2 | e936 0000 

  0x000001bd405fc0b0: ;   {oop(a 'java/lang/Class'{0x000000070167dbd0} = 'kotlin/jvm/internal/Intrinsics')}
  0x000001bd405fc0b0: 0048 bad0 | db67 0107 | 0000 0048 

  0x000001bd405fc0bc: ;   {metadata(method data for {method} {0x000001bd5746b368} 'getName' '()Ljava/lang/String;' in 'java/lang/Class')}
  0x000001bd405fc0bc: 8bf2 48bf | c074 0398 | bd01 0000 | 4883 8748 | 0100 0001 | 0f1f 8000 

  0x000001bd405fc0d4: ;   {optimized virtual_call}
  0x000001bd405fc0d4: 0000 00e8 

  0x000001bd405fc0d8: ; ImmutableOopMap {[176]=Oop [208]=Oop [216]=Oop [224]=Oop [232]=Oop [296]=Oop [304]=Oop }
                      ;*invokevirtual initClassName {reexecute=0 rethrow=0 return_oop=0}
                      ; - java.lang.Class::getName@14 (line 950)
                      ; - kotlin.jvm.internal.Intrinsics::sanitizeStackTrace@3 (line 253)
                      ; - kotlin.jvm.internal.Intrinsics::throwParameterIsNullNPE@11 (line 140)
                      ; - kotlin.jvm.internal.Intrinsics::checkNotNullParameter@5 (line 131)
                      ; - kotlin.ResultKt::createFailure@3
                      ; - kotlinx.coroutines.DispatchedTask::run@246 (line 232)
  0x000001bd405fc0d8: a429 0407 

  0x000001bd405fc0dc: ;   {other}
  0x000001bd405fc0dc: 0f1f 8400 | 4c21 0018 | 488b f048 | 8b84 2430 | 0100 00e9 | 9b06 0000 

  0x000001bd405fc0f4: ;   {metadata('kotlin/Result$Failure')}
  0x000001bd405fc0f4: 48ba 48ea | 0858 bd01 | 0000 488b | d849 8b87 | b801 0000 | 488d 7810 | 493b bfc8 | 0100 000f 
  0x000001bd405fc114: 8777 1300 | 0049 89bf | b801 0000 | 48c7 0001 | 0000 0048 | 8bca 49ba | 0000 0057 | bd01 0000 
  0x000001bd405fc134: 492b ca89 | 4808 4833 | c989 480c | 4833 c948 | 8984 2440 | 0100 0048 

  0x000001bd405fc14c: ;   {metadata(method data for {method} {0x000001bd98520520} 'createFailure' '(Ljava/lang/Throwable;)Ljava/lang/Object;' in 'kotlin/ResultKt')}
  0x000001bd405fc14c: 8bd0 48be | a8cd e199 | bd01 0000 | 4883 8620 | 0100 0001 

  0x000001bd405fc160: ;   {metadata(method data for {method} {0x000001bd9850ee40} '<init>' '(Ljava/lang/Throwable;)V' in 'kotlin/Result$Failure')}
  0x000001bd405fc160: 48ba 18cf | e199 bd01 | 0000 8bb2 | cc00 0000 | 83c6 0289 | b2cc 0000 | 0081 e6fe | ff1f 0085 
  0x000001bd405fc180: f60f 8416 

  0x000001bd405fc184: ;   {metadata(method data for {method} {0x000001bd9850ee40} '<init>' '(Ljava/lang/Throwable;)V' in 'kotlin/Result$Failure')}
  0x000001bd405fc184: 1300 0048 | ba18 cfe1 | 99bd 0100 | 0048 8382 | 1001 0000 

  0x000001bd405fc198: ;   {metadata(method data for {method} {0x000001bd98415410} 'checkNotNullParameter' '(Ljava/lang/Object;Ljava/lang/String;)V' in 'kotlin/jvm/internal/Intrinsics')}
  0x000001bd405fc198: 0148 bab0 | c35b 98bd | 0100 008b | b2cc 0000 | 0083 c602 | 89b2 cc00 | 0000 81e6 | feff 1f00 
  0x000001bd405fc1b8: 85f6 0f84 | fe12 0000 

  0x000001bd405fc1c0: ;   {metadata(method data for {method} {0x000001bd98415410} 'checkNotNullParameter' '(Ljava/lang/Object;Ljava/lang/String;)V' in 'kotlin/jvm/internal/Intrinsics')}
  0x000001bd405fc1c0: 4885 db48 | bab0 c35b | 98bd 0100 | 0048 c7c6 | 1001 0000 | 7507 48c7 | c620 0100 | 0048 8b3c 
  0x000001bd405fc1e0: 3248 8d7f | 0148 893c | 320f 8515 

  0x000001bd405fc1ec: ;   {metadata(method data for {method} {0x000001bd98415410} 'checkNotNullParameter' '(Ljava/lang/Object;Ljava/lang/String;)V' in 'kotlin/jvm/internal/Intrinsics')}
  0x000001bd405fc1ec: 0200 0048 | bab0 c35b | 98bd 0100 | 0048 8382 | 3001 0000 

  0x000001bd405fc200: ;   {metadata(method data for {method} {0x000001bd98415590} 'throwParameterIsNullNPE' '(Ljava/lang/String;)V' in 'kotlin/jvm/internal/Intrinsics')}
  0x000001bd405fc200: 0148 ba38 | c55b 98bd | 0100 008b | b2cc 0000 | 0083 c602 | 89b2 cc00 | 0000 81e6 | feff 1f00 
  0x000001bd405fc220: 85f6 0f84 | b712 0000 

  0x000001bd405fc228: ;   {no_reloc}
  0x000001bd405fc228: e9e2 1200 | 0000 0000 | 0000 498b | 87b8 0100 | 0048 8d78 | 3049 3bbf | c801 0000 | 0f87 cf12 
  0x000001bd405fc248: 0000 4989 | bfb8 0100 | 0048 c700 | 0100 0000 | 488b ca49 | ba00 0000 | 57bd 0100 | 0049 2bca 
  0x000001bd405fc268: 8948 0848 | 33c9 8948 | 0c48 33c9 | 4889 4810 | 4889 4818 | 4889 4820 | 4889 4828 

  0x000001bd405fc284: ;   {metadata(method data for {method} {0x000001bd98415590} 'throwParameterIsNullNPE' '(Ljava/lang/String;)V' in 'kotlin/jvm/internal/Intrinsics')}
  0x000001bd405fc284: 48ba 38c5 | 5b98 bd01 | 0000 4883 | 8210 0100 

  0x000001bd405fc294: ;   {oop("exception"{0x0000000701685828})}
  0x000001bd405fc294: 0001 48ba | 2858 6801 | 0700 0000 | 4889 8424 | 3801 0000 | 0f1f 8000 

  0x000001bd405fc2ac: ;   {static_call}
  0x000001bd405fc2ac: 0000 00e8 

  0x000001bd405fc2b0: ; ImmutableOopMap {[176]=Oop [208]=Oop [216]=Oop [224]=Oop [232]=Oop [296]=Oop [312]=Oop [320]=Oop }
                      ;*invokestatic createParameterIsNullExceptionMessage {reexecute=0 rethrow=0 return_oop=0}
                      ; - kotlin.jvm.internal.Intrinsics::throwParameterIsNullNPE@5 (line 140)
                      ; - kotlin.jvm.internal.Intrinsics::checkNotNullParameter@5 (line 131)
                      ; - kotlin.Result$Failure::<init>@3
                      ; - kotlin.ResultKt::createFailure@11 (line 122)
                      ; - kotlinx.coroutines.DispatchedTask::run@246 (line 232)
  0x000001bd405fc2b0: cc2d 0407 

  0x000001bd405fc2b4: ;   {other}
  0x000001bd405fc2b4: 0f1f 8400 | 2423 0019 | 4c8b 8424 | 3801 0000 

  0x000001bd405fc2c4: ;   {metadata(method data for {method} {0x000001bd98415590} 'throwParameterIsNullNPE' '(Ljava/lang/String;)V' in 'kotlin/jvm/internal/Intrinsics')}
  0x000001bd405fc2c4: 48ba 38c5 | 5b98 bd01 | 0000 4883 | 8220 0100 | 0001 4c8b | c048 8b94 | 2438 0100 | 0066 0f1f 
  0x000001bd405fc2e4: ;   {optimized virtual_call}
  0x000001bd405fc2e4: 4400 00e8 

  0x000001bd405fc2e8: ; ImmutableOopMap {[176]=Oop [208]=Oop [216]=Oop [224]=Oop [232]=Oop [296]=Oop [312]=Oop [320]=Oop }
                      ;*invokespecial <init> {reexecute=0 rethrow=0 return_oop=0}
                      ; - kotlin.jvm.internal.Intrinsics::throwParameterIsNullNPE@8 (line 140)
                      ; - kotlin.jvm.internal.Intrinsics::checkNotNullParameter@5 (line 131)
                      ; - kotlin.Result$Failure::<init>@3
                      ; - kotlin.ResultKt::createFailure@11 (line 122)
                      ; - kotlinx.coroutines.DispatchedTask::run@246 (line 232)
  0x000001bd405fc2e8: 9427 0407 

  0x000001bd405fc2ec: ;   {other}
  0x000001bd405fc2ec: 0f1f 8400 | 5c23 001a 

  0x000001bd405fc2f4: ;   {metadata(method data for {method} {0x000001bd98415590} 'throwParameterIsNullNPE' '(Ljava/lang/String;)V' in 'kotlin/jvm/internal/Intrinsics')}
  0x000001bd405fc2f4: 48ba 38c5 | 5b98 bd01 | 0000 4883 | 8230 0100 

  0x000001bd405fc304: ;   {metadata(method data for {method} {0x000001bd984164f8} 'sanitizeStackTrace' '(Ljava/lang/Throwable;)Ljava/lang/Throwable;' in 'kotlin/jvm/internal/Intrinsics')}
  0x000001bd405fc304: 0001 48ba | 18cc 5b98 | bd01 0000 | 8bb2 cc00 | 0000 83c6 | 0289 b2cc | 0000 0081 | e6fe ff1f 
  0x000001bd405fc324: 0085 f60f | 84f9 1100 

  0x000001bd405fc32c: ;   {oop(a 'java/lang/Class'{0x000000070167dbd0} = 'kotlin/jvm/internal/Intrinsics')}
  0x000001bd405fc32c: 0048 bad0 | db67 0107 | 0000 0048 

  0x000001bd405fc338: ;   {metadata(method data for {method} {0x000001bd984164f8} 'sanitizeStackTrace' '(Ljava/lang/Throwable;)Ljava/lang/Throwable;' in 'kotlin/jvm/internal/Intrinsics')}
  0x000001bd405fc338: 8bf2 48bf | 18cc 5b98 | bd01 0000 | 4883 8710 | 0100 0001 

  0x000001bd405fc34c: ;   {metadata(method data for {method} {0x000001bd5746b368} 'getName' '()Ljava/lang/String;' in 'java/lang/Class')}
  0x000001bd405fc34c: 48be c074 | 0398 bd01 | 0000 8bbe | cc00 0000 | 83c7 0289 | becc 0000 | 0081 e7fe | ff1f 0085 
  0x000001bd405fc36c: ff0f 84d4 | 1100 008b | 522c 48c1 | e203 4885 

  0x000001bd405fc37c: ;   {metadata(method data for {method} {0x000001bd5746b368} 'getName' '()Ljava/lang/String;' in 'java/lang/Class')}
  0x000001bd405fc37c: d248 bec0 | 7403 98bd | 0100 0048 | c7c7 1001 | 0000 7407 | 48c7 c720 | 0100 0048 | 8b1c 3e48 
  0x000001bd405fc39c: 8d5b 0148 | 891c 3e0f | 8418 0000 

  0x000001bd405fc3a8: ;   {metadata(method data for {method} {0x000001bd5746b368} 'getName' '()Ljava/lang/String;' in 'java/lang/Class')}
  0x000001bd405fc3a8: 0048 bec0 | 7403 98bd | 0100 00ff | 8630 0100 | 0048 8bf2 | e936 0000 

  0x000001bd405fc3c0: ;   {oop(a 'java/lang/Class'{0x000000070167dbd0} = 'kotlin/jvm/internal/Intrinsics')}
  0x000001bd405fc3c0: 0048 bad0 | db67 0107 | 0000 0048 

  0x000001bd405fc3cc: ;   {metadata(method data for {method} {0x000001bd5746b368} 'getName' '()Ljava/lang/String;' in 'java/lang/Class')}
  0x000001bd405fc3cc: 8bf2 48bf | c074 0398 | bd01 0000 | 4883 8748 | 0100 0001 | 0f1f 8000 

  0x000001bd405fc3e4: ;   {optimized virtual_call}
  0x000001bd405fc3e4: 0000 00e8 

  0x000001bd405fc3e8: ; ImmutableOopMap {[176]=Oop [208]=Oop [216]=Oop [224]=Oop [232]=Oop [296]=Oop [312]=Oop [320]=Oop }
                      ;*invokevirtual initClassName {reexecute=0 rethrow=0 return_oop=0}
                      ; - java.lang.Class::getName@14 (line 950)
                      ; - kotlin.jvm.internal.Intrinsics::sanitizeStackTrace@3 (line 253)
                      ; - kotlin.jvm.internal.Intrinsics::throwParameterIsNullNPE@11 (line 140)
                      ; - kotlin.jvm.internal.Intrinsics::checkNotNullParameter@5 (line 131)
                      ; - kotlin.Result$Failure::<init>@3
                      ; - kotlin.ResultKt::createFailure@11 (line 122)
                      ; - kotlinx.coroutines.DispatchedTask::run@246 (line 232)
  0x000001bd405fc3e8: 9426 0407 

  0x000001bd405fc3ec: ;   {other}
  0x000001bd405fc3ec: 0f1f 8400 | 5c24 001b | 488b f048 | 8b84 2438 | 0100 00e9 | 5e02 0000 | 488b fb4c 

  0x000001bd405fc408: ;   {metadata(method data for {method} {0x000001bd9850ee40} '<init>' '(Ljava/lang/Throwable;)V' in 'kotlin/Result$Failure')}
  0x000001bd405fc408: 8bc0 48ba | 18cf e199 | bd01 0000 | 4883 8220 | 0100 0001 

  0x000001bd405fc41c: ;   {metadata(method data for {method} {0x000001bd57476650} '<init>' '()V' in 'java/lang/Object')}
  0x000001bd405fc41c: 49b8 5068 | 0098 bd01 | 0000 418b | 90cc 0000 | 0083 c202 | 4189 90cc | 0000 0081 | e2fe ff1f 
  0x000001bd405fc43c: 0085 d20f | 8428 1100 | 0045 0fbe | 4740 4585 | c00f 853b | 1100 004c | 8bd7 49c1 | ea03 4489 
  0x000001bd405fc45c: 500c 4c8b | c04c 33c7 | 49c1 e815 | 4983 f800 | 0f85 3c11 

  0x000001bd405fc470: ;   {metadata(method data for {method} {0x000001bd985013b0} 'run' '()V' in 'kotlinx/coroutines/DispatchedTask')}
  0x000001bd405fc470: 0000 49b8 | 8864 e499 | bd01 0000 | 4983 80f8 | 0600 0001 

  0x000001bd405fc484: ;   {metadata(method data for {method} {0x000001bd9850cf08} 'constructor-impl' '(Ljava/lang/Object;)Ljava/lang/Object;' in 'kotlin/Result')}
  0x000001bd405fc484: 49b8 c899 | d799 bd01 | 0000 418b | 90cc 0000 | 0083 c202 | 4189 90cc | 0000 0081 | e2fe ff1f 
  0x000001bd405fc4a4: 0085 d20f | 8419 1100 | 0048 8bb4 | 24d0 0000 

  0x000001bd405fc4b4: ;   {metadata(method data for {method} {0x000001bd985013b0} 'run' '()V' in 'kotlinx/coroutines/DispatchedTask')}
  0x000001bd405fc4b4: 0049 b888 | 64e4 99bd | 0100 008b | 7608 49ba | 0000 0057 | bd01 0000 | 4903 f249 | 3bb0 1807 
  0x000001bd405fc4d4: 0000 750d | 4983 8020 | 0700 0001 | e960 0000 | 0049 3bb0 | 2807 0000 | 750d 4983 | 8030 0700 
  0x000001bd405fc4f4: 0001 e94a | 0000 0049 | 83b8 1807 | 0000 0075 | 1749 89b0 | 1807 0000 | 49c7 8020 | 0700 0001 
  0x000001bd405fc514: 0000 00e9 | 2900 0000 | 4983 b828 | 0700 0000 | 7517 4989 | b028 0700 | 0049 c780 | 3007 0000 
  0x000001bd405fc534: 0100 0000 | e908 0000 | 0049 8380 | 0807 0000 | 014c 8bc0 | 488b 9424 | d000 0000 | 0f1f 4400 
  0x000001bd405fc554: 0048 b8ff | ffff ffff 

  0x000001bd405fc55c: ;   {virtual_call}
  0x000001bd405fc55c: ffff ffe8 

  0x000001bd405fc560: ; ImmutableOopMap {[176]=Oop [216]=Oop [224]=Oop [232]=Oop }
                      ;*invokeinterface resumeWith {reexecute=0 rethrow=0 return_oop=0}
                      ; - kotlinx.coroutines.DispatchedTask::run@252 (line 232)
  0x000001bd405fc560: 1c28 0407 

  0x000001bd405fc564: ;   {other}
  0x000001bd405fc564: 0f1f 8400 | d425 001c 

  0x000001bd405fc56c: ;   {metadata(method data for {method} {0x000001bd985013b0} 'run' '()V' in 'kotlinx/coroutines/DispatchedTask')}
  0x000001bd405fc56c: 48ba 8864 | e499 bd01 | 0000 ff82 | 4007 0000 | 488b 8424 | e800 0000 

  0x000001bd405fc584: ;   {metadata(method data for {method} {0x000001bd985013b0} 'run' '()V' in 'kotlinx/coroutines/DispatchedTask')}
  0x000001bd405fc584: 4885 c048 | ba88 64e4 | 99bd 0100 | 0048 c7c6 | 6808 0000 | 7407 48c7 | c678 0800 | 0048 8b3c 
  0x000001bd405fc5a4: 3248 8d7f | 0148 893c | 320f 8457 | 0000 0048 | 3b00 488b 

  0x000001bd405fc5b8: ;   {metadata(method data for {method} {0x000001bd985013b0} 'run' '()V' in 'kotlinx/coroutines/DispatchedTask')}
  0x000001bd405fc5b8: d048 be88 | 64e4 99bd | 0100 0048 | 8386 8808 | 0000 0148 

  0x000001bd405fc5cc: ;   {optimized virtual_call}
  0x000001bd405fc5cc: 8bd0 90e8 

  0x000001bd405fc5d0: ; ImmutableOopMap {[176]=Oop [216]=Oop [224]=Oop }
                      ;*invokevirtual clearThreadContext {reexecute=0 rethrow=0 return_oop=0}
                      ; - kotlinx.coroutines.DispatchedTask::run@319 (line 236)
  0x000001bd405fc5d0: ac24 0407 

  0x000001bd405fc5d4: ;   {other}
  0x000001bd405fc5d4: 0f1f 8400 | 4426 001d 

  0x000001bd405fc5dc: ;   {metadata(method data for {method} {0x000001bd985013b0} 'run' '()V' in 'kotlinx/coroutines/DispatchedTask')}
  0x000001bd405fc5dc: 85c0 48ba | 8864 e499 | bd01 0000 | 49c7 c0c0 | 0800 0074 | 0749 c7c0 | d008 0000 | 4a8b 3402 
  0x000001bd405fc5fc: 488d 7601 | 4a89 3402 | 0f84 3200 

  0x000001bd405fc608: ;   {metadata(method data for {method} {0x000001bd985013b0} 'run' '()V' in 'kotlinx/coroutines/DispatchedTask')}
  0x000001bd405fc608: 0000 48ba | 8864 e499 | bd01 0000 | 4883 82e0 | 0800 0001 | 488b 9424 | d800 0000 | 4c8b 8424 
  0x000001bd405fc628: e000 0000 

  0x000001bd405fc62c: ;   {static_call}
  0x000001bd405fc62c: 6666 90e8 

  0x000001bd405fc630: ; ImmutableOopMap {[176]=Oop }
                      ;*invokestatic restoreThreadContext {reexecute=0 rethrow=0 return_oop=0}
                      ; - kotlinx.coroutines.DispatchedTask::run@329 (line 237)
  0x000001bd405fc630: cc45 feff 

  0x000001bd405fc634: ;   {other}
  0x000001bd405fc634: 0f1f 8400 | a426 001e 

  0x000001bd405fc63c: ;   {metadata(method data for {method} {0x000001bd985013b0} 'run' '()V' in 'kotlinx/coroutines/DispatchedTask')}
  0x000001bd405fc63c: 48ba 8864 | e499 bd01 | 0000 ff82 | f008 0000 | 4881 c470 | 0100 005d 

  0x000001bd405fc654: ;   {poll_return}
  0x000001bd405fc654: 493b a748 | 0400 000f | 878b 0f00 

  0x000001bd405fc660: ;   {metadata(method data for {method} {0x000001bd984164f8} 'sanitizeStackTrace' '(Ljava/lang/Throwable;)Ljava/lang/Throwable;' in 'kotlin/jvm/internal/Intrinsics')}
  0x000001bd405fc660: 00c3 48ba | 18cc 5b98 | bd01 0000 | 4883 8248 | 0100 0001 | 488b d04c | 8bc6 0f1f 

  0x000001bd405fc67c: ;   {static_call}
  0x000001bd405fc67c: 4400 00e8 

  0x000001bd405fc680: ; ImmutableOopMap {[176]=Oop [208]=Oop [216]=Oop [224]=Oop [232]=Oop [296]=Oop [320]=Oop }
                      ;*invokestatic sanitizeStackTrace {reexecute=0 rethrow=0 return_oop=0}
                      ; - kotlin.jvm.internal.Intrinsics::sanitizeStackTrace@6 (line 253)
                      ; - kotlin.jvm.internal.Intrinsics::throwParameterIsNullNPE@11 (line 140)
                      ; - kotlin.jvm.internal.Intrinsics::checkNotNullParameter@5 (line 131)
                      ; - kotlin.Result$Failure::<init>@3
                      ; - kotlin.ResultKt::createFailure@11 (line 122)
                      ; - kotlinx.coroutines.DispatchedTask::run@246 (line 232)
  0x000001bd405fc680: fc29 0407 

  0x000001bd405fc684: ;   {other}
  0x000001bd405fc684: 0f1f 8400 | f426 001f | 4c8b 8424 | 4001 0000 | 4885 c075 

  0x000001bd405fc698: ;   {metadata(method data for {method} {0x000001bd98415590} 'throwParameterIsNullNPE' '(Ljava/lang/String;)V' in 'kotlin/jvm/internal/Intrinsics')}
  0x000001bd405fc698: 1648 be38 | c55b 98bd | 0100 0080 | 8e39 0100 | 0001 e9cd 

  0x000001bd405fc6ac: ;   {metadata('java/lang/NullPointerException')}
  0x000001bd405fc6ac: 0000 0048 | bf88 cd06 | 57bd 0100 | 008b 7008 | 49ba 0000 | 0057 bd01 | 0000 4903 | f248 3b7e 
  0x000001bd405fc6cc: 500f 858d 

  0x000001bd405fc6d0: ;   {metadata(method data for {method} {0x000001bd98415590} 'throwParameterIsNullNPE' '(Ljava/lang/String;)V' in 'kotlin/jvm/internal/Intrinsics')}
  0x000001bd405fc6d0: 0000 0048 | be38 c55b | 98bd 0100 | 008b 7808 | 49ba 0000 | 0057 bd01 | 0000 4903 | fa48 3bbe 
  0x000001bd405fc6f0: 5001 0000 | 750d 4883 | 8658 0100 | 0001 e979 | 0000 0048 | 3bbe 6001 | 0000 750d | 4883 8668 
  0x000001bd405fc710: 0100 0001 | e963 0000 | 0048 83be | 5001 0000 | 0075 1748 | 89be 5001 | 0000 48c7 | 8658 0100 
  0x000001bd405fc730: 0001 0000 | 00e9 4200 | 0000 4883 | be60 0100 | 0000 7517 | 4889 be60 | 0100 0048 | c786 6801 
  0x000001bd405fc750: 0000 0100 | 0000 e921 | 0000 00e9 | 1c00 0000 

  0x000001bd405fc760: ;   {metadata(method data for {method} {0x000001bd98415590} 'throwParameterIsNullNPE' '(Ljava/lang/String;)V' in 'kotlin/jvm/internal/Intrinsics')}
  0x000001bd405fc760: 48be 38c5 | 5b98 bd01 | 0000 4883 | ae40 0100 | 0001 e98b | 0e00 00e9 | 0000 0000 

  0x000001bd405fc77c: ; implicit exception: dispatches to 0x000001bd405fd60b
                      ; ImmutableOopMap {r8=Oop rax=Oop [176]=Oop [208]=Oop [216]=Oop [224]=Oop [232]=Oop [296]=Oop [320]=Oop }
                      ;*athrow {reexecute=1 rethrow=0 return_oop=0}
                      ; - (reexecute) kotlin.jvm.internal.Intrinsics::throwParameterIsNullNPE@17 (line 140)
                      ; - kotlin.jvm.internal.Intrinsics::checkNotNullParameter@5 (line 131)
                      ; - kotlin.Result$Failure::<init>@3
                      ; - kotlin.ResultKt::createFailure@11 (line 122)
                      ; - kotlinx.coroutines.DispatchedTask::run@246 (line 232)
                      ;   {section_word}
  0x000001bd405fc77c: 483b 0048 | ba7f c75f | 40bd 0100 

  0x000001bd405fc788: ;   {runtime_call handle_exception_nofpu Runtime1 stub}
  0x000001bd405fc788: 00e8 721e 

  0x000001bd405fc78c: ;   {metadata(method data for {method} {0x000001bd984164f8} 'sanitizeStackTrace' '(Ljava/lang/Throwable;)Ljava/lang/Throwable;' in 'kotlin/jvm/internal/Intrinsics')}
  0x000001bd405fc78c: 1007 9048 | ba18 cc5b | 98bd 0100 | 0048 8382 | 4801 0000 | 0148 8bd0 

  0x000001bd405fc7a4: ;   {static_call}
  0x000001bd405fc7a4: 4c8b c6e8 

  0x000001bd405fc7a8: ; ImmutableOopMap {[176]=Oop [208]=Oop [216]=Oop [224]=Oop [232]=Oop [296]=Oop }
                      ;*invokestatic sanitizeStackTrace {reexecute=0 rethrow=0 return_oop=0}
                      ; - kotlin.jvm.internal.Intrinsics::sanitizeStackTrace@6 (line 253)
                      ; - kotlin.jvm.internal.Intrinsics::throwParameterIsNullNPE@11 (line 140)
                      ; - kotlin.jvm.internal.Intrinsics::checkNotNullParameter@5 (line 131)
                      ; - kotlin.ResultKt::createFailure@3
                      ; - kotlinx.coroutines.DispatchedTask::run@246 (line 232)
  0x000001bd405fc7a8: d428 0407 

  0x000001bd405fc7ac: ;   {other}
  0x000001bd405fc7ac: 0f1f 8400 | 1c28 0021 | 4c8b 8424 | 2801 0000 | 4885 c075 

  0x000001bd405fc7c0: ;   {metadata(method data for {method} {0x000001bd98415590} 'throwParameterIsNullNPE' '(Ljava/lang/String;)V' in 'kotlin/jvm/internal/Intrinsics')}
  0x000001bd405fc7c0: 1648 be38 | c55b 98bd | 0100 0080 | 8e39 0100 | 0001 e9cd 

  0x000001bd405fc7d4: ;   {metadata('java/lang/NullPointerException')}
  0x000001bd405fc7d4: 0000 0048 | bf88 cd06 | 57bd 0100 | 008b 7008 | 49ba 0000 | 0057 bd01 | 0000 4903 | f248 3b7e 
  0x000001bd405fc7f4: 500f 858d 

  0x000001bd405fc7f8: ;   {metadata(method data for {method} {0x000001bd98415590} 'throwParameterIsNullNPE' '(Ljava/lang/String;)V' in 'kotlin/jvm/internal/Intrinsics')}
  0x000001bd405fc7f8: 0000 0048 | be38 c55b | 98bd 0100 | 008b 7808 | 49ba 0000 | 0057 bd01 | 0000 4903 | fa48 3bbe 
  0x000001bd405fc818: 5001 0000 | 750d 4883 | 8658 0100 | 0001 e979 | 0000 0048 | 3bbe 6001 | 0000 750d | 4883 8668 
  0x000001bd405fc838: 0100 0001 | e963 0000 | 0048 83be | 5001 0000 | 0075 1748 | 89be 5001 | 0000 48c7 | 8658 0100 
  0x000001bd405fc858: 0001 0000 | 00e9 4200 | 0000 4883 | be60 0100 | 0000 7517 | 4889 be60 | 0100 0048 | c786 6801 
  0x000001bd405fc878: 0000 0100 | 0000 e921 | 0000 00e9 | 1c00 0000 

  0x000001bd405fc888: ;   {metadata(method data for {method} {0x000001bd98415590} 'throwParameterIsNullNPE' '(Ljava/lang/String;)V' in 'kotlin/jvm/internal/Intrinsics')}
  0x000001bd405fc888: 48be 38c5 | 5b98 bd01 | 0000 4883 | ae40 0100 | 0001 e971 | 0d00 00e9 | 0000 0000 

  0x000001bd405fc8a4: ; implicit exception: dispatches to 0x000001bd405fd619
                      ; ImmutableOopMap {r8=Oop rax=Oop [176]=Oop [208]=Oop [216]=Oop [224]=Oop [232]=Oop [296]=Oop }
                      ;*athrow {reexecute=1 rethrow=0 return_oop=0}
                      ; - (reexecute) kotlin.jvm.internal.Intrinsics::throwParameterIsNullNPE@17 (line 140)
                      ; - kotlin.jvm.internal.Intrinsics::checkNotNullParameter@5 (line 131)
                      ; - kotlin.ResultKt::createFailure@3
                      ; - kotlinx.coroutines.DispatchedTask::run@246 (line 232)
                      ;   {section_word}
  0x000001bd405fc8a4: 483b 0048 | baa7 c85f | 40bd 0100 

  0x000001bd405fc8b0: ;   {runtime_call handle_exception_nofpu Runtime1 stub}
  0x000001bd405fc8b0: 00e8 4a1d 

  0x000001bd405fc8b4: ;   {metadata(method data for {method} {0x000001bd984164f8} 'sanitizeStackTrace' '(Ljava/lang/Throwable;)Ljava/lang/Throwable;' in 'kotlin/jvm/internal/Intrinsics')}
  0x000001bd405fc8b4: 1007 9048 | ba18 cc5b | 98bd 0100 | 0048 8382 | 4801 0000 | 0148 8bd0 

  0x000001bd405fc8cc: ;   {static_call}
  0x000001bd405fc8cc: 4c8b c6e8 

  0x000001bd405fc8d0: ; ImmutableOopMap {[176]=Oop [208]=Oop [216]=Oop [224]=Oop [232]=Oop [256]=Oop [288]=Oop }
                      ;*invokestatic sanitizeStackTrace {reexecute=0 rethrow=0 return_oop=0}
                      ; - kotlin.jvm.internal.Intrinsics::sanitizeStackTrace@6 (line 253)
                      ; - kotlin.jvm.internal.Intrinsics::throwParameterIsNullNPE@11 (line 140)
                      ; - kotlin.jvm.internal.Intrinsics::checkNotNullParameter@5 (line 131)
                      ; - kotlin.Result$Failure::<init>@3
                      ; - kotlin.ResultKt::createFailure@11 (line 122)
                      ; - kotlinx.coroutines.DispatchedTask::run@273 (line 98)
  0x000001bd405fc8d0: ac27 0407 

  0x000001bd405fc8d4: ;   {other}
  0x000001bd405fc8d4: 0f1f 8400 | 4429 0023 | 4c8b 8424 | 2001 0000 | 4885 c075 

  0x000001bd405fc8e8: ;   {metadata(method data for {method} {0x000001bd98415590} 'throwParameterIsNullNPE' '(Ljava/lang/String;)V' in 'kotlin/jvm/internal/Intrinsics')}
  0x000001bd405fc8e8: 1648 be38 | c55b 98bd | 0100 0080 | 8e39 0100 | 0001 e9cd 

  0x000001bd405fc8fc: ;   {metadata('java/lang/NullPointerException')}
  0x000001bd405fc8fc: 0000 0048 | bf88 cd06 | 57bd 0100 | 008b 7008 | 49ba 0000 | 0057 bd01 | 0000 4903 | f248 3b7e 
  0x000001bd405fc91c: 500f 858d 

  0x000001bd405fc920: ;   {metadata(method data for {method} {0x000001bd98415590} 'throwParameterIsNullNPE' '(Ljava/lang/String;)V' in 'kotlin/jvm/internal/Intrinsics')}
  0x000001bd405fc920: 0000 0048 | be38 c55b | 98bd 0100 | 008b 7808 | 49ba 0000 | 0057 bd01 | 0000 4903 | fa48 3bbe 
  0x000001bd405fc940: 5001 0000 | 750d 4883 | 8658 0100 | 0001 e979 | 0000 0048 | 3bbe 6001 | 0000 750d | 4883 8668 
  0x000001bd405fc960: 0100 0001 | e963 0000 | 0048 83be | 5001 0000 | 0075 1748 | 89be 5001 | 0000 48c7 | 8658 0100 
  0x000001bd405fc980: 0001 0000 | 00e9 4200 | 0000 4883 | be60 0100 | 0000 7517 | 4889 be60 | 0100 0048 | c786 6801 
  0x000001bd405fc9a0: 0000 0100 | 0000 e921 | 0000 00e9 | 1c00 0000 

  0x000001bd405fc9b0: ;   {metadata(method data for {method} {0x000001bd98415590} 'throwParameterIsNullNPE' '(Ljava/lang/String;)V' in 'kotlin/jvm/internal/Intrinsics')}
  0x000001bd405fc9b0: 48be 38c5 | 5b98 bd01 | 0000 4883 | ae40 0100 | 0001 e957 | 0c00 00e9 | 0000 0000 

  0x000001bd405fc9cc: ; implicit exception: dispatches to 0x000001bd405fd627
                      ; ImmutableOopMap {r8=Oop rax=Oop [176]=Oop [208]=Oop [216]=Oop [224]=Oop [232]=Oop [256]=Oop [288]=Oop }
                      ;*athrow {reexecute=1 rethrow=0 return_oop=0}
                      ; - (reexecute) kotlin.jvm.internal.Intrinsics::throwParameterIsNullNPE@17 (line 140)
                      ; - kotlin.jvm.internal.Intrinsics::checkNotNullParameter@5 (line 131)
                      ; - kotlin.Result$Failure::<init>@3
                      ; - kotlin.ResultKt::createFailure@11 (line 122)
                      ; - kotlinx.coroutines.DispatchedTask::run@273 (line 98)
                      ;   {section_word}
  0x000001bd405fc9cc: 483b 0048 | bacf c95f | 40bd 0100 

  0x000001bd405fc9d8: ;   {runtime_call handle_exception_nofpu Runtime1 stub}
  0x000001bd405fc9d8: 00e8 221c 

  0x000001bd405fc9dc: ;   {metadata(method data for {method} {0x000001bd984164f8} 'sanitizeStackTrace' '(Ljava/lang/Throwable;)Ljava/lang/Throwable;' in 'kotlin/jvm/internal/Intrinsics')}
  0x000001bd405fc9dc: 1007 9048 | ba18 cc5b | 98bd 0100 | 0048 8382 | 4801 0000 | 0148 8bd0 

  0x000001bd405fc9f4: ;   {static_call}
  0x000001bd405fc9f4: 4c8b c6e8 

  0x000001bd405fc9f8: ; ImmutableOopMap {[176]=Oop [208]=Oop [216]=Oop [224]=Oop [232]=Oop [256]=Oop }
                      ;*invokestatic sanitizeStackTrace {reexecute=0 rethrow=0 return_oop=0}
                      ; - kotlin.jvm.internal.Intrinsics::sanitizeStackTrace@6 (line 253)
                      ; - kotlin.jvm.internal.Intrinsics::throwParameterIsNullNPE@11 (line 140)
                      ; - kotlin.jvm.internal.Intrinsics::checkNotNullParameter@5 (line 131)
                      ; - kotlin.ResultKt::createFailure@3
                      ; - kotlinx.coroutines.DispatchedTask::run@273 (line 98)
  0x000001bd405fc9f8: 8426 0407 

  0x000001bd405fc9fc: ;   {other}
  0x000001bd405fc9fc: 0f1f 8400 | 6c2a 0025 | 488b b424 | 0001 0000 | 488b bc24 | d000 0000 | 4885 c075 

  0x000001bd405fca18: ;   {metadata(method data for {method} {0x000001bd98415590} 'throwParameterIsNullNPE' '(Ljava/lang/String;)V' in 'kotlin/jvm/internal/Intrinsics')}
  0x000001bd405fca18: 1648 bb38 | c55b 98bd | 0100 0080 | 8b39 0100 | 0001 e9cd 

  0x000001bd405fca2c: ;   {metadata('java/lang/NullPointerException')}
  0x000001bd405fca2c: 0000 0048 | b988 cd06 | 57bd 0100 | 008b 5808 | 49ba 0000 | 0057 bd01 | 0000 4903 | da48 3b4b 
  0x000001bd405fca4c: 500f 858d 

  0x000001bd405fca50: ;   {metadata(method data for {method} {0x000001bd98415590} 'throwParameterIsNullNPE' '(Ljava/lang/String;)V' in 'kotlin/jvm/internal/Intrinsics')}
  0x000001bd405fca50: 0000 0048 | bb38 c55b | 98bd 0100 | 008b 4808 | 49ba 0000 | 0057 bd01 | 0000 4903 | ca48 3b8b 
  0x000001bd405fca70: 5001 0000 | 750d 4883 | 8358 0100 | 0001 e979 | 0000 0048 | 3b8b 6001 | 0000 750d | 4883 8368 
  0x000001bd405fca90: 0100 0001 | e963 0000 | 0048 83bb | 5001 0000 | 0075 1748 | 898b 5001 | 0000 48c7 | 8358 0100 
  0x000001bd405fcab0: 0001 0000 | 00e9 4200 | 0000 4883 | bb60 0100 | 0000 7517 | 4889 8b60 | 0100 0048 | c783 6801 
  0x000001bd405fcad0: 0000 0100 | 0000 e921 | 0000 00e9 | 1c00 0000 

  0x000001bd405fcae0: ;   {metadata(method data for {method} {0x000001bd98415590} 'throwParameterIsNullNPE' '(Ljava/lang/String;)V' in 'kotlin/jvm/internal/Intrinsics')}
  0x000001bd405fcae0: 48bb 38c5 | 5b98 bd01 | 0000 4883 | ab40 0100 | 0001 e935 | 0b00 00e9 | 0000 0000 

  0x000001bd405fcafc: ; implicit exception: dispatches to 0x000001bd405fd635
                      ; ImmutableOopMap {rdi=Oop rsi=Oop rax=Oop [176]=Oop [216]=Oop [224]=Oop [232]=Oop [256]=Oop }
                      ;*athrow {reexecute=1 rethrow=0 return_oop=0}
                      ; - (reexecute) kotlin.jvm.internal.Intrinsics::throwParameterIsNullNPE@17 (line 140)
                      ; - kotlin.jvm.internal.Intrinsics::checkNotNullParameter@5 (line 131)
                      ; - kotlin.ResultKt::createFailure@3
                      ; - kotlinx.coroutines.DispatchedTask::run@273 (line 98)
                      ;   {section_word}
  0x000001bd405fcafc: 483b 0048 | baff ca5f | 40bd 0100 

  0x000001bd405fcb08: ;   {runtime_call handle_exception_nofpu Runtime1 stub}
  0x000001bd405fcb08: 00e8 f21a | 1007 9049 | 8b87 f804 | 0000 4d33 | d24d 8997 | f804 0000 | 4d33 d24d | 8997 0005 
  0x000001bd405fcb28: 0000 488b | 9424 e800 | 0000 4885 

  0x000001bd405fcb34: ;   {metadata(method data for {method} {0x000001bd985013b0} 'run' '()V' in 'kotlinx/coroutines/DispatchedTask')}
  0x000001bd405fcb34: d248 be88 | 64e4 99bd | 0100 0048 | c7c7 0809 | 0000 7407 | 48c7 c718 | 0900 0048 | 8b1c 3e48 
  0x000001bd405fcb54: 8d5b 0148 | 891c 3e48 | 8984 2448 | 0100 000f | 8459 0000 | 0048 3b02 

  0x000001bd405fcb6c: ;   {metadata(method data for {method} {0x000001bd985013b0} 'run' '()V' in 'kotlinx/coroutines/DispatchedTask')}
  0x000001bd405fcb6c: 488b f248 | bf88 64e4 | 99bd 0100 | 0048 8387 | 2809 0000 | 0166 0f1f 

  0x000001bd405fcb84: ;   {optimized virtual_call}
  0x000001bd405fcb84: 4400 00e8 

  0x000001bd405fcb88: ; ImmutableOopMap {[176]=Oop [216]=Oop [224]=Oop [328]=Oop }
                      ;*invokevirtual clearThreadContext {reexecute=0 rethrow=0 return_oop=0}
                      ; - kotlinx.coroutines.DispatchedTask::run@344 (line 236)
  0x000001bd405fcb88: f41e 0407 

  0x000001bd405fcb8c: ;   {other}
  0x000001bd405fcb8c: 0f1f 8400 | fc2b 0027 

  0x000001bd405fcb94: ;   {metadata(method data for {method} {0x000001bd985013b0} 'run' '()V' in 'kotlinx/coroutines/DispatchedTask')}
  0x000001bd405fcb94: 85c0 48ba | 8864 e499 | bd01 0000 | 49c7 c060 | 0900 0074 | 0749 c7c0 | 7009 0000 | 4a8b 3402 
  0x000001bd405fcbb4: 488d 7601 | 4a89 3402 | 0f84 3200 | 0000 4c8b | 8424 e000 | 0000 488b | 8424 d800 

  0x000001bd405fcbd0: ;   {metadata(method data for {method} {0x000001bd985013b0} 'run' '()V' in 'kotlinx/coroutines/DispatchedTask')}
  0x000001bd405fcbd0: 0000 48ba | 8864 e499 | bd01 0000 | 4883 8280 | 0900 0001 

  0x000001bd405fcbe4: ;   {static_call}
  0x000001bd405fcbe4: 488b d0e8 

  0x000001bd405fcbe8: ; ImmutableOopMap {[176]=Oop [328]=Oop }
                      ;*invokestatic restoreThreadContext {reexecute=0 rethrow=0 return_oop=0}
                      ; - kotlinx.coroutines.DispatchedTask::run@354 (line 237)
  0x000001bd405fcbe8: 9424 0407 

  0x000001bd405fcbec: ;   {other}
  0x000001bd405fcbec: 0f1f 8400 | 5c2c 0028 | 488b 8424 

  0x000001bd405fcbf8: ; ImmutableOopMap {rax=Oop [176]=Oop }
                      ;*athrow {reexecute=1 rethrow=0 return_oop=0}
                      ; - (reexecute) kotlinx.coroutines.DispatchedTask::run@359 (line 237)
  0x000001bd405fcbf8: 4801 0000 

  0x000001bd405fcbfc: ;   {section_word}
  0x000001bd405fcbfc: 48ba fccb | 5f40 bd01 

  0x000001bd405fcc04: ;   {runtime_call handle_exception_nofpu Runtime1 stub}
  0x000001bd405fcc04: 0000 e8f5 | 1910 0790 

  0x000001bd405fcc0c: ;   {metadata(method data for {method} {0x000001bd984164f8} 'sanitizeStackTrace' '(Ljava/lang/Throwable;)Ljava/lang/Throwable;' in 'kotlin/jvm/internal/Intrinsics')}
  0x000001bd405fcc0c: 48ba 18cc | 5b98 bd01 | 0000 4883 | 8248 0100 | 0001 488b | d04c 8bc6 

  0x000001bd405fcc24: ;   {static_call}
  0x000001bd405fcc24: 6666 90e8 

  0x000001bd405fcc28: ; ImmutableOopMap {[176]=Oop [184]=Oop }
                      ;*invokestatic sanitizeStackTrace {reexecute=0 rethrow=0 return_oop=0}
                      ; - kotlin.jvm.internal.Intrinsics::sanitizeStackTrace@6 (line 253)
                      ; - kotlin.jvm.internal.Intrinsics::throwJavaNpe@8 (line 50)
                      ; - kotlin.jvm.internal.Intrinsics::checkNotNull@5 (line 31)
                      ; - kotlinx.coroutines.DispatchedTask::run@40 (line 80)
  0x000001bd405fcc28: 5424 0407 

  0x000001bd405fcc2c: ;   {other}
  0x000001bd405fcc2c: 0f1f 8400 | 9c2c 002a | 4c8b 8424 | b800 0000 | 4885 c075 

  0x000001bd405fcc40: ;   {metadata(method data for {method} {0x000001bd98414768} 'throwJavaNpe' '(Ljava/lang/String;)V' in 'kotlin/jvm/internal/Intrinsics')}
  0x000001bd405fcc40: 1648 be60 | cfed 98bd | 0100 0080 | 8e29 0100 | 0001 e9cd 

  0x000001bd405fcc54: ;   {metadata('java/lang/NullPointerException')}
  0x000001bd405fcc54: 0000 0048 | bf88 cd06 | 57bd 0100 | 008b 7008 | 49ba 0000 | 0057 bd01 | 0000 4903 | f248 3b7e 
  0x000001bd405fcc74: 500f 858d 

  0x000001bd405fcc78: ;   {metadata(method data for {method} {0x000001bd98414768} 'throwJavaNpe' '(Ljava/lang/String;)V' in 'kotlin/jvm/internal/Intrinsics')}
  0x000001bd405fcc78: 0000 0048 | be60 cfed | 98bd 0100 | 008b 7808 | 49ba 0000 | 0057 bd01 | 0000 4903 | fa48 3bbe 
  0x000001bd405fcc98: 4001 0000 | 750d 4883 | 8648 0100 | 0001 e979 | 0000 0048 | 3bbe 5001 | 0000 750d | 4883 8658 
  0x000001bd405fccb8: 0100 0001 | e963 0000 | 0048 83be | 4001 0000 | 0075 1748 | 89be 4001 | 0000 48c7 | 8648 0100 
  0x000001bd405fccd8: 0001 0000 | 00e9 4200 | 0000 4883 | be50 0100 | 0000 7517 | 4889 be50 | 0100 0048 | c786 5801 
  0x000001bd405fccf8: 0000 0100 | 0000 e921 | 0000 00e9 | 1c00 0000 

  0x000001bd405fcd08: ;   {metadata(method data for {method} {0x000001bd98414768} 'throwJavaNpe' '(Ljava/lang/String;)V' in 'kotlin/jvm/internal/Intrinsics')}
  0x000001bd405fcd08: 48be 60cf | ed98 bd01 | 0000 4883 | ae30 0100 | 0001 e920 | 0900 00e9 | 0000 0000 

  0x000001bd405fcd24: ; implicit exception: dispatches to 0x000001bd405fd648
                      ; ImmutableOopMap {r8=Oop rax=Oop [176]=Oop [184]=Oop }
                      ;*athrow {reexecute=1 rethrow=0 return_oop=0}
                      ; - (reexecute) kotlin.jvm.internal.Intrinsics::throwJavaNpe@14 (line 50)
                      ; - kotlin.jvm.internal.Intrinsics::checkNotNull@5 (line 31)
                      ; - kotlinx.coroutines.DispatchedTask::run@40 (line 80)
                      ;   {section_word}
  0x000001bd405fcd24: 483b 0048 | ba27 cd5f | 40bd 0100 

  0x000001bd405fcd30: ;   {runtime_call handle_exception_nofpu Runtime1 stub}
  0x000001bd405fcd30: 00e8 ca18 | 1007 9049 | 8b87 f804 | 0000 4d33 | d24d 8997 | f804 0000 | 4d33 d24d | 8997 0005 
  0x000001bd405fcd50: 0000 488b | 9424 b000 

  0x000001bd405fcd58: ;   {metadata(method data for {method} {0x000001bd985013b0} 'run' '()V' in 'kotlinx/coroutines/DispatchedTask')}
  0x000001bd405fcd58: 0000 49b8 | 8864 e499 | bd01 0000 | 4983 8060 | 0a00 0001 | 4c8b c048 | 8b94 24b0 

  0x000001bd405fcd74: ;   {optimized virtual_call}
  0x000001bd405fcd74: 0000 00e8 

  0x000001bd405fcd78: ; ImmutableOopMap {}
                      ;*invokevirtual handleFatalException$kotlinx_coroutines_core {reexecute=0 rethrow=0 return_oop=0}
                      ; - kotlinx.coroutines.DispatchedTask::run@383 (line 107)
  0x000001bd405fcd78: 041d 0407 

  0x000001bd405fcd7c: ;   {other}
  0x000001bd405fcd7c: 0f1f 8400 | ec2d 002c | 4881 c470 | 0100 005d 

  0x000001bd405fcd8c: ;   {poll_return}
  0x000001bd405fcd8c: 493b a748 | 0400 000f | 87b4 0800 | 00c3 488b | 9424 b000 | 0000 498b | 87f8 0400 | 004d 33d2 
  0x000001bd405fcdac: 4d89 97f8 | 0400 004d | 33d2 4d89 | 9700 0500 | 0048 8bf2 

  0x000001bd405fcdc0: ;   {metadata(method data for {method} {0x000001bd985013b0} 'run' '()V' in 'kotlinx/coroutines/DispatchedTask')}
  0x000001bd405fcdc0: 48bf 8864 | e499 bd01 | 0000 8b76 | 0849 ba00 | 0000 57bd | 0100 0049 | 03f2 483b | b7a0 0900 
  0x000001bd405fcde0: 0075 0d48 | 8387 a809 | 0000 01e9 | 6000 0000 | 483b b7b0 | 0900 0075 | 0d48 8387 | b809 0000 
  0x000001bd405fce00: 01e9 4a00 | 0000 4883 | bfa0 0900 | 0000 7517 | 4889 b7a0 | 0900 0048 | c787 a809 | 0000 0100 
  0x000001bd405fce20: 0000 e929 | 0000 0048 | 83bf b009 | 0000 0075 | 1748 89b7 | b009 0000 | 48c7 87b8 | 0900 0001 
  0x000001bd405fce40: 0000 00e9 | 0800 0000 | 4883 8790 | 0900 0001 | 4889 8424 | 5001 0000 | 0f1f 4400 | 0048 b8ff 
  0x000001bd405fce60: ffff ffff 

  0x000001bd405fce64: ;   {virtual_call}
  0x000001bd405fce64: ffff ffe8 

  0x000001bd405fce68: ; ImmutableOopMap {[336]=Oop }
                      ;*invokevirtual getDelegate$kotlinx_coroutines_core {reexecute=0 rethrow=0 return_oop=0}
                      ; - kotlinx.coroutines.DispatchedTask::run@362 (line 105)
  0x000001bd405fce68: 141f 0407 

  0x000001bd405fce6c: ;   {other}
  0x000001bd405fce6c: 0f1f 8400 | dc2e 002d 

  0x000001bd405fce74: ; implicit exception: dispatches to 0x000001bd405fd663
  0x000001bd405fce74: 483b 0048 

  0x000001bd405fce78: ;   {metadata(method data for {method} {0x000001bd985013b0} 'run' '()V' in 'kotlinx/coroutines/DispatchedTask')}
  0x000001bd405fce78: 8bd0 48be | 8864 e499 | bd01 0000 | 8b52 0849 | ba00 0000 | 57bd 0100 | 0049 03d2 | 483b 96d8 
  0x000001bd405fce98: 0900 0075 | 0d48 8386 | e009 0000 | 01e9 6000 | 0000 483b | 96e8 0900 | 0075 0d48 | 8386 f009 
  0x000001bd405fceb8: 0000 01e9 | 4a00 0000 | 4883 bed8 | 0900 0000 | 7517 4889 | 96d8 0900 | 0048 c786 | e009 0000 
  0x000001bd405fced8: 0100 0000 | e929 0000 | 0048 83be | e809 0000 | 0075 1748 | 8996 e809 | 0000 48c7 | 86f0 0900 
  0x000001bd405fcef8: 0001 0000 | 00e9 0800 | 0000 4883 | 86c8 0900 | 0001 488b | d048 b8ff | ffff ffff 

  0x000001bd405fcf14: ;   {virtual_call}
  0x000001bd405fcf14: ffff ffe8 

  0x000001bd405fcf18: ; ImmutableOopMap {[336]=Oop }
                      ;*invokeinterface getContext {reexecute=0 rethrow=0 return_oop=0}
                      ; - kotlinx.coroutines.DispatchedTask::run@365 (line 105)
  0x000001bd405fcf18: 641e 0407 

  0x000001bd405fcf1c: ;   {other}
  0x000001bd405fcf1c: 0f1f 8400 | 8c2f 002e | 488b 9424 | 5001 0000 

  0x000001bd405fcf2c: ;   {metadata(method data for {method} {0x000001bd985013b0} 'run' '()V' in 'kotlinx/coroutines/DispatchedTask')}
  0x000001bd405fcf2c: 48be 8864 | e499 bd01 | 0000 8b52 | 0849 ba00 | 0000 57bd | 0100 0049 | 03d2 483b | 9610 0a00 
  0x000001bd405fcf4c: 0075 0d48 | 8386 180a | 0000 01e9 | 6000 0000 | 483b 9620 | 0a00 0075 | 0d48 8386 | 280a 0000 
  0x000001bd405fcf6c: 01e9 4a00 | 0000 4883 | be10 0a00 | 0000 7517 | 4889 9610 | 0a00 0048 | c786 180a | 0000 0100 
  0x000001bd405fcf8c: 0000 e929 | 0000 0048 | 83be 200a | 0000 0075 | 1748 8996 | 200a 0000 | 48c7 8628 | 0a00 0001 
  0x000001bd405fcfac: 0000 00e9 | 0800 0000 | 4883 8600 | 0a00 0001 | 488b 9424 | 5001 0000 | 4889 8424 | 5801 0000 
  0x000001bd405fcfcc: ;   {optimized virtual_call}
  0x000001bd405fcfcc: 6666 90e8 

  0x000001bd405fcfd0: ; ImmutableOopMap {[344]=Oop }
                      ;*invokevirtual getCause {reexecute=0 rethrow=0 return_oop=0}
                      ; - kotlinx.coroutines.DispatchedTask::run@371 (line 105)
  0x000001bd405fcfd0: ac1a 0407 

  0x000001bd405fcfd4: ;   {other}
  0x000001bd405fcfd4: 0f1f 8400 | 4430 002f | 488b 9424 | 5801 0000 

  0x000001bd405fcfe4: ;   {static_call}
  0x000001bd405fcfe4: 4c8b c0e8 

  0x000001bd405fcfe8: ; ImmutableOopMap {}
                      ;*invokestatic handleCoroutineException {reexecute=0 rethrow=0 return_oop=0}
                      ; - kotlinx.coroutines.DispatchedTask::run@374 (line 105)
  0x000001bd405fcfe8: 9420 0407 

  0x000001bd405fcfec: ;   {other}
  0x000001bd405fcfec: 0f1f 8400 | 5c30 0030 

  0x000001bd405fcff4: ;   {metadata(method data for {method} {0x000001bd985013b0} 'run' '()V' in 'kotlinx/coroutines/DispatchedTask')}
  0x000001bd405fcff4: 48be 8864 | e499 bd01 | 0000 ff86 | 480a 0000 | 4881 c470 | 0100 005d 

  0x000001bd405fd00c: ;   {poll_return}
  0x000001bd405fd00c: 493b a748 | 0400 000f | 874f 0600 

  0x000001bd405fd018: ;   {metadata({method} {0x000001bd985013b0} 'run' '()V' in 'kotlinx/coroutines/DispatchedTask')}
  0x000001bd405fd018: 00c3 49ba | a813 5098 | bd01 0000 | 4c89 5424 | 0848 c704 | 24ff ffff 

  0x000001bd405fd030: ;   {runtime_call counter_overflow Runtime1 stub}
  0x000001bd405fd030: ffe8 ca4e 

  0x000001bd405fd034: ; ImmutableOopMap {rdx=Oop [176]=Oop }
                      ;*synchronization entry
                      ; - kotlinx.coroutines.DispatchedTask::run@-1 (line 78)
  0x000001bd405fd034: 1007 e953 

  0x000001bd405fd038: ;   {metadata({method} {0x000001bd984de438} 'getASSERTIONS_ENABLED' '()Z' in 'kotlinx/coroutines/DebugKt')}
  0x000001bd405fd038: d6ff ff49 | ba30 e44d | 98bd 0100 | 004c 8954 | 2408 48c7 | 0424 ffff 

  0x000001bd405fd050: ;   {runtime_call counter_overflow Runtime1 stub}
  0x000001bd405fd050: ffff e8a9 

  0x000001bd405fd054: ; ImmutableOopMap {rdx=Oop [176]=Oop }
                      ;*synchronization entry
                      ; - kotlinx.coroutines.DebugKt::getASSERTIONS_ENABLED@-1 (line 63)
                      ; - kotlinx.coroutines.DispatchedTask::run@0 (line 78)
  0x000001bd405fd054: 4e10 07e9 | 6bd6 ffff 

  0x000001bd405fd05c: ;   {metadata({method} {0x000001bd98414498} 'checkNotNull' '(Ljava/lang/Object;Ljava/lang/String;)V' in 'kotlin/jvm/internal/Intrinsics')}
  0x000001bd405fd05c: 49ba 9044 | 4198 bd01 | 0000 4c89 | 5424 0848 | c704 24ff 

  0x000001bd405fd070: ;   {runtime_call counter_overflow Runtime1 stub}
  0x000001bd405fd070: ffff ffe8 

  0x000001bd405fd074: ; ImmutableOopMap {rax=Oop [176]=Oop [184]=Oop }
                      ;*synchronization entry
                      ; - kotlin.jvm.internal.Intrinsics::checkNotNull@-1 (line 30)
                      ; - kotlinx.coroutines.DispatchedTask::run@40 (line 80)
  0x000001bd405fd074: 884e 1007 | e950 d7ff 

  0x000001bd405fd07c: ;   {metadata({method} {0x000001bd98414768} 'throwJavaNpe' '(Ljava/lang/String;)V' in 'kotlin/jvm/internal/Intrinsics')}
  0x000001bd405fd07c: ff49 ba60 | 4741 98bd | 0100 004c | 8954 2408 | 48c7 0424 | ffff ffff 

  0x000001bd405fd094: ;   {runtime_call counter_overflow Runtime1 stub}
  0x000001bd405fd094: e867 4e10 

  0x000001bd405fd098: ; ImmutableOopMap {[176]=Oop [184]=Oop }
                      ;*synchronization entry
                      ; - kotlin.jvm.internal.Intrinsics::throwJavaNpe@-1 (line 50)
                      ; - kotlin.jvm.internal.Intrinsics::checkNotNull@5 (line 31)
                      ; - kotlinx.coroutines.DispatchedTask::run@40 (line 80)
  0x000001bd405fd098: 07e9 97d7 

  0x000001bd405fd09c: ;   {metadata(nullptr)}
  0x000001bd405fd09c: ffff 48ba | 0000 0000 | 0000 0000 | b800 0f05 

  0x000001bd405fd0ac: ;   {runtime_call load_klass_patching Runtime1 stub}
  0x000001bd405fd0ac: 0ae8 ce3d 

  0x000001bd405fd0b0: ; ImmutableOopMap {[176]=Oop [184]=Oop }
                      ;*new {reexecute=1 rethrow=0 return_oop=0}
                      ; - (reexecute) kotlin.jvm.internal.Intrinsics::throwJavaNpe@0 (line 50)
                      ; - kotlin.jvm.internal.Intrinsics::checkNotNull@5 (line 31)
                      ; - kotlinx.coroutines.DispatchedTask::run@40 (line 80)
  0x000001bd405fd0b0: 1007 e981 | d7ff ff48 

  0x000001bd405fd0b8: ;   {runtime_call fast_new_instance Runtime1 stub}
  0x000001bd405fd0b8: 8bd2 e841 

  0x000001bd405fd0bc: ; ImmutableOopMap {[176]=Oop [184]=Oop }
                      ;*new {reexecute=0 rethrow=0 return_oop=0}
                      ; - kotlin.jvm.internal.Intrinsics::throwJavaNpe@0 (line 50)
                      ; - kotlin.jvm.internal.Intrinsics::checkNotNull@5 (line 31)
                      ; - kotlinx.coroutines.DispatchedTask::run@40 (line 80)
  0x000001bd405fd0bc: fd0f 07e9 | d0d7 ffff 

  0x000001bd405fd0c4: ;   {metadata({method} {0x000001bd984164f8} 'sanitizeStackTrace' '(Ljava/lang/Throwable;)Ljava/lang/Throwable;' in 'kotlin/jvm/internal/Intrinsics')}
  0x000001bd405fd0c4: 49ba f064 | 4198 bd01 | 0000 4c89 | 5424 0848 | c704 24ff 

  0x000001bd405fd0d8: ;   {runtime_call counter_overflow Runtime1 stub}
  0x000001bd405fd0d8: ffff ffe8 

  0x000001bd405fd0dc: ; ImmutableOopMap {[176]=Oop [184]=Oop [192]=Oop }
                      ;*synchronization entry
                      ; - kotlin.jvm.internal.Intrinsics::sanitizeStackTrace@-1 (line 253)
                      ; - kotlin.jvm.internal.Intrinsics::throwJavaNpe@8 (line 50)
                      ; - kotlin.jvm.internal.Intrinsics::checkNotNull@5 (line 31)
                      ; - kotlinx.coroutines.DispatchedTask::run@40 (line 80)
  0x000001bd405fd0dc: 204e 1007 | e920 d8ff 

  0x000001bd405fd0e4: ;   {metadata({method} {0x000001bd5746b368} 'getName' '()Ljava/lang/String;' in 'java/lang/Class')}
  0x000001bd405fd0e4: ff49 ba60 | b346 57bd | 0100 004c | 8954 2408 | 48c7 0424 | ffff ffff 

  0x000001bd405fd0fc: ;   {runtime_call counter_overflow Runtime1 stub}
  0x000001bd405fd0fc: e8ff 4d10 

  0x000001bd405fd100: ; ImmutableOopMap {rdx=Oop [176]=Oop [184]=Oop [192]=Oop }
                      ;*synchronization entry
                      ; - java.lang.Class::getName@-1 (line 949)
                      ; - kotlin.jvm.internal.Intrinsics::sanitizeStackTrace@3 (line 253)
                      ; - kotlin.jvm.internal.Intrinsics::throwJavaNpe@8 (line 50)
                      ; - kotlin.jvm.internal.Intrinsics::checkNotNull@5 (line 31)
                      ; - kotlinx.coroutines.DispatchedTask::run@40 (line 80)
  0x000001bd405fd100: 07e9 45d8 

  0x000001bd405fd104: ;   {runtime_call throw_null_pointer_exception Runtime1 stub}
  0x000001bd405fd104: ffff e8f5 

  0x000001bd405fd108: ; ImmutableOopMap {[176]=Oop [184]=Oop [192]=Oop }
                      ;*getfield name {reexecute=1 rethrow=0 return_oop=0}
                      ; - (reexecute) java.lang.Class::getName@1 (line 949)
                      ; - kotlin.jvm.internal.Intrinsics::sanitizeStackTrace@3 (line 253)
                      ; - kotlin.jvm.internal.Intrinsics::throwJavaNpe@8 (line 50)
                      ; - kotlin.jvm.internal.Intrinsics::checkNotNull@5 (line 31)
                      ; - kotlinx.coroutines.DispatchedTask::run@40 (line 80)
  0x000001bd405fd108: ef0f 0748 

  0x000001bd405fd10c: ;   {runtime_call throw_class_cast_exception Runtime1 stub}
  0x000001bd405fd10c: 8904 24e8 

  0x000001bd405fd110: ; ImmutableOopMap {[176]=Oop }
                      ;*checkcast {reexecute=0 rethrow=0 return_oop=0}
                      ; - kotlinx.coroutines.DispatchedTask::run@43 (line 80)
  0x000001bd405fd110: ec20 1007 

  0x000001bd405fd114: ;   {runtime_call throw_null_pointer_exception Runtime1 stub}
  0x000001bd405fd114: e8e7 ef0f 

  0x000001bd405fd118: ; ImmutableOopMap {rdx=Oop [176]=Oop }
                      ;*getfield continuation {reexecute=1 rethrow=0 return_oop=0}
                      ; - (reexecute) kotlinx.coroutines.DispatchedTask::run@48 (line 81)
                      ;   {runtime_call throw_null_pointer_exception Runtime1 stub}
  0x000001bd405fd118: 07e8 e2ef 

  0x000001bd405fd11c: ; ImmutableOopMap {rsi=Oop rdi=Oop [176]=Oop }
                      ;*invokeinterface getContext {reexecute=0 rethrow=0 return_oop=0}
                      ; - kotlinx.coroutines.DispatchedTask::run@61 (line 222)
                      ;   {metadata({method} {0x000001bd9851b370} 'isCancellableMode' '(I)Z' in 'kotlinx/coroutines/DispatchedTaskKt')}
  0x000001bd405fd11c: 0f07 49ba | 68b3 5198 | bd01 0000 | 4c89 5424 | 0848 c704 | 24ff ffff 

  0x000001bd405fd134: ;   {runtime_call counter_overflow Runtime1 stub}
  0x000001bd405fd134: ffe8 c64d 

  0x000001bd405fd138: ; ImmutableOopMap {rax=Oop rdx=Oop [176]=Oop [208]=Oop [216]=Oop [224]=Oop [232]=Oop [240]=Oop [248]=Oop [256]=Oop }
                      ;*synchronization entry
                      ; - kotlinx.coroutines.DispatchedTaskKt::isCancellableMode@-1 (line 43)
                      ; - kotlinx.coroutines.DispatchedTask::run@133 (line 91)
  0x000001bd405fd138: 1007 e9f1 

  0x000001bd405fd13c: ;   {runtime_call throw_null_pointer_exception Runtime1 stub}
  0x000001bd405fd13c: ddff ffe8 

  0x000001bd405fd140: ; ImmutableOopMap {rax=Oop [176]=Oop [208]=Oop [216]=Oop [224]=Oop [232]=Oop [248]=Oop [256]=Oop }
                      ;*invokeinterface get {reexecute=0 rethrow=0 return_oop=0}
                      ; - kotlinx.coroutines.DispatchedTask::run@147 (line 91)
  0x000001bd405fd140: bcef 0f07 | 4889 0424 

  0x000001bd405fd148: ;   {runtime_call throw_class_cast_exception Runtime1 stub}
  0x000001bd405fd148: e8b3 2010 

  0x000001bd405fd14c: ; ImmutableOopMap {[176]=Oop [208]=Oop [216]=Oop [224]=Oop [232]=Oop [248]=Oop [256]=Oop }
                      ;*checkcast {reexecute=0 rethrow=0 return_oop=0}
                      ; - kotlinx.coroutines.DispatchedTask::run@152 (line 91)
                      ;   {runtime_call throw_null_pointer_exception Runtime1 stub}
  0x000001bd405fd14c: 07e8 aeef 

  0x000001bd405fd150: ; ImmutableOopMap {rsi=Oop [176]=Oop [208]=Oop [216]=Oop [224]=Oop [232]=Oop [248]=Oop [256]=Oop }
                      ;*invokeinterface isActive {reexecute=0 rethrow=0 return_oop=0}
                      ; - kotlinx.coroutines.DispatchedTask::run@168 (line 92)
                      ;   {metadata({method} {0x000001bd98520520} 'createFailure' '(Ljava/lang/Throwable;)Ljava/lang/Object;' in 'kotlin/ResultKt')}
  0x000001bd405fd150: 0f07 49ba | 1805 5298 | bd01 0000 | 4c89 5424 | 0848 c704 | 24ff ffff 

  0x000001bd405fd168: ;   {runtime_call counter_overflow Runtime1 stub}
  0x000001bd405fd168: ffe8 924d 

  0x000001bd405fd16c: ; ImmutableOopMap {rax=Oop [176]=Oop [208]=Oop [216]=Oop [224]=Oop [232]=Oop [256]=Oop }
                      ;*synchronization entry
                      ; - kotlin.ResultKt::createFailure@-1
                      ; - kotlinx.coroutines.DispatchedTask::run@273 (line 98)
  0x000001bd405fd16c: 1007 e9e7 

  0x000001bd405fd170: ;   {metadata({method} {0x000001bd98415410} 'checkNotNullParameter' '(Ljava/lang/Object;Ljava/lang/String;)V' in 'kotlin/jvm/internal/Intrinsics')}
  0x000001bd405fd170: e1ff ff49 | ba08 5441 | 98bd 0100 | 004c 8954 | 2408 48c7 | 0424 ffff 

  0x000001bd405fd188: ;   {runtime_call counter_overflow Runtime1 stub}
  0x000001bd405fd188: ffff e871 

  0x000001bd405fd18c: ; ImmutableOopMap {rax=Oop [176]=Oop [208]=Oop [216]=Oop [224]=Oop [232]=Oop [256]=Oop }
                      ;*synchronization entry
                      ; - kotlin.jvm.internal.Intrinsics::checkNotNullParameter@-1 (line 130)
                      ; - kotlin.ResultKt::createFailure@3
                      ; - kotlinx.coroutines.DispatchedTask::run@273 (line 98)
  0x000001bd405fd18c: 4d10 07e9 | ffe1 ffff 

  0x000001bd405fd194: ;   {metadata({method} {0x000001bd98415590} 'throwParameterIsNullNPE' '(Ljava/lang/String;)V' in 'kotlin/jvm/internal/Intrinsics')}
  0x000001bd405fd194: 49ba 8855 | 4198 bd01 | 0000 4c89 | 5424 0848 | c704 24ff 

  0x000001bd405fd1a8: ;   {runtime_call counter_overflow Runtime1 stub}
  0x000001bd405fd1a8: ffff ffe8 

  0x000001bd405fd1ac: ; ImmutableOopMap {[176]=Oop [208]=Oop [216]=Oop [224]=Oop [232]=Oop [256]=Oop }
                      ;*synchronization entry
                      ; - kotlin.jvm.internal.Intrinsics::throwParameterIsNullNPE@-1 (line 140)
                      ; - kotlin.jvm.internal.Intrinsics::checkNotNullParameter@5 (line 131)
                      ; - kotlin.ResultKt::createFailure@3
                      ; - kotlinx.coroutines.DispatchedTask::run@273 (line 98)
  0x000001bd405fd1ac: 504d 1007 | e946 e2ff 

  0x000001bd405fd1b4: ;   {metadata(nullptr)}
  0x000001bd405fd1b4: ff48 ba00 | 0000 0000 | 0000 00b8 | 000f 050a 

  0x000001bd405fd1c4: ;   {runtime_call load_klass_patching Runtime1 stub}
  0x000001bd405fd1c4: e8b7 3c10 

  0x000001bd405fd1c8: ; ImmutableOopMap {[176]=Oop [208]=Oop [216]=Oop [224]=Oop [232]=Oop [256]=Oop }
                      ;*new {reexecute=1 rethrow=0 return_oop=0}
                      ; - (reexecute) kotlin.jvm.internal.Intrinsics::throwParameterIsNullNPE@0 (line 140)
                      ; - kotlin.jvm.internal.Intrinsics::checkNotNullParameter@5 (line 131)
                      ; - kotlin.ResultKt::createFailure@3
                      ; - kotlinx.coroutines.DispatchedTask::run@273 (line 98)
  0x000001bd405fd1c8: 07e9 32e2 | ffff 488b 

  0x000001bd405fd1d0: ;   {runtime_call fast_new_instance Runtime1 stub}
  0x000001bd405fd1d0: d2e8 2afc 

  0x000001bd405fd1d4: ; ImmutableOopMap {[176]=Oop [208]=Oop [216]=Oop [224]=Oop [232]=Oop [256]=Oop }
                      ;*new {reexecute=0 rethrow=0 return_oop=0}
                      ; - kotlin.jvm.internal.Intrinsics::throwParameterIsNullNPE@0 (line 140)
                      ; - kotlin.jvm.internal.Intrinsics::checkNotNullParameter@5 (line 131)
                      ; - kotlin.ResultKt::createFailure@3
                      ; - kotlinx.coroutines.DispatchedTask::run@273 (line 98)
  0x000001bd405fd1d4: 0f07 e981 

  0x000001bd405fd1d8: ;   {metadata({method} {0x000001bd984164f8} 'sanitizeStackTrace' '(Ljava/lang/Throwable;)Ljava/lang/Throwable;' in 'kotlin/jvm/internal/Intrinsics')}
  0x000001bd405fd1d8: e2ff ff49 | baf0 6441 | 98bd 0100 | 004c 8954 | 2408 48c7 | 0424 ffff 

  0x000001bd405fd1f0: ;   {runtime_call counter_overflow Runtime1 stub}
  0x000001bd405fd1f0: ffff e809 

  0x000001bd405fd1f4: ; ImmutableOopMap {[176]=Oop [208]=Oop [216]=Oop [224]=Oop [232]=Oop [256]=Oop [272]=Oop }
                      ;*synchronization entry
                      ; - kotlin.jvm.internal.Intrinsics::sanitizeStackTrace@-1 (line 253)
                      ; - kotlin.jvm.internal.Intrinsics::throwParameterIsNullNPE@11 (line 140)
                      ; - kotlin.jvm.internal.Intrinsics::checkNotNullParameter@5 (line 131)
                      ; - kotlin.ResultKt::createFailure@3
                      ; - kotlinx.coroutines.DispatchedTask::run@273 (line 98)
  0x000001bd405fd1f4: 4d10 07e9 | 09e3 ffff 

  0x000001bd405fd1fc: ;   {metadata({method} {0x000001bd5746b368} 'getName' '()Ljava/lang/String;' in 'java/lang/Class')}
  0x000001bd405fd1fc: 49ba 60b3 | 4657 bd01 | 0000 4c89 | 5424 0848 | c704 24ff 

  0x000001bd405fd210: ;   {runtime_call counter_overflow Runtime1 stub}
  0x000001bd405fd210: ffff ffe8 

  0x000001bd405fd214: ; ImmutableOopMap {rdx=Oop [176]=Oop [208]=Oop [216]=Oop [224]=Oop [232]=Oop [256]=Oop [272]=Oop }
                      ;*synchronization entry
                      ; - java.lang.Class::getName@-1 (line 949)
                      ; - kotlin.jvm.internal.Intrinsics::sanitizeStackTrace@3 (line 253)
                      ; - kotlin.jvm.internal.Intrinsics::throwParameterIsNullNPE@11 (line 140)
                      ; - kotlin.jvm.internal.Intrinsics::checkNotNullParameter@5 (line 131)
                      ; - kotlin.ResultKt::createFailure@3
                      ; - kotlinx.coroutines.DispatchedTask::run@273 (line 98)
  0x000001bd405fd214: e84c 1007 | e92e e3ff 

  0x000001bd405fd21c: ;   {runtime_call throw_null_pointer_exception Runtime1 stub}
  0x000001bd405fd21c: ffe8 deee 

  0x000001bd405fd220: ; ImmutableOopMap {[176]=Oop [208]=Oop [216]=Oop [224]=Oop [232]=Oop [256]=Oop [272]=Oop }
                      ;*getfield name {reexecute=1 rethrow=0 return_oop=0}
                      ; - (reexecute) java.lang.Class::getName@1 (line 949)
                      ; - kotlin.jvm.internal.Intrinsics::sanitizeStackTrace@3 (line 253)
                      ; - kotlin.jvm.internal.Intrinsics::throwParameterIsNullNPE@11 (line 140)
                      ; - kotlin.jvm.internal.Intrinsics::checkNotNullParameter@5 (line 131)
                      ; - kotlin.ResultKt::createFailure@3
                      ; - kotlinx.coroutines.DispatchedTask::run@273 (line 98)
  0x000001bd405fd220: 0f07 488b 

  0x000001bd405fd224: ;   {runtime_call fast_new_instance Runtime1 stub}
  0x000001bd405fd224: d2e8 d6fb 

  0x000001bd405fd228: ; ImmutableOopMap {rbx=Oop [176]=Oop [208]=Oop [216]=Oop [224]=Oop [232]=Oop [256]=Oop }
                      ;*new {reexecute=0 rethrow=0 return_oop=0}
                      ; - kotlin.ResultKt::createFailure@6 (line 122)
                      ; - kotlinx.coroutines.DispatchedTask::run@273 (line 98)
  0x000001bd405fd228: 0f07 e9fc 

  0x000001bd405fd22c: ;   {metadata({method} {0x000001bd9850ee40} '<init>' '(Ljava/lang/Throwable;)V' in 'kotlin/Result$Failure')}
  0x000001bd405fd22c: e3ff ff49 | ba38 ee50 | 98bd 0100 | 004c 8954 | 2408 48c7 | 0424 ffff 

  0x000001bd405fd244: ;   {runtime_call counter_overflow Runtime1 stub}
  0x000001bd405fd244: ffff e8b5 

  0x000001bd405fd248: ; ImmutableOopMap {rbx=Oop rax=Oop [176]=Oop [208]=Oop [216]=Oop [224]=Oop [232]=Oop [256]=Oop [288]=Oop }
                      ;*synchronization entry
                      ; - kotlin.Result$Failure::<init>@-1
                      ; - kotlin.ResultKt::createFailure@11 (line 122)
                      ; - kotlinx.coroutines.DispatchedTask::run@273 (line 98)
  0x000001bd405fd248: 4c10 07e9 | 1fe4 ffff 

  0x000001bd405fd250: ;   {metadata({method} {0x000001bd98415410} 'checkNotNullParameter' '(Ljava/lang/Object;Ljava/lang/String;)V' in 'kotlin/jvm/internal/Intrinsics')}
  0x000001bd405fd250: 49ba 0854 | 4198 bd01 | 0000 4c89 | 5424 0848 | c704 24ff 

  0x000001bd405fd264: ;   {runtime_call counter_overflow Runtime1 stub}
  0x000001bd405fd264: ffff ffe8 

  0x000001bd405fd268: ; ImmutableOopMap {rbx=Oop rax=Oop [176]=Oop [208]=Oop [216]=Oop [224]=Oop [232]=Oop [256]=Oop [288]=Oop }
                      ;*synchronization entry
                      ; - kotlin.jvm.internal.Intrinsics::checkNotNullParameter@-1 (line 130)
                      ; - kotlin.Result$Failure::<init>@3
                      ; - kotlin.ResultKt::createFailure@11 (line 122)
                      ; - kotlinx.coroutines.DispatchedTask::run@273 (line 98)
  0x000001bd405fd268: 944c 1007 | e937 e4ff 

  0x000001bd405fd270: ;   {metadata({method} {0x000001bd98415590} 'throwParameterIsNullNPE' '(Ljava/lang/String;)V' in 'kotlin/jvm/internal/Intrinsics')}
  0x000001bd405fd270: ff49 ba88 | 5541 98bd | 0100 004c | 8954 2408 | 48c7 0424 | ffff ffff 

  0x000001bd405fd288: ;   {runtime_call counter_overflow Runtime1 stub}
  0x000001bd405fd288: e873 4c10 

  0x000001bd405fd28c: ; ImmutableOopMap {[176]=Oop [208]=Oop [216]=Oop [224]=Oop [232]=Oop [256]=Oop [288]=Oop }
                      ;*synchronization entry
                      ; - kotlin.jvm.internal.Intrinsics::throwParameterIsNullNPE@-1 (line 140)
                      ; - kotlin.jvm.internal.Intrinsics::checkNotNullParameter@5 (line 131)
                      ; - kotlin.Result$Failure::<init>@3
                      ; - kotlin.ResultKt::createFailure@11 (line 122)
                      ; - kotlinx.coroutines.DispatchedTask::run@273 (line 98)
  0x000001bd405fd28c: 07e9 7ee4 

  0x000001bd405fd290: ;   {metadata(nullptr)}
  0x000001bd405fd290: ffff 48ba | 0000 0000 | 0000 0000 | b800 0f05 

  0x000001bd405fd2a0: ;   {runtime_call load_klass_patching Runtime1 stub}
  0x000001bd405fd2a0: 0ae8 da3b 

  0x000001bd405fd2a4: ; ImmutableOopMap {[176]=Oop [208]=Oop [216]=Oop [224]=Oop [232]=Oop [256]=Oop [288]=Oop }
                      ;*new {reexecute=1 rethrow=0 return_oop=0}
                      ; - (reexecute) kotlin.jvm.internal.Intrinsics::throwParameterIsNullNPE@0 (line 140)
                      ; - kotlin.jvm.internal.Intrinsics::checkNotNullParameter@5 (line 131)
                      ; - kotlin.Result$Failure::<init>@3
                      ; - kotlin.ResultKt::createFailure@11 (line 122)
                      ; - kotlinx.coroutines.DispatchedTask::run@273 (line 98)
  0x000001bd405fd2a4: 1007 e965 | e4ff ff48 

  0x000001bd405fd2ac: ;   {runtime_call fast_new_instance Runtime1 stub}
  0x000001bd405fd2ac: 8bd2 e84d 

  0x000001bd405fd2b0: ; ImmutableOopMap {[176]=Oop [208]=Oop [216]=Oop [224]=Oop [232]=Oop [256]=Oop [288]=Oop }
                      ;*new {reexecute=0 rethrow=0 return_oop=0}
                      ; - kotlin.jvm.internal.Intrinsics::throwParameterIsNullNPE@0 (line 140)
                      ; - kotlin.jvm.internal.Intrinsics::checkNotNullParameter@5 (line 131)
                      ; - kotlin.Result$Failure::<init>@3
                      ; - kotlin.ResultKt::createFailure@11 (line 122)
                      ; - kotlinx.coroutines.DispatchedTask::run@273 (line 98)
  0x000001bd405fd2b0: fb0f 07e9 | b4e4 ffff 

  0x000001bd405fd2b8: ;   {metadata({method} {0x000001bd984164f8} 'sanitizeStackTrace' '(Ljava/lang/Throwable;)Ljava/lang/Throwable;' in 'kotlin/jvm/internal/Intrinsics')}
  0x000001bd405fd2b8: 49ba f064 | 4198 bd01 | 0000 4c89 | 5424 0848 | c704 24ff 

  0x000001bd405fd2cc: ;   {runtime_call counter_overflow Runtime1 stub}
  0x000001bd405fd2cc: ffff ffe8 

  0x000001bd405fd2d0: ; ImmutableOopMap {[176]=Oop [208]=Oop [216]=Oop [224]=Oop [232]=Oop [256]=Oop [280]=Oop [288]=Oop }
                      ;*synchronization entry
                      ; - kotlin.jvm.internal.Intrinsics::sanitizeStackTrace@-1 (line 253)
                      ; - kotlin.jvm.internal.Intrinsics::throwParameterIsNullNPE@11 (line 140)
                      ; - kotlin.jvm.internal.Intrinsics::checkNotNullParameter@5 (line 131)
                      ; - kotlin.Result$Failure::<init>@3
                      ; - kotlin.ResultKt::createFailure@11 (line 122)
                      ; - kotlinx.coroutines.DispatchedTask::run@273 (line 98)
  0x000001bd405fd2d0: 2c4c 1007 | e93c e5ff 

  0x000001bd405fd2d8: ;   {metadata({method} {0x000001bd5746b368} 'getName' '()Ljava/lang/String;' in 'java/lang/Class')}
  0x000001bd405fd2d8: ff49 ba60 | b346 57bd | 0100 004c | 8954 2408 | 48c7 0424 | ffff ffff 

  0x000001bd405fd2f0: ;   {runtime_call counter_overflow Runtime1 stub}
  0x000001bd405fd2f0: e80b 4c10 

  0x000001bd405fd2f4: ; ImmutableOopMap {rdx=Oop [176]=Oop [208]=Oop [216]=Oop [224]=Oop [232]=Oop [256]=Oop [280]=Oop [288]=Oop }
                      ;*synchronization entry
                      ; - java.lang.Class::getName@-1 (line 949)
                      ; - kotlin.jvm.internal.Intrinsics::sanitizeStackTrace@3 (line 253)
                      ; - kotlin.jvm.internal.Intrinsics::throwParameterIsNullNPE@11 (line 140)
                      ; - kotlin.jvm.internal.Intrinsics::checkNotNullParameter@5 (line 131)
                      ; - kotlin.Result$Failure::<init>@3
                      ; - kotlin.ResultKt::createFailure@11 (line 122)
                      ; - kotlinx.coroutines.DispatchedTask::run@273 (line 98)
  0x000001bd405fd2f4: 07e9 61e5 

  0x000001bd405fd2f8: ;   {runtime_call throw_null_pointer_exception Runtime1 stub}
  0x000001bd405fd2f8: ffff e801 

  0x000001bd405fd2fc: ; ImmutableOopMap {[176]=Oop [208]=Oop [216]=Oop [224]=Oop [232]=Oop [256]=Oop [280]=Oop [288]=Oop }
                      ;*getfield name {reexecute=1 rethrow=0 return_oop=0}
                      ; - (reexecute) java.lang.Class::getName@1 (line 949)
                      ; - kotlin.jvm.internal.Intrinsics::sanitizeStackTrace@3 (line 253)
                      ; - kotlin.jvm.internal.Intrinsics::throwParameterIsNullNPE@11 (line 140)
                      ; - kotlin.jvm.internal.Intrinsics::checkNotNullParameter@5 (line 131)
                      ; - kotlin.Result$Failure::<init>@3
                      ; - kotlin.ResultKt::createFailure@11 (line 122)
                      ; - kotlinx.coroutines.DispatchedTask::run@273 (line 98)
                      ;   {metadata({method} {0x000001bd57476650} '<init>' '()V' in 'java/lang/Object')}
  0x000001bd405fd2fc: ee0f 0749 | ba48 6647 | 57bd 0100 | 004c 8954 | 2408 48c7 | 0424 ffff 

  0x000001bd405fd314: ;   {runtime_call counter_overflow Runtime1 stub}
  0x000001bd405fd314: ffff e8e5 

  0x000001bd405fd318: ; ImmutableOopMap {rax=Oop rdi=Oop [176]=Oop [208]=Oop [216]=Oop [224]=Oop [232]=Oop [256]=Oop [288]=Oop }
                      ;*synchronization entry
                      ; - java.lang.Object::<init>@-1 (line 45)
                      ; - kotlin.Result$Failure::<init>@7 (line 105)
                      ; - kotlin.ResultKt::createFailure@11 (line 122)
                      ; - kotlinx.coroutines.DispatchedTask::run@273 (line 98)
  0x000001bd405fd318: 4b10 07e9 | 0de6 ffff | 448b 400c | 49c1 e003 | 4983 f800 | 0f84 09e6 | ffff 4c89 

  0x000001bd405fd334: ;   {runtime_call g1_pre_barrier_slow}
  0x000001bd405fd334: 0424 e8c5 | 5110 07e9 | fbe5 ffff | 4883 ff00 | 0f84 10e6 | ffff 4889 

  0x000001bd405fd34c: ;   {runtime_call g1_post_barrier_slow}
  0x000001bd405fd34c: 0424 e8ad | 5410 07e9 | 02e6 ffff 

  0x000001bd405fd358: ;   {metadata({method} {0x000001bd9850cf08} 'constructor-impl' '(Ljava/lang/Object;)Ljava/lang/Object;' in 'kotlin/Result')}
  0x000001bd405fd358: 49ba 00cf | 5098 bd01 | 0000 4c89 | 5424 0848 | c704 24ff 

  0x000001bd405fd36c: ;   {runtime_call counter_overflow Runtime1 stub}
  0x000001bd405fd36c: ffff ffe8 

  0x000001bd405fd370: ; ImmutableOopMap {rax=Oop [176]=Oop [208]=Oop [216]=Oop [224]=Oop [232]=Oop [288]=Oop }
                      ;*synchronization entry
                      ; - kotlin.Result::constructor-impl@-1
                      ; - kotlinx.coroutines.DispatchedTask::run@276 (line 98)
  0x000001bd405fd370: 8c4b 1007 | e91c e6ff 

  0x000001bd405fd378: ;   {metadata({method} {0x000001bd9850cf08} 'constructor-impl' '(Ljava/lang/Object;)Ljava/lang/Object;' in 'kotlin/Result')}
  0x000001bd405fd378: ff49 ba00 | cf50 98bd | 0100 004c | 8954 2408 | 48c7 0424 | ffff ffff 

  0x000001bd405fd390: ;   {runtime_call counter_overflow Runtime1 stub}
  0x000001bd405fd390: e86b 4b10 

  0x000001bd405fd394: ; ImmutableOopMap {rax=Oop [176]=Oop [208]=Oop [216]=Oop [224]=Oop [232]=Oop }
                      ;*synchronization entry
                      ; - kotlin.Result::constructor-impl@-1
                      ; - kotlinx.coroutines.DispatchedTask::run@298 (line 100)
  0x000001bd405fd394: 07e9 cde7 

  0x000001bd405fd398: ;   {runtime_call throw_incompatible_class_change_error Runtime1 stub}
  0x000001bd405fd398: ffff e861 

  0x000001bd405fd39c: ; ImmutableOopMap {rsi=Oop [176]=Oop [208]=Oop [216]=Oop [224]=Oop [232]=Oop [248]=Oop }
                      ;*invokeinterface getCancellationException {reexecute=0 rethrow=0 return_oop=0}
                      ; - kotlinx.coroutines.DispatchedTask::run@178 (line 93)
                      ;   {metadata({method} {0x000001bd984de568} 'getRECOVER_STACK_TRACES' '()Z' in 'kotlinx/coroutines/DebugKt')}
  0x000001bd405fd39c: 2110 0749 | ba60 e54d | 98bd 0100 | 004c 8954 | 2408 48c7 | 0424 ffff 

  0x000001bd405fd3b4: ;   {runtime_call counter_overflow Runtime1 stub}
  0x000001bd405fd3b4: ffff e845 

  0x000001bd405fd3b8: ; ImmutableOopMap {[176]=Oop [208]=Oop [216]=Oop [224]=Oop [232]=Oop [296]=Oop }
                      ;*synchronization entry
                      ; - kotlinx.coroutines.DebugKt::getRECOVER_STACK_TRACES@-1 (line 77)
                      ; - kotlinx.coroutines.DispatchedTask::run@211 (line 233)
  0x000001bd405fd3b8: 4b10 07e9 | 55ea ffff 

  0x000001bd405fd3c0: ;   {metadata({method} {0x000001bd98520520} 'createFailure' '(Ljava/lang/Throwable;)Ljava/lang/Object;' in 'kotlin/ResultKt')}
  0x000001bd405fd3c0: 49ba 1805 | 5298 bd01 | 0000 4c89 | 5424 0848 | c704 24ff 

  0x000001bd405fd3d4: ;   {runtime_call counter_overflow Runtime1 stub}
  0x000001bd405fd3d4: ffff ffe8 

  0x000001bd405fd3d8: ; ImmutableOopMap {rax=Oop [176]=Oop [208]=Oop [216]=Oop [224]=Oop [232]=Oop [296]=Oop }
                      ;*synchronization entry
                      ; - kotlin.ResultKt::createFailure@-1
                      ; - kotlinx.coroutines.DispatchedTask::run@246 (line 232)
  0x000001bd405fd3d8: 244b 1007 | e995 eaff 

  0x000001bd405fd3e0: ;   {metadata({method} {0x000001bd98415410} 'checkNotNullParameter' '(Ljava/lang/Object;Ljava/lang/String;)V' in 'kotlin/jvm/internal/Intrinsics')}
  0x000001bd405fd3e0: ff49 ba08 | 5441 98bd | 0100 004c | 8954 2408 | 48c7 0424 | ffff ffff 

  0x000001bd405fd3f8: ;   {runtime_call counter_overflow Runtime1 stub}
  0x000001bd405fd3f8: e803 4b10 

  0x000001bd405fd3fc: ; ImmutableOopMap {rax=Oop [176]=Oop [208]=Oop [216]=Oop [224]=Oop [232]=Oop [296]=Oop }
                      ;*synchronization entry
                      ; - kotlin.jvm.internal.Intrinsics::checkNotNullParameter@-1 (line 130)
                      ; - kotlin.ResultKt::createFailure@3
                      ; - kotlinx.coroutines.DispatchedTask::run@246 (line 232)
  0x000001bd405fd3fc: 07e9 adea 

  0x000001bd405fd400: ;   {metadata({method} {0x000001bd98415590} 'throwParameterIsNullNPE' '(Ljava/lang/String;)V' in 'kotlin/jvm/internal/Intrinsics')}
  0x000001bd405fd400: ffff 49ba | 8855 4198 | bd01 0000 | 4c89 5424 | 0848 c704 | 24ff ffff 

  0x000001bd405fd418: ;   {runtime_call counter_overflow Runtime1 stub}
  0x000001bd405fd418: ffe8 e24a 

  0x000001bd405fd41c: ; ImmutableOopMap {[176]=Oop [208]=Oop [216]=Oop [224]=Oop [232]=Oop [296]=Oop }
                      ;*synchronization entry
                      ; - kotlin.jvm.internal.Intrinsics::throwParameterIsNullNPE@-1 (line 140)
                      ; - kotlin.jvm.internal.Intrinsics::checkNotNullParameter@5 (line 131)
                      ; - kotlin.ResultKt::createFailure@3
                      ; - kotlinx.coroutines.DispatchedTask::run@246 (line 232)
  0x000001bd405fd41c: 1007 e9f4 

  0x000001bd405fd420: ;   {metadata(nullptr)}
  0x000001bd405fd420: eaff ff48 | ba00 0000 | 0000 0000 | 00b8 000f 

  0x000001bd405fd430: ;   {runtime_call load_klass_patching Runtime1 stub}
  0x000001bd405fd430: 050a e849 

  0x000001bd405fd434: ; ImmutableOopMap {[176]=Oop [208]=Oop [216]=Oop [224]=Oop [232]=Oop [296]=Oop }
                      ;*new {reexecute=1 rethrow=0 return_oop=0}
                      ; - (reexecute) kotlin.jvm.internal.Intrinsics::throwParameterIsNullNPE@0 (line 140)
                      ; - kotlin.jvm.internal.Intrinsics::checkNotNullParameter@5 (line 131)
                      ; - kotlin.ResultKt::createFailure@3
                      ; - kotlinx.coroutines.DispatchedTask::run@246 (line 232)
  0x000001bd405fd434: 3a10 07e9 | dcea ffff 

  0x000001bd405fd43c: ;   {runtime_call fast_new_instance Runtime1 stub}
  0x000001bd405fd43c: 488b d2e8 

  0x000001bd405fd440: ; ImmutableOopMap {[176]=Oop [208]=Oop [216]=Oop [224]=Oop [232]=Oop [296]=Oop }
                      ;*new {reexecute=0 rethrow=0 return_oop=0}
                      ; - kotlin.jvm.internal.Intrinsics::throwParameterIsNullNPE@0 (line 140)
                      ; - kotlin.jvm.internal.Intrinsics::checkNotNullParameter@5 (line 131)
                      ; - kotlin.ResultKt::createFailure@3
                      ; - kotlinx.coroutines.DispatchedTask::run@246 (line 232)
  0x000001bd405fd440: bcf9 0f07 | e92b ebff 

  0x000001bd405fd448: ;   {metadata({method} {0x000001bd984164f8} 'sanitizeStackTrace' '(Ljava/lang/Throwable;)Ljava/lang/Throwable;' in 'kotlin/jvm/internal/Intrinsics')}
  0x000001bd405fd448: ff49 baf0 | 6441 98bd | 0100 004c | 8954 2408 | 48c7 0424 | ffff ffff 

  0x000001bd405fd460: ;   {runtime_call counter_overflow Runtime1 stub}
  0x000001bd405fd460: e89b 4a10 

  0x000001bd405fd464: ; ImmutableOopMap {[176]=Oop [208]=Oop [216]=Oop [224]=Oop [232]=Oop [296]=Oop [304]=Oop }
                      ;*synchronization entry
                      ; - kotlin.jvm.internal.Intrinsics::sanitizeStackTrace@-1 (line 253)
                      ; - kotlin.jvm.internal.Intrinsics::throwParameterIsNullNPE@11 (line 140)
                      ; - kotlin.jvm.internal.Intrinsics::checkNotNullParameter@5 (line 131)
                      ; - kotlin.ResultKt::createFailure@3
                      ; - kotlinx.coroutines.DispatchedTask::run@246 (line 232)
  0x000001bd405fd464: 07e9 b3eb 

  0x000001bd405fd468: ;   {metadata({method} {0x000001bd5746b368} 'getName' '()Ljava/lang/String;' in 'java/lang/Class')}
  0x000001bd405fd468: ffff 49ba | 60b3 4657 | bd01 0000 | 4c89 5424 | 0848 c704 | 24ff ffff 

  0x000001bd405fd480: ;   {runtime_call counter_overflow Runtime1 stub}
  0x000001bd405fd480: ffe8 7a4a 

  0x000001bd405fd484: ; ImmutableOopMap {rdx=Oop [176]=Oop [208]=Oop [216]=Oop [224]=Oop [232]=Oop [296]=Oop [304]=Oop }
                      ;*synchronization entry
                      ; - java.lang.Class::getName@-1 (line 949)
                      ; - kotlin.jvm.internal.Intrinsics::sanitizeStackTrace@3 (line 253)
                      ; - kotlin.jvm.internal.Intrinsics::throwParameterIsNullNPE@11 (line 140)
                      ; - kotlin.jvm.internal.Intrinsics::checkNotNullParameter@5 (line 131)
                      ; - kotlin.ResultKt::createFailure@3
                      ; - kotlinx.coroutines.DispatchedTask::run@246 (line 232)
  0x000001bd405fd484: 1007 e9d8 

  0x000001bd405fd488: ;   {runtime_call throw_null_pointer_exception Runtime1 stub}
  0x000001bd405fd488: ebff ffe8 

  0x000001bd405fd48c: ; ImmutableOopMap {[176]=Oop [208]=Oop [216]=Oop [224]=Oop [232]=Oop [296]=Oop [304]=Oop }
                      ;*getfield name {reexecute=1 rethrow=0 return_oop=0}
                      ; - (reexecute) java.lang.Class::getName@1 (line 949)
                      ; - kotlin.jvm.internal.Intrinsics::sanitizeStackTrace@3 (line 253)
                      ; - kotlin.jvm.internal.Intrinsics::throwParameterIsNullNPE@11 (line 140)
                      ; - kotlin.jvm.internal.Intrinsics::checkNotNullParameter@5 (line 131)
                      ; - kotlin.ResultKt::createFailure@3
                      ; - kotlinx.coroutines.DispatchedTask::run@246 (line 232)
  0x000001bd405fd48c: 70ec 0f07 

  0x000001bd405fd490: ;   {runtime_call fast_new_instance Runtime1 stub}
  0x000001bd405fd490: 488b d2e8 

  0x000001bd405fd494: ; ImmutableOopMap {rbx=Oop [176]=Oop [208]=Oop [216]=Oop [224]=Oop [232]=Oop [296]=Oop }
                      ;*new {reexecute=0 rethrow=0 return_oop=0}
                      ; - kotlin.ResultKt::createFailure@6 (line 122)
                      ; - kotlinx.coroutines.DispatchedTask::run@246 (line 232)
  0x000001bd405fd494: 68f9 0f07 | e9a6 ecff 

  0x000001bd405fd49c: ;   {metadata({method} {0x000001bd9850ee40} '<init>' '(Ljava/lang/Throwable;)V' in 'kotlin/Result$Failure')}
  0x000001bd405fd49c: ff49 ba38 | ee50 98bd | 0100 004c | 8954 2408 | 48c7 0424 | ffff ffff 

  0x000001bd405fd4b4: ;   {runtime_call counter_overflow Runtime1 stub}
  0x000001bd405fd4b4: e847 4a10 

  0x000001bd405fd4b8: ; ImmutableOopMap {rbx=Oop rax=Oop [176]=Oop [208]=Oop [216]=Oop [224]=Oop [232]=Oop [296]=Oop [320]=Oop }
                      ;*synchronization entry
                      ; - kotlin.Result$Failure::<init>@-1
                      ; - kotlin.ResultKt::createFailure@11 (line 122)
                      ; - kotlinx.coroutines.DispatchedTask::run@246 (line 232)
  0x000001bd405fd4b8: 07e9 c9ec 

  0x000001bd405fd4bc: ;   {metadata({method} {0x000001bd98415410} 'checkNotNullParameter' '(Ljava/lang/Object;Ljava/lang/String;)V' in 'kotlin/jvm/internal/Intrinsics')}
  0x000001bd405fd4bc: ffff 49ba | 0854 4198 | bd01 0000 | 4c89 5424 | 0848 c704 | 24ff ffff 

  0x000001bd405fd4d4: ;   {runtime_call counter_overflow Runtime1 stub}
  0x000001bd405fd4d4: ffe8 264a 

  0x000001bd405fd4d8: ; ImmutableOopMap {rbx=Oop rax=Oop [176]=Oop [208]=Oop [216]=Oop [224]=Oop [232]=Oop [296]=Oop [320]=Oop }
                      ;*synchronization entry
                      ; - kotlin.jvm.internal.Intrinsics::checkNotNullParameter@-1 (line 130)
                      ; - kotlin.Result$Failure::<init>@3
                      ; - kotlin.ResultKt::createFailure@11 (line 122)
                      ; - kotlinx.coroutines.DispatchedTask::run@246 (line 232)
  0x000001bd405fd4d8: 1007 e9e1 

  0x000001bd405fd4dc: ;   {metadata({method} {0x000001bd98415590} 'throwParameterIsNullNPE' '(Ljava/lang/String;)V' in 'kotlin/jvm/internal/Intrinsics')}
  0x000001bd405fd4dc: ecff ff49 | ba88 5541 | 98bd 0100 | 004c 8954 | 2408 48c7 | 0424 ffff 

  0x000001bd405fd4f4: ;   {runtime_call counter_overflow Runtime1 stub}
  0x000001bd405fd4f4: ffff e805 

  0x000001bd405fd4f8: ; ImmutableOopMap {[176]=Oop [208]=Oop [216]=Oop [224]=Oop [232]=Oop [296]=Oop [320]=Oop }
                      ;*synchronization entry
                      ; - kotlin.jvm.internal.Intrinsics::throwParameterIsNullNPE@-1 (line 140)
                      ; - kotlin.jvm.internal.Intrinsics::checkNotNullParameter@5 (line 131)
                      ; - kotlin.Result$Failure::<init>@3
                      ; - kotlin.ResultKt::createFailure@11 (line 122)
                      ; - kotlinx.coroutines.DispatchedTask::run@246 (line 232)
  0x000001bd405fd4f8: 4a10 07e9 | 28ed ffff 

  0x000001bd405fd500: ;   {metadata(nullptr)}
  0x000001bd405fd500: 48ba 0000 | 0000 0000 | 0000 b800 

  0x000001bd405fd50c: ;   {runtime_call load_klass_patching Runtime1 stub}
  0x000001bd405fd50c: 0f05 0ae8 

  0x000001bd405fd510: ; ImmutableOopMap {[176]=Oop [208]=Oop [216]=Oop [224]=Oop [232]=Oop [296]=Oop [320]=Oop }
                      ;*new {reexecute=1 rethrow=0 return_oop=0}
                      ; - (reexecute) kotlin.jvm.internal.Intrinsics::throwParameterIsNullNPE@0 (line 140)
                      ; - kotlin.jvm.internal.Intrinsics::checkNotNullParameter@5 (line 131)
                      ; - kotlin.Result$Failure::<init>@3
                      ; - kotlin.ResultKt::createFailure@11 (line 122)
                      ; - kotlinx.coroutines.DispatchedTask::run@246 (line 232)
  0x000001bd405fd510: 6c39 1007 | e90f edff | ff48 8bd2 

  0x000001bd405fd51c: ;   {runtime_call fast_new_instance Runtime1 stub}
  0x000001bd405fd51c: e8df f80f 

  0x000001bd405fd520: ; ImmutableOopMap {[176]=Oop [208]=Oop [216]=Oop [224]=Oop [232]=Oop [296]=Oop [320]=Oop }
                      ;*new {reexecute=0 rethrow=0 return_oop=0}
                      ; - kotlin.jvm.internal.Intrinsics::throwParameterIsNullNPE@0 (line 140)
                      ; - kotlin.jvm.internal.Intrinsics::checkNotNullParameter@5 (line 131)
                      ; - kotlin.Result$Failure::<init>@3
                      ; - kotlin.ResultKt::createFailure@11 (line 122)
                      ; - kotlinx.coroutines.DispatchedTask::run@246 (line 232)
  0x000001bd405fd520: 07e9 5eed 

  0x000001bd405fd524: ;   {metadata({method} {0x000001bd984164f8} 'sanitizeStackTrace' '(Ljava/lang/Throwable;)Ljava/lang/Throwable;' in 'kotlin/jvm/internal/Intrinsics')}
  0x000001bd405fd524: ffff 49ba | f064 4198 | bd01 0000 | 4c89 5424 | 0848 c704 | 24ff ffff 

  0x000001bd405fd53c: ;   {runtime_call counter_overflow Runtime1 stub}
  0x000001bd405fd53c: ffe8 be49 

  0x000001bd405fd540: ; ImmutableOopMap {[176]=Oop [208]=Oop [216]=Oop [224]=Oop [232]=Oop [296]=Oop [312]=Oop [320]=Oop }
                      ;*synchronization entry
                      ; - kotlin.jvm.internal.Intrinsics::sanitizeStackTrace@-1 (line 253)
                      ; - kotlin.jvm.internal.Intrinsics::throwParameterIsNullNPE@11 (line 140)
                      ; - kotlin.jvm.internal.Intrinsics::checkNotNullParameter@5 (line 131)
                      ; - kotlin.Result$Failure::<init>@3
                      ; - kotlin.ResultKt::createFailure@11 (line 122)
                      ; - kotlinx.coroutines.DispatchedTask::run@246 (line 232)
  0x000001bd405fd540: 1007 e9e6 

  0x000001bd405fd544: ;   {metadata({method} {0x000001bd5746b368} 'getName' '()Ljava/lang/String;' in 'java/lang/Class')}
  0x000001bd405fd544: edff ff49 | ba60 b346 | 57bd 0100 | 004c 8954 | 2408 48c7 | 0424 ffff 

  0x000001bd405fd55c: ;   {runtime_call counter_overflow Runtime1 stub}
  0x000001bd405fd55c: ffff e89d 

  0x000001bd405fd560: ; ImmutableOopMap {rdx=Oop [176]=Oop [208]=Oop [216]=Oop [224]=Oop [232]=Oop [296]=Oop [312]=Oop [320]=Oop }
                      ;*synchronization entry
                      ; - java.lang.Class::getName@-1 (line 949)
                      ; - kotlin.jvm.internal.Intrinsics::sanitizeStackTrace@3 (line 253)
                      ; - kotlin.jvm.internal.Intrinsics::throwParameterIsNullNPE@11 (line 140)
                      ; - kotlin.jvm.internal.Intrinsics::checkNotNullParameter@5 (line 131)
                      ; - kotlin.Result$Failure::<init>@3
                      ; - kotlin.ResultKt::createFailure@11 (line 122)
                      ; - kotlinx.coroutines.DispatchedTask::run@246 (line 232)
  0x000001bd405fd560: 4910 07e9 | 0bee ffff 

  0x000001bd405fd568: ;   {runtime_call throw_null_pointer_exception Runtime1 stub}
  0x000001bd405fd568: e893 eb0f 

  0x000001bd405fd56c: ; ImmutableOopMap {[176]=Oop [208]=Oop [216]=Oop [224]=Oop [232]=Oop [296]=Oop [312]=Oop [320]=Oop }
                      ;*getfield name {reexecute=1 rethrow=0 return_oop=0}
                      ; - (reexecute) java.lang.Class::getName@1 (line 949)
                      ; - kotlin.jvm.internal.Intrinsics::sanitizeStackTrace@3 (line 253)
                      ; - kotlin.jvm.internal.Intrinsics::throwParameterIsNullNPE@11 (line 140)
                      ; - kotlin.jvm.internal.Intrinsics::checkNotNullParameter@5 (line 131)
                      ; - kotlin.Result$Failure::<init>@3
                      ; - kotlin.ResultKt::createFailure@11 (line 122)
                      ; - kotlinx.coroutines.DispatchedTask::run@246 (line 232)
                      ;   {metadata({method} {0x000001bd57476650} '<init>' '()V' in 'java/lang/Object')}
  0x000001bd405fd56c: 0749 ba48 | 6647 57bd | 0100 004c | 8954 2408 | 48c7 0424 | ffff ffff 

  0x000001bd405fd584: ;   {runtime_call counter_overflow Runtime1 stub}
  0x000001bd405fd584: e877 4910 

  0x000001bd405fd588: ; ImmutableOopMap {rdi=Oop rax=Oop [176]=Oop [208]=Oop [216]=Oop [224]=Oop [232]=Oop [296]=Oop [320]=Oop }
                      ;*synchronization entry
                      ; - java.lang.Object::<init>@-1 (line 45)
                      ; - kotlin.Result$Failure::<init>@7 (line 105)
                      ; - kotlin.ResultKt::createFailure@11 (line 122)
                      ; - kotlinx.coroutines.DispatchedTask::run@246 (line 232)
  0x000001bd405fd588: 07e9 b7ee | ffff 448b | 400c 49c1 | e003 4983 | f800 0f84 | b3ee ffff | 4c89 0424 

  0x000001bd405fd5a4: ;   {runtime_call g1_pre_barrier_slow}
  0x000001bd405fd5a4: e857 4f10 | 07e9 a5ee | ffff 4883 | ff00 0f84 | baee ffff | 4889 0424 

  0x000001bd405fd5bc: ;   {runtime_call g1_post_barrier_slow}
  0x000001bd405fd5bc: e83f 5210 | 07e9 acee 

  0x000001bd405fd5c4: ;   {metadata({method} {0x000001bd9850cf08} 'constructor-impl' '(Ljava/lang/Object;)Ljava/lang/Object;' in 'kotlin/Result')}
  0x000001bd405fd5c4: ffff 49ba | 00cf 5098 | bd01 0000 | 4c89 5424 | 0848 c704 | 24ff ffff 

  0x000001bd405fd5dc: ;   {runtime_call counter_overflow Runtime1 stub}
  0x000001bd405fd5dc: ffe8 1e49 

  0x000001bd405fd5e0: ; ImmutableOopMap {rax=Oop [176]=Oop [208]=Oop [216]=Oop [224]=Oop [232]=Oop [320]=Oop }
                      ;*synchronization entry
                      ; - kotlin.Result::constructor-impl@-1
                      ; - kotlinx.coroutines.DispatchedTask::run@249 (line 232)
  0x000001bd405fd5e0: 1007 e9c6 

  0x000001bd405fd5e4: ;   {runtime_call throw_null_pointer_exception Runtime1 stub}
  0x000001bd405fd5e4: eeff ffe8 

  0x000001bd405fd5e8: ; ImmutableOopMap {rax=Oop [176]=Oop [216]=Oop [224]=Oop }
                      ;*invokevirtual clearThreadContext {reexecute=0 rethrow=0 return_oop=0}
                      ; - kotlinx.coroutines.DispatchedTask::run@319 (line 236)
  0x000001bd405fd5e8: 14eb 0f07 

  0x000001bd405fd5ec: ;   {internal_word}
  0x000001bd405fd5ec: 49ba 54c6 | 5f40 bd01 | 0000 4d89 | 9760 0400 

  0x000001bd405fd5fc: ;   {runtime_call SafepointBlob}
  0x000001bd405fd5fc: 00e9 7e7e | 0407 4889 

  0x000001bd405fd604: ;   {runtime_call throw_class_cast_exception Runtime1 stub}
  0x000001bd405fd604: 0424 e8f5 

  0x000001bd405fd608: ; ImmutableOopMap {r8=Oop [176]=Oop [208]=Oop [216]=Oop [224]=Oop [232]=Oop [296]=Oop [320]=Oop }
                      ;*checkcast {reexecute=0 rethrow=0 return_oop=0}
                      ; - kotlin.jvm.internal.Intrinsics::throwParameterIsNullNPE@14 (line 140)
                      ; - kotlin.jvm.internal.Intrinsics::checkNotNullParameter@5 (line 131)
                      ; - kotlin.Result$Failure::<init>@3
                      ; - kotlin.ResultKt::createFailure@11 (line 122)
                      ; - kotlinx.coroutines.DispatchedTask::run@246 (line 232)
                      ;   {runtime_call throw_null_pointer_exception Runtime1 stub}
  0x000001bd405fd608: 1b10 07e8 

  0x000001bd405fd60c: ; ImmutableOopMap {r8=Oop rax=Oop [176]=Oop [208]=Oop [216]=Oop [224]=Oop [232]=Oop [296]=Oop [320]=Oop }
                      ;*athrow {reexecute=1 rethrow=0 return_oop=0}
                      ; - (reexecute) kotlin.jvm.internal.Intrinsics::throwParameterIsNullNPE@17 (line 140)
                      ; - kotlin.jvm.internal.Intrinsics::checkNotNullParameter@5 (line 131)
                      ; - kotlin.Result$Failure::<init>@3
                      ; - kotlin.ResultKt::createFailure@11 (line 122)
                      ; - kotlinx.coroutines.DispatchedTask::run@246 (line 232)
  0x000001bd405fd60c: f0ea 0f07 | 4889 0424 

  0x000001bd405fd614: ;   {runtime_call throw_class_cast_exception Runtime1 stub}
  0x000001bd405fd614: e8e7 1b10 

  0x000001bd405fd618: ; ImmutableOopMap {r8=Oop [176]=Oop [208]=Oop [216]=Oop [224]=Oop [232]=Oop [296]=Oop }
                      ;*checkcast {reexecute=0 rethrow=0 return_oop=0}
                      ; - kotlin.jvm.internal.Intrinsics::throwParameterIsNullNPE@14 (line 140)
                      ; - kotlin.jvm.internal.Intrinsics::checkNotNullParameter@5 (line 131)
                      ; - kotlin.ResultKt::createFailure@3
                      ; - kotlinx.coroutines.DispatchedTask::run@246 (line 232)
                      ;   {runtime_call throw_null_pointer_exception Runtime1 stub}
  0x000001bd405fd618: 07e8 e2ea 

  0x000001bd405fd61c: ; ImmutableOopMap {r8=Oop rax=Oop [176]=Oop [208]=Oop [216]=Oop [224]=Oop [232]=Oop [296]=Oop }
                      ;*athrow {reexecute=1 rethrow=0 return_oop=0}
                      ; - (reexecute) kotlin.jvm.internal.Intrinsics::throwParameterIsNullNPE@17 (line 140)
                      ; - kotlin.jvm.internal.Intrinsics::checkNotNullParameter@5 (line 131)
                      ; - kotlin.ResultKt::createFailure@3
                      ; - kotlinx.coroutines.DispatchedTask::run@246 (line 232)
  0x000001bd405fd61c: 0f07 4889 

  0x000001bd405fd620: ;   {runtime_call throw_class_cast_exception Runtime1 stub}
  0x000001bd405fd620: 0424 e8d9 

  0x000001bd405fd624: ; ImmutableOopMap {r8=Oop [176]=Oop [208]=Oop [216]=Oop [224]=Oop [232]=Oop [256]=Oop [288]=Oop }
                      ;*checkcast {reexecute=0 rethrow=0 return_oop=0}
                      ; - kotlin.jvm.internal.Intrinsics::throwParameterIsNullNPE@14 (line 140)
                      ; - kotlin.jvm.internal.Intrinsics::checkNotNullParameter@5 (line 131)
                      ; - kotlin.Result$Failure::<init>@3
                      ; - kotlin.ResultKt::createFailure@11 (line 122)
                      ; - kotlinx.coroutines.DispatchedTask::run@273 (line 98)
                      ;   {runtime_call throw_null_pointer_exception Runtime1 stub}
  0x000001bd405fd624: 1b10 07e8 

  0x000001bd405fd628: ; ImmutableOopMap {r8=Oop rax=Oop [176]=Oop [208]=Oop [216]=Oop [224]=Oop [232]=Oop [256]=Oop [288]=Oop }
                      ;*athrow {reexecute=1 rethrow=0 return_oop=0}
                      ; - (reexecute) kotlin.jvm.internal.Intrinsics::throwParameterIsNullNPE@17 (line 140)
                      ; - kotlin.jvm.internal.Intrinsics::checkNotNullParameter@5 (line 131)
                      ; - kotlin.Result$Failure::<init>@3
                      ; - kotlin.ResultKt::createFailure@11 (line 122)
                      ; - kotlinx.coroutines.DispatchedTask::run@273 (line 98)
  0x000001bd405fd628: d4ea 0f07 | 4889 0424 

  0x000001bd405fd630: ;   {runtime_call throw_class_cast_exception Runtime1 stub}
  0x000001bd405fd630: e8cb 1b10 

  0x000001bd405fd634: ; ImmutableOopMap {rdi=Oop rsi=Oop [176]=Oop [216]=Oop [224]=Oop [232]=Oop [256]=Oop }
                      ;*checkcast {reexecute=0 rethrow=0 return_oop=0}
                      ; - kotlin.jvm.internal.Intrinsics::throwParameterIsNullNPE@14 (line 140)
                      ; - kotlin.jvm.internal.Intrinsics::checkNotNullParameter@5 (line 131)
                      ; - kotlin.ResultKt::createFailure@3
                      ; - kotlinx.coroutines.DispatchedTask::run@273 (line 98)
                      ;   {runtime_call throw_null_pointer_exception Runtime1 stub}
  0x000001bd405fd634: 07e8 c6ea 

  0x000001bd405fd638: ; ImmutableOopMap {rdi=Oop rsi=Oop rax=Oop [176]=Oop [216]=Oop [224]=Oop [232]=Oop [256]=Oop }
                      ;*athrow {reexecute=1 rethrow=0 return_oop=0}
                      ; - (reexecute) kotlin.jvm.internal.Intrinsics::throwParameterIsNullNPE@17 (line 140)
                      ; - kotlin.jvm.internal.Intrinsics::checkNotNullParameter@5 (line 131)
                      ; - kotlin.ResultKt::createFailure@3
                      ; - kotlinx.coroutines.DispatchedTask::run@273 (line 98)
                      ;   {runtime_call throw_null_pointer_exception Runtime1 stub}
  0x000001bd405fd638: 0f07 e8c1 

  0x000001bd405fd63c: ; ImmutableOopMap {rdx=Oop [176]=Oop [216]=Oop [224]=Oop [328]=Oop }
                      ;*invokevirtual clearThreadContext {reexecute=0 rethrow=0 return_oop=0}
                      ; - kotlinx.coroutines.DispatchedTask::run@344 (line 236)
  0x000001bd405fd63c: ea0f 0748 

  0x000001bd405fd640: ;   {runtime_call throw_class_cast_exception Runtime1 stub}
  0x000001bd405fd640: 8904 24e8 

  0x000001bd405fd644: ; ImmutableOopMap {r8=Oop [176]=Oop [184]=Oop }
                      ;*checkcast {reexecute=0 rethrow=0 return_oop=0}
                      ; - kotlin.jvm.internal.Intrinsics::throwJavaNpe@11 (line 50)
                      ; - kotlin.jvm.internal.Intrinsics::checkNotNull@5 (line 31)
                      ; - kotlinx.coroutines.DispatchedTask::run@40 (line 80)
  0x000001bd405fd644: b81b 1007 

  0x000001bd405fd648: ;   {runtime_call throw_null_pointer_exception Runtime1 stub}
  0x000001bd405fd648: e8b3 ea0f 

  0x000001bd405fd64c: ; ImmutableOopMap {r8=Oop rax=Oop [176]=Oop [184]=Oop }
                      ;*athrow {reexecute=1 rethrow=0 return_oop=0}
                      ; - (reexecute) kotlin.jvm.internal.Intrinsics::throwJavaNpe@14 (line 50)
                      ; - kotlin.jvm.internal.Intrinsics::checkNotNull@5 (line 31)
                      ; - kotlinx.coroutines.DispatchedTask::run@40 (line 80)
                      ;   {internal_word}
  0x000001bd405fd64c: 0749 ba8c | cd5f 40bd | 0100 004d | 8997 6004 

  0x000001bd405fd65c: ;   {runtime_call SafepointBlob}
  0x000001bd405fd65c: 0000 e91d 

  0x000001bd405fd660: ;   {runtime_call throw_null_pointer_exception Runtime1 stub}
  0x000001bd405fd660: 7e04 07e8 

  0x000001bd405fd664: ; ImmutableOopMap {rax=Oop [336]=Oop }
                      ;*invokeinterface getContext {reexecute=0 rethrow=0 return_oop=0}
                      ; - kotlinx.coroutines.DispatchedTask::run@365 (line 105)
  0x000001bd405fd664: 98ea 0f07 

  0x000001bd405fd668: ;   {internal_word}
  0x000001bd405fd668: 49ba 0cd0 | 5f40 bd01 | 0000 4d89 | 9760 0400 

  0x000001bd405fd678: ;   {runtime_call SafepointBlob}
  0x000001bd405fd678: 00e9 027e | 0407 498b | 87f8 0400 | 0049 c787 | f804 0000 | 0000 0000 | 49c7 8700 | 0500 0000 
  0x000001bd405fd698: 0000 0048 | 81c4 7001 

  0x000001bd405fd6a0: ;   {runtime_call unwind_exception Runtime1 stub}
  0x000001bd405fd6a0: 0000 5de9 | 58db 0f07 
[Stub Code]
  0x000001bd405fd6a8: ;   {no_reloc}
  0x000001bd405fd6a8: 0f1f 4400 

  0x000001bd405fd6ac: ;   {static_stub}
  0x000001bd405fd6ac: 0048 bb00 | 0000 0000 

  0x000001bd405fd6b4: ;   {runtime_call nmethod}
  0x000001bd405fd6b4: 0000 00e9 | fbff ffff 

  0x000001bd405fd6bc: ;   {static_stub}
  0x000001bd405fd6bc: 9048 bb00 | 0000 0000 

  0x000001bd405fd6c4: ;   {runtime_call nmethod}
  0x000001bd405fd6c4: 0000 00e9 | fbff ffff 

  0x000001bd405fd6cc: ;   {static_stub}
  0x000001bd405fd6cc: 9048 bb00 | 0000 0000 

  0x000001bd405fd6d4: ;   {runtime_call nmethod}
  0x000001bd405fd6d4: 0000 00e9 | fbff ffff 

  0x000001bd405fd6dc: ;   {static_stub}
  0x000001bd405fd6dc: 9048 bb00 | 0000 0000 

  0x000001bd405fd6e4: ;   {runtime_call nmethod}
  0x000001bd405fd6e4: 0000 00e9 | fbff ffff 

  0x000001bd405fd6ec: ;   {static_stub}
  0x000001bd405fd6ec: 9048 bb00 | 0000 0000 

  0x000001bd405fd6f4: ;   {runtime_call nmethod}
  0x000001bd405fd6f4: 0000 00e9 | fbff ffff 

  0x000001bd405fd6fc: ;   {static_stub}
  0x000001bd405fd6fc: 9048 bb00 | 0000 0000 

  0x000001bd405fd704: ;   {runtime_call nmethod}
  0x000001bd405fd704: 0000 00e9 | fbff ffff 

  0x000001bd405fd70c: ;   {static_stub}
  0x000001bd405fd70c: 9048 bb00 | 0000 0000 

  0x000001bd405fd714: ;   {runtime_call nmethod}
  0x000001bd405fd714: 0000 00e9 | fbff ffff 

  0x000001bd405fd71c: ;   {static_stub}
  0x000001bd405fd71c: 9048 bb00 | 0000 0000 

  0x000001bd405fd724: ;   {runtime_call nmethod}
  0x000001bd405fd724: 0000 00e9 | fbff ffff 

  0x000001bd405fd72c: ;   {static_stub}
  0x000001bd405fd72c: 9048 bb00 | 0000 0000 

  0x000001bd405fd734: ;   {runtime_call nmethod}
  0x000001bd405fd734: 0000 00e9 | fbff ffff 

  0x000001bd405fd73c: ;   {static_stub}
  0x000001bd405fd73c: 9048 bb00 | 0000 0000 

  0x000001bd405fd744: ;   {runtime_call nmethod}
  0x000001bd405fd744: 0000 00e9 | fbff ffff 

  0x000001bd405fd74c: ;   {static_stub}
  0x000001bd405fd74c: 9048 bb00 | 0000 0000 

  0x000001bd405fd754: ;   {runtime_call nmethod}
  0x000001bd405fd754: 0000 00e9 | fbff ffff 

  0x000001bd405fd75c: ;   {static_stub}
  0x000001bd405fd75c: 9048 bb00 | 0000 0000 

  0x000001bd405fd764: ;   {runtime_call nmethod}
  0x000001bd405fd764: 0000 00e9 | fbff ffff 

  0x000001bd405fd76c: ;   {static_stub}
  0x000001bd405fd76c: 9048 bb00 | 0000 0000 

  0x000001bd405fd774: ;   {runtime_call nmethod}
  0x000001bd405fd774: 0000 00e9 | fbff ffff 

  0x000001bd405fd77c: ;   {static_stub}
  0x000001bd405fd77c: 9048 bb00 | 0000 0000 

  0x000001bd405fd784: ;   {runtime_call nmethod}
  0x000001bd405fd784: 0000 00e9 | fbff ffff 

  0x000001bd405fd78c: ;   {static_stub}
  0x000001bd405fd78c: 9048 bb00 | 0000 0000 

  0x000001bd405fd794: ;   {runtime_call nmethod}
  0x000001bd405fd794: 0000 00e9 | fbff ffff 

  0x000001bd405fd79c: ;   {static_stub}
  0x000001bd405fd79c: 9048 bb00 | 0000 0000 

  0x000001bd405fd7a4: ;   {runtime_call nmethod}
  0x000001bd405fd7a4: 0000 00e9 | fbff ffff 

  0x000001bd405fd7ac: ;   {static_stub}
  0x000001bd405fd7ac: 9048 bb00 | 0000 0000 

  0x000001bd405fd7b4: ;   {runtime_call nmethod}
  0x000001bd405fd7b4: 0000 00e9 | fbff ffff 

  0x000001bd405fd7bc: ;   {static_stub}
  0x000001bd405fd7bc: 48bb 0000 | 0000 0000 

  0x000001bd405fd7c4: ;   {runtime_call nmethod}
  0x000001bd405fd7c4: 0000 e9fb 

  0x000001bd405fd7c8: ;   {static_stub}
  0x000001bd405fd7c8: ffff ff48 | bb00 0000 | 0000 0000 

  0x000001bd405fd7d4: ;   {runtime_call nmethod}
  0x000001bd405fd7d4: 00e9 fbff 

  0x000001bd405fd7d8: ;   {static_stub}
  0x000001bd405fd7d8: ffff 48bb | 0000 0000 | 0000 0000 

  0x000001bd405fd7e4: ;   {runtime_call nmethod}
  0x000001bd405fd7e4: e9fb ffff 

  0x000001bd405fd7e8: ;   {static_stub}
  0x000001bd405fd7e8: ff48 bb00 | 0000 0000 

  0x000001bd405fd7f0: ;   {runtime_call nmethod}
  0x000001bd405fd7f0: 0000 00e9 | fbff ffff 

  0x000001bd405fd7f8: ;   {static_stub}
  0x000001bd405fd7f8: 48bb 0000 | 0000 0000 

  0x000001bd405fd800: ;   {runtime_call nmethod}
  0x000001bd405fd800: 0000 e9fb 

  0x000001bd405fd804: ;   {static_stub}
  0x000001bd405fd804: ffff ff48 | bb00 0000 | 0000 0000 

  0x000001bd405fd810: ;   {runtime_call nmethod}
  0x000001bd405fd810: 00e9 fbff 

  0x000001bd405fd814: ;   {static_stub}
  0x000001bd405fd814: ffff 48bb | 0000 0000 | 0000 0000 

  0x000001bd405fd820: ;   {runtime_call nmethod}
  0x000001bd405fd820: e9fb ffff 

  0x000001bd405fd824: ;   {static_stub}
  0x000001bd405fd824: ff48 bb00 | 0000 0000 

  0x000001bd405fd82c: ;   {runtime_call nmethod}
  0x000001bd405fd82c: 0000 00e9 | fbff ffff 

  0x000001bd405fd834: ;   {static_stub}
  0x000001bd405fd834: 48bb 0000 | 0000 0000 

  0x000001bd405fd83c: ;   {runtime_call nmethod}
  0x000001bd405fd83c: 0000 e9fb 

  0x000001bd405fd840: ;   {runtime_call handle_exception_from_callee Runtime1 stub}
  0x000001bd405fd840: ffff ffe8 | b813 1007 

  0x000001bd405fd848: ;   {external_word}
  0x000001bd405fd848: 48b9 789b | ffd5 f87f | 0000 4883 

  0x000001bd405fd854: ;   {runtime_call}
  0x000001bd405fd854: e4f0 48b8 | d0e6 c1d5 | f87f 0000 

  0x000001bd405fd860: ;   {section_word}
  0x000001bd405fd860: ffd0 f449 | ba63 d85f | 40bd 0100 

  0x000001bd405fd86c: ;   {runtime_call DeoptimizationBlob}
  0x000001bd405fd86c: 0041 52e9 | ac6e 0407 | f4f4 f4f4 
[/MachCode]


---------------  P R O C E S S  ---------------

Threads class SMR info:
_java_thread_list=0x000001bd9c127d90, length=22, elements={
0x000001bd37987840, 0x000001bd5653c830, 0x000001bd5653d540, 0x000001bd5653f100,
0x000001bd5653fb50, 0x000001bd565405a0, 0x000001bd56540ff0, 0x000001bd56541d70,
0x000001bd56543200, 0x000001bd566d5960, 0x000001bd566c6c00, 0x000001bd9c85f730,
0x000001bd9c547c80, 0x000001bd9c85e400, 0x000001bd9c85ee30, 0x000001bd9ca87b80,
0x000001bd9ceca120, 0x000001bd9cec79c0, 0x000001bd9cec8d70, 0x000001bda2b9f570,
0x000001bda2b9db30, 0x000001bda2b9fc00
}

Java Threads: ( => current thread )
  0x000001bd37987840 JavaThread "main"                              [_thread_blocked, id=1940, stack(0x000000af99c00000,0x000000af99d00000) (1024K)]
  0x000001bd5653c830 JavaThread "Reference Handler"          daemon [_thread_blocked, id=2616, stack(0x000000af9a400000,0x000000af9a500000) (1024K)]
  0x000001bd5653d540 JavaThread "Finalizer"                  daemon [_thread_blocked, id=4572, stack(0x000000af9a500000,0x000000af9a600000) (1024K)]
  0x000001bd5653f100 JavaThread "Signal Dispatcher"          daemon [_thread_blocked, id=12180, stack(0x000000af9a600000,0x000000af9a700000) (1024K)]
  0x000001bd5653fb50 JavaThread "Attach Listener"            daemon [_thread_blocked, id=6824, stack(0x000000af9a700000,0x000000af9a800000) (1024K)]
  0x000001bd565405a0 JavaThread "Service Thread"             daemon [_thread_blocked, id=7424, stack(0x000000af9a800000,0x000000af9a900000) (1024K)]
  0x000001bd56540ff0 JavaThread "Monitor Deflation Thread"   daemon [_thread_blocked, id=4252, stack(0x000000af9a900000,0x000000af9aa00000) (1024K)]
  0x000001bd56541d70 JavaThread "C2 CompilerThread0"         daemon [_thread_blocked, id=6620, stack(0x000000af9aa00000,0x000000af9ab00000) (1024K)]
  0x000001bd56543200 JavaThread "C1 CompilerThread0"         daemon [_thread_blocked, id=1928, stack(0x000000af9ab00000,0x000000af9ac00000) (1024K)]
  0x000001bd566d5960 JavaThread "Notification Thread"        daemon [_thread_blocked, id=12792, stack(0x000000af9ac00000,0x000000af9ad00000) (1024K)]
  0x000001bd566c6c00 JavaThread "Common-Cleaner"             daemon [_thread_blocked, id=4936, stack(0x000000af9ad00000,0x000000af9ae00000) (1024K)]
  0x000001bd9c85f730 JavaThread "Java2D Disposer"            daemon [_thread_blocked, id=5420, stack(0x000000af9b200000,0x000000af9b300000) (1024K)]
  0x000001bd9c547c80 JavaThread "DefaultDispatcher-worker-1" daemon [_thread_blocked, id=5440, stack(0x000000af9b500000,0x000000af9b600000) (1024K)]
  0x000001bd9c85e400 JavaThread "DefaultDispatcher-worker-2" daemon [_thread_blocked, id=5496, stack(0x000000af9b600000,0x000000af9b700000) (1024K)]
=>0x000001bd9c85ee30 JavaThread "DefaultDispatcher-worker-3" daemon [_thread_in_native, id=5360, stack(0x000000af9b700000,0x000000af9b800000) (1024K)]
  0x000001bd9ca87b80 JavaThread "Reference Cleaner"          daemon [_thread_blocked, id=5468, stack(0x000000af9b800000,0x000000af9b900000) (1024K)]
  0x000001bd9ceca120 JavaThread "kotlinx.coroutines.DefaultExecutor" daemon [_thread_blocked, id=5400, stack(0x000000af9b900000,0x000000af9ba00000) (1024K)]
  0x000001bd9cec79c0 JavaThread "TimerQueue"                 daemon [_thread_blocked, id=6060, stack(0x000000af9bc00000,0x000000af9bd00000) (1024K)]
  0x000001bd9cec8d70 JavaThread "JavaCPP Deallocator"        daemon [_thread_blocked, id=5404, stack(0x000000af9c500000,0x000000af9c600000) (1024K)]
  0x000001bda2b9f570 JavaThread "pool-1-thread-1"            daemon [_thread_blocked, id=1452, stack(0x000000af9cd00000,0x000000af9ce00000) (1024K)]
  0x000001bda2b9db30 JavaThread "pool-1-thread-2"            daemon [_thread_blocked, id=9004, stack(0x000000af9ce00000,0x000000af9cf00000) (1024K)]
  0x000001bda2b9fc00 JavaThread "DefaultDispatcher-worker-4" daemon [_thread_blocked, id=1440, stack(0x000000af9ba00000,0x000000af9bb00000) (1024K)]
Total: 22

Other Threads:
  0x000001bd5651b700 VMThread "VM Thread"                           [id=7012, stack(0x000000af9a300000,0x000000af9a400000) (1024K)]
  0x000001bd5650bda0 WatcherThread "VM Periodic Task Thread"        [id=1572, stack(0x000000af9a200000,0x000000af9a300000) (1024K)]
  0x000001bd379edda0 WorkerThread "GC Thread#0"                     [id=8672, stack(0x000000af99d00000,0x000000af99e00000) (1024K)]
  0x000001bd9c2934b0 WorkerThread "GC Thread#1"                     [id=6844, stack(0x000000af9af00000,0x000000af9b000000) (1024K)]
  0x000001bd9c293850 WorkerThread "GC Thread#2"                     [id=5432, stack(0x000000af9b000000,0x000000af9b100000) (1024K)]
  0x000001bd9c437340 WorkerThread "GC Thread#3"                     [id=6836, stack(0x000000af9b100000,0x000000af9b200000) (1024K)]
  0x000001bd379fec10 ConcurrentGCThread "G1 Main Marker"            [id=1456, stack(0x000000af99e00000,0x000000af99f00000) (1024K)]
  0x000001bd379ff710 WorkerThread "G1 Conc#0"                       [id=684, stack(0x000000af99f00000,0x000000af9a000000) (1024K)]
  0x000001bd37a5ea30 ConcurrentGCThread "G1 Refine#0"               [id=9464, stack(0x000000af9a000000,0x000000af9a100000) (1024K)]
  0x000001bd563cd770 ConcurrentGCThread "G1 Service"                [id=13204, stack(0x000000af9a100000,0x000000af9a200000) (1024K)]
Total: 10

Threads with active compile tasks:
Total: 0

VM state: not at safepoint (normal execution)

VM Mutex/Monitor currently owned by a thread: None

Heap address: 0x0000000701600000, size: 4074 MB, Compressed Oops mode: Zero based, Oop shift amount: 3

CDS archive(s) mapped at: [0x000001bd57000000-0x000001bd57c80000-0x000001bd57c80000), size 13107200, SharedBaseAddress: 0x000001bd57000000, ArchiveRelocationMode: 1.
Compressed class space mapped at: 0x000001bd58000000-0x000001bd98000000, reserved size: 1073741824
Narrow klass base: 0x000001bd57000000, Narrow klass shift: 0, Narrow klass range: 0x100000000

GC Precious Log:
 CardTable entry size: 512
 Card Set container configuration: InlinePtr #cards 4 size 8 Array Of Cards #cards 16 size 48 Howl #buckets 8 coarsen threshold 3686 Howl Bitmap #cards 512 size 80 coarsen threshold 460 Card regions per heap region 1 cards per card region 4096
 CPUs: 4 total, 4 available
 Memory: 16291M
 Large Page Support: Disabled
 NUMA Support: Disabled
 Compressed Oops: Enabled (Zero based)
 Heap Region Size: 2M
 Heap Min Capacity: 8M
 Heap Initial Capacity: 256M
 Heap Max Capacity: 4074M
 Pre-touch: Disabled
 Parallel Workers: 4
 Concurrent Workers: 1
 Concurrent Refinement Workers: 4
 Periodic GC: Disabled

Heap:
 garbage-first heap   total 157696K, used 62590K [0x0000000701600000, 0x0000000800000000)
  region size 2048K, 15 young (30720K), 1 survivors (2048K)
 Metaspace       used 34915K, committed 35392K, reserved 1114112K
  class space    used 3110K, committed 3328K, reserved 1048576K

Heap Regions: E=young(eden), S=young(survivor), O=old, HS=humongous(starts), HC=humongous(continues), CS=collection set, F=free, TAMS=top-at-mark-start, PB=parsable bottom
|   0|0x0000000701600000, 0x0000000701800000, 0x0000000701800000|100%| O|  |TAMS 0x0000000701600000| PB 0x0000000701600000| Untracked 
|   1|0x0000000701800000, 0x0000000701a00000, 0x0000000701a00000|100%| O|  |TAMS 0x0000000701800000| PB 0x0000000701800000| Untracked 
|   2|0x0000000701a00000, 0x0000000701c00000, 0x0000000701c00000|100%| O|  |TAMS 0x0000000701a00000| PB 0x0000000701a00000| Untracked 
|   3|0x0000000701c00000, 0x0000000701e00000, 0x0000000701e00000|100%| O|  |TAMS 0x0000000701c00000| PB 0x0000000701c00000| Untracked 
|   4|0x0000000701e00000, 0x0000000702000000, 0x0000000702000000|100%|HS|  |TAMS 0x0000000701e00000| PB 0x0000000701e00000| Complete 
|   5|0x0000000702000000, 0x0000000702200000, 0x0000000702200000|100%|HC|  |TAMS 0x0000000702000000| PB 0x0000000702000000| Complete 
|   6|0x0000000702200000, 0x0000000702400000, 0x0000000702400000|100%|HC|  |TAMS 0x0000000702200000| PB 0x0000000702200000| Complete 
|   7|0x0000000702400000, 0x0000000702400000, 0x0000000702600000|  0%| F|  |TAMS 0x0000000702400000| PB 0x0000000702400000| Untracked 
|   8|0x0000000702600000, 0x0000000702800000, 0x0000000702800000|100%|HS|  |TAMS 0x0000000702600000| PB 0x0000000702600000| Complete 
|   9|0x0000000702800000, 0x0000000702a00000, 0x0000000702a00000|100%|HS|  |TAMS 0x0000000702800000| PB 0x0000000702800000| Complete 
|  10|0x0000000702a00000, 0x0000000702c00000, 0x0000000702c00000|100%|HC|  |TAMS 0x0000000702a00000| PB 0x0000000702a00000| Complete 
|  11|0x0000000702c00000, 0x0000000702e00000, 0x0000000702e00000|100%|HS|  |TAMS 0x0000000702c00000| PB 0x0000000702c00000| Complete 
|  12|0x0000000702e00000, 0x0000000703000000, 0x0000000703000000|100%|HC|  |TAMS 0x0000000702e00000| PB 0x0000000702e00000| Complete 
|  13|0x0000000703000000, 0x0000000703200000, 0x0000000703200000|100%|HS|  |TAMS 0x0000000703000000| PB 0x0000000703000000| Complete 
|  14|0x0000000703200000, 0x0000000703400000, 0x0000000703400000|100%|HC|  |TAMS 0x0000000703200000| PB 0x0000000703200000| Complete 
|  15|0x0000000703400000, 0x0000000703400000, 0x0000000703600000|  0%| F|  |TAMS 0x0000000703400000| PB 0x0000000703400000| Untracked 
|  16|0x0000000703600000, 0x0000000703600000, 0x0000000703800000|  0%| F|  |TAMS 0x0000000703600000| PB 0x0000000703600000| Untracked 
|  17|0x0000000703800000, 0x0000000703800000, 0x0000000703a00000|  0%| F|  |TAMS 0x0000000703800000| PB 0x0000000703800000| Untracked 
|  18|0x0000000703a00000, 0x0000000703a00000, 0x0000000703c00000|  0%| F|  |TAMS 0x0000000703a00000| PB 0x0000000703a00000| Untracked 
|  19|0x0000000703c00000, 0x0000000703c00000, 0x0000000703e00000|  0%| F|  |TAMS 0x0000000703c00000| PB 0x0000000703c00000| Untracked 
|  20|0x0000000703e00000, 0x0000000703e00000, 0x0000000704000000|  0%| F|  |TAMS 0x0000000703e00000| PB 0x0000000703e00000| Untracked 
|  21|0x0000000704000000, 0x0000000704000000, 0x0000000704200000|  0%| F|  |TAMS 0x0000000704000000| PB 0x0000000704000000| Untracked 
|  22|0x0000000704200000, 0x0000000704200000, 0x0000000704400000|  0%| F|  |TAMS 0x0000000704200000| PB 0x0000000704200000| Untracked 
|  23|0x0000000704400000, 0x0000000704400000, 0x0000000704600000|  0%| F|  |TAMS 0x0000000704400000| PB 0x0000000704400000| Untracked 
|  24|0x0000000704600000, 0x0000000704600000, 0x0000000704800000|  0%| F|  |TAMS 0x0000000704600000| PB 0x0000000704600000| Untracked 
|  25|0x0000000704800000, 0x0000000704800000, 0x0000000704a00000|  0%| F|  |TAMS 0x0000000704800000| PB 0x0000000704800000| Untracked 
|  26|0x0000000704a00000, 0x0000000704a00000, 0x0000000704c00000|  0%| F|  |TAMS 0x0000000704a00000| PB 0x0000000704a00000| Untracked 
|  27|0x0000000704c00000, 0x0000000704e00000, 0x0000000704e00000|100%|HS|  |TAMS 0x0000000704c00000| PB 0x0000000704c00000| Complete 
|  28|0x0000000704e00000, 0x0000000705000000, 0x0000000705000000|100%|HC|  |TAMS 0x0000000704e00000| PB 0x0000000704e00000| Complete 
|  29|0x0000000705000000, 0x0000000705000000, 0x0000000705200000|  0%| F|  |TAMS 0x0000000705000000| PB 0x0000000705000000| Untracked 
|  30|0x0000000705200000, 0x0000000705200000, 0x0000000705400000|  0%| F|  |TAMS 0x0000000705200000| PB 0x0000000705200000| Untracked 
|  31|0x0000000705400000, 0x0000000705400000, 0x0000000705600000|  0%| F|  |TAMS 0x0000000705400000| PB 0x0000000705400000| Untracked 
|  32|0x0000000705600000, 0x00000007056e23a0, 0x0000000705800000| 44%| O|  |TAMS 0x0000000705600000| PB 0x0000000705600000| Untracked 
|  33|0x0000000705800000, 0x0000000705800000, 0x0000000705a00000|  0%| F|  |TAMS 0x0000000705800000| PB 0x0000000705800000| Untracked 
|  34|0x0000000705a00000, 0x0000000705a00000, 0x0000000705c00000|  0%| F|  |TAMS 0x0000000705a00000| PB 0x0000000705a00000| Untracked 
|  35|0x0000000705c00000, 0x0000000705c00000, 0x0000000705e00000|  0%| F|  |TAMS 0x0000000705c00000| PB 0x0000000705c00000| Untracked 
|  36|0x0000000705e00000, 0x0000000705e00000, 0x0000000706000000|  0%| F|  |TAMS 0x0000000705e00000| PB 0x0000000705e00000| Untracked 
|  37|0x0000000706000000, 0x0000000706000000, 0x0000000706200000|  0%| F|  |TAMS 0x0000000706000000| PB 0x0000000706000000| Untracked 
|  38|0x0000000706200000, 0x0000000706200000, 0x0000000706400000|  0%| F|  |TAMS 0x0000000706200000| PB 0x0000000706200000| Untracked 
|  39|0x0000000706400000, 0x0000000706400000, 0x0000000706600000|  0%| F|  |TAMS 0x0000000706400000| PB 0x0000000706400000| Untracked 
|  40|0x0000000706600000, 0x0000000706600000, 0x0000000706800000|  0%| F|  |TAMS 0x0000000706600000| PB 0x0000000706600000| Untracked 
|  41|0x0000000706800000, 0x0000000706800000, 0x0000000706a00000|  0%| F|  |TAMS 0x0000000706800000| PB 0x0000000706800000| Untracked 
|  42|0x0000000706a00000, 0x0000000706a00000, 0x0000000706c00000|  0%| F|  |TAMS 0x0000000706a00000| PB 0x0000000706a00000| Untracked 
|  43|0x0000000706c00000, 0x0000000706c00000, 0x0000000706e00000|  0%| F|  |TAMS 0x0000000706c00000| PB 0x0000000706c00000| Untracked 
|  44|0x0000000706e00000, 0x0000000706e00000, 0x0000000707000000|  0%| F|  |TAMS 0x0000000706e00000| PB 0x0000000706e00000| Untracked 
|  45|0x0000000707000000, 0x0000000707000000, 0x0000000707200000|  0%| F|  |TAMS 0x0000000707000000| PB 0x0000000707000000| Untracked 
|  46|0x0000000707200000, 0x0000000707200000, 0x0000000707400000|  0%| F|  |TAMS 0x0000000707200000| PB 0x0000000707200000| Untracked 
|  47|0x0000000707400000, 0x0000000707400000, 0x0000000707600000|  0%| F|  |TAMS 0x0000000707400000| PB 0x0000000707400000| Untracked 
|  48|0x0000000707600000, 0x0000000707600000, 0x0000000707800000|  0%| F|  |TAMS 0x0000000707600000| PB 0x0000000707600000| Untracked 
|  49|0x0000000707800000, 0x0000000707800000, 0x0000000707a00000|  0%| F|  |TAMS 0x0000000707800000| PB 0x0000000707800000| Untracked 
|  50|0x0000000707a00000, 0x0000000707a00000, 0x0000000707c00000|  0%| F|  |TAMS 0x0000000707a00000| PB 0x0000000707a00000| Untracked 
|  51|0x0000000707c00000, 0x0000000707c00000, 0x0000000707e00000|  0%| F|  |TAMS 0x0000000707c00000| PB 0x0000000707c00000| Untracked 
|  52|0x0000000707e00000, 0x0000000707e00000, 0x0000000708000000|  0%| F|  |TAMS 0x0000000707e00000| PB 0x0000000707e00000| Untracked 
|  53|0x0000000708000000, 0x0000000708000000, 0x0000000708200000|  0%| F|  |TAMS 0x0000000708000000| PB 0x0000000708000000| Untracked 
|  54|0x0000000708200000, 0x0000000708200000, 0x0000000708400000|  0%| F|  |TAMS 0x0000000708200000| PB 0x0000000708200000| Untracked 
|  55|0x0000000708400000, 0x0000000708400000, 0x0000000708600000|  0%| F|  |TAMS 0x0000000708400000| PB 0x0000000708400000| Untracked 
|  56|0x0000000708600000, 0x0000000708600000, 0x0000000708800000|  0%| F|  |TAMS 0x0000000708600000| PB 0x0000000708600000| Untracked 
|  57|0x0000000708800000, 0x0000000708800000, 0x0000000708a00000|  0%| F|  |TAMS 0x0000000708800000| PB 0x0000000708800000| Untracked 
|  58|0x0000000708a00000, 0x0000000708a00000, 0x0000000708c00000|  0%| F|  |TAMS 0x0000000708a00000| PB 0x0000000708a00000| Untracked 
|  59|0x0000000708c00000, 0x0000000708c00000, 0x0000000708e00000|  0%| F|  |TAMS 0x0000000708c00000| PB 0x0000000708c00000| Untracked 
|  60|0x0000000708e00000, 0x0000000708e3d680, 0x0000000709000000| 11%| S|CS|TAMS 0x0000000708e00000| PB 0x0000000708e00000| Complete 
|  61|0x0000000709000000, 0x0000000709000000, 0x0000000709200000|  0%| F|  |TAMS 0x0000000709000000| PB 0x0000000709000000| Untracked 
|  62|0x0000000709200000, 0x00000007092999a0, 0x0000000709400000| 30%| E|  |TAMS 0x0000000709200000| PB 0x0000000709200000| Complete 
|  63|0x0000000709400000, 0x0000000709600000, 0x0000000709600000|100%| E|CS|TAMS 0x0000000709400000| PB 0x0000000709400000| Complete 
|  64|0x0000000709600000, 0x0000000709800000, 0x0000000709800000|100%| E|CS|TAMS 0x0000000709600000| PB 0x0000000709600000| Complete 
|  65|0x0000000709800000, 0x0000000709a00000, 0x0000000709a00000|100%| E|CS|TAMS 0x0000000709800000| PB 0x0000000709800000| Complete 
|  66|0x0000000709a00000, 0x0000000709c00000, 0x0000000709c00000|100%| E|CS|TAMS 0x0000000709a00000| PB 0x0000000709a00000| Complete 
|  67|0x0000000709c00000, 0x0000000709e00000, 0x0000000709e00000|100%| E|CS|TAMS 0x0000000709c00000| PB 0x0000000709c00000| Complete 
|  68|0x0000000709e00000, 0x000000070a000000, 0x000000070a000000|100%| E|CS|TAMS 0x0000000709e00000| PB 0x0000000709e00000| Complete 
|  69|0x000000070a000000, 0x000000070a200000, 0x000000070a200000|100%| E|CS|TAMS 0x000000070a000000| PB 0x000000070a000000| Complete 
|  70|0x000000070a200000, 0x000000070a400000, 0x000000070a400000|100%| E|CS|TAMS 0x000000070a200000| PB 0x000000070a200000| Complete 
|  71|0x000000070a400000, 0x000000070a600000, 0x000000070a600000|100%| E|CS|TAMS 0x000000070a400000| PB 0x000000070a400000| Complete 
|  72|0x000000070a600000, 0x000000070a800000, 0x000000070a800000|100%| E|CS|TAMS 0x000000070a600000| PB 0x000000070a600000| Complete 
| 122|0x0000000710a00000, 0x0000000710c00000, 0x0000000710c00000|100%| E|CS|TAMS 0x0000000710a00000| PB 0x0000000710a00000| Complete 
| 123|0x0000000710c00000, 0x0000000710e00000, 0x0000000710e00000|100%| E|CS|TAMS 0x0000000710c00000| PB 0x0000000710c00000| Complete 
| 127|0x0000000711400000, 0x0000000711600000, 0x0000000711600000|100%| E|CS|TAMS 0x0000000711400000| PB 0x0000000711400000| Complete 
|2036|0x00000007ffe00000, 0x0000000800000000, 0x0000000800000000|100%| O|  |TAMS 0x00000007ffe00000| PB 0x00000007ffe00000| Untracked 

Card table byte_map: [0x000001bd4f8c0000,0x000001bd500c0000] _byte_map_base: 0x000001bd4c0b5000

Marking Bits: (CMBitMap*) 0x000001bd379ee4a0
 Bits: [0x000001bd500c0000, 0x000001bd54068000)

Polling page: 0x000001bd357b0000

Metaspace:

Usage:
  Non-class:     31.06 MB used.
      Class:      3.04 MB used.
       Both:     34.10 MB used.

Virtual space:
  Non-class space:       64.00 MB reserved,      31.31 MB ( 49%) committed,  1 nodes.
      Class space:        1.00 GB reserved,       3.25 MB ( <1%) committed,  1 nodes.
             Both:        1.06 GB reserved,      34.56 MB (  3%) committed. 

Chunk freelists:
   Non-Class:  448.00 KB
       Class:  12.77 MB
        Both:  13.20 MB

MaxMetaspaceSize: unlimited
CompressedClassSpaceSize: 1.00 GB
Initial GC threshold: 21.00 MB
Current GC threshold: 35.25 MB
CDS: on
 - commit_granule_bytes: 65536.
 - commit_granule_words: 8192.
 - virtual_space_node_default_size: 8388608.
 - enlarge_chunks_in_place: 1.
 - use_allocation_guard: 0.


Internal statistics:

num_allocs_failed_limit: 3.
num_arena_births: 716.
num_arena_deaths: 0.
num_vsnodes_births: 2.
num_vsnodes_deaths: 0.
num_space_committed: 551.
num_space_uncommitted: 0.
num_chunks_returned_to_freelist: 3.
num_chunks_taken_from_freelist: 1836.
num_chunk_merges: 3.
num_chunk_splits: 1297.
num_chunks_enlarged: 930.
num_inconsistent_stats: 0.

CodeHeap 'non-profiled nmethods': size=120000Kb used=2101Kb max_used=2101Kb free=117899Kb
 bounds [0x000001bd47b90000, 0x000001bd47e00000, 0x000001bd4f0c0000]
CodeHeap 'profiled nmethods': size=120000Kb used=8267Kb max_used=8267Kb free=111732Kb
 bounds [0x000001bd400c0000, 0x000001bd408e0000, 0x000001bd475f0000]
CodeHeap 'non-nmethods': size=5760Kb used=2994Kb max_used=3045Kb free=2765Kb
 bounds [0x000001bd475f0000, 0x000001bd478f0000, 0x000001bd47b90000]
CodeCache: size=245760Kb, used=13362Kb, max_used=13413Kb, free=232396Kb
 total_blobs=6158, nmethods=4178, adapters=1884, full_count=0
Compilation: enabled, stopped_count=0, restarted_count=0

Compilation events (20 events):
Event: 18.835 Thread 0x000001bd56543200 4160       3       androidx.compose.runtime.SlotWriter::parent (10 bytes)
Event: 18.835 Thread 0x000001bd56543200 nmethod 4160 0x000001bd408cc690 code [0x000001bd408cc840, 0x000001bd408cc988]
Event: 18.835 Thread 0x000001bd56543200 4161       3       androidx.collection.MutableIntSet::remove (314 bytes)
Event: 18.836 Thread 0x000001bd56543200 nmethod 4161 0x000001bd408cca10 code [0x000001bd408ccc00, 0x000001bd408cd208]
Event: 18.836 Thread 0x000001bd56543200 4162       1       androidx.compose.ui.node.NodeChain::getTail$ui (5 bytes)
Event: 18.836 Thread 0x000001bd56543200 nmethod 4162 0x000001bd47d9c490 code [0x000001bd47d9c620, 0x000001bd47d9c6f0]
Event: 18.836 Thread 0x000001bd56543200 4163       3       androidx.compose.ui.node.DepthSortedSetKt$DepthComparator$1::compare (13 bytes)
Event: 18.837 Thread 0x000001bd56543200 nmethod 4163 0x000001bd408cd590 code [0x000001bd408cd740, 0x000001bd408cda60]
Event: 18.837 Thread 0x000001bd56543200 4164       3       androidx.compose.ui.node.DepthSortedSetKt$DepthComparator$1::compare (42 bytes)
Event: 18.837 Thread 0x000001bd56543200 nmethod 4164 0x000001bd408cdb90 code [0x000001bd408cde80, 0x000001bd408cece0]
Event: 18.840 Thread 0x000001bd56543200 4165       1       androidx.compose.ui.node.DelegatingNode::getSelfKindSet$ui (5 bytes)
Event: 18.840 Thread 0x000001bd56543200 nmethod 4165 0x000001bd47d9c790 code [0x000001bd47d9c920, 0x000001bd47d9c9e8]
Event: 18.841 Thread 0x000001bd56543200 4166       3       kotlinx.coroutines.JobSupportKt::access$getCOMPLETING_ALREADY$p (4 bytes)
Event: 18.841 Thread 0x000001bd56543200 nmethod 4166 0x000001bd408cf190 code [0x000001bd408cf320, 0x000001bd408cf418]
Event: 18.841 Thread 0x000001bd56543200 4168       3       java.util.TreeMap::getEntryUsingComparator (74 bytes)
Event: 18.841 Thread 0x000001bd56543200 nmethod 4168 0x000001bd408cf490 code [0x000001bd408cf660, 0x000001bd408cfa10]
Event: 18.841 Thread 0x000001bd56543200 4167       3       java.util.TreeMap::getEntry (77 bytes)
Event: 18.841 Thread 0x000001bd56543200 nmethod 4167 0x000001bd408cfb90 code [0x000001bd408cfda0, 0x000001bd408d0418]
Event: 18.841 Thread 0x000001bd56543200 4169       3       androidx.compose.ui.node.NodeCoordinator::releaseLayer (38 bytes)
Event: 18.842 Thread 0x000001bd56543200 nmethod 4169 0x000001bd408d0610 code [0x000001bd408d07e0, 0x000001bd408d0bb8]

GC Heap History (20 events):
Event: 13.690 GC heap before
{Heap before GC invocations=25 (full 0):
 garbage-first heap   total 157696K, used 134072K [0x0000000701600000, 0x0000000800000000)
  region size 2048K, 34 young (69632K), 1 survivors (2048K)
 Metaspace       used 34073K, committed 34560K, reserved 1114112K
  class space    used 3050K, committed 3264K, reserved 1048576K
}
Event: 13.692 GC heap after
{Heap after GC invocations=26 (full 0):
 garbage-first heap   total 157696K, used 25508K [0x0000000701600000, 0x0000000800000000)
  region size 2048K, 1 young (2048K), 1 survivors (2048K)
 Metaspace       used 34073K, committed 34560K, reserved 1114112K
  class space    used 3050K, committed 3264K, reserved 1048576K
}
Event: 14.068 GC heap before
{Heap before GC invocations=26 (full 0):
 garbage-first heap   total 157696K, used 111524K [0x0000000701600000, 0x0000000800000000)
  region size 2048K, 24 young (49152K), 1 survivors (2048K)
 Metaspace       used 34146K, committed 34688K, reserved 1114112K
  class space    used 3050K, committed 3264K, reserved 1048576K
}
Event: 14.070 GC heap after
{Heap after GC invocations=27 (full 0):
 garbage-first heap   total 157696K, used 17339K [0x0000000701600000, 0x0000000800000000)
  region size 2048K, 1 young (2048K), 1 survivors (2048K)
 Metaspace       used 34146K, committed 34688K, reserved 1114112K
  class space    used 3050K, committed 3264K, reserved 1048576K
}
Event: 14.410 GC heap before
{Heap before GC invocations=27 (full 0):
 garbage-first heap   total 157696K, used 132027K [0x0000000701600000, 0x0000000800000000)
  region size 2048K, 34 young (69632K), 1 survivors (2048K)
 Metaspace       used 34167K, committed 34688K, reserved 1114112K
  class space    used 3050K, committed 3264K, reserved 1048576K
}
Event: 14.412 GC heap after
{Heap after GC invocations=28 (full 0):
 garbage-first heap   total 157696K, used 25545K [0x0000000701600000, 0x0000000800000000)
  region size 2048K, 1 young (2048K), 1 survivors (2048K)
 Metaspace       used 34167K, committed 34688K, reserved 1114112K
  class space    used 3050K, committed 3264K, reserved 1048576K
}
Event: 14.668 GC heap before
{Heap before GC invocations=28 (full 0):
 garbage-first heap   total 157696K, used 111561K [0x0000000701600000, 0x0000000800000000)
  region size 2048K, 23 young (47104K), 1 survivors (2048K)
 Metaspace       used 34189K, committed 34688K, reserved 1114112K
  class space    used 3050K, committed 3264K, reserved 1048576K
}
Event: 14.670 GC heap after
{Heap after GC invocations=29 (full 0):
 garbage-first heap   total 157696K, used 25542K [0x0000000701600000, 0x0000000800000000)
  region size 2048K, 1 young (2048K), 1 survivors (2048K)
 Metaspace       used 34189K, committed 34688K, reserved 1114112K
  class space    used 3050K, committed 3264K, reserved 1048576K
}
Event: 15.099 GC heap before
{Heap before GC invocations=29 (full 0):
 garbage-first heap   total 157696K, used 132038K [0x0000000701600000, 0x0000000800000000)
  region size 2048K, 34 young (69632K), 1 survivors (2048K)
 Metaspace       used 34207K, committed 34752K, reserved 1114112K
  class space    used 3050K, committed 3264K, reserved 1048576K
}
Event: 15.100 GC heap after
{Heap after GC invocations=30 (full 0):
 garbage-first heap   total 157696K, used 25546K [0x0000000701600000, 0x0000000800000000)
  region size 2048K, 1 young (2048K), 1 survivors (2048K)
 Metaspace       used 34207K, committed 34752K, reserved 1114112K
  class space    used 3050K, committed 3264K, reserved 1048576K
}
Event: 15.384 GC heap before
{Heap before GC invocations=30 (full 0):
 garbage-first heap   total 157696K, used 111562K [0x0000000701600000, 0x0000000800000000)
  region size 2048K, 23 young (47104K), 1 survivors (2048K)
 Metaspace       used 34238K, committed 34752K, reserved 1114112K
  class space    used 3050K, committed 3264K, reserved 1048576K
}
Event: 15.385 GC heap after
{Heap after GC invocations=31 (full 0):
 garbage-first heap   total 157696K, used 25564K [0x0000000701600000, 0x0000000800000000)
  region size 2048K, 1 young (2048K), 1 survivors (2048K)
 Metaspace       used 34238K, committed 34752K, reserved 1114112K
  class space    used 3050K, committed 3264K, reserved 1048576K
}
Event: 15.777 GC heap before
{Heap before GC invocations=31 (full 0):
 garbage-first heap   total 157696K, used 113628K [0x0000000701600000, 0x0000000800000000)
  region size 2048K, 24 young (49152K), 1 survivors (2048K)
 Metaspace       used 34240K, committed 34752K, reserved 1114112K
  class space    used 3050K, committed 3264K, reserved 1048576K
}
Event: 15.778 GC heap after
{Heap after GC invocations=32 (full 0):
 garbage-first heap   total 157696K, used 17371K [0x0000000701600000, 0x0000000800000000)
  region size 2048K, 1 young (2048K), 1 survivors (2048K)
 Metaspace       used 34240K, committed 34752K, reserved 1114112K
  class space    used 3050K, committed 3264K, reserved 1048576K
}
Event: 16.154 GC heap before
{Heap before GC invocations=32 (full 0):
 garbage-first heap   total 157696K, used 132059K [0x0000000701600000, 0x0000000800000000)
  region size 2048K, 34 young (69632K), 1 survivors (2048K)
 Metaspace       used 34277K, committed 34752K, reserved 1114112K
  class space    used 3050K, committed 3264K, reserved 1048576K
}
Event: 16.155 GC heap after
{Heap after GC invocations=33 (full 0):
 garbage-first heap   total 157696K, used 25584K [0x0000000701600000, 0x0000000800000000)
  region size 2048K, 1 young (2048K), 1 survivors (2048K)
 Metaspace       used 34277K, committed 34752K, reserved 1114112K
  class space    used 3050K, committed 3264K, reserved 1048576K
}
Event: 17.366 GC heap before
{Heap before GC invocations=33 (full 0):
 garbage-first heap   total 157696K, used 89072K [0x0000000701600000, 0x0000000800000000)
  region size 2048K, 14 young (28672K), 1 survivors (2048K)
 Metaspace       used 34425K, committed 34944K, reserved 1114112K
  class space    used 3050K, committed 3264K, reserved 1048576K
}
Event: 17.367 GC heap after
{Heap after GC invocations=34 (full 0):
 garbage-first heap   total 157696K, used 13318K [0x0000000701600000, 0x0000000800000000)
  region size 2048K, 1 young (2048K), 1 survivors (2048K)
 Metaspace       used 34425K, committed 34944K, reserved 1114112K
  class space    used 3050K, committed 3264K, reserved 1048576K
}
Event: 18.629 GC heap before
{Heap before GC invocations=34 (full 0):
 garbage-first heap   total 157696K, used 95238K [0x0000000701600000, 0x0000000800000000)
  region size 2048K, 15 young (30720K), 1 survivors (2048K)
 Metaspace       used 34807K, committed 35328K, reserved 1114112K
  class space    used 3089K, committed 3328K, reserved 1048576K
}
Event: 18.631 GC heap after
{Heap after GC invocations=35 (full 0):
 garbage-first heap   total 157696K, used 17534K [0x0000000701600000, 0x0000000800000000)
  region size 2048K, 1 young (2048K), 1 survivors (2048K)
 Metaspace       used 34807K, committed 35328K, reserved 1114112K
  class space    used 3089K, committed 3328K, reserved 1048576K
}

Dll operation events (20 events):
Event: 4.216 Loaded shared library C:\Users\Welcome\.javacpp\cache\javacpp-1.5.9-windows-x86_64.jar\org\bytedeco\javacpp\windows-x86_64\ucrtbase.dll
Event: 4.224 Loaded shared library C:\Users\Welcome\.javacpp\cache\javacpp-1.5.9-windows-x86_64.jar\org\bytedeco\javacpp\windows-x86_64\vcruntime140.dll
Event: 4.231 Loaded shared library C:\Users\Welcome\.javacpp\cache\javacpp-1.5.9-windows-x86_64.jar\org\bytedeco\javacpp\windows-x86_64\vcruntime140_1.dll
Event: 4.243 Loaded shared library C:\Users\Welcome\.javacpp\cache\javacpp-1.5.9-windows-x86_64.jar\org\bytedeco\javacpp\windows-x86_64\msvcp140.dll
Event: 4.251 Loaded shared library C:\Users\Welcome\.javacpp\cache\javacpp-1.5.9-windows-x86_64.jar\org\bytedeco\javacpp\windows-x86_64\msvcp140_1.dll
Event: 4.263 Loaded shared library C:\Users\Welcome\.javacpp\cache\javacpp-1.5.9-windows-x86_64.jar\org\bytedeco\javacpp\windows-x86_64\concrt140.dll
Event: 4.275 Loaded shared library C:\Users\Welcome\.javacpp\cache\javacpp-1.5.9-windows-x86_64.jar\org\bytedeco\javacpp\windows-x86_64\vcomp140.dll
Event: 4.288 Loaded shared library C:\Users\Welcome\.javacpp\cache\javacpp-1.5.9-windows-x86_64.jar\org\bytedeco\javacpp\windows-x86_64\jnijavacpp.dll
Event: 4.381 Loaded shared library C:\Users\Welcome\.javacpp\cache\openblas-0.3.23-1.5.9-windows-x86_64.jar\org\bytedeco\openblas\windows-x86_64\libopenblas_nolapack.dll
Event: 4.408 Loaded shared library C:\Users\Welcome\.javacpp\cache\openblas-0.3.23-1.5.9-windows-x86_64.jar\org\bytedeco\openblas\windows-x86_64\jniopenblas_nolapack.dll
Event: 4.535 Loaded shared library C:\Users\Welcome\.javacpp\cache\openblas-0.3.23-1.5.9-windows-x86_64.jar\org\bytedeco\openblas\windows-x86_64\libopenblas.dll
Event: 4.597 Loaded shared library C:\Users\Welcome\.javacpp\cache\openblas-0.3.23-1.5.9-windows-x86_64.jar\org\bytedeco\openblas\windows-x86_64\jniopenblas.dll
Event: 5.103 Loaded shared library C:\Users\Welcome\.javacpp\cache\opencv-4.7.0-1.5.9-windows-x86_64.jar\org\bytedeco\opencv\windows-x86_64\opencv_core470.dll
Event: 5.129 Loaded shared library C:\Users\Welcome\.javacpp\cache\opencv-4.7.0-1.5.9-windows-x86_64.jar\org\bytedeco\opencv\windows-x86_64\opencv_imgproc470.dll
Event: 5.154 Loaded shared library C:\Users\Welcome\.javacpp\cache\opencv-4.7.0-1.5.9-windows-x86_64.jar\org\bytedeco\opencv\windows-x86_64\jniopencv_core.dll
Event: 5.280 Loaded shared library C:\Users\Welcome\.javacpp\cache\opencv-4.7.0-1.5.9-windows-x86_64.jar\org\bytedeco\opencv\windows-x86_64\jniopencv_imgproc.dll
Event: 5.313 Loaded shared library C:\Users\Welcome\.javacpp\cache\opencv-4.7.0-1.5.9-windows-x86_64.jar\org\bytedeco\opencv\windows-x86_64\opencv_imgcodecs470.dll
Event: 5.320 Loaded shared library C:\Users\Welcome\.javacpp\cache\opencv-4.7.0-1.5.9-windows-x86_64.jar\org\bytedeco\opencv\windows-x86_64\jniopencv_imgcodecs.dll
Event: 5.360 Loaded shared library C:\Users\Welcome\.javacpp\cache\opencv-4.7.0-1.5.9-windows-x86_64.jar\org\bytedeco\opencv\windows-x86_64\opencv_videoio470.dll
Event: 5.367 Loaded shared library C:\Users\Welcome\.javacpp\cache\opencv-4.7.0-1.5.9-windows-x86_64.jar\org\bytedeco\opencv\windows-x86_64\jniopencv_videoio.dll

Deoptimization events (20 events):
Event: 16.555 Thread 0x000001bd9c85e400 Uncommon trap: trap_request=0xffffffde fr.pc=0x000001bd47d469b0 relative=0x0000000000007570
Event: 16.555 Thread 0x000001bd9c85e400 Uncommon trap: reason=class_check action=maybe_recompile pc=0x000001bd47d469b0 method=com.ram.orai.orais.FaceDetector.parseFDIOutput(Lai/onnxruntime/OrtSession$Result;II)Ljava/util/List; @ 1181 c2
Event: 16.555 Thread 0x000001bd9c85e400 DEOPT PACKING pc=0x000001bd47d469b0 sp=0x000000af9b6fe8b0
Event: 16.555 Thread 0x000001bd9c85e400 DEOPT UNPACKING pc=0x000001bd47644422 sp=0x000000af9b6fe828 mode 2
Event: 17.266 Thread 0x000001bd9c85ee30 Uncommon trap: trap_request=0xffffffad fr.pc=0x000001bd47ce5154 relative=0x0000000000002574
Event: 17.266 Thread 0x000001bd9c85ee30 Uncommon trap: reason=uninitialized action=reinterpret pc=0x000001bd47ce5154 method=com.ram.orai.orais.CameraManagerImpl$startPreview$1.invokeSuspend(Ljava/lang/Object;)Ljava/lang/Object; @ 964 c2
Event: 17.266 Thread 0x000001bd9c85ee30 DEOPT PACKING pc=0x000001bd47ce5154 sp=0x000000af9b7ff270
Event: 17.266 Thread 0x000001bd9c85ee30 DEOPT UNPACKING pc=0x000001bd47644422 sp=0x000000af9b7ff210 mode 2
Event: 17.711 Thread 0x000001bd9c547c80 Uncommon trap: trap_request=0xffffffde fr.pc=0x000001bd47d469b0 relative=0x0000000000007570
Event: 17.711 Thread 0x000001bd9c547c80 Uncommon trap: reason=class_check action=maybe_recompile pc=0x000001bd47d469b0 method=com.ram.orai.orais.FaceDetector.parseFDIOutput(Lai/onnxruntime/OrtSession$Result;II)Ljava/util/List; @ 1181 c2
Event: 17.711 Thread 0x000001bd9c547c80 DEOPT PACKING pc=0x000001bd47d469b0 sp=0x000000af9b5feb80
Event: 17.711 Thread 0x000001bd9c547c80 DEOPT UNPACKING pc=0x000001bd47644422 sp=0x000000af9b5feaf8 mode 2
Event: 18.629 Thread 0x000001bd9c85ee30 Uncommon trap: trap_request=0xffffffde fr.pc=0x000001bd47d469b0 relative=0x0000000000007570
Event: 18.629 Thread 0x000001bd9c85ee30 Uncommon trap: reason=class_check action=maybe_recompile pc=0x000001bd47d469b0 method=com.ram.orai.orais.FaceDetector.parseFDIOutput(Lai/onnxruntime/OrtSession$Result;II)Ljava/util/List; @ 1181 c2
Event: 18.629 Thread 0x000001bd9c85ee30 DEOPT PACKING pc=0x000001bd47d469b0 sp=0x000000af9b7fec30
Event: 18.629 Thread 0x000001bd9c85ee30 DEOPT UNPACKING pc=0x000001bd47644422 sp=0x000000af9b7feba8 mode 2
Event: 18.631 Thread 0x000001bd5653c830 Uncommon trap: trap_request=0xffffff45 fr.pc=0x000001bd47d60c54 relative=0x00000000000001b4
Event: 18.631 Thread 0x000001bd5653c830 Uncommon trap: reason=unstable_if action=reinterpret pc=0x000001bd47d60c54 method=java.util.concurrent.locks.ReentrantLock$NonfairSync.initialTryLock()Z @ 25 c2
Event: 18.631 Thread 0x000001bd5653c830 DEOPT PACKING pc=0x000001bd47d60c54 sp=0x000000af9a4fef80
Event: 18.631 Thread 0x000001bd5653c830 DEOPT UNPACKING pc=0x000001bd47644422 sp=0x000000af9a4fef20 mode 2

Classes loaded (20 events):
Event: 4.694 Loading class java/text/AttributedString$AttributedStringIterator
Event: 4.694 Loading class java/text/AttributedCharacterIterator
Event: 4.694 Loading class java/text/CharacterIterator
Event: 4.694 Loading class java/text/CharacterIterator done
Event: 4.694 Loading class java/text/AttributedCharacterIterator done
Event: 4.694 Loading class java/text/AttributedString$AttributedStringIterator done
Event: 7.735 Loading class java/nio/FloatBuffer
Event: 7.735 Loading class java/nio/FloatBuffer done
Event: 7.735 Loading class java/nio/DoubleBuffer
Event: 7.736 Loading class java/nio/DoubleBuffer done
Event: 8.341 Loading class java/nio/ByteBufferAsIntBufferL
Event: 8.341 Loading class java/nio/ByteBufferAsIntBufferL done
Event: 8.429 Loading class java/nio/HeapFloatBuffer
Event: 8.430 Loading class java/nio/HeapFloatBuffer done
Event: 8.434 Loading class java/nio/DirectFloatBufferU
Event: 8.434 Loading class java/nio/DirectFloatBufferU done
Event: 18.686 Loading class java/awt/KeyboardFocusManager$2
Event: 18.687 Loading class java/awt/KeyboardFocusManager$2 done
Event: 18.687 Loading class sun/awt/SunToolkit$1
Event: 18.687 Loading class sun/awt/SunToolkit$1 done

Classes unloaded (0 events):
No events

Classes redefined (0 events):
No events

Internal exceptions (20 events):
Event: 3.849 Thread 0x000001bd9c547c80 Exception <a 'java/lang/NoSuchMethodError'{0x0000000710c80ef0}: 'int java.lang.invoke.DirectMethodHandle$Holder.invokeStaticInit(java.lang.Object, java.lang.Object, java.lang.Object, java.lang.Object)'> (0x0000000710c80ef0) 
thrown [s\src\hotspot\share\interpreter\linkResolver.cpp, line 773]
Event: 3.850 Thread 0x000001bd9c547c80 Exception <a 'java/lang/NoSuchMethodError'{0x0000000710c89670}: 'java.lang.Object java.lang.invoke.DirectMethodHandle$Holder.invokeInterface(java.lang.Object, java.lang.Object)'> (0x0000000710c89670) 
thrown [s\src\hotspot\share\interpreter\linkResolver.cpp, line 773]
Event: 3.850 Thread 0x000001bd9c547c80 Exception <a 'java/lang/IncompatibleClassChangeError'{0x0000000710c8cbf0}: Found class java.lang.Object, but interface was expected> (0x0000000710c8cbf0) 
thrown [s\src\hotspot\share\interpreter\linkResolver.cpp, line 840]
Event: 3.913 Thread 0x000001bd9cec7330 Exception <a 'java/lang/NoSuchMethodError'{0x0000000710bba448}: 'java.lang.Object java.lang.invoke.DirectMethodHandle$Holder.invokeStatic(java.lang.Object, java.lang.Object, int, java.lang.Object, int)'> (0x0000000710bba448) 
thrown [s\src\hotspot\share\interpreter\linkResolver.cpp, line 773]
Event: 4.012 Thread 0x000001bd9cec7330 Exception <a 'java/lang/NoSuchMethodError'{0x0000000711439478}: 'java.lang.Object java.lang.invoke.DirectMethodHandle$Holder.invokeStatic(java.lang.Object, java.lang.Object, java.lang.Object, int, int, java.lang.Object, java.lang.Object)'> (0x0000000711439478) 
thrown [s\src\hotspot\share\interpreter\linkResolver.cpp, line 773]
Event: 4.013 Thread 0x000001bd9cec7330 Exception <a 'java/lang/NoSuchMethodError'{0x0000000710c8a0a0}: 'java.lang.Object java.lang.invoke.DirectMethodHandle$Holder.newInvokeSpecial(java.lang.Object, java.lang.Object, java.lang.Object, int, int, java.lang.Object)'> (0x0000000710c8a0a0) 
thrown [s\src\hotspot\share\interpreter\linkResolver.cpp, line 773]
Event: 4.013 Thread 0x000001bd9cec7330 Exception <a 'java/lang/NoSuchMethodError'{0x0000000710c8ee10}: 'java.lang.Object java.lang.invoke.DirectMethodHandle$Holder.invokeSpecial(java.lang.Object, java.lang.Object, java.lang.Object, java.lang.Object, int, int, java.lang.Object)'> (0x0000000710c8ee10) 
thrown [s\src\hotspot\share\interpreter\linkResolver.cpp, line 773]
Event: 4.014 Thread 0x000001bd9cec7330 Exception <a 'java/lang/NoSuchMethodError'{0x0000000710c96c68}: 'java.lang.Object java.lang.invoke.DirectMethodHandle$Holder.invokeStatic(java.lang.Object, java.lang.Object, int, int, java.lang.Object)'> (0x0000000710c96c68) 
thrown [s\src\hotspot\share\interpreter\linkResolver.cpp, line 773]
Event: 4.015 Thread 0x000001bd9cec7330 Exception <a 'java/lang/NoSuchMethodError'{0x0000000710c9e7a8}: 'java.lang.Object java.lang.invoke.DirectMethodHandle$Holder.newInvokeSpecial(java.lang.Object, java.lang.Object, int, int)'> (0x0000000710c9e7a8) 
thrown [s\src\hotspot\share\interpreter\linkResolver.cpp, line 773]
Event: 4.015 Thread 0x000001bd9cec7330 Exception <a 'java/lang/NoSuchMethodError'{0x0000000710ca3220}: 'java.lang.Object java.lang.invoke.DirectMethodHandle$Holder.invokeSpecial(java.lang.Object, java.lang.Object, java.lang.Object, int, int)'> (0x0000000710ca3220) 
thrown [s\src\hotspot\share\interpreter\linkResolver.cpp, line 773]
Event: 4.018 Thread 0x000001bd9cec7330 Exception <a 'java/lang/NoSuchMethodError'{0x0000000710d91f80}: 'java.lang.Object java.lang.invoke.DirectMethodHandle$Holder.invokeSpecial(java.lang.Object, java.lang.Object, int, java.lang.Object, int)'> (0x0000000710d91f80) 
thrown [s\src\hotspot\share\interpreter\linkResolver.cpp, line 773]
Event: 4.039 Thread 0x000001bd9cec7330 Exception <a 'java/lang/NoSuchMethodError'{0x00000007039f9918}: 'java.lang.Object java.lang.invoke.DirectMethodHandle$Holder.newInvokeSpecial(java.lang.Object, java.lang.Object, java.lang.Object, int, int, java.lang.Object, java.lang.Object)'> (0x00000007039f9918) 
thrown [s\src\hotspot\share\interpreter\linkResolver.cpp, line 773]
Event: 4.040 Thread 0x000001bd9cec7330 Exception <a 'java/lang/NoSuchMethodError'{0x00000007039fe320}: 'java.lang.Object java.lang.invoke.DirectMethodHandle$Holder.invokeSpecial(java.lang.Object, java.lang.Object, java.lang.Object, java.lang.Object, int, int, java.lang.Object, java.lang.Object)'> (0x00000007039fe320) 
thrown [s\src\hotspot\share\interpreter\linkResolver.cpp, line 773]
Event: 4.093 Thread 0x000001bd9cec7330 Exception <a 'java/lang/NoSuchMethodError'{0x0000000702a94c80}: 'java.lang.Object java.lang.invoke.DirectMethodHandle$Holder.newInvokeSpecial(java.lang.Object, java.lang.Object, java.lang.Object, java.lang.Object, long, java.lang.Object)'> (0x0000000702a94c80) 
thrown [s\src\hotspot\share\interpreter\linkResolver.cpp, line 773]
Event: 4.094 Thread 0x000001bd9cec7330 Exception <a 'java/lang/NoSuchMethodError'{0x0000000702a992a8}: 'java.lang.Object java.lang.invoke.DirectMethodHandle$Holder.invokeSpecial(java.lang.Object, java.lang.Object, java.lang.Object, java.lang.Object, java.lang.Object, long, java.lang.Object)'> (0x0000000702a992a8) 
thrown [s\src\hotspot\share\interpreter\linkResolver.cpp, line 773]
Event: 4.385 Thread 0x000001bd9c547c80 Implicit null exception at 0x000001bd47c5b920 to 0x000001bd47c5b9e6
Event: 4.522 Thread 0x000001bd9cec7330 Exception <a 'java/lang/NoSuchMethodError'{0x0000000710dea280}: 'java.lang.Object java.lang.invoke.DirectMethodHandle$Holder.invokeStatic(java.lang.Object, java.lang.Object, java.lang.Object, java.lang.Object, java.lang.Object, java.lang.Object, java.lang.Object, java.lang.Object, java.lang.Object, java.lang.Object, long)'> (0x0000000710dea280) 
thrown [s\src\hotspot\share\interpreter\linkResolver.cpp, line 773]
Event: 9.247 Thread 0x000001bd9c85e400 Exception <a 'java/lang/NoSuchMethodError'{0x00000007081386a0}: 'java.lang.Object java.lang.invoke.DirectMethodHandle$Holder.invokeSpecial(java.lang.Object, java.lang.Object, int, int, int, int)'> (0x00000007081386a0) 
thrown [s\src\hotspot\share\interpreter\linkResolver.cpp, line 773]
Event: 9.247 Thread 0x000001bd9c85e400 Exception <a 'java/lang/NoSuchMethodError'{0x000000070813ba70}: 'java.lang.Object java.lang.invoke.Invokers$Holder.linkToTargetMethod(int, int, int, int, java.lang.Object)'> (0x000000070813ba70) 
thrown [s\src\hotspot\share\interpreter\linkResolver.cpp, line 773]
Event: 9.344 Thread 0x000001bd9cec7330 Exception <a 'java/lang/NoSuchMethodError'{0x0000000707fa2e78}: 'java.lang.Object java.lang.invoke.Invokers$Holder.linkToTargetMethod(java.lang.Object, int, float, float, float, float, java.lang.Object)'> (0x0000000707fa2e78) 
thrown [s\src\hotspot\share\interpreter\linkResolver.cpp, line 773]

ZGC Phase Switch (0 events):
No events

VM Operations (20 events):
Event: 14.410 Executing VM operation: G1TryInitiateConcMark (G1 Humongous Allocation)
Event: 14.412 Executing VM operation: G1TryInitiateConcMark (G1 Humongous Allocation) done
Event: 14.668 Executing VM operation: G1TryInitiateConcMark (G1 Humongous Allocation)
Event: 14.670 Executing VM operation: G1TryInitiateConcMark (G1 Humongous Allocation) done
Event: 15.099 Executing VM operation: G1TryInitiateConcMark (G1 Humongous Allocation)
Event: 15.100 Executing VM operation: G1TryInitiateConcMark (G1 Humongous Allocation) done
Event: 15.384 Executing VM operation: G1TryInitiateConcMark (G1 Humongous Allocation)
Event: 15.385 Executing VM operation: G1TryInitiateConcMark (G1 Humongous Allocation) done
Event: 15.777 Executing VM operation: G1TryInitiateConcMark (G1 Humongous Allocation)
Event: 15.778 Executing VM operation: G1TryInitiateConcMark (G1 Humongous Allocation) done
Event: 16.154 Executing VM operation: G1TryInitiateConcMark (G1 Humongous Allocation)
Event: 16.155 Executing VM operation: G1TryInitiateConcMark (G1 Humongous Allocation) done
Event: 17.155 Executing VM operation: Cleanup
Event: 17.155 Executing VM operation: Cleanup done
Event: 17.366 Executing VM operation: G1TryInitiateConcMark (G1 Humongous Allocation)
Event: 17.367 Executing VM operation: G1TryInitiateConcMark (G1 Humongous Allocation) done
Event: 18.629 Executing VM operation: G1TryInitiateConcMark (G1 Humongous Allocation)
Event: 18.631 Executing VM operation: G1TryInitiateConcMark (G1 Humongous Allocation) done
Event: 18.654 Executing VM operation: HandshakeAllThreads (Deoptimize)
Event: 18.654 Executing VM operation: HandshakeAllThreads (Deoptimize) done

Memory protections (0 events):
No events

Nmethod flushes (0 events):
No events

Events (20 events):
Event: 0.790 Thread 0x000001bd37987840 Thread added: 0x000001bd9c231030
Event: 0.792 Thread 0x000001bd37987840 Thread added: 0x000001bd9c05d350
Event: 0.958 Thread 0x000001bd37987840 Thread added: 0x000001bd9c547c80
Event: 0.959 Thread 0x000001bd37987840 Thread added: 0x000001bd9c85e400
Event: 0.959 Thread 0x000001bd9c547c80 Thread added: 0x000001bd9c85ee30
Event: 0.966 Thread 0x000001bd37987840 Thread added: 0x000001bd9ca87b80
Event: 0.972 Thread 0x000001bd9c547c80 Thread added: 0x000001bd9ceca120
Event: 0.974 Thread 0x000001bd56543200 Thread added: 0x000001bd9cecb280
Event: 1.026 Thread 0x000001bd37987840 Thread added: 0x000001bd9cec7330
Event: 1.468 Thread 0x000001bd9cec7330 Thread added: 0x000001bd9cec79c0
Event: 2.723 Thread 0x000001bd9cecb280 Thread exited: 0x000001bd9cecb280
Event: 3.838 Thread 0x000001bd9c547c80 Thread added: 0x000001bd9cec8d70
Event: 4.077 Thread 0x000001bd56543200 Thread added: 0x000001bda1823050
Event: 4.615 Thread 0x000001bd9cec7330 Thread added: 0x000001bda2b9f570
Event: 4.777 Thread 0x000001bd9cec7330 Thread added: 0x000001bda2b9db30
Event: 5.491 Thread 0x000001bda1823050 Thread exited: 0x000001bda1823050
Event: 8.282 Thread 0x000001bd56543200 Thread added: 0x000001bda3480e00
Event: 8.958 Thread 0x000001bda3480e00 Thread exited: 0x000001bda3480e00
Event: 9.269 Thread 0x000001bd56541d70 Thread added: 0x000001bda347c9e0
Event: 9.751 Thread 0x000001bda347c9e0 Thread exited: 0x000001bda347c9e0


Dynamic libraries:
0x00007ff670740000 - 0x00007ff67074e000 	C:\Program Files\BellSoft\LibericaJDK-21\bin\java.exe
0x00007ff977d20000 - 0x00007ff977f29000 	C:\Windows\SYSTEM32\ntdll.dll
0x00007ff976a80000 - 0x00007ff976b3d000 	C:\Windows\System32\KERNEL32.DLL
0x00007ff975440000 - 0x00007ff9757c4000 	C:\Windows\System32\KERNELBASE.dll
0x00007ff975890000 - 0x00007ff9759a1000 	C:\Windows\System32\ucrtbase.dll
0x00007ff941660000 - 0x00007ff941678000 	C:\Program Files\BellSoft\LibericaJDK-21\bin\jli.dll
0x00007ff976730000 - 0x00007ff9768dd000 	C:\Windows\System32\USER32.dll
0x00007ff975b40000 - 0x00007ff975b66000 	C:\Windows\System32\win32u.dll
0x00007ff977770000 - 0x00007ff97779a000 	C:\Windows\System32\GDI32.dll
0x00007ff9759b0000 - 0x00007ff975ace000 	C:\Windows\System32\gdi32full.dll
0x00007ff9751b0000 - 0x00007ff97524d000 	C:\Windows\System32\msvcp_win.dll
0x00007ff941680000 - 0x00007ff94169b000 	C:\Program Files\BellSoft\LibericaJDK-21\bin\VCRUNTIME140.dll
0x00007ff961160000 - 0x00007ff961405000 	C:\Windows\WinSxS\amd64_microsoft.windows.common-controls_6595b64144ccf1df_6.0.22000.120_none_9d947278b86cc467\COMCTL32.dll
0x00007ff9776c0000 - 0x00007ff977763000 	C:\Windows\System32\msvcrt.dll
0x00007ff976ca0000 - 0x00007ff976cd1000 	C:\Windows\System32\IMM32.DLL
0x00007ff941650000 - 0x00007ff94165c000 	C:\Program Files\BellSoft\LibericaJDK-21\bin\vcruntime140_1.dll
0x00007ff8ecbe0000 - 0x00007ff8ecc6e000 	C:\Program Files\BellSoft\LibericaJDK-21\bin\msvcp140.dll
0x00007ff8d55f0000 - 0x00007ff8d63a3000 	C:\Program Files\BellSoft\LibericaJDK-21\bin\server\jvm.dll
0x00007ff976680000 - 0x00007ff97672e000 	C:\Windows\System32\ADVAPI32.dll
0x00007ff976f10000 - 0x00007ff976fae000 	C:\Windows\System32\sechost.dll
0x00007ff977b30000 - 0x00007ff977c51000 	C:\Windows\System32\RPCRT4.dll
0x00007ff976ea0000 - 0x00007ff976f0f000 	C:\Windows\System32\WS2_32.dll
0x00007ff974fd0000 - 0x00007ff97501d000 	C:\Windows\SYSTEM32\POWRPROF.dll
0x00007ff94e950000 - 0x00007ff94e983000 	C:\Windows\SYSTEM32\WINMM.dll
0x00007ff96ca80000 - 0x00007ff96ca8a000 	C:\Windows\SYSTEM32\VERSION.dll
0x00007ff974ec0000 - 0x00007ff974ed3000 	C:\Windows\SYSTEM32\UMPDC.dll
0x00007ff9741e0000 - 0x00007ff9741f8000 	C:\Windows\SYSTEM32\kernel.appcore.dll
0x00007ff941640000 - 0x00007ff94164a000 	C:\Program Files\BellSoft\LibericaJDK-21\bin\jimage.dll
0x00007ff961a50000 - 0x00007ff961c71000 	C:\Windows\SYSTEM32\DBGHELP.DLL
0x00007ff961990000 - 0x00007ff9619c1000 	C:\Windows\SYSTEM32\dbgcore.DLL
0x00007ff9753c0000 - 0x00007ff97543f000 	C:\Windows\System32\bcryptPrimitives.dll
0x00007ff9415e0000 - 0x00007ff9415ff000 	C:\Program Files\BellSoft\LibericaJDK-21\bin\java.dll
0x00007ff975d40000 - 0x00007ff976505000 	C:\Windows\System32\SHELL32.dll
0x00007ff973240000 - 0x00007ff973aa2000 	C:\Windows\SYSTEM32\windows.storage.dll
0x00007ff9777a0000 - 0x00007ff977b16000 	C:\Windows\System32\combase.dll
0x00007ff9730d0000 - 0x00007ff973237000 	C:\Windows\SYSTEM32\wintypes.dll
0x00007ff976b40000 - 0x00007ff976c2a000 	C:\Windows\System32\SHCORE.dll
0x00007ff976c40000 - 0x00007ff976c9d000 	C:\Windows\System32\shlwapi.dll
0x00007ff9750e0000 - 0x00007ff975105000 	C:\Windows\SYSTEM32\profapi.dll
0x00007ff8e4bd0000 - 0x00007ff8e4ca7000 	C:\Program Files\BellSoft\LibericaJDK-21\bin\jsvml.dll
0x00007ff9415d0000 - 0x00007ff9415e0000 	C:\Program Files\BellSoft\LibericaJDK-21\bin\net.dll
0x00007ff970310000 - 0x00007ff970424000 	C:\Windows\SYSTEM32\WINHTTP.dll
0x00007ff974680000 - 0x00007ff9746e7000 	C:\Windows\system32\mswsock.dll
0x00007ff8ecbc0000 - 0x00007ff8ecbd6000 	C:\Program Files\BellSoft\LibericaJDK-21\bin\nio.dll
0x00007ff8ecba0000 - 0x00007ff8ecbb8000 	C:\Program Files\BellSoft\LibericaJDK-21\bin\zip.dll
0x00007ff90fb30000 - 0x00007ff91074f000 	C:\Users\Welcome\.skiko\64f176e39f60453df1ebf3b490935ff01e2e8db2dfc6217e7f91aacb376d7385\skiko-windows-x64.dll
0x00007ff9768e0000 - 0x00007ff976a7a000 	C:\Windows\System32\ole32.dll
0x00007ff972bc0000 - 0x00007ff972bef000 	C:\Windows\SYSTEM32\dwmapi.dll
0x00007ff971710000 - 0x00007ff971807000 	C:\Windows\SYSTEM32\PROPSYS.dll
0x00007ff90f9a0000 - 0x00007ff90fb2e000 	C:\Program Files\BellSoft\LibericaJDK-21\bin\awt.dll
0x00007ff976510000 - 0x00007ff9765e6000 	C:\Windows\System32\OLEAUT32.dll
0x00007ff9726a0000 - 0x00007ff972732000 	C:\Windows\SYSTEM32\apphelp.dll
0x00007ff972820000 - 0x00007ff9728cc000 	C:\Windows\system32\uxtheme.dll
0x00007ff975c20000 - 0x00007ff975d3d000 	C:\Windows\System32\MSCTF.dll
0x00007ff94bc70000 - 0x00007ff94bd71000 	C:\Windows\system32\opengl32.dll
0x00007ff94bc40000 - 0x00007ff94bc6d000 	C:\Windows\SYSTEM32\GLU32.dll
0x00007ff972940000 - 0x00007ff972978000 	C:\Windows\SYSTEM32\dxcore.dll
0x00007ff90f910000 - 0x00007ff90f997000 	C:\Program Files\BellSoft\LibericaJDK-21\bin\freetype.dll
0x00007ff90f810000 - 0x00007ff90f901000 	C:\Program Files\BellSoft\LibericaJDK-21\bin\fontmanager.dll
0x00007ff95cc50000 - 0x00007ff95ceaf000 	C:\Windows\SYSTEM32\dwrite.dll
0x00007ff975b70000 - 0x00007ff975c1f000 	C:\Windows\System32\clbcatq.dll
0x00007ff96ec00000 - 0x00007ff96edae000 	C:\Windows\SYSTEM32\WindowsCodecs.dll
0x00007ff94b190000 - 0x00007ff94b1ed000 	C:\Windows\system32\dataexchange.dll
0x00007ff96e020000 - 0x00007ff96e285000 	C:\Windows\system32\twinapi.appcore.dll
0x00007ff96edc0000 - 0x00007ff96edc7000 	C:\Program Files\BellSoft\LibericaJDK-21\bin\jawt.dll
0x00007ff972980000 - 0x00007ff972a73000 	C:\Windows\SYSTEM32\Dxgi.dll
0x00007ff970ad0000 - 0x00007ff970b14000 	C:\Windows\SYSTEM32\directxdatabasehelper.dll
0x00007ff974200000 - 0x00007ff974234000 	C:\Windows\SYSTEM32\ntmarta.dll
0x00007ff9592b0000 - 0x00007ff9592d8000 	C:\Windows\SYSTEM32\D3D12.dll
0x00007ff90ef40000 - 0x00007ff90f145000 	C:\Windows\SYSTEM32\D3D12Core.dll
0x00007ff974e30000 - 0x00007ff974e7c000 	C:\Windows\SYSTEM32\cfgmgr32.dll
0x00007ff974a90000 - 0x00007ff974ab7000 	C:\Windows\SYSTEM32\bcrypt.dll
0x00007ff968d20000 - 0x00007ff96c4b4000 	C:\Windows\System32\DriverStore\FileRepository\iigd_dch.inf_amd64_51f685305808e3a5\igc64.dll
0x00007ff975250000 - 0x00007ff9753b2000 	C:\Windows\System32\CRYPT32.dll
0x00007ff90f7e0000 - 0x00007ff90f80d000 	C:\Windows\SYSTEM32\D3DSCache.dll
0x00007ff974720000 - 0x00007ff97474c000 	C:\Windows\SYSTEM32\USERENV.dll
0x00007ff974950000 - 0x00007ff974968000 	C:\Windows\SYSTEM32\CRYPTSP.dll
0x00007ff974140000 - 0x00007ff974175000 	C:\Windows\system32\rsaenh.dll
0x00007ff974870000 - 0x00007ff97487c000 	C:\Windows\SYSTEM32\CRYPTBASE.dll
0x00007ff973cf0000 - 0x00007ff973d1d000 	C:\Windows\SYSTEM32\IPHLPAPI.DLL
0x00007ff977430000 - 0x00007ff977439000 	C:\Windows\System32\NSI.dll
0x00007ff90bdb0000 - 0x00007ff90c846000 	C:\Users\Welcome\AppData\Local\Temp\onnxruntime-java7834956881311069900\onnxruntime.dll
0x00007ff90f7c0000 - 0x00007ff90f7d7000 	C:\Users\Welcome\AppData\Local\Temp\onnxruntime-java7834956881311069900\onnxruntime4j_jni.dll
0x000001bda2110000 - 0x000001bda2114000 	C:\Users\Welcome\.javacpp\cache\javacpp-1.5.9-windows-x86_64.jar\org\bytedeco\javacpp\windows-x86_64\api-ms-win-crt-locale-l1-1-0.dll
0x000001bda2120000 - 0x000001bda2125000 	C:\Users\Welcome\.javacpp\cache\javacpp-1.5.9-windows-x86_64.jar\org\bytedeco\javacpp\windows-x86_64\api-ms-win-crt-string-l1-1-0.dll
0x000001bda2130000 - 0x000001bda2135000 	C:\Users\Welcome\.javacpp\cache\javacpp-1.5.9-windows-x86_64.jar\org\bytedeco\javacpp\windows-x86_64\api-ms-win-crt-stdio-l1-1-0.dll
0x000001bda2140000 - 0x000001bda2146000 	C:\Users\Welcome\.javacpp\cache\javacpp-1.5.9-windows-x86_64.jar\org\bytedeco\javacpp\windows-x86_64\api-ms-win-crt-math-l1-1-0.dll
0x000001bda2150000 - 0x000001bda2154000 	C:\Users\Welcome\.javacpp\cache\javacpp-1.5.9-windows-x86_64.jar\org\bytedeco\javacpp\windows-x86_64\api-ms-win-crt-heap-l1-1-0.dll
0x000001bda2160000 - 0x000001bda2165000 	C:\Users\Welcome\.javacpp\cache\javacpp-1.5.9-windows-x86_64.jar\org\bytedeco\javacpp\windows-x86_64\api-ms-win-crt-runtime-l1-1-0.dll
0x000001bda2170000 - 0x000001bda2175000 	C:\Users\Welcome\.javacpp\cache\javacpp-1.5.9-windows-x86_64.jar\org\bytedeco\javacpp\windows-x86_64\api-ms-win-crt-convert-l1-1-0.dll
0x000001bda2180000 - 0x000001bda2184000 	C:\Users\Welcome\.javacpp\cache\javacpp-1.5.9-windows-x86_64.jar\org\bytedeco\javacpp\windows-x86_64\api-ms-win-crt-environment-l1-1-0.dll
0x000001bda2280000 - 0x000001bda2284000 	C:\Users\Welcome\.javacpp\cache\javacpp-1.5.9-windows-x86_64.jar\org\bytedeco\javacpp\windows-x86_64\api-ms-win-crt-time-l1-1-0.dll
0x000001bda2290000 - 0x000001bda2294000 	C:\Users\Welcome\.javacpp\cache\javacpp-1.5.9-windows-x86_64.jar\org\bytedeco\javacpp\windows-x86_64\api-ms-win-crt-filesystem-l1-1-0.dll
0x000001bda22a0000 - 0x000001bda22a4000 	C:\Users\Welcome\.javacpp\cache\javacpp-1.5.9-windows-x86_64.jar\org\bytedeco\javacpp\windows-x86_64\api-ms-win-crt-utility-l1-1-0.dll
0x000001bda22b0000 - 0x000001bda22b6000 	C:\Users\Welcome\.javacpp\cache\javacpp-1.5.9-windows-x86_64.jar\org\bytedeco\javacpp\windows-x86_64\api-ms-win-crt-multibyte-l1-1-0.dll
0x000001bda26e0000 - 0x000001bda26e4000 	C:\Users\Welcome\.javacpp\cache\javacpp-1.5.9-windows-x86_64.jar\org\bytedeco\javacpp\windows-x86_64\api-ms-win-crt-conio-l1-1-0.dll
0x000001bda26f0000 - 0x000001bda2701000 	C:\Users\Welcome\.javacpp\cache\javacpp-1.5.9-windows-x86_64.jar\org\bytedeco\javacpp\windows-x86_64\api-ms-win-crt-private-l1-1-0.dll
0x000001bda2710000 - 0x000001bda2714000 	C:\Users\Welcome\.javacpp\cache\javacpp-1.5.9-windows-x86_64.jar\org\bytedeco\javacpp\windows-x86_64\api-ms-win-crt-process-l1-1-0.dll
0x000001bda2910000 - 0x000001bda2914000 	C:\Users\Welcome\.javacpp\cache\javacpp-1.5.9-windows-x86_64.jar\org\bytedeco\javacpp\windows-x86_64\api-ms-win-core-console-l1-2-0.dll
0x000001bda2920000 - 0x000001bda2924000 	C:\Users\Welcome\.javacpp\cache\javacpp-1.5.9-windows-x86_64.jar\org\bytedeco\javacpp\windows-x86_64\api-ms-win-core-string-l1-1-0.dll
0x000001bda2930000 - 0x000001bda2934000 	C:\Users\Welcome\.javacpp\cache\javacpp-1.5.9-windows-x86_64.jar\org\bytedeco\javacpp\windows-x86_64\api-ms-win-core-errorhandling-l1-1-0.dll
0x000001bda2940000 - 0x000001bda2944000 	C:\Users\Welcome\.javacpp\cache\javacpp-1.5.9-windows-x86_64.jar\org\bytedeco\javacpp\windows-x86_64\api-ms-win-core-timezone-l1-1-0.dll
0x000001bda2950000 - 0x000001bda2955000 	C:\Users\Welcome\.javacpp\cache\javacpp-1.5.9-windows-x86_64.jar\org\bytedeco\javacpp\windows-x86_64\api-ms-win-core-file-l1-1-0.dll
0x000001bda2960000 - 0x000001bda2964000 	C:\Users\Welcome\.javacpp\cache\javacpp-1.5.9-windows-x86_64.jar\org\bytedeco\javacpp\windows-x86_64\api-ms-win-core-namedpipe-l1-1-0.dll
0x000001bda2970000 - 0x000001bda2974000 	C:\Users\Welcome\.javacpp\cache\javacpp-1.5.9-windows-x86_64.jar\org\bytedeco\javacpp\windows-x86_64\api-ms-win-core-handle-l1-1-0.dll
0x000001bda2980000 - 0x000001bda2984000 	C:\Users\Welcome\.javacpp\cache\javacpp-1.5.9-windows-x86_64.jar\org\bytedeco\javacpp\windows-x86_64\api-ms-win-core-file-l2-1-0.dll
0x000001bda2990000 - 0x000001bda2994000 	C:\Users\Welcome\.javacpp\cache\javacpp-1.5.9-windows-x86_64.jar\org\bytedeco\javacpp\windows-x86_64\api-ms-win-core-heap-l1-1-0.dll
0x000001bda2ab0000 - 0x000001bda2ab4000 	C:\Users\Welcome\.javacpp\cache\javacpp-1.5.9-windows-x86_64.jar\org\bytedeco\javacpp\windows-x86_64\api-ms-win-core-libraryloader-l1-1-0.dll
0x000001bda2ac0000 - 0x000001bda2ac4000 	C:\Users\Welcome\.javacpp\cache\javacpp-1.5.9-windows-x86_64.jar\org\bytedeco\javacpp\windows-x86_64\api-ms-win-core-synch-l1-1-0.dll
0x000001bda3cb0000 - 0x000001bda3cb4000 	C:\Users\Welcome\.javacpp\cache\javacpp-1.5.9-windows-x86_64.jar\org\bytedeco\javacpp\windows-x86_64\api-ms-win-core-processthreads-l1-1-0.dll
0x000001bda3cc0000 - 0x000001bda3cc4000 	C:\Users\Welcome\.javacpp\cache\javacpp-1.5.9-windows-x86_64.jar\org\bytedeco\javacpp\windows-x86_64\api-ms-win-core-processenvironment-l1-1-0.dll
0x000001bda3cd0000 - 0x000001bda3cd4000 	C:\Users\Welcome\.javacpp\cache\javacpp-1.5.9-windows-x86_64.jar\org\bytedeco\javacpp\windows-x86_64\api-ms-win-core-datetime-l1-1-0.dll
0x000001bda3ce0000 - 0x000001bda3ce4000 	C:\Users\Welcome\.javacpp\cache\javacpp-1.5.9-windows-x86_64.jar\org\bytedeco\javacpp\windows-x86_64\api-ms-win-core-localization-l1-2-0.dll
0x000001bda3cf0000 - 0x000001bda3cf4000 	C:\Users\Welcome\.javacpp\cache\javacpp-1.5.9-windows-x86_64.jar\org\bytedeco\javacpp\windows-x86_64\api-ms-win-core-sysinfo-l1-1-0.dll
0x000001bda3d00000 - 0x000001bda3d04000 	C:\Users\Welcome\.javacpp\cache\javacpp-1.5.9-windows-x86_64.jar\org\bytedeco\javacpp\windows-x86_64\api-ms-win-core-synch-l1-2-0.dll
0x00007ff9700f0000 - 0x00007ff970309000 	C:\Windows\SYSTEM32\dcomp.dll
0x000001bda3d20000 - 0x000001bda3d24000 	C:\Users\Welcome\.javacpp\cache\javacpp-1.5.9-windows-x86_64.jar\org\bytedeco\javacpp\windows-x86_64\api-ms-win-core-console-l1-1-0.dll
0x000001bda3d30000 - 0x000001bda3d34000 	C:\Users\Welcome\.javacpp\cache\javacpp-1.5.9-windows-x86_64.jar\org\bytedeco\javacpp\windows-x86_64\api-ms-win-core-debug-l1-1-0.dll
0x000001bda3d40000 - 0x000001bda3d44000 	C:\Users\Welcome\.javacpp\cache\javacpp-1.5.9-windows-x86_64.jar\org\bytedeco\javacpp\windows-x86_64\api-ms-win-core-rtlsupport-l1-1-0.dll
0x000001bda3d50000 - 0x000001bda3d54000 	C:\Users\Welcome\.javacpp\cache\javacpp-1.5.9-windows-x86_64.jar\org\bytedeco\javacpp\windows-x86_64\api-ms-win-core-processthreads-l1-1-1.dll
0x000001bda3d60000 - 0x000001bda3d64000 	C:\Users\Welcome\.javacpp\cache\javacpp-1.5.9-windows-x86_64.jar\org\bytedeco\javacpp\windows-x86_64\api-ms-win-core-file-l1-2-0.dll
0x000001bda3d70000 - 0x000001bda3d74000 	C:\Users\Welcome\.javacpp\cache\javacpp-1.5.9-windows-x86_64.jar\org\bytedeco\javacpp\windows-x86_64\api-ms-win-core-profile-l1-1-0.dll
0x000001bda3d80000 - 0x000001bda3d84000 	C:\Users\Welcome\.javacpp\cache\javacpp-1.5.9-windows-x86_64.jar\org\bytedeco\javacpp\windows-x86_64\api-ms-win-core-memory-l1-1-0.dll
0x000001bda3d90000 - 0x000001bda3d94000 	C:\Users\Welcome\.javacpp\cache\javacpp-1.5.9-windows-x86_64.jar\org\bytedeco\javacpp\windows-x86_64\api-ms-win-core-util-l1-1-0.dll
0x00007ff9719e0000 - 0x00007ff971e46000 	C:\Windows\SYSTEM32\d3dcompiler_47.dll
0x000001bda3da0000 - 0x000001bda3da4000 	C:\Users\Welcome\.javacpp\cache\javacpp-1.5.9-windows-x86_64.jar\org\bytedeco\javacpp\windows-x86_64\api-ms-win-core-interlocked-l1-1-0.dll
0x00007ff90f4f0000 - 0x00007ff90f601000 	C:\Users\Welcome\.javacpp\cache\javacpp-1.5.9-windows-x86_64.jar\org\bytedeco\javacpp\windows-x86_64\ucrtbase.dll
0x00007ff90f7a0000 - 0x00007ff90f7bb000 	C:\Users\Welcome\.javacpp\cache\javacpp-1.5.9-windows-x86_64.jar\org\bytedeco\javacpp\windows-x86_64\vcruntime140.dll

JVMTI agents: none

dbghelp: loaded successfully - version: 4.0.5 - missing functions: none
symbol engine: initialized successfully - sym options: 0x614 - pdb path: .;C:\Program Files\BellSoft\LibericaJDK-21\bin;C:\Windows\SYSTEM32;C:\Windows\WinSxS\amd64_microsoft.windows.common-controls_6595b64144ccf1df_6.0.22000.120_none_9d947278b86cc467;C:\Program Files\BellSoft\LibericaJDK-21\bin\server;C:\Users\Welcome\.skiko\64f176e39f60453df1ebf3b490935ff01e2e8db2dfc6217e7f91aacb376d7385;C:\Windows\System32\DriverStore\FileRepository\iigd_dch.inf_amd64_51f685305808e3a5;C:\Users\Welcome\AppData\Local\Temp\onnxruntime-java7834956881311069900;C:\Users\Welcome\.javacpp\cache\javacpp-1.5.9-windows-x86_64.jar\org\bytedeco\javacpp\windows-x86_64;C:\Users\Welcome\.javacpp\cache\openblas-0.3.23-1.5.9-windows-x86_64.jar\org\bytedeco\openblas\windows-x86_64;C:\Users\Welcome\.javacpp\cache\opencv-4.7.0-1.5.9-windows-x86_64.jar\org\bytedeco\opencv\windows-x86_64;C:\Windows\WinSxS\amd64_microsoft.windows.gdiplus_6595b64144ccf1df_1.1.22000.2003_none_4c4fc4c1c574dc79

VM Arguments:
jvm_args: -Dcompose.application.configure.swing.globals=true -Dcompose.application.resources.dir=C:\Users\Welcome\IdeaProjects\orais- v1\composeApp\build\compose\tmp\prepareAppResources -Dfile.encoding=UTF-8 -Duser.country=IN -Duser.language=en -Duser.variant 
java_command: com.ram.orai.orais.MainKt
java_class_path (initial): C:\Users\Welcome\.gradle\.tmp\gradle-javaexec-classpath5867935637485694365.jar
Launcher Type: SUN_STANDARD

[Global flags]
     intx CICompilerCount                          = 3                                         {product} {ergonomic}
     uint ConcGCThreads                            = 1                                         {product} {ergonomic}
     uint G1ConcRefinementThreads                  = 4                                         {product} {ergonomic}
   size_t G1HeapRegionSize                         = 2097152                                   {product} {ergonomic}
    uintx GCDrainStackTargetSize                   = 64                                        {product} {ergonomic}
   size_t InitialHeapSize                          = 268435456                                 {product} {ergonomic}
   size_t MarkStackSize                            = 4194304                                   {product} {ergonomic}
   size_t MaxHeapSize                              = 4271898624                                {product} {ergonomic}
   size_t MaxNewSize                               = 2562719744                                {product} {ergonomic}
   size_t MinHeapDeltaBytes                        = 2097152                                   {product} {ergonomic}
   size_t MinHeapSize                              = 8388608                                   {product} {ergonomic}
    uintx NonNMethodCodeHeapSize                   = 5832780                                {pd product} {ergonomic}
    uintx NonProfiledCodeHeapSize                  = 122912730                              {pd product} {ergonomic}
    uintx ProfiledCodeHeapSize                     = 122912730                              {pd product} {ergonomic}
    uintx ReservedCodeCacheSize                    = 251658240                              {pd product} {ergonomic}
     bool SegmentedCodeCache                       = true                                      {product} {ergonomic}
   size_t SoftMaxHeapSize                          = 4271898624                             {manageable} {ergonomic}
     bool UseCompressedOops                        = true                           {product lp64_product} {ergonomic}
     bool UseG1GC                                  = true                                      {product} {ergonomic}
     bool UseLargePagesIndividualAllocation        = false                                  {pd product} {ergonomic}

Logging:
Log output configuration:
 #0: stdout all=warning uptime,level,tags foldmultilines=false
 #1: stderr all=off uptime,level,tags foldmultilines=false

Release file:
IMPLEMENTOR="BellSoft" 
JAVA_RUNTIME_VERSION="21.0.9+15-LTS" 
JAVA_VERSION="21.0.9" 
JAVA_VERSION_DATE="2025-10-21" 
LIBC="default" 
MODULES="java.base java.compiler java.datatransfer java.xml java.prefs java.desktop java.instrument java.logging java.management java.security.sasl java.naming java.rmi java.management.rmi java.net.http java.scripting java.security.jgss java.transaction.xa java.sql java.sql.rowset java.xml.crypto java.se java.smartcardio jdk.accessibility jdk.internal.jvmstat jdk.attach jdk.charsets jdk.internal.opt jdk.zipfs jdk.compiler jdk.crypto.ec jdk.crypto.cryptoki jdk.crypto.mscapi jdk.dynalink jdk.internal.ed jdk.editpad jdk.hotspot.agent jdk.httpserver jdk.incubator.vector jdk.internal.le jdk.internal.vm.ci jdk.internal.vm.compiler jdk.internal.vm.compiler.management jdk.jartool jdk.javadoc jdk.jcmd jdk.management jdk.management.agent jdk.jconsole jdk.jdeps jdk.jdwp.agent jdk.jdi jdk.jfr jdk.jlink jdk.jpackage jdk.jshell jdk.jsobject jdk.jstatd jdk.localedata jdk.management.jfr jdk.naming.dns jdk.naming.rmi jdk.net jdk.nio.mapmode jdk.random jdk.sctp jdk.security.auth jdk.security.jgss jdk.unsupported jdk.unsupported.desktop jdk.xml.dom" 
OS_ARCH="x86_64" 
OS_NAME="Windows" 
SOURCE=".:git:b00e41d2b14a+" 

Environment Variables:
JAVA_HOME=C:\Program Files\BellSoft\LibericaJDK-21\
PATH=C:\Program Files\PowerShell\7-preview;C:\Program Files\BellSoft\LibericaJDK-21\bin\;C:\Windows\system32;C:\Windows;C:\Windows\System32\Wbem;C:\Windows\System32\WindowsPowerShell\v1.0\;C:\Windows\System32\OpenSSH\;C:\Program Files\Git\cmd;C:\Program Files\BellSoft\LibericaJDK-21\\bin;C:\Program Files\GitHub CLI\;C:\Program Files\nodejs\;C:\Program Files\cursor\resources\app\bin;C:\Program Files\PowerShell\7-preview\preview;C:\Program Files (x86)\Windows Kits\10\Windows Performance Toolkit\;C:\ProgramData\chocolatey\bin;C:\Users\Welcome\AppData\Local\Programs\Python\Launcher\;C:\Users\Welcome\AppData\Local\Microsoft\WindowsApps;C:\Users\Welcome\AppData\Local\Programs\Windsurf\bin;C:\Users\Welcome\AppData\Local\Programs\Ollama;C:\Users\Welcome\flutter\bin;C:\Users\Welcome\AppData\Roaming\npm;C:\Users\Welcome\AppData\Local\Programs\Microsoft VS Code\bin;C:\Users\Welcome\AppData\Local\Programs\MiKTeX\miktex\bin\x64\;C:\Users\Welcome\AppData\Local\Pandoc\;C:\Users\Welcome\AppData\Local\Google\Cloud SDK\google-cloud-sdk\bin;C:\Users\Welcome\AppData\Local\GitHubDesktop\bin
USERNAME=Welcome
LANG=en_US.UTF-8
OS=Windows_NT
PROCESSOR_IDENTIFIER=Intel64 Family 6 Model 94 Stepping 3, GenuineIntel
TMP=C:\Users\Welcome\AppData\Local\Temp
TEMP=C:\Users\Welcome\AppData\Local\Temp




Periodic native trim disabled

---------------  S Y S T E M  ---------------

OS:
 Windows 11 , 64 bit Build 22000 (10.0.22000.2538)
OS uptime: 0 days 0:05 hours
Hyper-V role detected

CPU: total 4 (initial active 4) (4 cores per cpu, 1 threads per core) family 6 model 94 stepping 3 microcode 0xd6, cx8, cmov, fxsr, mmx, 3dnowpref, sse, sse2, sse3, ssse3, sse4.1, sse4.2, popcnt, lzcnt, tsc, tscinvbit, avx, avx2, aes, erms, clmul, bmi1, bmi2, rtm, adx, fma, vzeroupper, clflush, clflushopt, hv, rdtscp, f16c
Processor Information for the first 4 processors :
  Max Mhz: 3312, Current Mhz: 3312, Mhz Limit: 3312

Memory: 4k page, system-wide physical 16291M (8576M free)
TotalPageFile size 23971M (AvailPageFile size 15173M)
current process WorkingSet (physical memory assigned to process): 514M, peak: 622M
current process commit charge ("private bytes"): 1326M, peak: 1436M

vm_info: OpenJDK 64-Bit Server VM (21.0.9+15-LTS) for windows-amd64 JRE (21.0.9+15-LTS), built on 2025-11-18T05:03:52Z by "hudson" with MS VC++ 17.1 (VS2022)

END.
