#
# A fatal error has been detected by the Java Runtime Environment:
#
#  EXCEPTION_ACCESS_VIOLATION (0xc0000005) at pc=0x00007ff9750a735f, pid=11936, tid=8944
#
# JRE version: OpenJDK Runtime Environment (21.0.9+15) (build 21.0.9+15-LTS)
# Java VM: OpenJDK 64-Bit Server VM (21.0.9+15-LTS, mixed mode, sharing, tiered, compressed oops, compressed class ptrs, g1 gc, windows-amd64)
# Problematic frame:
# C  [onnxruntime.dll+0x62735f]
#
# No core dump will be written. Minidumps are not enabled by default on client versions of Windows
#
# If you would like to submit a bug report, please visit:
#   https://bell-sw.com/support
# The crash happened outside the Java Virtual Machine in native code.
# See problematic frame for where to report the bug.
#

---------------  S U M M A R Y ------------

Command Line: -Dcompose.application.configure.swing.globals=true -Dcompose.application.resources.dir=C:\Users\Welcome\IdeaProjects\orais- v1\composeApp\build\compose\tmp\prepareAppResources -Dfile.encoding=UTF-8 -Duser.country=IN -Duser.language=en -Duser.variant com.ram.orai.orais.MainKt

Host: Intel(R) Core(TM) i5-6600 CPU @ 3.30GHz, 4 cores, 15G,  Windows 11 , 64 bit Build 22000 (10.0.22000.2538)
Time: Sun Jan  4 11:15:46 2026 India Standard Time elapsed time: 87.427131 seconds (0d 0h 1m 27s)

---------------  T H R E A D  ---------------

Current thread (0x000002202724fee0):  JavaThread "DefaultDispatcher-worker-2" daemon [_thread_in_native, id=8944, stack(0x0000007604600000,0x0000007604700000) (1024K)]

Stack: [0x0000007604600000,0x0000007604700000],  sp=0x00000076046fc5b0,  free space=1009k
Native frames: (J=compiled Java code, j=interpreted, Vv=VM code, C=native code)
C  [onnxruntime.dll+0x62735f]

Java frames: (J=compiled Java code, j=interpreted, Vv=VM code)
J 6021  ai.onnxruntime.OrtSession.run(JJJ[Ljava/lang/String;[JJ[Ljava/lang/String;J[Lai/onnxruntime/OnnxValue;[JJ)[Z (0 bytes) @ 0x0000021fd2b109b4 [0x0000021fd2b108c0+0x00000000000000f4]
j  ai.onnxruntime.OrtSession.run(Ljava/util/Map;Ljava/util/Set;Ljava/util/Map;Lai/onnxruntime/OrtSession$RunOptions;)Lai/onnxruntime/OrtSession$Result;+722
j  ai.onnxruntime.OrtSession.run(Ljava/util/Map;Ljava/util/Set;)Lai/onnxruntime/OrtSession$Result;+7
j  ai.onnxruntime.OrtSession.run(Ljava/util/Map;)Lai/onnxruntime/OrtSession$Result;+6
j  com.ram.orai.orais.FaceDetector.detectFaces(Lcom/ram/orai/orais/ImageData;Lkotlin/jvm/functions/Function1;Lkotlin/jvm/functions/Function1;)V+116
j  com.ram.orai.orais.ComposableSingletons$AppKt$lambda$-1564548354$1$3$1$1$1$1.emit(Lcom/ram/orai/orais/CameraFrame;Lkotlin/coroutines/Continuation;)Ljava/lang/Object;+209
j  com.ram.orai.orais.ComposableSingletons$AppKt$lambda$-1564548354$1$3$1$1$1$1.emit(Ljava/lang/Object;Lkotlin/coroutines/Continuation;)Ljava/lang/Object;+6
j  kotlinx.coroutines.flow.FlowKt__DelayKt$sample$2$1$2.invokeSuspend(Ljava/lang/Object;)Ljava/lang/Object;+91
j  kotlinx.coroutines.flow.FlowKt__DelayKt$sample$2$1$2.invoke(Lkotlin/Unit;Lkotlin/coroutines/Continuation;)Ljava/lang/Object;+12
j  kotlinx.coroutines.flow.FlowKt__DelayKt$sample$2$1$2.invoke(Ljava/lang/Object;Ljava/lang/Object;)Ljava/lang/Object;+9
j  kotlinx.coroutines.selects.SelectImplementation$ClauseData.invokeBlock(Ljava/lang/Object;Lkotlin/coroutines/Continuation;)Ljava/lang/Object;+54
j  kotlinx.coroutines.selects.SelectImplementation.complete(Lkotlin/coroutines/Continuation;)Ljava/lang/Object;+68
j  kotlinx.coroutines.selects.SelectImplementation.doSelect$suspendImpl(Lkotlinx/coroutines/selects/SelectImplementation;Lkotlin/coroutines/Continuation;)Ljava/lang/Object;+9
j  kotlinx.coroutines.selects.SelectImplementation.doSelect(Lkotlin/coroutines/Continuation;)Ljava/lang/Object;+2
j  kotlinx.coroutines.flow.FlowKt__DelayKt$sample$2.invokeSuspend(Ljava/lang/Object;)Ljava/lang/Object;+227
J 2560 c1 kotlin.coroutines.jvm.internal.BaseContinuationImpl.resumeWith(Ljava/lang/Object;)V (124 bytes) @ 0x0000021fcb031c64 [0x0000021fcb031840+0x0000000000000424]
J 2574 c1 kotlinx.coroutines.DispatchedTask.run()V (387 bytes) @ 0x0000021fcb03cf9c [0x0000021fcb03b9a0+0x00000000000015fc]
j  kotlinx.coroutines.scheduling.CoroutineScheduler.runSafely(Lkotlinx/coroutines/scheduling/Task;)V+2
j  kotlinx.coroutines.scheduling.CoroutineScheduler$Worker.executeTask(Lkotlinx/coroutines/scheduling/Task;)V+164
j  kotlinx.coroutines.scheduling.CoroutineScheduler$Worker.runWorker()V+44
j  kotlinx.coroutines.scheduling.CoroutineScheduler$Worker.run()V+1
v  ~StubRoutines::call_stub 0x0000021fd20a100d

siginfo: EXCEPTION_ACCESS_VIOLATION (0xc0000005), reading address 0x0000000000002598


Registers:
RAX=0x000002202f4386b0, RBX=0x0000000000000191, RCX=0x000002202f438320, RDX=0x0000000000000000
RSP=0x00000076046fc5b0, RBP=0x00000076046fd060, RSI=0x0000000000000000, RDI=0x00000076046fcd40
R8 =0x00000000000004b3, R9 =0x0000000000000001, R10=0x0000021fc01b0000, R11=0x00000076046fc730
R12=0x000002202fc7e380, R13=0x0000000000000000, R14=0x00000076046fd108, R15=0x000002202f4386b0
RIP=0x00007ff9750a735f, EFLAGS=0x0000000000010202

XMM[0]=0xbdf24eecbe8262d1 0xbe8a79b43cfa9f9a
XMM[1]=0x3f8bf00abe33033c 0xbe8288df3d815191
XMM[2]=0xbe85031b3e68e0aa 0xbe8288df3d815191
XMM[3]=0x3ee5f7cbbe553fd9 0xbe85031b3e68e0aa
XMM[4]=0xbe8e75b2bd8b851f 0xbe8a79b43cfa9f9a
XMM[5]=0xbd612504be806772 0xbe8e75b2bd8b851f
XMM[6]=0x0000000000000000 0x0000000000000000
XMM[7]=0x0000000000000000 0x6e657265666e6920
XMM[8]=0x0000000000000000 0x0000000000000000
XMM[9]=0xff80ff80ff80ff80 0xff80ff80ff80ff80
XMM[10]=0x0000000000000000 0x000000003e662a5e
XMM[11]=0x0000000000000000 0x000000003f72779e
XMM[12]=0x0000000000000000 0x000000003da3d70a
XMM[13]=0x0000000000000000 0x00000000369e0000
XMM[14]=0x0000000000000000 0x000000004418816c
XMM[15]=0x0000000000000000 0x000000004371d8ff
  MXCSR=0x00001fa0


Register to memory mapping:

RAX=0x000002202f4386b0 points into unknown readable memory: 0x00007ff97538ccb0 | b0 cc 38 75 f9 7f 00 00
RBX=0x0000000000000191 is an unknown value
RCX=0x000002202f438320 points into unknown readable memory: 0x000002202c20d540 | 40 d5 20 2c 20 02 00 00
RDX=0x0 is null
RSP=0x00000076046fc5b0 is pointing into the stack for thread: 0x000002202724fee0
RBP=0x00000076046fd060 is pointing into the stack for thread: 0x000002202724fee0
RSI=0x0 is null
RDI=0x00000076046fcd40 is pointing into the stack for thread: 0x000002202724fee0
R8 =0x00000000000004b3 is an unknown value
R9 =0x0000000000000001 is an unknown value
R10=0x0000021fc01b0000 points into unknown readable memory: 0x0000000000000000 | 00 00 00 00 00 00 00 00
R11=0x00000076046fc730 is pointing into the stack for thread: 0x000002202724fee0
R12=0x000002202fc7e380 points into unknown readable memory: 0x0000022027ee0080 | 80 00 ee 27 20 02 00 00
R13=0x0 is null
R14=0x00000076046fd108 is pointing into the stack for thread: 0x000002202724fee0
R15=0x000002202f4386b0 points into unknown readable memory: 0x00007ff97538ccb0 | b0 cc 38 75 f9 7f 00 00

Top of Stack: (sp=0x00000076046fc5b0)
0x00000076046fc5b0:   000002202bc89890 000002202fc7e380
0x00000076046fc5c0:   00000076046fcad0 0000000000000000
0x00000076046fc5d0:   00000076046fca28 00000076046fcad0
0x00000076046fc5e0:   00000076046fc6f0 00007ff974dcb720
0x00000076046fc5f0:   0000000000000002 00007ff900000001
0x00000076046fc600:   000002202f653090 00000076046fc6f0
0x00000076046fc610:   00000076046fc668 00007ff9751ac5f7
0x00000076046fc620:   0000022073822080 000002207375a080
0x00000076046fc630:   0000000000000200 0000000000000040
0x00000076046fc640:   0000000000000190 000002206991a660
0x00000076046fc650:   0000000000000004 00000076046fc690
0x00000076046fc660:   0000022069919b20 0000000000000004
0x00000076046fc670:   0000000000000040 0000000000000200
0x00000076046fc680:   0000000000000008 0000000000000008
0x00000076046fc690:   0000000000000001 0000000000000200
0x00000076046fc6a0:   0000000000000014 0000000000000014
0x00000076046fc6b0:   00000076046fc678 0000000000000000
0x00000076046fc6c0:   00000076046fc638 00000076046fc670
0x00000076046fc6d0:   000002202f428580 00000076046fc640
0x00000076046fc6e0:   00000076046fc628 00000076046fc678
0x00000076046fc6f0:   00000076046fc620 00000076046fc630
0x00000076046fc700:   00000076046fc680 000002207394e000
0x00000076046fc710:   000025a1a8cf8c3d 0000000000000000
0x00000076046fc720:   0000000000000000 0000000000000000
0x00000076046fc730:   0000000000000191 00000076046fd108
0x00000076046fc740:   00000076046fcd40 0000000000000000
0x00000076046fc750:   00000076046fd060 00007ff97507f49d
0x00000076046fc760:   00000076046fca50 000002202f428580
0x00000076046fc770:   000002202f428580 00000076046fcd40
0x00000076046fc780:   000002202fc7e380 00000076046fe1a8
0x00000076046fc790:   0000000000000000 00007ff9f6868d1a
0x00000076046fc7a0:   000002202f428580 0000000000000191 

Instructions: (pc=0x00007ff9750a735f)
0x00007ff9750a725f:   cc 48 83 ec 28 48 81 c1 38 01 00 00 e8 b0 fa 9d
0x00007ff9750a726f:   ff 8b 08 85 c9 74 08 f3 90 8b 08 85 c9 75 f8 48
0x00007ff9750a727f:   83 c4 28 c3 cc cc cc cc cc cc cc cc cc cc cc cc
0x00007ff9750a728f:   cc 48 81 c1 40 01 00 00 48 83 39 00 75 0a 48 83
0x00007ff9750a729f:   3a 00 0f 85 89 f5 a2 ff c3 cc cc cc cc cc cc cc
0x00007ff9750a72af:   cc 48 89 5c 24 08 57 48 83 ec 20 48 8b d9 48 81
0x00007ff9750a72bf:   c1 90 01 00 00 e8 f7 3c 9f ff 48 8d 8b 50 01 00
0x00007ff9750a72cf:   00 48 83 39 00 74 05 e8 e5 59 a5 ff 48 8b bb 40
0x00007ff9750a72df:   01 00 00 48 85 ff 74 16 48 8d 4f 08 e8 50 f5 9d
0x00007ff9750a72ef:   ff ba 28 00 00 00 48 8b cf e8 23 90 fa ff 48 8b
0x00007ff9750a72ff:   8b 30 01 00 00 48 85 c9 74 05 e8 12 90 fa ff 48
0x00007ff9750a730f:   8d 4b 08 48 8b 5c 24 30 48 83 c4 20 5f e9 5f e3
0x00007ff9750a731f:   fc ff cc cc cc cc cc cc cc cc cc cc cc cc cc cc
0x00007ff9750a732f:   cc 48 89 5c 24 18 55 56 57 41 56 41 57 48 81 ec
0x00007ff9750a733f:   80 01 00 00 48 8b da 4c 8b f1 48 8b 09 e8 af df
0x00007ff9750a734f:   fa ff 4c 8b f8 4c 8d 04 5b 48 8b 90 c0 00 00 00
0x00007ff9750a735f:   4a 8b 1c c2 4a 8b 6c c2 08 48 3b dd 74 77 0f 1f
0x00007ff9750a736f:   00 48 8b 13 49 8b 86 30 01 00 00 48 8d 0c 90 e8
0x00007ff9750a737f:   9d f9 9d ff b9 ff ff ff ff f0 0f c1 08 83 f9 01
0x00007ff9750a738f:   75 4a 49 8d 4e 08 48 03 d2 4d 8b 87 a8 00 00 00
0x00007ff9750a739f:   45 8b 04 d0 48 8d 94 24 b8 01 00 00 e8 b0 c4 fc
0x00007ff9750a73af:   ff 48 8b 30 48 8b bc 24 b8 01 00 00 48 85 ff 74
0x00007ff9750a73bf:   16 48 8d 4f 08 e8 77 f4 9d ff ba 28 00 00 00 48
0x00007ff9750a73cf:   8b cf e8 4a 8f fa ff 48 85 f6 75 20 48 83 c3 08
0x00007ff9750a73df:   48 3b dd 75 8c 48 8b 9c 24 c0 01 00 00 48 81 c4
0x00007ff9750a73ef:   80 01 00 00 41 5f 41 5e 5f 5e 5d c3 48 8d 4c 24
0x00007ff9750a73ff:   48 e8 9b 58 9f ff 48 8b d8 48 8d 4c 24 30 e8 5e
0x00007ff9750a740f:   3d 0f 00 90 48 89 44 24 20 4c 8d 0d d1 61 33 00
0x00007ff9750a741f:   41 b8 aa 00 00 00 48 8d 15 74 62 33 00 48 8d 8c
0x00007ff9750a742f:   24 20 01 00 00 e8 e7 91 9e ff 90 4c 8b cb 4c 8d
0x00007ff9750a743f:   05 ec 61 33 00 48 8b d0 48 8d 4c 24 70 e8 3f 95
0x00007ff9750a744f:   9e ff 48 8d 15 90 f6 41 00 48 8d 4c 24 70 e8 78 


Stack slot to memory mapping:

stack at sp + 0 slots: 0x000002202bc89890 points into unknown readable memory: 0x0000000000000000 | 00 00 00 00 00 00 00 00
stack at sp + 1 slots: 0x000002202fc7e380 points into unknown readable memory: 0x0000022027ee0080 | 80 00 ee 27 20 02 00 00
stack at sp + 2 slots: 0x00000076046fcad0 is pointing into the stack for thread: 0x000002202724fee0
stack at sp + 3 slots: 0x0 is null
stack at sp + 4 slots: 0x00000076046fca28 is pointing into the stack for thread: 0x000002202724fee0
stack at sp + 5 slots: 0x00000076046fcad0 is pointing into the stack for thread: 0x000002202724fee0
stack at sp + 6 slots: 0x00000076046fc6f0 is pointing into the stack for thread: 0x000002202724fee0
stack at sp + 7 slots: 0x00007ff974dcb720 onnxruntime.dll


Compiled method (n/a) 89111 6021     n 0       ai.onnxruntime.OrtSession::run (native)
 total in heap  [0x0000021fd2b10710,0x0000021fd2b10cd0] = 1472
 relocation     [0x0000021fd2b10870,0x0000021fd2b108a8] = 56
 main code      [0x0000021fd2b108c0,0x0000021fd2b10cc4] = 1028
 stub code      [0x0000021fd2b10cc4,0x0000021fd2b10cc8] = 4
 oops           [0x0000021fd2b10cc8,0x0000021fd2b10cd0] = 8

[Constant Pool (empty)]

[MachCode]
[Entry Point]
  # {method} {0x00000220240e17d8} 'run' '(JJJ[Ljava/lang/String;[JJ[Ljava/lang/String;J[Lai/onnxruntime/OnnxValue;[JJ)[Z' in 'ai/onnxruntime/OrtSession'
  # this:     rdx:rdx   = 'ai/onnxruntime/OrtSession'
  # parm0:    r8:r8     = long
  # parm1:    r9:r9     = long
  # parm2:    rdi:rdi   = long
  # parm3:    rsi:rsi   = '[Ljava/lang/String;'
  # parm4:    rcx:rcx   = '[J'
  # parm5:    [sp+0xb0]   = long  (sp of caller)
  # parm6:    [sp+0xb8]   = '[Ljava/lang/String;'
  # parm7:    [sp+0xc0]   = long
  # parm8:    [sp+0xc8]   = '[Lai/onnxruntime/OnnxValue;'
  # parm9:    [sp+0xd0]   = '[J'
  # parm10:   [sp+0xd8]   = long
  0x0000021fd2b108c0: 448b 5208 | 49bb 0000 | 00e2 1f02 | 0000 4d03 | d349 3bc2 | 0f84 0600 

  0x0000021fd2b108d8: ;   {runtime_call ic_miss_stub}
  0x0000021fd2b108d8: 0000 e9a1 | de5d ff90 
[Verified Entry Point]
  0x0000021fd2b108e0: 8984 2400 | 80ff ff55 | 488b ec48 | 81ec a000 | 0000 6690 | 4181 7f20 | c500 0000 

  0x0000021fd2b108fc: ;   {runtime_call StubRoutines (final stubs)}
  0x0000021fd2b108fc: 7405 e8dd | 5b5c ff48 | 8b45 3848 | 8944 2460 | 4883 7d30 | 0048 8d45 | 3048 0f44 | 4530 4889 
  0x0000021fd2b1091c: 4424 5848 | 837d 2800 | 488d 4528 | 480f 4445 | 2848 8944 | 2450 488b | 4520 4889 | 4424 4848 
  0x0000021fd2b1093c: 837d 1800 | 488d 4518 | 480f 4445 | 1848 8944 | 2440 488b | 4510 4889 | 4424 3848 | 898c 2490 
  0x0000021fd2b1095c: 0000 0048 | 83f9 0048 | 8d84 2490 | 0000 0048 | 0f44 8424 | 9000 0000 | 4889 4424 | 3048 89b4 
  0x0000021fd2b1097c: 2488 0000 | 0048 83fe | 0048 8d84 | 2488 0000 | 0048 0f44 | 8424 8800 | 0000 4889 | 4424 2848 
  0x0000021fd2b1099c: 897c 2420 | 4889 5424 | 6848 83fa | 0048 8d54 | 2468 480f | 4454 2468 

  0x0000021fd2b109b4: ;   {internal_word}
  0x0000021fd2b109b4: c5f8 7749 | bab4 09b1 | d21f 0200 | 004d 8997 | a003 0000 | 4989 a798 

  0x0000021fd2b109cc: ;   {external_word}
  0x0000021fd2b109cc: 0300 0049 | ba7f 8e0c | 72f9 7f00 | 0041 803a | 000f 844e | 0000 0052 | 4150 4151 

  0x0000021fd2b109e8: ;   {metadata({method} {0x00000220240e17d8} 'run' '(JJJ[Ljava/lang/String;[JJ[Ljava/lang/String;J[Lai/onnxruntime/OnnxValue;[JJ)[Z' in 'ai/onnxruntime/OrtSession')}
  0x0000021fd2b109e8: 48ba d017 | 0e24 2002 | 0000 498b | cf48 83ec | 2040 f6c4 | 0f0f 8419 | 0000 0048 

  0x0000021fd2b10a04: ;   {runtime_call}
  0x0000021fd2b10a04: 83ec 0848 | b8b0 08b5 | 71f9 7f00 | 00ff d048 | 83c4 08e9 | 0c00 0000 

  0x0000021fd2b10a1c: ;   {runtime_call}
  0x0000021fd2b10a1c: 48b8 b008 | b571 f97f | 0000 ffd0 | 4883 c420 | 4159 4158 | 5a49 8d8f | b803 0000 | 41c7 8744 
  0x0000021fd2b10a3c: 0400 0004 

  0x0000021fd2b10a40: ;   {runtime_call}
  0x0000021fd2b10a40: 0000 0048 | b8e0 6ea7 | eff9 7f00 | 00ff d0c5 | f877 41c7 | 8744 0400 | 0005 0000 | 00f0 8344 
  0x0000021fd2b10a60: 24c0 0049 | 3baf 4804 | 0000 0f87 | 0e00 0000 | 4183 bf40 | 0400 0000 | 0f84 2b00 | 0000 c5f8 
  0x0000021fd2b10a80: 7748 8945 | f849 8bcf | 4c8b e448 | 83ec 2048 

  0x0000021fd2b10a90: ;   {runtime_call}
  0x0000021fd2b10a90: 83e4 f048 | b8d0 6680 | 71f9 7f00 | 00ff d049 | 8be4 4d33 | e448 8b45 | f841 c787 | 4404 0000 
  0x0000021fd2b10ab0: 0800 0000 | 4183 bfc0 | 0400 0002 | 0f84 d501 

  0x0000021fd2b10ac0: ;   {external_word}
  0x0000021fd2b10ac0: 0000 49ba | 7f8e 0c72 | f97f 0000 | 4180 3a00 | 0f84 4c00 | 0000 4889 

  0x0000021fd2b10ad8: ;   {metadata({method} {0x00000220240e17d8} 'run' '(JJJ[Ljava/lang/String;[JJ[Ljava/lang/String;J[Lai/onnxruntime/OnnxValue;[JJ)[Z' in 'ai/onnxruntime/OrtSession')}
  0x0000021fd2b10ad8: 45f8 48ba | d017 0e24 | 2002 0000 | 498b cf48 | 83ec 2040 | f6c4 0f0f | 8419 0000 | 0048 83ec 
  0x0000021fd2b10af8: ;   {runtime_call}
  0x0000021fd2b10af8: 0848 b8b0 | 08b5 71f9 | 7f00 00ff | d048 83c4 | 08e9 0c00 

  0x0000021fd2b10b0c: ;   {runtime_call}
  0x0000021fd2b10b0c: 0000 48b8 | b008 b571 | f97f 0000 | ffd0 4883 | c420 488b | 45f8 49c7 | 8798 0300 | 0000 0000 
  0x0000021fd2b10b2c: 0049 c787 | a003 0000 | 0000 0000 | c5f8 7748 | 85c0 0f84 | 3001 0000 | a803 0f85 | 0800 0000 
  0x0000021fd2b10b4c: 488b 00e9 | 2001 0000 | a801 0f85 | 0900 0000 | 488b 40fe | e90f 0100 | 0048 8b40 | ff41 807f 
  0x0000021fd2b10b6c: 4000 0f84 | 0001 0000 | 4883 f800 | 0f84 f600 | 0000 498b | 4f28 4883 | f900 0f84 | 1400 0000 
  0x0000021fd2b10b8c: 4883 e908 | 4989 4f28 | 4903 4f38 | 4889 01e9 | d400 0000 | 4883 ec70 | 4889 0424 | 4889 4c24 
  0x0000021fd2b10bac: 0848 8954 | 2410 4c89 | 4424 184c | 894c 2420 | 4c89 5424 | 284c 895c | 2430 c5fb | 1144 2440 
  0x0000021fd2b10bcc: c5fb 114c | 2448 c5fb | 1154 2450 | c5fb 115c | 2458 c5fb | 1164 2460 | c5fb 116c | 2468 498b 
  0x0000021fd2b10bec: d748 8bc8 | 4883 ec20 | 40f6 c40f | 0f84 1900 | 0000 4883 

  0x0000021fd2b10c00: ;   {runtime_call}
  0x0000021fd2b10c00: ec08 48b8 | 2097 7371 | f97f 0000 | ffd0 4883 | c408 e90c 

  0x0000021fd2b10c14: ;   {runtime_call}
  0x0000021fd2b10c14: 0000 0048 | b820 9773 | 71f9 7f00 | 00ff d048 | 83c4 20c5 | fb10 6c24 | 68c5 fb10 | 6424 60c5 
  0x0000021fd2b10c34: fb10 5c24 | 58c5 fb10 | 5424 50c5 | fb10 4c24 | 48c5 fb10 | 4424 404c | 8b5c 2430 | 4c8b 5424 
  0x0000021fd2b10c54: 284c 8b4c | 2420 4c8b | 4424 1848 | 8b54 2410 | 488b 4c24 | 0848 8b04 | 2448 83c4 | 70c5 f877 
  0x0000021fd2b10c74: 498b 8f28 | 0400 00c7 | 8100 0100 | 0000 0000 | 00c9 4983 | 7f08 000f | 8501 0000 

  0x0000021fd2b10c90: ;   {runtime_call StubRoutines (initial stubs)}
  0x0000021fd2b10c90: 00c3 e969 | 0259 ffc5 | f877 4889 | 45f8 4c8b | e448 83ec | 2048 83e4 

  0x0000021fd2b10ca8: ;   {runtime_call}
  0x0000021fd2b10ca8: f048 b8a0 | 40b5 71f9 | 7f00 00ff | d049 8be4 | 4d33 e448 | 8b45 f8e9 | fefd ffff 
[Stub Code]
  0x0000021fd2b10cc4: f4f4 f4f4 
[/MachCode]


Compiled method (c1) 89175 2560   !   3       kotlin.coroutines.jvm.internal.BaseContinuationImpl::resumeWith (124 bytes)
 total in heap  [0x0000021fcb031410,0x0000021fcb033f88] = 11128
 relocation     [0x0000021fcb031570,0x0000021fcb031828] = 696
 main code      [0x0000021fcb031840,0x0000021fcb033478] = 7224
 stub code      [0x0000021fcb033478,0x0000021fcb033528] = 176
 oops           [0x0000021fcb033528,0x0000021fcb033548] = 32
 metadata       [0x0000021fcb033548,0x0000021fcb0335b0] = 104
 scopes data    [0x0000021fcb0335b0,0x0000021fcb033aa0] = 1264
 scopes pcs     [0x0000021fcb033aa0,0x0000021fcb033f10] = 1136
 dependencies   [0x0000021fcb033f10,0x0000021fcb033f18] = 8
 handler table  [0x0000021fcb033f18,0x0000021fcb033f30] = 24
 nul chk table  [0x0000021fcb033f30,0x0000021fcb033f88] = 88

[Constant Pool (empty)]

[MachCode]
[Entry Point]
  # {method} {0x00000220234d4c80} 'resumeWith' '(Ljava/lang/Object;)V' in 'kotlin/coroutines/jvm/internal/BaseContinuationImpl'
  # this:     rdx:rdx   = 'kotlin/coroutines/jvm/internal/BaseContinuationImpl'
  # parm0:    r8:r8     = 'java/lang/Object'
  #           [sp+0x120]  (sp of caller)
  0x0000021fcb031840: 448b 5208 | 49bb 0000 | 00e2 1f02 | 0000 4d03 | d34c 3bd0 

  0x0000021fcb031854: ;   {runtime_call ic_miss_stub}
  0x0000021fcb031854: 0f85 26cf | 0b07 660f | 1f44 0000 
[Verified Entry Point]
  0x0000021fcb031860: e91b 5e07 | 07ff ff55 | 4881 ec10 | 0100 0090 | 4181 7f20 | c500 0000 

  0x0000021fcb031878: ;   {runtime_call StubRoutines (final stubs)}
  0x0000021fcb031878: 7405 e861 

  0x0000021fcb03187c: ;   {metadata(method data for {method} {0x00000220234d4c80} 'resumeWith' '(Ljava/lang/Object;)V' in 'kotlin/coroutines/jvm/internal/BaseContinuationImpl')}
  0x0000021fcb03187c: 4c0a 0748 | be38 8fdc | 2420 0200 | 008b becc | 0000 0083 | c702 89be | cc00 0000 | 81e7 fe07 
  0x0000021fcb03189c: 0000 85ff | 0f84 f916 | 0000 6690 | 4885 d275 

  0x0000021fcb0318ac: ;   {metadata(method data for {method} {0x00000220234d4c80} 'resumeWith' '(Ljava/lang/Object;)V' in 'kotlin/coroutines/jvm/internal/BaseContinuationImpl')}
  0x0000021fcb0318ac: 1648 bb38 | 8fdc 2420 | 0200 0080 | 8b09 0100 | 0001 e9e7 

  0x0000021fcb0318c0: ;   {metadata('kotlin/coroutines/Continuation')}
  0x0000021fcb0318c0: 0000 0048 | b818 2e08 | e31f 0200 | 008b 5a08 | 49ba 0000 | 00e2 1f02 | 0000 4903 | da48 3b43 
  0x0000021fcb0318e0: 200f 841a | 0000 0048 | 3bd8 0f84 | 1100 0000 

  0x0000021fcb0318f0: ;   {runtime_call slow_subtype_check Runtime1 stub}
  0x0000021fcb0318f0: 5350 e809 | d617 075b | 5b85 db0f | 848d 0000 

  0x0000021fcb031900: ;   {metadata(method data for {method} {0x00000220234d4c80} 'resumeWith' '(Ljava/lang/Object;)V' in 'kotlin/coroutines/jvm/internal/BaseContinuationImpl')}
  0x0000021fcb031900: 0048 bb38 | 8fdc 2420 | 0200 008b | 4208 49ba | 0000 00e2 | 1f02 0000 | 4903 c248 | 3b83 2001 
  0x0000021fcb031920: 0000 750d | 4883 8328 | 0100 0001 | e979 0000 | 0048 3b83 | 3001 0000 | 750d 4883 | 8338 0100 
  0x0000021fcb031940: 0001 e963 | 0000 0048 | 83bb 2001 | 0000 0075 | 1748 8983 | 2001 0000 | 48c7 8328 | 0100 0001 
  0x0000021fcb031960: 0000 00e9 | 4200 0000 | 4883 bb30 | 0100 0000 | 7517 4889 | 8330 0100 | 0048 c783 | 3801 0000 
  0x0000021fcb031980: 0100 0000 | e921 0000 | 00e9 1c00 

  0x0000021fcb03198c: ;   {metadata(method data for {method} {0x00000220234d4c80} 'resumeWith' '(Ljava/lang/Object;)V' in 'kotlin/coroutines/jvm/internal/BaseContinuationImpl')}
  0x0000021fcb03198c: 0000 48bb | 388f dc24 | 2002 0000 | 4883 ab10 | 0100 0001 | e91b 1600 | 00e9 0000 | 0000 488b 
  0x0000021fcb0319ac: ;   {metadata(method data for {method} {0x00000220234d4c80} 'resumeWith' '(Ljava/lang/Object;)V' in 'kotlin/coroutines/jvm/internal/BaseContinuationImpl')}
  0x0000021fcb0319ac: f248 bf38 | 8fdc 2420 | 0200 0048 | 8387 4801 

  0x0000021fcb0319bc: ;   {metadata(method data for {method} {0x00000220234fcad0} 'probeCoroutineResumed' '(Lkotlin/coroutines/Continuation;)V' in 'kotlin/coroutines/jvm/internal/DebugProbesKt')}
  0x0000021fcb0319bc: 0000 0148 | bfc8 92dc | 2420 0200 | 008b 9fcc | 0000 0083 | c302 899f | cc00 0000 | 81e3 feff 
  0x0000021fcb0319dc: 1f00 85db | 0f84 e315 

  0x0000021fcb0319e4: ;   {metadata(method data for {method} {0x00000220234fcad0} 'probeCoroutineResumed' '(Lkotlin/coroutines/Continuation;)V' in 'kotlin/coroutines/jvm/internal/DebugProbesKt')}
  0x0000021fcb0319e4: 0000 48bf | c892 dc24 | 2002 0000 | 4883 8710 | 0100 0001 

  0x0000021fcb0319f8: ;   {metadata(method data for {method} {0x0000022023415410} 'checkNotNullParameter' '(Ljava/lang/Object;Ljava/lang/String;)V' in 'kotlin/jvm/internal/Intrinsics')}
  0x0000021fcb0319f8: 48bf b0c3 | 5b23 2002 | 0000 8b9f | cc00 0000 | 83c3 0289 | 9fcc 0000 | 0081 e3fe | ff1f 0085 
  0x0000021fcb031a18: db0f 84cb | 1500 0048 

  0x0000021fcb031a20: ;   {metadata(method data for {method} {0x0000022023415410} 'checkNotNullParameter' '(Ljava/lang/Object;Ljava/lang/String;)V' in 'kotlin/jvm/internal/Intrinsics')}
  0x0000021fcb031a20: 85f6 48be | b0c3 5b23 | 2002 0000 | 48c7 c720 | 0100 0074 | 0748 c7c7 | 1001 0000 | 488b 1c3e 
  0x0000021fcb031a40: 488d 5b01 | 4889 1c3e | 0f84 a60d | 0000 4885 

  0x0000021fcb031a50: ;   {metadata(method data for {method} {0x00000220234d4c80} 'resumeWith' '(Ljava/lang/Object;)V' in 'kotlin/coroutines/jvm/internal/BaseContinuationImpl')}
  0x0000021fcb031a50: d275 1648 | bf38 8fdc | 2420 0200 | 0080 8f51 | 0100 0001 | e9cd 0000 

  0x0000021fcb031a68: ;   {metadata('kotlin/coroutines/jvm/internal/BaseContinuationImpl')}
  0x0000021fcb031a68: 0048 bb18 | 3208 e31f | 0200 008b | 7a08 49ba | 0000 00e2 | 1f02 0000 | 4903 fa48 | 3b5f 380f 
  0x0000021fcb031a88: 858d 0000 

  0x0000021fcb031a8c: ;   {metadata(method data for {method} {0x00000220234d4c80} 'resumeWith' '(Ljava/lang/Object;)V' in 'kotlin/coroutines/jvm/internal/BaseContinuationImpl')}
  0x0000021fcb031a8c: 0048 bf38 | 8fdc 2420 | 0200 008b | 5a08 49ba | 0000 00e2 | 1f02 0000 | 4903 da48 | 3b9f 6801 
  0x0000021fcb031aac: 0000 750d | 4883 8770 | 0100 0001 | e979 0000 | 0048 3b9f | 7801 0000 | 750d 4883 | 8780 0100 
  0x0000021fcb031acc: 0001 e963 | 0000 0048 | 83bf 6801 | 0000 0075 | 1748 899f | 6801 0000 | 48c7 8770 | 0100 0001 
  0x0000021fcb031aec: 0000 00e9 | 4200 0000 | 4883 bf78 | 0100 0000 | 7517 4889 | 9f78 0100 | 0048 c787 | 8001 0000 
  0x0000021fcb031b0c: 0100 0000 | e921 0000 | 00e9 1c00 

  0x0000021fcb031b18: ;   {metadata(method data for {method} {0x00000220234d4c80} 'resumeWith' '(Ljava/lang/Object;)V' in 'kotlin/coroutines/jvm/internal/BaseContinuationImpl')}
  0x0000021fcb031b18: 0000 48bf | 388f dc24 | 2002 0000 | 4883 af58 | 0100 0001 | e9da 1400 | 00e9 0000 | 0000 488b 
  0x0000021fcb031b38: f28b 7e0c | 48c1 e703 | 4889 bc24 | b000 0000 

  0x0000021fcb031b48: ;   {metadata(method data for {method} {0x00000220234d4c80} 'resumeWith' '(Ljava/lang/Object;)V' in 'kotlin/coroutines/jvm/internal/BaseContinuationImpl')}
  0x0000021fcb031b48: 48ba 388f | dc24 2002 | 0000 4883 | 8290 0100 

  0x0000021fcb031b58: ;   {metadata(method data for {method} {0x00000220234143c8} 'checkNotNull' '(Ljava/lang/Object;)V' in 'kotlin/jvm/internal/Intrinsics')}
  0x0000021fcb031b58: 0001 48ba | 9021 3524 | 2002 0000 | 8b9a cc00 | 0000 83c3 | 0289 9acc | 0000 0081 | e3fe ff1f 
  0x0000021fcb031b78: 0085 db0f | 8498 1400 | 0048 85ff 

  0x0000021fcb031b84: ;   {metadata(method data for {method} {0x00000220234143c8} 'checkNotNull' '(Ljava/lang/Object;)V' in 'kotlin/jvm/internal/Intrinsics')}
  0x0000021fcb031b84: 48ba 9021 | 3524 2002 | 0000 48c7 | c320 0100 | 0074 0748 | c7c3 1001 | 0000 488b | 041a 488d 
  0x0000021fcb031ba4: 4001 4889 | 041a 0f84 | 5c0a 0000 

  0x0000021fcb031bb0: ;   {metadata(method data for {method} {0x00000220234d4c80} 'resumeWith' '(Ljava/lang/Object;)V' in 'kotlin/coroutines/jvm/internal/BaseContinuationImpl')}
  0x0000021fcb031bb0: 488b d648 | bb38 8fdc | 2420 0200 | 008b 5208 | 49ba 0000 | 00e2 1f02 | 0000 4903 | d248 3b93 
  0x0000021fcb031bd0: b001 0000 | 750d 4883 | 83b8 0100 | 0001 e960 | 0000 0048 | 3b93 c001 | 0000 750d | 4883 83c8 
  0x0000021fcb031bf0: 0100 0001 | e94a 0000 | 0048 83bb | b001 0000 | 0075 1748 | 8993 b001 | 0000 48c7 | 83b8 0100 
  0x0000021fcb031c10: 0001 0000 | 00e9 2900 | 0000 4883 | bbc0 0100 | 0000 7517 | 4889 93c0 | 0100 0048 | c783 c801 
  0x0000021fcb031c30: 0000 0100 | 0000 e908 | 0000 0048 | 8383 a001 | 0000 0148 | 8bd6 4889 | b424 a800 | 0000 0f1f 
  0x0000021fcb031c50: 8000 0000 | 0048 b8ff | ffff ffff 

  0x0000021fcb031c5c: ;   {virtual_call}
  0x0000021fcb031c5c: ffff ffe8 

  0x0000021fcb031c60: ; ImmutableOopMap {[168]=Oop [176]=Oop }
                      ;*invokevirtual invokeSuspend {reexecute=0 rethrow=0 return_oop=0}
                      ; - kotlin.coroutines.jvm.internal.BaseContinuationImpl::resumeWith@40 (line 34)
  0x0000021fcb031c60: 0c2c 1807 

  0x0000021fcb031c64: ;   {other}
  0x0000021fcb031c64: 0f1f 8400 | 5408 0000 

  0x0000021fcb031c6c: ;   {metadata(method data for {method} {0x00000220234d4c80} 'resumeWith' '(Ljava/lang/Object;)V' in 'kotlin/coroutines/jvm/internal/BaseContinuationImpl')}
  0x0000021fcb031c6c: 48ba 388f | dc24 2002 | 0000 4883 | 82d8 0100 

  0x0000021fcb031c7c: ;   {metadata(method data for {method} {0x00000220234fab88} 'getCOROUTINE_SUSPENDED' '()Ljava/lang/Object;' in 'kotlin/coroutines/intrinsics/IntrinsicsKt__IntrinsicsKt')}
  0x0000021fcb031c7c: 0001 48ba | 6093 6324 | 2002 0000 | 8bb2 cc00 | 0000 83c6 | 0289 b2cc | 0000 0081 | e6fe ff1f 
  0x0000021fcb031c9c: 0085 f60f | 8495 1300 

  0x0000021fcb031ca4: ;   {oop(a 'kotlin/coroutines/intrinsics/CoroutineSingletons'{0x00000007fff52cf8})}
  0x0000021fcb031ca4: 0049 baf8 | 2cf5 ff07 | 0000 0049 

  0x0000021fcb031cb0: ;   {metadata(method data for {method} {0x00000220234d4c80} 'resumeWith' '(Ljava/lang/Object;)V' in 'kotlin/coroutines/jvm/internal/BaseContinuationImpl')}
  0x0000021fcb031cb0: 3bc2 48ba | 388f dc24 | 2002 0000 | 48c7 c6f8 | 0100 0074 | 0748 c7c6 | e801 0000 | 488b 3c32 
  0x0000021fcb031cd0: 488d 7f01 | 4889 3c32 | 0f84 140e 

  0x0000021fcb031cdc: ;   {metadata(method data for {method} {0x00000220234d4c80} 'resumeWith' '(Ljava/lang/Object;)V' in 'kotlin/coroutines/jvm/internal/BaseContinuationImpl')}
  0x0000021fcb031cdc: 0000 48ba | 388f dc24 | 2002 0000 | 4883 8208 | 0200 0001 

  0x0000021fcb031cf0: ;   {metadata(method data for {method} {0x000002202350cf08} 'constructor-impl' '(Ljava/lang/Object;)Ljava/lang/Object;' in 'kotlin/Result')}
  0x0000021fcb031cf0: 48ba a03c | d824 2002 | 0000 8bb2 | cc00 0000 | 83c6 0289 | b2cc 0000 | 0081 e6fe | ff1f 0085 
  0x0000021fcb031d10: f60f 8444 

  0x0000021fcb031d14: ;   {metadata(method data for {method} {0x00000220234d4c80} 'resumeWith' '(Ljava/lang/Object;)V' in 'kotlin/coroutines/jvm/internal/BaseContinuationImpl')}
  0x0000021fcb031d14: 1300 0048 | ba38 8fdc | 2420 0200 | 00ff 8218 | 0200 00e9 | 5002 0000 | 498b 87f8 | 0400 004d 
  0x0000021fcb031d34: 33d2 4d89 | 97f8 0400 | 004d 33d2 | 4d89 9700 

  0x0000021fcb031d44: ;   {metadata(method data for {method} {0x00000220234d4c80} 'resumeWith' '(Ljava/lang/Object;)V' in 'kotlin/coroutines/jvm/internal/BaseContinuationImpl')}
  0x0000021fcb031d44: 0500 0048 | ba38 8fdc | 2420 0200 | 0048 8382 | 3002 0000 

  0x0000021fcb031d58: ;   {metadata(method data for {method} {0x0000022023521030} 'createFailure' '(Ljava/lang/Throwable;)Ljava/lang/Object;' in 'kotlin/ResultKt')}
  0x0000021fcb031d58: 0148 ba28 | 94dc 2420 | 0200 008b | b2cc 0000 | 0083 c602 | 89b2 cc00 | 0000 81e6 | feff 1f00 
  0x0000021fcb031d78: 85f6 0f84 | fc12 0000 

  0x0000021fcb031d80: ;   {metadata(method data for {method} {0x0000022023521030} 'createFailure' '(Ljava/lang/Throwable;)Ljava/lang/Object;' in 'kotlin/ResultKt')}
  0x0000021fcb031d80: 48ba 2894 | dc24 2002 | 0000 4883 | 8210 0100 

  0x0000021fcb031d90: ;   {metadata(method data for {method} {0x0000022023415410} 'checkNotNullParameter' '(Ljava/lang/Object;Ljava/lang/String;)V' in 'kotlin/jvm/internal/Intrinsics')}
  0x0000021fcb031d90: 0001 48ba | b0c3 5b23 | 2002 0000 | 8bb2 cc00 | 0000 83c6 | 0289 b2cc | 0000 0081 | e6fe ff1f 
  0x0000021fcb031db0: 0085 f60f | 84e4 1200 | 0048 85c0 

  0x0000021fcb031dbc: ;   {metadata(method data for {method} {0x0000022023415410} 'checkNotNullParameter' '(Ljava/lang/Object;Ljava/lang/String;)V' in 'kotlin/jvm/internal/Intrinsics')}
  0x0000021fcb031dbc: 48ba b0c3 | 5b23 2002 | 0000 48c7 | c620 0100 | 0074 0748 | c7c6 1001 | 0000 488b | 3c32 488d 
  0x0000021fcb031ddc: 7f01 4889 | 3c32 0f84 | 0406 0000 

  0x0000021fcb031de8: ;   {metadata('kotlin/Result$Failure')}
  0x0000021fcb031de8: 48ba 48ea | 08e3 1f02 | 0000 488b | d849 8b87 | b801 0000 | 488d 7810 | 493b bfc8 | 0100 000f 
  0x0000021fcb031e08: 87b1 1200 | 0049 89bf | b801 0000 | 48c7 0001 | 0000 0048 | 8bca 49ba | 0000 00e2 | 1f02 0000 
  0x0000021fcb031e28: 492b ca89 | 4808 4833 | c989 480c | 4833 c948 

  0x0000021fcb031e38: ;   {metadata(method data for {method} {0x0000022023521030} 'createFailure' '(Ljava/lang/Throwable;)Ljava/lang/Object;' in 'kotlin/ResultKt')}
  0x0000021fcb031e38: 8bd0 48be | 2894 dc24 | 2002 0000 | 4883 8620 | 0100 0001 

  0x0000021fcb031e4c: ;   {metadata(method data for {method} {0x000002202350ee40} '<init>' '(Ljava/lang/Throwable;)V' in 'kotlin/Result$Failure')}
  0x0000021fcb031e4c: 48ba 9895 | dc24 2002 | 0000 8bb2 | cc00 0000 | 83c6 0289 | b2cc 0000 | 0081 e6fe | ff1f 0085 
  0x0000021fcb031e6c: f60f 8458 

  0x0000021fcb031e70: ;   {metadata(method data for {method} {0x000002202350ee40} '<init>' '(Ljava/lang/Throwable;)V' in 'kotlin/Result$Failure')}
  0x0000021fcb031e70: 1200 0048 | ba98 95dc | 2420 0200 | 0048 8382 | 1001 0000 

  0x0000021fcb031e84: ;   {metadata(method data for {method} {0x0000022023415410} 'checkNotNullParameter' '(Ljava/lang/Object;Ljava/lang/String;)V' in 'kotlin/jvm/internal/Intrinsics')}
  0x0000021fcb031e84: 0148 bab0 | c35b 2320 | 0200 008b | b2cc 0000 | 0083 c602 | 89b2 cc00 | 0000 81e6 | feff 1f00 
  0x0000021fcb031ea4: 85f6 0f84 | 4012 0000 

  0x0000021fcb031eac: ;   {metadata(method data for {method} {0x0000022023415410} 'checkNotNullParameter' '(Ljava/lang/Object;Ljava/lang/String;)V' in 'kotlin/jvm/internal/Intrinsics')}
  0x0000021fcb031eac: 4885 db48 | bab0 c35b | 2320 0200 | 0048 c7c6 | 2001 0000 | 7407 48c7 | c610 0100 | 0048 8b3c 
  0x0000021fcb031ecc: 3248 8d7f | 0148 893c | 320f 84ec | 0200 0048 

  0x0000021fcb031edc: ;   {metadata(method data for {method} {0x000002202350ee40} '<init>' '(Ljava/lang/Throwable;)V' in 'kotlin/Result$Failure')}
  0x0000021fcb031edc: 8bd0 48be | 9895 dc24 | 2002 0000 | 4883 8620 | 0100 0001 

  0x0000021fcb031ef0: ;   {metadata(method data for {method} {0x0000021fe2476650} '<init>' '()V' in 'java/lang/Object')}
  0x0000021fcb031ef0: 48ba 5068 | 0023 2002 | 0000 8bb2 | cc00 0000 | 83c6 0289 | b2cc 0000 | 0081 e6fe | ff1f 0085 
  0x0000021fcb031f10: f60f 84f6 | 1100 0041 | 0fbe 5740 | 85d2 0f85 | 0a12 0000 | 4c8b d349 | c1ea 0344 | 8950 0c48 
  0x0000021fcb031f30: 8bd0 4833 | d348 c1ea | 1548 83fa | 000f 850a 

  0x0000021fcb031f40: ;   {metadata(method data for {method} {0x00000220234d4c80} 'resumeWith' '(Ljava/lang/Object;)V' in 'kotlin/coroutines/jvm/internal/BaseContinuationImpl')}
  0x0000021fcb031f40: 1200 0048 | ba38 8fdc | 2420 0200 | 0048 8382 | 4002 0000 

  0x0000021fcb031f54: ;   {metadata(method data for {method} {0x000002202350cf08} 'constructor-impl' '(Ljava/lang/Object;)Ljava/lang/Object;' in 'kotlin/Result')}
  0x0000021fcb031f54: 0148 baa0 | 3cd8 2420 | 0200 008b | b2cc 0000 | 0083 c602 | 89b2 cc00 | 0000 81e6 | feff 1f00 
  0x0000021fcb031f74: 85f6 0f84 | e911 0000 | 4889 8424 | b800 0000 | 488b b424 | a800 0000 

  0x0000021fcb031f8c: ;   {metadata(method data for {method} {0x00000220234d4c80} 'resumeWith' '(Ljava/lang/Object;)V' in 'kotlin/coroutines/jvm/internal/BaseContinuationImpl')}
  0x0000021fcb031f8c: 48ba 388f | dc24 2002 | 0000 8b76 | 0849 ba00 | 0000 e21f | 0200 0049 | 03f2 483b | b260 0200 
  0x0000021fcb031fac: 0075 0d48 | 8382 6802 | 0000 01e9 | 6000 0000 | 483b b270 | 0200 0075 | 0d48 8382 | 7802 0000 
  0x0000021fcb031fcc: 01e9 4a00 | 0000 4883 | ba60 0200 | 0000 7517 | 4889 b260 | 0200 0048 | c782 6802 | 0000 0100 
  0x0000021fcb031fec: 0000 e929 | 0000 0048 | 83ba 7002 | 0000 0075 | 1748 89b2 | 7002 0000 | 48c7 8278 | 0200 0001 
  0x0000021fcb03200c: 0000 00e9 | 0800 0000 | 4883 8250 | 0200 0001 | 488b 9424 | a800 0000 | 9048 b8ff | ffff ffff 
  0x0000021fcb03202c: ;   {virtual_call}
  0x0000021fcb03202c: ffff ffe8 

  0x0000021fcb032030: ; ImmutableOopMap {[176]=Oop [184]=Oop }
                      ;*invokevirtual releaseIntercepted {reexecute=0 rethrow=0 return_oop=0}
                      ; - kotlin.coroutines.jvm.internal.BaseContinuationImpl::resumeWith@90 (line 40)
  0x0000021fcb032030: 4c2b 1807 

  0x0000021fcb032034: ;   {other}
  0x0000021fcb032034: 0f1f 8400 | 240c 0001 | 488b bc24 | b000 0000 | 4885 ff75 

  0x0000021fcb032048: ;   {metadata(method data for {method} {0x00000220234d4c80} 'resumeWith' '(Ljava/lang/Object;)V' in 'kotlin/coroutines/jvm/internal/BaseContinuationImpl')}
  0x0000021fcb032048: 1648 b838 | 8fdc 2420 | 0200 0080 | 8881 0200 | 0001 e9cd 

  0x0000021fcb03205c: ;   {metadata('kotlin/coroutines/jvm/internal/BaseContinuationImpl')}
  0x0000021fcb03205c: 0000 0048 | b918 3208 | e31f 0200 | 008b 4708 | 49ba 0000 | 00e2 1f02 | 0000 4903 | c248 3b48 
  0x0000021fcb03207c: 380f 858d 

  0x0000021fcb032080: ;   {metadata(method data for {method} {0x00000220234d4c80} 'resumeWith' '(Ljava/lang/Object;)V' in 'kotlin/coroutines/jvm/internal/BaseContinuationImpl')}
  0x0000021fcb032080: 0000 0048 | b838 8fdc | 2420 0200 | 008b 4f08 | 49ba 0000 | 00e2 1f02 | 0000 4903 | ca48 3b88 
  0x0000021fcb0320a0: 9802 0000 | 750d 4883 | 80a0 0200 | 0001 e97e | 0000 0048 | 3b88 a802 | 0000 750d | 4883 80b0 
  0x0000021fcb0320c0: 0200 0001 | e968 0000 | 0048 83b8 | 9802 0000 | 0075 1748 | 8988 9802 | 0000 48c7 | 80a0 0200 
  0x0000021fcb0320e0: 0001 0000 | 00e9 4700 | 0000 4883 | b8a8 0200 | 0000 7517 | 4889 88a8 | 0200 0048 | c780 b002 
  0x0000021fcb032100: 0000 0100 | 0000 e926 | 0000 00e9 | 2100 0000 

  0x0000021fcb032110: ;   {metadata(method data for {method} {0x00000220234d4c80} 'resumeWith' '(Ljava/lang/Object;)V' in 'kotlin/coroutines/jvm/internal/BaseContinuationImpl')}
  0x0000021fcb032110: 48b8 388f | dc24 2002 | 0000 4883 | a888 0200 | 0001 e905 | 0000 00e9 | 0500 0000 | 4833 d2eb 
  0x0000021fcb032130: 0748 c7c2 | 0100 0000 

  0x0000021fcb032138: ;   {metadata(method data for {method} {0x00000220234d4c80} 'resumeWith' '(Ljava/lang/Object;)V' in 'kotlin/coroutines/jvm/internal/BaseContinuationImpl')}
  0x0000021fcb032138: 85d2 48ba | 388f dc24 | 2002 0000 | 48c7 c6c0 | 0200 0074 | 0748 c7c6 | d002 0000 | 488b 0432 
  0x0000021fcb032158: 488d 4001 | 4889 0432 | 0f84 b608 

  0x0000021fcb032164: ;   {metadata(method data for {method} {0x00000220234d4c80} 'resumeWith' '(Ljava/lang/Object;)V' in 'kotlin/coroutines/jvm/internal/BaseContinuationImpl')}
  0x0000021fcb032164: 0000 48ba | 388f dc24 | 2002 0000 | ff82 e002 

  0x0000021fcb032174: ;   {metadata(method data for {method} {0x00000220234d4c80} 'resumeWith' '(Ljava/lang/Object;)V' in 'kotlin/coroutines/jvm/internal/BaseContinuationImpl')}
  0x0000021fcb032174: 0000 48ba | 388f dc24 | 2002 0000 | 8bb2 d000 | 0000 83c6 | 0289 b2d0 | 0000 0081 | e6fe 3f00 
  0x0000021fcb032194: 0085 f60f | 84e9 0f00 | 004d 8b97 

  0x0000021fcb0321a0: ; ImmutableOopMap {rdi=Oop [176]=Oop [184]=Oop }
                      ;*goto {reexecute=1 rethrow=0 return_oop=0}
                      ; - (reexecute) kotlin.coroutines.jvm.internal.BaseContinuationImpl::resumeWith@121 (line 30)
  0x0000021fcb0321a0: 5004 0000 

  0x0000021fcb0321a4: ;   {poll}
  0x0000021fcb0321a4: 4185 0248 | ba38 8fdc | 2420 0200 | 00ff 8230 | 0300 004c | 8b84 24b8 | 0000 0048 | 8bd7 e9e1 
  0x0000021fcb0321c4: f6ff ff48 | 8984 24c8 | 0000 0048 | 899c 24d0 

  0x0000021fcb0321d4: ;   {metadata(method data for {method} {0x0000022023415410} 'checkNotNullParameter' '(Ljava/lang/Object;Ljava/lang/String;)V' in 'kotlin/jvm/internal/Intrinsics')}
  0x0000021fcb0321d4: 0000 0048 | bab0 c35b | 2320 0200 | 0048 8382 | 3001 0000 

  0x0000021fcb0321e8: ;   {metadata(method data for {method} {0x0000022023415590} 'throwParameterIsNullNPE' '(Ljava/lang/String;)V' in 'kotlin/jvm/internal/Intrinsics')}
  0x0000021fcb0321e8: 0148 ba38 | c55b 2320 | 0200 008b | b2cc 0000 | 0083 c602 | 89b2 cc00 | 0000 81e6 | feff 1f00 
  0x0000021fcb032208: 85f6 0f84 | 970f 0000 

  0x0000021fcb032210: ;   {no_reloc}
  0x0000021fcb032210: e9c2 0f00 | 0000 0000 | 0000 498b | 87b8 0100 | 0048 8d78 | 3049 3bbf | c801 0000 | 0f87 af0f 
  0x0000021fcb032230: 0000 4989 | bfb8 0100 | 0048 c700 | 0100 0000 | 488b ca49 | ba00 0000 | e21f 0200 | 0049 2bca 
  0x0000021fcb032250: 8948 0848 | 33c9 8948 | 0c48 33c9 | 4889 4810 | 4889 4818 | 4889 4820 | 4889 4828 

  0x0000021fcb03226c: ;   {metadata(method data for {method} {0x0000022023415590} 'throwParameterIsNullNPE' '(Ljava/lang/String;)V' in 'kotlin/jvm/internal/Intrinsics')}
  0x0000021fcb03226c: 48ba 38c5 | 5b23 2002 | 0000 4883 | 8210 0100 

  0x0000021fcb03227c: ;   {oop("exception"{0x00000007019d7bc0})}
  0x0000021fcb03227c: 0001 48ba | c07b 9d01 | 0700 0000 | 4889 8424 | c000 0000 | 0f1f 8000 

  0x0000021fcb032294: ;   {static_call}
  0x0000021fcb032294: 0000 00e8 

  0x0000021fcb032298: ; ImmutableOopMap {[168]=Oop [176]=Oop [192]=Oop [200]=Oop [208]=Oop }
                      ;*invokestatic createParameterIsNullExceptionMessage {reexecute=0 rethrow=0 return_oop=0}
                      ; - kotlin.jvm.internal.Intrinsics::throwParameterIsNullNPE@5 (line 140)
                      ; - kotlin.jvm.internal.Intrinsics::checkNotNullParameter@5 (line 131)
                      ; - kotlin.Result$Failure::<init>@3
                      ; - kotlin.ResultKt::createFailure@11 (line 122)
                      ; - kotlin.coroutines.jvm.internal.BaseContinuationImpl::resumeWith@76 (line 38)
  0x0000021fcb032298: e4cd 0b07 

  0x0000021fcb03229c: ;   {other}
  0x0000021fcb03229c: 0f1f 8400 | 8c0e 0003 | 4c8b 8424 | c000 0000 

  0x0000021fcb0322ac: ;   {metadata(method data for {method} {0x0000022023415590} 'throwParameterIsNullNPE' '(Ljava/lang/String;)V' in 'kotlin/jvm/internal/Intrinsics')}
  0x0000021fcb0322ac: 48ba 38c5 | 5b23 2002 | 0000 4883 | 8220 0100 | 0001 4c8b | c048 8b94 | 24c0 0000 | 0066 0f1f 
  0x0000021fcb0322cc: ;   {optimized virtual_call}
  0x0000021fcb0322cc: 4400 00e8 

  0x0000021fcb0322d0: ; ImmutableOopMap {[168]=Oop [176]=Oop [192]=Oop [200]=Oop [208]=Oop }
                      ;*invokespecial <init> {reexecute=0 rethrow=0 return_oop=0}
                      ; - kotlin.jvm.internal.Intrinsics::throwParameterIsNullNPE@8 (line 140)
                      ; - kotlin.jvm.internal.Intrinsics::checkNotNullParameter@5 (line 131)
                      ; - kotlin.Result$Failure::<init>@3
                      ; - kotlin.ResultKt::createFailure@11 (line 122)
                      ; - kotlin.coroutines.jvm.internal.BaseContinuationImpl::resumeWith@76 (line 38)
  0x0000021fcb0322d0: acc7 0b07 

  0x0000021fcb0322d4: ;   {other}
  0x0000021fcb0322d4: 0f1f 8400 | c40e 0004 

  0x0000021fcb0322dc: ;   {metadata(method data for {method} {0x0000022023415590} 'throwParameterIsNullNPE' '(Ljava/lang/String;)V' in 'kotlin/jvm/internal/Intrinsics')}
  0x0000021fcb0322dc: 48ba 38c5 | 5b23 2002 | 0000 4883 | 8230 0100 

  0x0000021fcb0322ec: ;   {metadata(method data for {method} {0x00000220234164f8} 'sanitizeStackTrace' '(Ljava/lang/Throwable;)Ljava/lang/Throwable;' in 'kotlin/jvm/internal/Intrinsics')}
  0x0000021fcb0322ec: 0001 48ba | 18cc 5b23 | 2002 0000 | 8bb2 cc00 | 0000 83c6 | 0289 b2cc | 0000 0081 | e6fe ff1f 
  0x0000021fcb03230c: 0085 f60f | 84d9 0e00 

  0x0000021fcb032314: ;   {oop(a 'java/lang/Class'{0x0000000701a53348} = 'kotlin/jvm/internal/Intrinsics')}
  0x0000021fcb032314: 0048 ba48 | 33a5 0107 | 0000 0048 

  0x0000021fcb032320: ;   {metadata(method data for {method} {0x00000220234164f8} 'sanitizeStackTrace' '(Ljava/lang/Throwable;)Ljava/lang/Throwable;' in 'kotlin/jvm/internal/Intrinsics')}
  0x0000021fcb032320: 8bf2 48bf | 18cc 5b23 | 2002 0000 | 4883 8710 | 0100 0001 

  0x0000021fcb032334: ;   {metadata(method data for {method} {0x0000021fe246b368} 'getName' '()Ljava/lang/String;' in 'java/lang/Class')}
  0x0000021fcb032334: 48be 907d | 0323 2002 | 0000 8bbe | cc00 0000 | 83c7 0289 | becc 0000 | 0081 e7fe | ff1f 0085 
  0x0000021fcb032354: ff0f 84b4 | 0e00 008b | 522c 48c1 | e203 4885 

  0x0000021fcb032364: ;   {metadata(method data for {method} {0x0000021fe246b368} 'getName' '()Ljava/lang/String;' in 'java/lang/Class')}
  0x0000021fcb032364: d248 be90 | 7d03 2320 | 0200 0048 | c7c7 1001 | 0000 7407 | 48c7 c720 | 0100 0048 | 8b1c 3e48 
  0x0000021fcb032384: 8d5b 0148 | 891c 3e0f | 8418 0000 

  0x0000021fcb032390: ;   {metadata(method data for {method} {0x0000021fe246b368} 'getName' '()Ljava/lang/String;' in 'java/lang/Class')}
  0x0000021fcb032390: 0048 be90 | 7d03 2320 | 0200 00ff | 8630 0100 | 0048 8bf2 | e936 0000 

  0x0000021fcb0323a8: ;   {oop(a 'java/lang/Class'{0x0000000701a53348} = 'kotlin/jvm/internal/Intrinsics')}
  0x0000021fcb0323a8: 0048 ba48 | 33a5 0107 | 0000 0048 

  0x0000021fcb0323b4: ;   {metadata(method data for {method} {0x0000021fe246b368} 'getName' '()Ljava/lang/String;' in 'java/lang/Class')}
  0x0000021fcb0323b4: 8bf2 48bf | 907d 0323 | 2002 0000 | 4883 8748 | 0100 0001 | 0f1f 8000 

  0x0000021fcb0323cc: ;   {optimized virtual_call}
  0x0000021fcb0323cc: 0000 00e8 

  0x0000021fcb0323d0: ; ImmutableOopMap {[168]=Oop [176]=Oop [192]=Oop [200]=Oop [208]=Oop }
                      ;*invokevirtual initClassName {reexecute=0 rethrow=0 return_oop=0}
                      ; - java.lang.Class::getName@14 (line 950)
                      ; - kotlin.jvm.internal.Intrinsics::sanitizeStackTrace@3 (line 253)
                      ; - kotlin.jvm.internal.Intrinsics::throwParameterIsNullNPE@11 (line 140)
                      ; - kotlin.jvm.internal.Intrinsics::checkNotNullParameter@5 (line 131)
                      ; - kotlin.Result$Failure::<init>@3
                      ; - kotlin.ResultKt::createFailure@11 (line 122)
                      ; - kotlin.coroutines.jvm.internal.BaseContinuationImpl::resumeWith@76 (line 38)
  0x0000021fcb0323d0: acc6 0b07 

  0x0000021fcb0323d4: ;   {other}
  0x0000021fcb0323d4: 0f1f 8400 | c40f 0005 | 488b f048 | 8b84 24c0 | 0000 00e9 | 7a0a 0000 | 4889 8424 | d000 0000 
  0x0000021fcb0323f4: ;   {metadata(method data for {method} {0x0000022023415410} 'checkNotNullParameter' '(Ljava/lang/Object;Ljava/lang/String;)V' in 'kotlin/jvm/internal/Intrinsics')}
  0x0000021fcb0323f4: 48ba b0c3 | 5b23 2002 | 0000 4883 | 8230 0100 

  0x0000021fcb032404: ;   {metadata(method data for {method} {0x0000022023415590} 'throwParameterIsNullNPE' '(Ljava/lang/String;)V' in 'kotlin/jvm/internal/Intrinsics')}
  0x0000021fcb032404: 0001 48ba | 38c5 5b23 | 2002 0000 | 8bb2 cc00 | 0000 83c6 | 0289 b2cc | 0000 0081 | e6fe ff1f 
  0x0000021fcb032424: 0085 f60f | 8408 0e00 | 0066 6690 

  0x0000021fcb032430: ;   {no_reloc}
  0x0000021fcb032430: e930 0e00 | 0000 0000 | 0000 498b | 87b8 0100 | 0048 8d78 | 3049 3bbf | c801 0000 | 0f87 1d0e 
  0x0000021fcb032450: 0000 4989 | bfb8 0100 | 0048 c700 | 0100 0000 | 488b ca49 | ba00 0000 | e21f 0200 | 0049 2bca 
  0x0000021fcb032470: 8948 0848 | 33c9 8948 | 0c48 33c9 | 4889 4810 | 4889 4818 | 4889 4820 | 4889 4828 

  0x0000021fcb03248c: ;   {metadata(method data for {method} {0x0000022023415590} 'throwParameterIsNullNPE' '(Ljava/lang/String;)V' in 'kotlin/jvm/internal/Intrinsics')}
  0x0000021fcb03248c: 48ba 38c5 | 5b23 2002 | 0000 4883 | 8210 0100 

  0x0000021fcb03249c: ;   {oop("exception"{0x00000007019d7bc0})}
  0x0000021fcb03249c: 0001 48ba | c07b 9d01 | 0700 0000 | 4889 8424 | d800 0000 | 0f1f 8000 

  0x0000021fcb0324b4: ;   {static_call}
  0x0000021fcb0324b4: 0000 00e8 

  0x0000021fcb0324b8: ; ImmutableOopMap {[168]=Oop [176]=Oop [208]=Oop [216]=Oop }
                      ;*invokestatic createParameterIsNullExceptionMessage {reexecute=0 rethrow=0 return_oop=0}
                      ; - kotlin.jvm.internal.Intrinsics::throwParameterIsNullNPE@5 (line 140)
                      ; - kotlin.jvm.internal.Intrinsics::checkNotNullParameter@5 (line 131)
                      ; - kotlin.ResultKt::createFailure@3
                      ; - kotlin.coroutines.jvm.internal.BaseContinuationImpl::resumeWith@76 (line 38)
  0x0000021fcb0324b8: c4cb 0b07 

  0x0000021fcb0324bc: ;   {other}
  0x0000021fcb0324bc: 0f1f 8400 | ac10 0006 | 4c8b 8424 | d800 0000 

  0x0000021fcb0324cc: ;   {metadata(method data for {method} {0x0000022023415590} 'throwParameterIsNullNPE' '(Ljava/lang/String;)V' in 'kotlin/jvm/internal/Intrinsics')}
  0x0000021fcb0324cc: 48ba 38c5 | 5b23 2002 | 0000 4883 | 8220 0100 | 0001 4c8b | c048 8b94 | 24d8 0000 | 0066 0f1f 
  0x0000021fcb0324ec: ;   {optimized virtual_call}
  0x0000021fcb0324ec: 4400 00e8 

  0x0000021fcb0324f0: ; ImmutableOopMap {[168]=Oop [176]=Oop [208]=Oop [216]=Oop }
                      ;*invokespecial <init> {reexecute=0 rethrow=0 return_oop=0}
                      ; - kotlin.jvm.internal.Intrinsics::throwParameterIsNullNPE@8 (line 140)
                      ; - kotlin.jvm.internal.Intrinsics::checkNotNullParameter@5 (line 131)
                      ; - kotlin.ResultKt::createFailure@3
                      ; - kotlin.coroutines.jvm.internal.BaseContinuationImpl::resumeWith@76 (line 38)
  0x0000021fcb0324f0: 8cc5 0b07 

  0x0000021fcb0324f4: ;   {other}
  0x0000021fcb0324f4: 0f1f 8400 | e410 0007 

  0x0000021fcb0324fc: ;   {metadata(method data for {method} {0x0000022023415590} 'throwParameterIsNullNPE' '(Ljava/lang/String;)V' in 'kotlin/jvm/internal/Intrinsics')}
  0x0000021fcb0324fc: 48ba 38c5 | 5b23 2002 | 0000 4883 | 8230 0100 

  0x0000021fcb03250c: ;   {metadata(method data for {method} {0x00000220234164f8} 'sanitizeStackTrace' '(Ljava/lang/Throwable;)Ljava/lang/Throwable;' in 'kotlin/jvm/internal/Intrinsics')}
  0x0000021fcb03250c: 0001 48ba | 18cc 5b23 | 2002 0000 | 8bb2 cc00 | 0000 83c6 | 0289 b2cc | 0000 0081 | e6fe ff1f 
  0x0000021fcb03252c: 0085 f60f | 8447 0d00 

  0x0000021fcb032534: ;   {oop(a 'java/lang/Class'{0x0000000701a53348} = 'kotlin/jvm/internal/Intrinsics')}
  0x0000021fcb032534: 0048 ba48 | 33a5 0107 | 0000 0048 

  0x0000021fcb032540: ;   {metadata(method data for {method} {0x00000220234164f8} 'sanitizeStackTrace' '(Ljava/lang/Throwable;)Ljava/lang/Throwable;' in 'kotlin/jvm/internal/Intrinsics')}
  0x0000021fcb032540: 8bf2 48bf | 18cc 5b23 | 2002 0000 | 4883 8710 | 0100 0001 

  0x0000021fcb032554: ;   {metadata(method data for {method} {0x0000021fe246b368} 'getName' '()Ljava/lang/String;' in 'java/lang/Class')}
  0x0000021fcb032554: 48be 907d | 0323 2002 | 0000 8bbe | cc00 0000 | 83c7 0289 | becc 0000 | 0081 e7fe | ff1f 0085 
  0x0000021fcb032574: ff0f 8422 | 0d00 008b | 522c 48c1 | e203 4885 

  0x0000021fcb032584: ;   {metadata(method data for {method} {0x0000021fe246b368} 'getName' '()Ljava/lang/String;' in 'java/lang/Class')}
  0x0000021fcb032584: d248 be90 | 7d03 2320 | 0200 0048 | c7c7 1001 | 0000 7407 | 48c7 c720 | 0100 0048 | 8b1c 3e48 
  0x0000021fcb0325a4: 8d5b 0148 | 891c 3e0f | 8418 0000 

  0x0000021fcb0325b0: ;   {metadata(method data for {method} {0x0000021fe246b368} 'getName' '()Ljava/lang/String;' in 'java/lang/Class')}
  0x0000021fcb0325b0: 0048 be90 | 7d03 2320 | 0200 00ff | 8630 0100 | 0048 8bf2 | e936 0000 

  0x0000021fcb0325c8: ;   {oop(a 'java/lang/Class'{0x0000000701a53348} = 'kotlin/jvm/internal/Intrinsics')}
  0x0000021fcb0325c8: 0048 ba48 | 33a5 0107 | 0000 0048 

  0x0000021fcb0325d4: ;   {metadata(method data for {method} {0x0000021fe246b368} 'getName' '()Ljava/lang/String;' in 'java/lang/Class')}
  0x0000021fcb0325d4: 8bf2 48bf | 907d 0323 | 2002 0000 | 4883 8748 | 0100 0001 | 0f1f 8000 

  0x0000021fcb0325ec: ;   {optimized virtual_call}
  0x0000021fcb0325ec: 0000 00e8 

  0x0000021fcb0325f0: ; ImmutableOopMap {[168]=Oop [176]=Oop [208]=Oop [216]=Oop }
                      ;*invokevirtual initClassName {reexecute=0 rethrow=0 return_oop=0}
                      ; - java.lang.Class::getName@14 (line 950)
                      ; - kotlin.jvm.internal.Intrinsics::sanitizeStackTrace@3 (line 253)
                      ; - kotlin.jvm.internal.Intrinsics::throwParameterIsNullNPE@11 (line 140)
                      ; - kotlin.jvm.internal.Intrinsics::checkNotNullParameter@5 (line 131)
                      ; - kotlin.ResultKt::createFailure@3
                      ; - kotlin.coroutines.jvm.internal.BaseContinuationImpl::resumeWith@76 (line 38)
  0x0000021fcb0325f0: 8cc4 0b07 

  0x0000021fcb0325f4: ;   {other}
  0x0000021fcb0325f4: 0f1f 8400 | e411 0008 | 488b f048 | 8b84 24d8 | 0000 00e9 | 4007 0000 | 4889 b424 | a800 0000 
  0x0000021fcb032614: 4c89 8424 | e800 0000 

  0x0000021fcb03261c: ;   {metadata(method data for {method} {0x00000220234143c8} 'checkNotNull' '(Ljava/lang/Object;)V' in 'kotlin/jvm/internal/Intrinsics')}
  0x0000021fcb03261c: 48ba 9021 | 3524 2002 | 0000 4883 | 8230 0100 

  0x0000021fcb03262c: ;   {metadata(method data for {method} {0x00000220234146b0} 'throwJavaNpe' '()V' in 'kotlin/jvm/internal/Intrinsics')}
  0x0000021fcb03262c: 0001 48ba | 1023 3524 | 2002 0000 | 8bb2 cc00 | 0000 83c6 | 0289 b2cc | 0000 0081 | e6fe ff1f 
  0x0000021fcb03264c: 0085 f60f | 846e 0c00 | 0066 6690 

  0x0000021fcb032658: ;   {no_reloc}
  0x0000021fcb032658: e996 0c00 | 0000 0000 | 0000 498b | 87b8 0100 | 0048 8d78 | 3049 3bbf | c801 0000 | 0f87 830c 
  0x0000021fcb032678: 0000 4989 | bfb8 0100 | 0048 c700 | 0100 0000 | 488b ca49 | ba00 0000 | e21f 0200 | 0049 2bca 
  0x0000021fcb032698: 8948 0848 | 33c9 8948 | 0c48 33c9 | 4889 4810 | 4889 4818 | 4889 4820 | 4889 4828 

  0x0000021fcb0326b4: ;   {metadata(method data for {method} {0x00000220234146b0} 'throwJavaNpe' '()V' in 'kotlin/jvm/internal/Intrinsics')}
  0x0000021fcb0326b4: 488b d048 | be10 2335 | 2420 0200 | 0048 8386 | 1001 0000 | 0148 8bd0 | 4889 8424 | e000 0000 
  0x0000021fcb0326d4: ;   {optimized virtual_call}
  0x0000021fcb0326d4: 6666 90e8 

  0x0000021fcb0326d8: ; ImmutableOopMap {[168]=Oop [176]=Oop [224]=Oop [232]=Oop }
                      ;*invokespecial <init> {reexecute=0 rethrow=0 return_oop=0}
                      ; - kotlin.jvm.internal.Intrinsics::throwJavaNpe@4 (line 45)
                      ; - kotlin.jvm.internal.Intrinsics::checkNotNull@4 (line 25)
                      ; - kotlin.coroutines.jvm.internal.BaseContinuationImpl::resumeWith@31 (line 31)
  0x0000021fcb0326d8: a4c3 0b07 

  0x0000021fcb0326dc: ;   {other}
  0x0000021fcb0326dc: 0f1f 8400 | cc12 0009 

  0x0000021fcb0326e4: ;   {metadata(method data for {method} {0x00000220234146b0} 'throwJavaNpe' '()V' in 'kotlin/jvm/internal/Intrinsics')}
  0x0000021fcb0326e4: 48ba 1023 | 3524 2002 | 0000 4883 | 8220 0100 

  0x0000021fcb0326f4: ;   {metadata(method data for {method} {0x00000220234164f8} 'sanitizeStackTrace' '(Ljava/lang/Throwable;)Ljava/lang/Throwable;' in 'kotlin/jvm/internal/Intrinsics')}
  0x0000021fcb0326f4: 0001 48ba | 18cc 5b23 | 2002 0000 | 8bb2 cc00 | 0000 83c6 | 0289 b2cc | 0000 0081 | e6fe ff1f 
  0x0000021fcb032714: 0085 f60f | 84ed 0b00 

  0x0000021fcb03271c: ;   {oop(a 'java/lang/Class'{0x0000000701a53348} = 'kotlin/jvm/internal/Intrinsics')}
  0x0000021fcb03271c: 0048 ba48 | 33a5 0107 | 0000 0048 

  0x0000021fcb032728: ;   {metadata(method data for {method} {0x00000220234164f8} 'sanitizeStackTrace' '(Ljava/lang/Throwable;)Ljava/lang/Throwable;' in 'kotlin/jvm/internal/Intrinsics')}
  0x0000021fcb032728: 8bf2 48bf | 18cc 5b23 | 2002 0000 | 4883 8710 | 0100 0001 

  0x0000021fcb03273c: ;   {metadata(method data for {method} {0x0000021fe246b368} 'getName' '()Ljava/lang/String;' in 'java/lang/Class')}
  0x0000021fcb03273c: 48be 907d | 0323 2002 | 0000 8bbe | cc00 0000 | 83c7 0289 | becc 0000 | 0081 e7fe | ff1f 0085 
  0x0000021fcb03275c: ff0f 84c8 | 0b00 008b | 522c 48c1 | e203 4885 

  0x0000021fcb03276c: ;   {metadata(method data for {method} {0x0000021fe246b368} 'getName' '()Ljava/lang/String;' in 'java/lang/Class')}
  0x0000021fcb03276c: d248 be90 | 7d03 2320 | 0200 0048 | c7c7 1001 | 0000 7407 | 48c7 c720 | 0100 0048 | 8b1c 3e48 
  0x0000021fcb03278c: 8d5b 0148 | 891c 3e0f | 8418 0000 

  0x0000021fcb032798: ;   {metadata(method data for {method} {0x0000021fe246b368} 'getName' '()Ljava/lang/String;' in 'java/lang/Class')}
  0x0000021fcb032798: 0048 be90 | 7d03 2320 | 0200 00ff | 8630 0100 | 0048 8bf2 | e936 0000 

  0x0000021fcb0327b0: ;   {oop(a 'java/lang/Class'{0x0000000701a53348} = 'kotlin/jvm/internal/Intrinsics')}
  0x0000021fcb0327b0: 0048 ba48 | 33a5 0107 | 0000 0048 

  0x0000021fcb0327bc: ;   {metadata(method data for {method} {0x0000021fe246b368} 'getName' '()Ljava/lang/String;' in 'java/lang/Class')}
  0x0000021fcb0327bc: 8bf2 48bf | 907d 0323 | 2002 0000 | 4883 8748 | 0100 0001 | 0f1f 8000 

  0x0000021fcb0327d4: ;   {optimized virtual_call}
  0x0000021fcb0327d4: 0000 00e8 

  0x0000021fcb0327d8: ; ImmutableOopMap {[168]=Oop [176]=Oop [224]=Oop [232]=Oop }
                      ;*invokevirtual initClassName {reexecute=0 rethrow=0 return_oop=0}
                      ; - java.lang.Class::getName@14 (line 950)
                      ; - kotlin.jvm.internal.Intrinsics::sanitizeStackTrace@3 (line 253)
                      ; - kotlin.jvm.internal.Intrinsics::throwJavaNpe@7 (line 45)
                      ; - kotlin.jvm.internal.Intrinsics::checkNotNull@4 (line 25)
                      ; - kotlin.coroutines.jvm.internal.BaseContinuationImpl::resumeWith@31 (line 31)
  0x0000021fcb0327d8: a4c2 0b07 

  0x0000021fcb0327dc: ;   {other}
  0x0000021fcb0327dc: 0f1f 8400 | cc13 000a | 488b f048 | 8b84 24e0 | 0000 00e9 | 3804 0000 | 4c89 8424 | e800 0000 
  0x0000021fcb0327fc: 4889 9424 | f800 0000 

  0x0000021fcb032804: ;   {metadata(method data for {method} {0x0000022023415410} 'checkNotNullParameter' '(Ljava/lang/Object;Ljava/lang/String;)V' in 'kotlin/jvm/internal/Intrinsics')}
  0x0000021fcb032804: 48be b0c3 | 5b23 2002 | 0000 4883 | 8630 0100 

  0x0000021fcb032814: ;   {metadata(method data for {method} {0x0000022023415590} 'throwParameterIsNullNPE' '(Ljava/lang/String;)V' in 'kotlin/jvm/internal/Intrinsics')}
  0x0000021fcb032814: 0001 48be | 38c5 5b23 | 2002 0000 | 8bbe cc00 | 0000 83c7 | 0289 becc | 0000 0081 | e7fe ff1f 
  0x0000021fcb032834: 0085 ff0f | 8414 0b00 | 0066 6690 

  0x0000021fcb032840: ;   {no_reloc}
  0x0000021fcb032840: e93c 0b00 | 0000 0000 | 0000 498b | 87b8 0100 | 0048 8d78 | 3049 3bbf | c801 0000 | 0f87 290b 
  0x0000021fcb032860: 0000 4989 | bfb8 0100 | 0048 c700 | 0100 0000 | 488b ca49 | ba00 0000 | e21f 0200 | 0049 2bca 
  0x0000021fcb032880: 8948 0848 | 33c9 8948 | 0c48 33c9 | 4889 4810 | 4889 4818 | 4889 4820 | 4889 4828 

  0x0000021fcb03289c: ;   {metadata(method data for {method} {0x0000022023415590} 'throwParameterIsNullNPE' '(Ljava/lang/String;)V' in 'kotlin/jvm/internal/Intrinsics')}
  0x0000021fcb03289c: 48ba 38c5 | 5b23 2002 | 0000 4883 | 8210 0100 

  0x0000021fcb0328ac: ;   {oop("frame"{0x00000007fffed3e0})}
  0x0000021fcb0328ac: 0001 48ba | e0d3 feff | 0700 0000 | 4889 8424 | f000 0000 | 0f1f 8000 

  0x0000021fcb0328c4: ;   {static_call}
  0x0000021fcb0328c4: 0000 00e8 

  0x0000021fcb0328c8: ; ImmutableOopMap {[232]=Oop [240]=Oop [248]=Oop }
                      ;*invokestatic createParameterIsNullExceptionMessage {reexecute=0 rethrow=0 return_oop=0}
                      ; - kotlin.jvm.internal.Intrinsics::throwParameterIsNullNPE@5 (line 140)
                      ; - kotlin.jvm.internal.Intrinsics::checkNotNullParameter@5 (line 131)
                      ; - kotlin.coroutines.jvm.internal.DebugProbesKt::probeCoroutineResumed@3
                      ; - kotlin.coroutines.jvm.internal.BaseContinuationImpl::resumeWith@13 (line 29)
  0x0000021fcb0328c8: b4c7 0b07 

  0x0000021fcb0328cc: ;   {other}
  0x0000021fcb0328cc: 0f1f 8400 | bc14 000b | 4c8b 8424 | f000 0000 

  0x0000021fcb0328dc: ;   {metadata(method data for {method} {0x0000022023415590} 'throwParameterIsNullNPE' '(Ljava/lang/String;)V' in 'kotlin/jvm/internal/Intrinsics')}
  0x0000021fcb0328dc: 48ba 38c5 | 5b23 2002 | 0000 4883 | 8220 0100 | 0001 4c8b | c048 8b94 | 24f0 0000 | 0066 0f1f 
  0x0000021fcb0328fc: ;   {optimized virtual_call}
  0x0000021fcb0328fc: 4400 00e8 

  0x0000021fcb032900: ; ImmutableOopMap {[232]=Oop [240]=Oop [248]=Oop }
                      ;*invokespecial <init> {reexecute=0 rethrow=0 return_oop=0}
                      ; - kotlin.jvm.internal.Intrinsics::throwParameterIsNullNPE@8 (line 140)
                      ; - kotlin.jvm.internal.Intrinsics::checkNotNullParameter@5 (line 131)
                      ; - kotlin.coroutines.jvm.internal.DebugProbesKt::probeCoroutineResumed@3
                      ; - kotlin.coroutines.jvm.internal.BaseContinuationImpl::resumeWith@13 (line 29)
  0x0000021fcb032900: 7cc1 0b07 

  0x0000021fcb032904: ;   {other}
  0x0000021fcb032904: 0f1f 8400 | f414 000c 

  0x0000021fcb03290c: ;   {metadata(method data for {method} {0x0000022023415590} 'throwParameterIsNullNPE' '(Ljava/lang/String;)V' in 'kotlin/jvm/internal/Intrinsics')}
  0x0000021fcb03290c: 48ba 38c5 | 5b23 2002 | 0000 4883 | 8230 0100 

  0x0000021fcb03291c: ;   {metadata(method data for {method} {0x00000220234164f8} 'sanitizeStackTrace' '(Ljava/lang/Throwable;)Ljava/lang/Throwable;' in 'kotlin/jvm/internal/Intrinsics')}
  0x0000021fcb03291c: 0001 48ba | 18cc 5b23 | 2002 0000 | 8bb2 cc00 | 0000 83c6 | 0289 b2cc | 0000 0081 | e6fe ff1f 
  0x0000021fcb03293c: 0085 f60f | 8453 0a00 

  0x0000021fcb032944: ;   {oop(a 'java/lang/Class'{0x0000000701a53348} = 'kotlin/jvm/internal/Intrinsics')}
  0x0000021fcb032944: 0048 ba48 | 33a5 0107 | 0000 0048 

  0x0000021fcb032950: ;   {metadata(method data for {method} {0x00000220234164f8} 'sanitizeStackTrace' '(Ljava/lang/Throwable;)Ljava/lang/Throwable;' in 'kotlin/jvm/internal/Intrinsics')}
  0x0000021fcb032950: 8bf2 48bf | 18cc 5b23 | 2002 0000 | 4883 8710 | 0100 0001 

  0x0000021fcb032964: ;   {metadata(method data for {method} {0x0000021fe246b368} 'getName' '()Ljava/lang/String;' in 'java/lang/Class')}
  0x0000021fcb032964: 48be 907d | 0323 2002 | 0000 8bbe | cc00 0000 | 83c7 0289 | becc 0000 | 0081 e7fe | ff1f 0085 
  0x0000021fcb032984: ff0f 842e | 0a00 008b | 522c 48c1 | e203 4885 

  0x0000021fcb032994: ;   {metadata(method data for {method} {0x0000021fe246b368} 'getName' '()Ljava/lang/String;' in 'java/lang/Class')}
  0x0000021fcb032994: d248 be90 | 7d03 2320 | 0200 0048 | c7c7 1001 | 0000 7407 | 48c7 c720 | 0100 0048 | 8b1c 3e48 
  0x0000021fcb0329b4: 8d5b 0148 | 891c 3e0f | 8418 0000 

  0x0000021fcb0329c0: ;   {metadata(method data for {method} {0x0000021fe246b368} 'getName' '()Ljava/lang/String;' in 'java/lang/Class')}
  0x0000021fcb0329c0: 0048 be90 | 7d03 2320 | 0200 00ff | 8630 0100 | 0048 8bf2 | e936 0000 

  0x0000021fcb0329d8: ;   {oop(a 'java/lang/Class'{0x0000000701a53348} = 'kotlin/jvm/internal/Intrinsics')}
  0x0000021fcb0329d8: 0048 ba48 | 33a5 0107 | 0000 0048 

  0x0000021fcb0329e4: ;   {metadata(method data for {method} {0x0000021fe246b368} 'getName' '()Ljava/lang/String;' in 'java/lang/Class')}
  0x0000021fcb0329e4: 8bf2 48bf | 907d 0323 | 2002 0000 | 4883 8748 | 0100 0001 | 0f1f 8000 

  0x0000021fcb0329fc: ;   {optimized virtual_call}
  0x0000021fcb0329fc: 0000 00e8 

  0x0000021fcb032a00: ; ImmutableOopMap {[232]=Oop [240]=Oop [248]=Oop }
                      ;*invokevirtual initClassName {reexecute=0 rethrow=0 return_oop=0}
                      ; - java.lang.Class::getName@14 (line 950)
                      ; - kotlin.jvm.internal.Intrinsics::sanitizeStackTrace@3 (line 253)
                      ; - kotlin.jvm.internal.Intrinsics::throwParameterIsNullNPE@11 (line 140)
                      ; - kotlin.jvm.internal.Intrinsics::checkNotNullParameter@5 (line 131)
                      ; - kotlin.coroutines.jvm.internal.DebugProbesKt::probeCoroutineResumed@3
                      ; - kotlin.coroutines.jvm.internal.BaseContinuationImpl::resumeWith@13 (line 29)
  0x0000021fcb032a00: 7cc0 0b07 

  0x0000021fcb032a04: ;   {other}
  0x0000021fcb032a04: 0f1f 8400 | f415 000d | 488b f048 | 8b84 24f0 | 0000 00e9 | ec00 0000 | 488b 8424 | b800 0000 
  0x0000021fcb032a24: ; implicit exception: dispatches to 0x0000021fcb0333df
  0x0000021fcb032a24: 483b 074c 

  0x0000021fcb032a28: ;   {metadata(method data for {method} {0x00000220234d4c80} 'resumeWith' '(Ljava/lang/Object;)V' in 'kotlin/coroutines/jvm/internal/BaseContinuationImpl')}
  0x0000021fcb032a28: 8bc7 48ba | 388f dc24 | 2002 0000 | 458b 4008 | 49ba 0000 | 00e2 1f02 | 0000 4d03 | c24c 3b82 
  0x0000021fcb032a48: 0803 0000 | 750d 4883 | 8210 0300 | 0001 e960 | 0000 004c | 3b82 1803 | 0000 750d | 4883 8220 
  0x0000021fcb032a68: 0300 0001 | e94a 0000 | 0048 83ba | 0803 0000 | 0075 174c | 8982 0803 | 0000 48c7 | 8210 0300 
  0x0000021fcb032a88: 0001 0000 | 00e9 2900 | 0000 4883 | ba18 0300 | 0000 7517 | 4c89 8218 | 0300 0048 | c782 2003 
  0x0000021fcb032aa8: 0000 0100 | 0000 e908 | 0000 0048 | 8382 f802 | 0000 014c | 8bc0 488b | d70f 1f40 | 0048 b810 
  0x0000021fcb032ac8: cb74 2c20 

  0x0000021fcb032acc: ;   {virtual_call}
  0x0000021fcb032acc: 0200 00e8 

  0x0000021fcb032ad0: ; ImmutableOopMap {}
                      ;*invokeinterface resumeWith {reexecute=0 rethrow=0 return_oop=0}
                      ; - kotlin.coroutines.jvm.internal.BaseContinuationImpl::resumeWith@114 (line 47)
  0x0000021fcb032ad0: cc1d 1807 

  0x0000021fcb032ad4: ;   {other}
  0x0000021fcb032ad4: 0f1f 8400 | c416 000e | 4881 c410 | 0100 005d 

  0x0000021fcb032ae4: ;   {poll_return}
  0x0000021fcb032ae4: 493b a748 | 0400 000f | 87f3 0800 | 00c3 4881 | c410 0100 

  0x0000021fcb032af8: ;   {poll_return}
  0x0000021fcb032af8: 005d 493b | a748 0400 | 000f 87f3 | 0800 00c3 

  0x0000021fcb032b08: ;   {metadata(method data for {method} {0x00000220234164f8} 'sanitizeStackTrace' '(Ljava/lang/Throwable;)Ljava/lang/Throwable;' in 'kotlin/jvm/internal/Intrinsics')}
  0x0000021fcb032b08: 48ba 18cc | 5b23 2002 | 0000 4883 | 8248 0100 | 0001 488b | d04c 8bc6 | 0f1f 8000 

  0x0000021fcb032b24: ;   {static_call}
  0x0000021fcb032b24: 0000 00e8 

  0x0000021fcb032b28: ; ImmutableOopMap {[232]=Oop [248]=Oop }
                      ;*invokestatic sanitizeStackTrace {reexecute=0 rethrow=0 return_oop=0}
                      ; - kotlin.jvm.internal.Intrinsics::sanitizeStackTrace@6 (line 253)
                      ; - kotlin.jvm.internal.Intrinsics::throwParameterIsNullNPE@11 (line 140)
                      ; - kotlin.jvm.internal.Intrinsics::checkNotNullParameter@5 (line 131)
                      ; - kotlin.coroutines.jvm.internal.DebugProbesKt::probeCoroutineResumed@3
                      ; - kotlin.coroutines.jvm.internal.BaseContinuationImpl::resumeWith@13 (line 29)
  0x0000021fcb032b28: 54c5 0b07 

  0x0000021fcb032b2c: ;   {other}
  0x0000021fcb032b2c: 0f1f 8400 | 1c17 000f | 488b 9424 | f800 0000 | 4885 c075 

  0x0000021fcb032b40: ;   {metadata(method data for {method} {0x0000022023415590} 'throwParameterIsNullNPE' '(Ljava/lang/String;)V' in 'kotlin/jvm/internal/Intrinsics')}
  0x0000021fcb032b40: 1648 be38 | c55b 2320 | 0200 0080 | 8e39 0100 | 0001 e9cd 

  0x0000021fcb032b54: ;   {metadata('java/lang/NullPointerException')}
  0x0000021fcb032b54: 0000 0048 | bf88 cd06 | e21f 0200 | 008b 7008 | 49ba 0000 | 00e2 1f02 | 0000 4903 | f248 3b7e 
  0x0000021fcb032b74: 500f 858d 

  0x0000021fcb032b78: ;   {metadata(method data for {method} {0x0000022023415590} 'throwParameterIsNullNPE' '(Ljava/lang/String;)V' in 'kotlin/jvm/internal/Intrinsics')}
  0x0000021fcb032b78: 0000 0048 | be38 c55b | 2320 0200 | 008b 7808 | 49ba 0000 | 00e2 1f02 | 0000 4903 | fa48 3bbe 
  0x0000021fcb032b98: 5001 0000 | 750d 4883 | 8658 0100 | 0001 e979 | 0000 0048 | 3bbe 6001 | 0000 750d | 4883 8668 
  0x0000021fcb032bb8: 0100 0001 | e963 0000 | 0048 83be | 5001 0000 | 0075 1748 | 89be 5001 | 0000 48c7 | 8658 0100 
  0x0000021fcb032bd8: 0001 0000 | 00e9 4200 | 0000 4883 | be60 0100 | 0000 7517 | 4889 be60 | 0100 0048 | c786 6801 
  0x0000021fcb032bf8: 0000 0100 | 0000 e921 | 0000 00e9 | 1c00 0000 

  0x0000021fcb032c08: ;   {metadata(method data for {method} {0x0000022023415590} 'throwParameterIsNullNPE' '(Ljava/lang/String;)V' in 'kotlin/jvm/internal/Intrinsics')}
  0x0000021fcb032c08: 48be 38c5 | 5b23 2002 | 0000 4883 | ae40 0100 | 0001 e9f1 | 0700 00e9 | 0000 0000 

  0x0000021fcb032c24: ; implicit exception: dispatches to 0x0000021fcb033419
  0x0000021fcb032c24: 483b 00e9 | 3908 0000 

  0x0000021fcb032c2c: ;   {metadata(method data for {method} {0x00000220234164f8} 'sanitizeStackTrace' '(Ljava/lang/Throwable;)Ljava/lang/Throwable;' in 'kotlin/jvm/internal/Intrinsics')}
  0x0000021fcb032c2c: 48ba 18cc | 5b23 2002 | 0000 4883 | 8248 0100 | 0001 488b | d04c 8bc6 

  0x0000021fcb032c44: ;   {static_call}
  0x0000021fcb032c44: 6666 90e8 

  0x0000021fcb032c48: ; ImmutableOopMap {[168]=Oop [176]=Oop [232]=Oop }
                      ;*invokestatic sanitizeStackTrace {reexecute=0 rethrow=0 return_oop=0}
                      ; - kotlin.jvm.internal.Intrinsics::sanitizeStackTrace@6 (line 253)
                      ; - kotlin.jvm.internal.Intrinsics::throwJavaNpe@7 (line 45)
                      ; - kotlin.jvm.internal.Intrinsics::checkNotNull@4 (line 25)
                      ; - kotlin.coroutines.jvm.internal.BaseContinuationImpl::resumeWith@31 (line 31)
  0x0000021fcb032c48: 34c4 0b07 

  0x0000021fcb032c4c: ;   {other}
  0x0000021fcb032c4c: 0f1f 8400 | 3c18 0010 | 4c8b 8424 | e800 0000 | 4885 c075 

  0x0000021fcb032c60: ;   {metadata(method data for {method} {0x00000220234146b0} 'throwJavaNpe' '()V' in 'kotlin/jvm/internal/Intrinsics')}
  0x0000021fcb032c60: 1648 be10 | 2335 2420 | 0200 0080 | 8e29 0100 | 0001 e9cd 

  0x0000021fcb032c74: ;   {metadata('java/lang/NullPointerException')}
  0x0000021fcb032c74: 0000 0048 | bf88 cd06 | e21f 0200 | 008b 7008 | 49ba 0000 | 00e2 1f02 | 0000 4903 | f248 3b7e 
  0x0000021fcb032c94: 500f 858d 

  0x0000021fcb032c98: ;   {metadata(method data for {method} {0x00000220234146b0} 'throwJavaNpe' '()V' in 'kotlin/jvm/internal/Intrinsics')}
  0x0000021fcb032c98: 0000 0048 | be10 2335 | 2420 0200 | 008b 7808 | 49ba 0000 | 00e2 1f02 | 0000 4903 | fa48 3bbe 
  0x0000021fcb032cb8: 4001 0000 | 750d 4883 | 8648 0100 | 0001 e979 | 0000 0048 | 3bbe 5001 | 0000 750d | 4883 8658 
  0x0000021fcb032cd8: 0100 0001 | e963 0000 | 0048 83be | 4001 0000 | 0075 1748 | 89be 4001 | 0000 48c7 | 8648 0100 
  0x0000021fcb032cf8: 0001 0000 | 00e9 4200 | 0000 4883 | be50 0100 | 0000 7517 | 4889 be50 | 0100 0048 | c786 5801 
  0x0000021fcb032d18: 0000 0100 | 0000 e921 | 0000 00e9 | 1c00 0000 

  0x0000021fcb032d28: ;   {metadata(method data for {method} {0x00000220234146b0} 'throwJavaNpe' '()V' in 'kotlin/jvm/internal/Intrinsics')}
  0x0000021fcb032d28: 48be 1023 | 3524 2002 | 0000 4883 | ae30 0100 | 0001 e9df | 0600 00e9 | 0000 0000 

  0x0000021fcb032d44: ; implicit exception: dispatches to 0x0000021fcb033427
  0x0000021fcb032d44: 483b 00e9 | 1907 0000 

  0x0000021fcb032d4c: ;   {metadata(method data for {method} {0x00000220234164f8} 'sanitizeStackTrace' '(Ljava/lang/Throwable;)Ljava/lang/Throwable;' in 'kotlin/jvm/internal/Intrinsics')}
  0x0000021fcb032d4c: 48ba 18cc | 5b23 2002 | 0000 4883 | 8248 0100 | 0001 488b | d04c 8bc6 

  0x0000021fcb032d64: ;   {static_call}
  0x0000021fcb032d64: 6666 90e8 

  0x0000021fcb032d68: ; ImmutableOopMap {[168]=Oop [176]=Oop [208]=Oop }
                      ;*invokestatic sanitizeStackTrace {reexecute=0 rethrow=0 return_oop=0}
                      ; - kotlin.jvm.internal.Intrinsics::sanitizeStackTrace@6 (line 253)
                      ; - kotlin.jvm.internal.Intrinsics::throwParameterIsNullNPE@11 (line 140)
                      ; - kotlin.jvm.internal.Intrinsics::checkNotNullParameter@5 (line 131)
                      ; - kotlin.ResultKt::createFailure@3
                      ; - kotlin.coroutines.jvm.internal.BaseContinuationImpl::resumeWith@76 (line 38)
  0x0000021fcb032d68: 14c3 0b07 

  0x0000021fcb032d6c: ;   {other}
  0x0000021fcb032d6c: 0f1f 8400 | 5c19 0011 | 4885 c075 

  0x0000021fcb032d78: ;   {metadata(method data for {method} {0x0000022023415590} 'throwParameterIsNullNPE' '(Ljava/lang/String;)V' in 'kotlin/jvm/internal/Intrinsics')}
  0x0000021fcb032d78: 1749 b838 | c55b 2320 | 0200 0041 | 8088 3901 | 0000 01e9 | ce00 0000 

  0x0000021fcb032d90: ;   {metadata('java/lang/NullPointerException')}
  0x0000021fcb032d90: 48be 88cd | 06e2 1f02 | 0000 448b | 4008 49ba | 0000 00e2 | 1f02 0000 | 4d03 c249 | 3b70 500f 
  0x0000021fcb032db0: 858d 0000 

  0x0000021fcb032db4: ;   {metadata(method data for {method} {0x0000022023415590} 'throwParameterIsNullNPE' '(Ljava/lang/String;)V' in 'kotlin/jvm/internal/Intrinsics')}
  0x0000021fcb032db4: 0049 b838 | c55b 2320 | 0200 008b | 7008 49ba | 0000 00e2 | 1f02 0000 | 4903 f249 | 3bb0 5001 
  0x0000021fcb032dd4: 0000 750d | 4983 8058 | 0100 0001 | e979 0000 | 0049 3bb0 | 6001 0000 | 750d 4983 | 8068 0100 
  0x0000021fcb032df4: 0001 e963 | 0000 0049 | 83b8 5001 | 0000 0075 | 1749 89b0 | 5001 0000 | 49c7 8058 | 0100 0001 
  0x0000021fcb032e14: 0000 00e9 | 4200 0000 | 4983 b860 | 0100 0000 | 7517 4989 | b060 0100 | 0049 c780 | 6801 0000 
  0x0000021fcb032e34: 0100 0000 | e921 0000 | 00e9 1c00 

  0x0000021fcb032e40: ;   {metadata(method data for {method} {0x0000022023415590} 'throwParameterIsNullNPE' '(Ljava/lang/String;)V' in 'kotlin/jvm/internal/Intrinsics')}
  0x0000021fcb032e40: 0000 49b8 | 38c5 5b23 | 2002 0000 | 4983 a840 | 0100 0001 | e9d3 0500 | 00e9 0000 | 0000 483b 
  0x0000021fcb032e60: 00e9 ff05 

  0x0000021fcb032e64: ;   {metadata(method data for {method} {0x00000220234164f8} 'sanitizeStackTrace' '(Ljava/lang/Throwable;)Ljava/lang/Throwable;' in 'kotlin/jvm/internal/Intrinsics')}
  0x0000021fcb032e64: 0000 48ba | 18cc 5b23 | 2002 0000 | 4883 8248 | 0100 0001 | 488b d04c 

  0x0000021fcb032e7c: ;   {static_call}
  0x0000021fcb032e7c: 8bc6 90e8 

  0x0000021fcb032e80: ; ImmutableOopMap {[168]=Oop [176]=Oop [200]=Oop [208]=Oop }
                      ;*invokestatic sanitizeStackTrace {reexecute=0 rethrow=0 return_oop=0}
                      ; - kotlin.jvm.internal.Intrinsics::sanitizeStackTrace@6 (line 253)
                      ; - kotlin.jvm.internal.Intrinsics::throwParameterIsNullNPE@11 (line 140)
                      ; - kotlin.jvm.internal.Intrinsics::checkNotNullParameter@5 (line 131)
                      ; - kotlin.Result$Failure::<init>@3
                      ; - kotlin.ResultKt::createFailure@11 (line 122)
                      ; - kotlin.coroutines.jvm.internal.BaseContinuationImpl::resumeWith@76 (line 38)
  0x0000021fcb032e80: fcc1 0b07 

  0x0000021fcb032e84: ;   {other}
  0x0000021fcb032e84: 0f1f 8400 | 741a 0012 | 488b 9c24 | c800 0000 | 488b b424 | d000 0000 | 488b bc24 | b000 0000 
  0x0000021fcb032ea4: 488b 9424 | a800 0000 | 4885 c075 

  0x0000021fcb032eb0: ;   {metadata(method data for {method} {0x0000022023415590} 'throwParameterIsNullNPE' '(Ljava/lang/String;)V' in 'kotlin/jvm/internal/Intrinsics')}
  0x0000021fcb032eb0: 1749 b838 | c55b 2320 | 0200 0041 | 8088 3901 | 0000 01e9 | cf00 0000 

  0x0000021fcb032ec8: ;   {metadata('java/lang/NullPointerException')}
  0x0000021fcb032ec8: 49b9 88cd | 06e2 1f02 | 0000 448b | 4008 49ba | 0000 00e2 | 1f02 0000 | 4d03 c24d | 3b48 500f 
  0x0000021fcb032ee8: 858e 0000 

  0x0000021fcb032eec: ;   {metadata(method data for {method} {0x0000022023415590} 'throwParameterIsNullNPE' '(Ljava/lang/String;)V' in 'kotlin/jvm/internal/Intrinsics')}
  0x0000021fcb032eec: 0049 b838 | c55b 2320 | 0200 0044 | 8b48 0849 | ba00 0000 | e21f 0200 | 004d 03ca | 4d3b 8850 
  0x0000021fcb032f0c: 0100 0075 | 0d49 8380 | 5801 0000 | 01e9 7900 | 0000 4d3b | 8860 0100 | 0075 0d49 | 8380 6801 
  0x0000021fcb032f2c: 0000 01e9 | 6300 0000 | 4983 b850 | 0100 0000 | 7517 4d89 | 8850 0100 | 0049 c780 | 5801 0000 
  0x0000021fcb032f4c: 0100 0000 | e942 0000 | 0049 83b8 | 6001 0000 | 0075 174d | 8988 6001 | 0000 49c7 | 8068 0100 
  0x0000021fcb032f6c: 0001 0000 | 00e9 2100 | 0000 e91c 

  0x0000021fcb032f78: ;   {metadata(method data for {method} {0x0000022023415590} 'throwParameterIsNullNPE' '(Ljava/lang/String;)V' in 'kotlin/jvm/internal/Intrinsics')}
  0x0000021fcb032f78: 0000 0049 | b838 c55b | 2320 0200 | 0049 83a8 | 4001 0000 | 01e9 a804 | 0000 e900 | 0000 0048 
  0x0000021fcb032f98: 3b00 e9c6 

  0x0000021fcb032f9c: ;   {metadata({method} {0x00000220234d4c80} 'resumeWith' '(Ljava/lang/Object;)V' in 'kotlin/coroutines/jvm/internal/BaseContinuationImpl')}
  0x0000021fcb032f9c: 0400 0049 | ba78 4c4d | 2320 0200 | 004c 8954 | 2408 48c7 | 0424 ffff 

  0x0000021fcb032fb4: ;   {runtime_call counter_overflow Runtime1 stub}
  0x0000021fcb032fb4: ffff e845 

  0x0000021fcb032fb8: ; ImmutableOopMap {rdx=Oop r8=Oop }
                      ;*synchronization entry
                      ; - kotlin.coroutines.jvm.internal.BaseContinuationImpl::resumeWith@-1 (line 24)
  0x0000021fcb032fb8: ef17 07e9 | e6e8 ffff | 4889 1424 

  0x0000021fcb032fc4: ;   {runtime_call throw_class_cast_exception Runtime1 stub}
  0x0000021fcb032fc4: e837 b917 

  0x0000021fcb032fc8: ; ImmutableOopMap {r8=Oop rdx=Oop }
                      ;*checkcast {reexecute=0 rethrow=0 return_oop=0}
                      ; - kotlin.coroutines.jvm.internal.BaseContinuationImpl::resumeWith@10 (line 29)
                      ;   {metadata({method} {0x00000220234fcad0} 'probeCoroutineResumed' '(Lkotlin/coroutines/Continuation;)V' in 'kotlin/coroutines/jvm/internal/DebugProbesKt')}
  0x0000021fcb032fc8: 0749 bac8 | ca4f 2320 | 0200 004c | 8954 2408 | 48c7 0424 | ffff ffff 

  0x0000021fcb032fe0: ;   {runtime_call counter_overflow Runtime1 stub}
  0x0000021fcb032fe0: e81b ef17 

  0x0000021fcb032fe4: ; ImmutableOopMap {r8=Oop rdx=Oop rsi=Oop }
                      ;*synchronization entry
                      ; - kotlin.coroutines.jvm.internal.DebugProbesKt::probeCoroutineResumed@-1
                      ; - kotlin.coroutines.jvm.internal.BaseContinuationImpl::resumeWith@13 (line 29)
  0x0000021fcb032fe4: 07e9 fce9 

  0x0000021fcb032fe8: ;   {metadata({method} {0x0000022023415410} 'checkNotNullParameter' '(Ljava/lang/Object;Ljava/lang/String;)V' in 'kotlin/jvm/internal/Intrinsics')}
  0x0000021fcb032fe8: ffff 49ba | 0854 4123 | 2002 0000 | 4c89 5424 | 0848 c704 | 24ff ffff 

  0x0000021fcb033000: ;   {runtime_call counter_overflow Runtime1 stub}
  0x0000021fcb033000: ffe8 faee 

  0x0000021fcb033004: ; ImmutableOopMap {r8=Oop rdx=Oop rsi=Oop }
                      ;*synchronization entry
                      ; - kotlin.jvm.internal.Intrinsics::checkNotNullParameter@-1 (line 130)
                      ; - kotlin.coroutines.jvm.internal.DebugProbesKt::probeCoroutineResumed@3
                      ; - kotlin.coroutines.jvm.internal.BaseContinuationImpl::resumeWith@13 (line 29)
  0x0000021fcb033004: 1707 e914 | eaff ff48 

  0x0000021fcb03300c: ;   {runtime_call throw_class_cast_exception Runtime1 stub}
  0x0000021fcb03300c: 8914 24e8 

  0x0000021fcb033010: ; ImmutableOopMap {r8=Oop }
                      ;*checkcast {reexecute=0 rethrow=0 return_oop=0}
                      ; - kotlin.coroutines.jvm.internal.BaseContinuationImpl::resumeWith@17 (line 30)
  0x0000021fcb033010: ecb8 1707 

  0x0000021fcb033014: ;   {runtime_call throw_null_pointer_exception Runtime1 stub}
  0x0000021fcb033014: e8e7 9017 

  0x0000021fcb033018: ; ImmutableOopMap {r8=Oop rsi=Oop }
                      ;*getfield completion {reexecute=1 rethrow=0 return_oop=0}
                      ; - (reexecute) kotlin.coroutines.jvm.internal.BaseContinuationImpl::resumeWith@27 (line 31)
                      ;   {metadata({method} {0x00000220234143c8} 'checkNotNull' '(Ljava/lang/Object;)V' in 'kotlin/jvm/internal/Intrinsics')}
  0x0000021fcb033018: 0749 bac0 | 4341 2320 | 0200 004c | 8954 2408 | 48c7 0424 | ffff ffff 

  0x0000021fcb033030: ;   {runtime_call counter_overflow Runtime1 stub}
  0x0000021fcb033030: e8cb ee17 

  0x0000021fcb033034: ; ImmutableOopMap {r8=Oop rsi=Oop rdi=Oop [176]=Oop }
                      ;*synchronization entry
                      ; - kotlin.jvm.internal.Intrinsics::checkNotNull@-1 (line 24)
                      ; - kotlin.coroutines.jvm.internal.BaseContinuationImpl::resumeWith@31 (line 31)
  0x0000021fcb033034: 07e9 47eb 

  0x0000021fcb033038: ;   {metadata({method} {0x00000220234fab88} 'getCOROUTINE_SUSPENDED' '()Ljava/lang/Object;' in 'kotlin/coroutines/intrinsics/IntrinsicsKt__IntrinsicsKt')}
  0x0000021fcb033038: ffff 49ba | 80ab 4f23 | 2002 0000 | 4c89 5424 | 0848 c704 | 24ff ffff 

  0x0000021fcb033050: ;   {runtime_call counter_overflow Runtime1 stub}
  0x0000021fcb033050: ffe8 aaee 

  0x0000021fcb033054: ; ImmutableOopMap {rax=Oop [168]=Oop [176]=Oop }
                      ;*synchronization entry
                      ; - kotlin.coroutines.intrinsics.IntrinsicsKt__IntrinsicsKt::getCOROUTINE_SUSPENDED@-1 (line 57)
                      ; - kotlin.coroutines.jvm.internal.BaseContinuationImpl::resumeWith@47 (line 35)
  0x0000021fcb033054: 1707 e94a 

  0x0000021fcb033058: ;   {metadata({method} {0x000002202350cf08} 'constructor-impl' '(Ljava/lang/Object;)Ljava/lang/Object;' in 'kotlin/Result')}
  0x0000021fcb033058: ecff ff49 | ba00 cf50 | 2320 0200 | 004c 8954 | 2408 48c7 | 0424 ffff 

  0x0000021fcb033070: ;   {runtime_call counter_overflow Runtime1 stub}
  0x0000021fcb033070: ffff e889 

  0x0000021fcb033074: ; ImmutableOopMap {rax=Oop [168]=Oop [176]=Oop }
                      ;*synchronization entry
                      ; - kotlin.Result::constructor-impl@-1
                      ; - kotlin.coroutines.jvm.internal.BaseContinuationImpl::resumeWith@60 (line 36)
  0x0000021fcb033074: ee17 07e9 | 9bec ffff 

  0x0000021fcb03307c: ;   {metadata({method} {0x0000022023521030} 'createFailure' '(Ljava/lang/Throwable;)Ljava/lang/Object;' in 'kotlin/ResultKt')}
  0x0000021fcb03307c: 49ba 2810 | 5223 2002 | 0000 4c89 | 5424 0848 | c704 24ff 

  0x0000021fcb033090: ;   {runtime_call counter_overflow Runtime1 stub}
  0x0000021fcb033090: ffff ffe8 

  0x0000021fcb033094: ; ImmutableOopMap {rax=Oop [168]=Oop [176]=Oop }
                      ;*synchronization entry
                      ; - kotlin.ResultKt::createFailure@-1
                      ; - kotlin.coroutines.jvm.internal.BaseContinuationImpl::resumeWith@76 (line 38)
  0x0000021fcb033094: 68ee 1707 | e9e3 ecff 

  0x0000021fcb03309c: ;   {metadata({method} {0x0000022023415410} 'checkNotNullParameter' '(Ljava/lang/Object;Ljava/lang/String;)V' in 'kotlin/jvm/internal/Intrinsics')}
  0x0000021fcb03309c: ff49 ba08 | 5441 2320 | 0200 004c | 8954 2408 | 48c7 0424 | ffff ffff 

  0x0000021fcb0330b4: ;   {runtime_call counter_overflow Runtime1 stub}
  0x0000021fcb0330b4: e847 ee17 

  0x0000021fcb0330b8: ; ImmutableOopMap {rax=Oop [168]=Oop [176]=Oop }
                      ;*synchronization entry
                      ; - kotlin.jvm.internal.Intrinsics::checkNotNullParameter@-1 (line 130)
                      ; - kotlin.ResultKt::createFailure@3
                      ; - kotlin.coroutines.jvm.internal.BaseContinuationImpl::resumeWith@76 (line 38)
  0x0000021fcb0330b8: 07e9 fbec | ffff 488b 

  0x0000021fcb0330c0: ;   {runtime_call fast_new_instance Runtime1 stub}
  0x0000021fcb0330c0: d2e8 3a99 

  0x0000021fcb0330c4: ; ImmutableOopMap {rbx=Oop [168]=Oop [176]=Oop }
                      ;*new {reexecute=0 rethrow=0 return_oop=0}
                      ; - kotlin.ResultKt::createFailure@6 (line 122)
                      ; - kotlin.coroutines.jvm.internal.BaseContinuationImpl::resumeWith@76 (line 38)
  0x0000021fcb0330c4: 1707 e96c 

  0x0000021fcb0330c8: ;   {metadata({method} {0x000002202350ee40} '<init>' '(Ljava/lang/Throwable;)V' in 'kotlin/Result$Failure')}
  0x0000021fcb0330c8: edff ff49 | ba38 ee50 | 2320 0200 | 004c 8954 | 2408 48c7 | 0424 ffff 

  0x0000021fcb0330e0: ;   {runtime_call counter_overflow Runtime1 stub}
  0x0000021fcb0330e0: ffff e819 

  0x0000021fcb0330e4: ; ImmutableOopMap {rbx=Oop rax=Oop [168]=Oop [176]=Oop }
                      ;*synchronization entry
                      ; - kotlin.Result$Failure::<init>@-1
                      ; - kotlin.ResultKt::createFailure@11 (line 122)
                      ; - kotlin.coroutines.jvm.internal.BaseContinuationImpl::resumeWith@76 (line 38)
  0x0000021fcb0330e4: ee17 07e9 | 87ed ffff 

  0x0000021fcb0330ec: ;   {metadata({method} {0x0000022023415410} 'checkNotNullParameter' '(Ljava/lang/Object;Ljava/lang/String;)V' in 'kotlin/jvm/internal/Intrinsics')}
  0x0000021fcb0330ec: 49ba 0854 | 4123 2002 | 0000 4c89 | 5424 0848 | c704 24ff 

  0x0000021fcb033100: ;   {runtime_call counter_overflow Runtime1 stub}
  0x0000021fcb033100: ffff ffe8 

  0x0000021fcb033104: ; ImmutableOopMap {rbx=Oop rax=Oop [168]=Oop [176]=Oop }
                      ;*synchronization entry
                      ; - kotlin.jvm.internal.Intrinsics::checkNotNullParameter@-1 (line 130)
                      ; - kotlin.Result$Failure::<init>@3
                      ; - kotlin.ResultKt::createFailure@11 (line 122)
                      ; - kotlin.coroutines.jvm.internal.BaseContinuationImpl::resumeWith@76 (line 38)
  0x0000021fcb033104: f8ed 1707 | e99f edff 

  0x0000021fcb03310c: ;   {metadata({method} {0x0000021fe2476650} '<init>' '()V' in 'java/lang/Object')}
  0x0000021fcb03310c: ff49 ba48 | 6647 e21f | 0200 004c | 8954 2408 | 48c7 0424 | ffff ffff 

  0x0000021fcb033124: ;   {runtime_call counter_overflow Runtime1 stub}
  0x0000021fcb033124: e8d7 ed17 

  0x0000021fcb033128: ; ImmutableOopMap {rbx=Oop rax=Oop [168]=Oop [176]=Oop }
                      ;*synchronization entry
                      ; - java.lang.Object::<init>@-1 (line 45)
                      ; - kotlin.Result$Failure::<init>@7 (line 105)
                      ; - kotlin.ResultKt::createFailure@11 (line 122)
                      ; - kotlin.coroutines.jvm.internal.BaseContinuationImpl::resumeWith@76 (line 38)
  0x0000021fcb033128: 07e9 e9ed | ffff 8b50 | 0c48 c1e2 | 0348 83fa | 000f 84e5 | edff ff48 

  0x0000021fcb033140: ;   {runtime_call g1_pre_barrier_slow}
  0x0000021fcb033140: 8914 24e8 | b8f3 1707 | e9d7 edff | ff48 83fb | 000f 84ec | edff ff48 

  0x0000021fcb033158: ;   {runtime_call g1_post_barrier_slow}
  0x0000021fcb033158: 8904 24e8 | a0f6 1707 | e9de edff 

  0x0000021fcb033164: ;   {metadata({method} {0x000002202350cf08} 'constructor-impl' '(Ljava/lang/Object;)Ljava/lang/Object;' in 'kotlin/Result')}
  0x0000021fcb033164: ff49 ba00 | cf50 2320 | 0200 004c | 8954 2408 | 48c7 0424 | ffff ffff 

  0x0000021fcb03317c: ;   {runtime_call counter_overflow Runtime1 stub}
  0x0000021fcb03317c: e87f ed17 

  0x0000021fcb033180: ; ImmutableOopMap {rax=Oop [168]=Oop [176]=Oop }
                      ;*synchronization entry
                      ; - kotlin.Result::constructor-impl@-1
                      ; - kotlin.coroutines.jvm.internal.BaseContinuationImpl::resumeWith@79 (line 38)
  0x0000021fcb033180: 07e9 f6ed 

  0x0000021fcb033184: ;   {metadata({method} {0x00000220234d4c80} 'resumeWith' '(Ljava/lang/Object;)V' in 'kotlin/coroutines/jvm/internal/BaseContinuationImpl')}
  0x0000021fcb033184: ffff 49ba | 784c 4d23 | 2002 0000 | 4c89 5424 | 0848 c704 | 2479 0000 

  0x0000021fcb03319c: ;   {runtime_call counter_overflow Runtime1 stub}
  0x0000021fcb03319c: 00e8 5eed 

  0x0000021fcb0331a0: ; ImmutableOopMap {rdi=Oop [176]=Oop [184]=Oop }
                      ;*goto {reexecute=1 rethrow=0 return_oop=0}
                      ; - (reexecute) kotlin.coroutines.jvm.internal.BaseContinuationImpl::resumeWith@121 (line 30)
  0x0000021fcb0331a0: 1707 e9f6 

  0x0000021fcb0331a4: ;   {metadata({method} {0x0000022023415590} 'throwParameterIsNullNPE' '(Ljava/lang/String;)V' in 'kotlin/jvm/internal/Intrinsics')}
  0x0000021fcb0331a4: efff ff49 | ba88 5541 | 2320 0200 | 004c 8954 | 2408 48c7 | 0424 ffff 

  0x0000021fcb0331bc: ;   {runtime_call counter_overflow Runtime1 stub}
  0x0000021fcb0331bc: ffff e83d 

  0x0000021fcb0331c0: ; ImmutableOopMap {[168]=Oop [176]=Oop [200]=Oop [208]=Oop }
                      ;*synchronization entry
                      ; - kotlin.jvm.internal.Intrinsics::throwParameterIsNullNPE@-1 (line 140)
                      ; - kotlin.jvm.internal.Intrinsics::checkNotNullParameter@5 (line 131)
                      ; - kotlin.Result$Failure::<init>@3
                      ; - kotlin.ResultKt::createFailure@11 (line 122)
                      ; - kotlin.coroutines.jvm.internal.BaseContinuationImpl::resumeWith@76 (line 38)
  0x0000021fcb0331c0: ed17 07e9 | 48f0 ffff 

  0x0000021fcb0331c8: ;   {metadata(nullptr)}
  0x0000021fcb0331c8: 48ba 0000 | 0000 0000 | 0000 b800 

  0x0000021fcb0331d4: ;   {runtime_call load_klass_patching Runtime1 stub}
  0x0000021fcb0331d4: 0f05 0ae8 

  0x0000021fcb0331d8: ; ImmutableOopMap {[168]=Oop [176]=Oop [200]=Oop [208]=Oop }
                      ;*new {reexecute=1 rethrow=0 return_oop=0}
                      ; - (reexecute) kotlin.jvm.internal.Intrinsics::throwParameterIsNullNPE@0 (line 140)
                      ; - kotlin.jvm.internal.Intrinsics::checkNotNullParameter@5 (line 131)
                      ; - kotlin.Result$Failure::<init>@3
                      ; - kotlin.ResultKt::createFailure@11 (line 122)
                      ; - kotlin.coroutines.jvm.internal.BaseContinuationImpl::resumeWith@76 (line 38)
  0x0000021fcb0331d8: a4dc 1707 | e92f f0ff | ff48 8bd2 

  0x0000021fcb0331e4: ;   {runtime_call fast_new_instance Runtime1 stub}
  0x0000021fcb0331e4: e817 9817 

  0x0000021fcb0331e8: ; ImmutableOopMap {[168]=Oop [176]=Oop [200]=Oop [208]=Oop }
                      ;*new {reexecute=0 rethrow=0 return_oop=0}
                      ; - kotlin.jvm.internal.Intrinsics::throwParameterIsNullNPE@0 (line 140)
                      ; - kotlin.jvm.internal.Intrinsics::checkNotNullParameter@5 (line 131)
                      ; - kotlin.Result$Failure::<init>@3
                      ; - kotlin.ResultKt::createFailure@11 (line 122)
                      ; - kotlin.coroutines.jvm.internal.BaseContinuationImpl::resumeWith@76 (line 38)
  0x0000021fcb0331e8: 07e9 7ef0 

  0x0000021fcb0331ec: ;   {metadata({method} {0x00000220234164f8} 'sanitizeStackTrace' '(Ljava/lang/Throwable;)Ljava/lang/Throwable;' in 'kotlin/jvm/internal/Intrinsics')}
  0x0000021fcb0331ec: ffff 49ba | f064 4123 | 2002 0000 | 4c89 5424 | 0848 c704 | 24ff ffff 

  0x0000021fcb033204: ;   {runtime_call counter_overflow Runtime1 stub}
  0x0000021fcb033204: ffe8 f6ec 

  0x0000021fcb033208: ; ImmutableOopMap {[168]=Oop [176]=Oop [192]=Oop [200]=Oop [208]=Oop }
                      ;*synchronization entry
                      ; - kotlin.jvm.internal.Intrinsics::sanitizeStackTrace@-1 (line 253)
                      ; - kotlin.jvm.internal.Intrinsics::throwParameterIsNullNPE@11 (line 140)
                      ; - kotlin.jvm.internal.Intrinsics::checkNotNullParameter@5 (line 131)
                      ; - kotlin.Result$Failure::<init>@3
                      ; - kotlin.ResultKt::createFailure@11 (line 122)
                      ; - kotlin.coroutines.jvm.internal.BaseContinuationImpl::resumeWith@76 (line 38)
  0x0000021fcb033208: 1707 e906 

  0x0000021fcb03320c: ;   {metadata({method} {0x0000021fe246b368} 'getName' '()Ljava/lang/String;' in 'java/lang/Class')}
  0x0000021fcb03320c: f1ff ff49 | ba60 b346 | e21f 0200 | 004c 8954 | 2408 48c7 | 0424 ffff 

  0x0000021fcb033224: ;   {runtime_call counter_overflow Runtime1 stub}
  0x0000021fcb033224: ffff e8d5 

  0x0000021fcb033228: ; ImmutableOopMap {rdx=Oop [168]=Oop [176]=Oop [192]=Oop [200]=Oop [208]=Oop }
                      ;*synchronization entry
                      ; - java.lang.Class::getName@-1 (line 949)
                      ; - kotlin.jvm.internal.Intrinsics::sanitizeStackTrace@3 (line 253)
                      ; - kotlin.jvm.internal.Intrinsics::throwParameterIsNullNPE@11 (line 140)
                      ; - kotlin.jvm.internal.Intrinsics::checkNotNullParameter@5 (line 131)
                      ; - kotlin.Result$Failure::<init>@3
                      ; - kotlin.ResultKt::createFailure@11 (line 122)
                      ; - kotlin.coroutines.jvm.internal.BaseContinuationImpl::resumeWith@76 (line 38)
  0x0000021fcb033228: ec17 07e9 | 2bf1 ffff 

  0x0000021fcb033230: ;   {runtime_call throw_null_pointer_exception Runtime1 stub}
  0x0000021fcb033230: e8cb 8e17 

  0x0000021fcb033234: ; ImmutableOopMap {[168]=Oop [176]=Oop [192]=Oop [200]=Oop [208]=Oop }
                      ;*getfield name {reexecute=1 rethrow=0 return_oop=0}
                      ; - (reexecute) java.lang.Class::getName@1 (line 949)
                      ; - kotlin.jvm.internal.Intrinsics::sanitizeStackTrace@3 (line 253)
                      ; - kotlin.jvm.internal.Intrinsics::throwParameterIsNullNPE@11 (line 140)
                      ; - kotlin.jvm.internal.Intrinsics::checkNotNullParameter@5 (line 131)
                      ; - kotlin.Result$Failure::<init>@3
                      ; - kotlin.ResultKt::createFailure@11 (line 122)
                      ; - kotlin.coroutines.jvm.internal.BaseContinuationImpl::resumeWith@76 (line 38)
                      ;   {metadata({method} {0x0000022023415590} 'throwParameterIsNullNPE' '(Ljava/lang/String;)V' in 'kotlin/jvm/internal/Intrinsics')}
  0x0000021fcb033234: 0749 ba88 | 5541 2320 | 0200 004c | 8954 2408 | 48c7 0424 | ffff ffff 

  0x0000021fcb03324c: ;   {runtime_call counter_overflow Runtime1 stub}
  0x0000021fcb03324c: e8af ec17 

  0x0000021fcb033250: ; ImmutableOopMap {[168]=Oop [176]=Oop [208]=Oop }
                      ;*synchronization entry
                      ; - kotlin.jvm.internal.Intrinsics::throwParameterIsNullNPE@-1 (line 140)
                      ; - kotlin.jvm.internal.Intrinsics::checkNotNullParameter@5 (line 131)
                      ; - kotlin.ResultKt::createFailure@3
                      ; - kotlin.coroutines.jvm.internal.BaseContinuationImpl::resumeWith@76 (line 38)
  0x0000021fcb033250: 07e9 d7f1 

  0x0000021fcb033254: ;   {metadata(nullptr)}
  0x0000021fcb033254: ffff 48ba | 0000 0000 | 0000 0000 | b800 0f05 

  0x0000021fcb033264: ;   {runtime_call load_klass_patching Runtime1 stub}
  0x0000021fcb033264: 0ae8 16dc 

  0x0000021fcb033268: ; ImmutableOopMap {[168]=Oop [176]=Oop [208]=Oop }
                      ;*new {reexecute=1 rethrow=0 return_oop=0}
                      ; - (reexecute) kotlin.jvm.internal.Intrinsics::throwParameterIsNullNPE@0 (line 140)
                      ; - kotlin.jvm.internal.Intrinsics::checkNotNullParameter@5 (line 131)
                      ; - kotlin.ResultKt::createFailure@3
                      ; - kotlin.coroutines.jvm.internal.BaseContinuationImpl::resumeWith@76 (line 38)
  0x0000021fcb033268: 1707 e9c1 | f1ff ff48 

  0x0000021fcb033270: ;   {runtime_call fast_new_instance Runtime1 stub}
  0x0000021fcb033270: 8bd2 e889 

  0x0000021fcb033274: ; ImmutableOopMap {[168]=Oop [176]=Oop [208]=Oop }
                      ;*new {reexecute=0 rethrow=0 return_oop=0}
                      ; - kotlin.jvm.internal.Intrinsics::throwParameterIsNullNPE@0 (line 140)
                      ; - kotlin.jvm.internal.Intrinsics::checkNotNullParameter@5 (line 131)
                      ; - kotlin.ResultKt::createFailure@3
                      ; - kotlin.coroutines.jvm.internal.BaseContinuationImpl::resumeWith@76 (line 38)
  0x0000021fcb033274: 9717 07e9 | 10f2 ffff 

  0x0000021fcb03327c: ;   {metadata({method} {0x00000220234164f8} 'sanitizeStackTrace' '(Ljava/lang/Throwable;)Ljava/lang/Throwable;' in 'kotlin/jvm/internal/Intrinsics')}
  0x0000021fcb03327c: 49ba f064 | 4123 2002 | 0000 4c89 | 5424 0848 | c704 24ff 

  0x0000021fcb033290: ;   {runtime_call counter_overflow Runtime1 stub}
  0x0000021fcb033290: ffff ffe8 

  0x0000021fcb033294: ; ImmutableOopMap {[168]=Oop [176]=Oop [208]=Oop [216]=Oop }
                      ;*synchronization entry
                      ; - kotlin.jvm.internal.Intrinsics::sanitizeStackTrace@-1 (line 253)
                      ; - kotlin.jvm.internal.Intrinsics::throwParameterIsNullNPE@11 (line 140)
                      ; - kotlin.jvm.internal.Intrinsics::checkNotNullParameter@5 (line 131)
                      ; - kotlin.ResultKt::createFailure@3
                      ; - kotlin.coroutines.jvm.internal.BaseContinuationImpl::resumeWith@76 (line 38)
  0x0000021fcb033294: 68ec 1707 | e998 f2ff 

  0x0000021fcb03329c: ;   {metadata({method} {0x0000021fe246b368} 'getName' '()Ljava/lang/String;' in 'java/lang/Class')}
  0x0000021fcb03329c: ff49 ba60 | b346 e21f | 0200 004c | 8954 2408 | 48c7 0424 | ffff ffff 

  0x0000021fcb0332b4: ;   {runtime_call counter_overflow Runtime1 stub}
  0x0000021fcb0332b4: e847 ec17 

  0x0000021fcb0332b8: ; ImmutableOopMap {rdx=Oop [168]=Oop [176]=Oop [208]=Oop [216]=Oop }
                      ;*synchronization entry
                      ; - java.lang.Class::getName@-1 (line 949)
                      ; - kotlin.jvm.internal.Intrinsics::sanitizeStackTrace@3 (line 253)
                      ; - kotlin.jvm.internal.Intrinsics::throwParameterIsNullNPE@11 (line 140)
                      ; - kotlin.jvm.internal.Intrinsics::checkNotNullParameter@5 (line 131)
                      ; - kotlin.ResultKt::createFailure@3
                      ; - kotlin.coroutines.jvm.internal.BaseContinuationImpl::resumeWith@76 (line 38)
  0x0000021fcb0332b8: 07e9 bdf2 

  0x0000021fcb0332bc: ;   {runtime_call throw_null_pointer_exception Runtime1 stub}
  0x0000021fcb0332bc: ffff e83d 

  0x0000021fcb0332c0: ; ImmutableOopMap {[168]=Oop [176]=Oop [208]=Oop [216]=Oop }
                      ;*getfield name {reexecute=1 rethrow=0 return_oop=0}
                      ; - (reexecute) java.lang.Class::getName@1 (line 949)
                      ; - kotlin.jvm.internal.Intrinsics::sanitizeStackTrace@3 (line 253)
                      ; - kotlin.jvm.internal.Intrinsics::throwParameterIsNullNPE@11 (line 140)
                      ; - kotlin.jvm.internal.Intrinsics::checkNotNullParameter@5 (line 131)
                      ; - kotlin.ResultKt::createFailure@3
                      ; - kotlin.coroutines.jvm.internal.BaseContinuationImpl::resumeWith@76 (line 38)
                      ;   {metadata({method} {0x00000220234146b0} 'throwJavaNpe' '()V' in 'kotlin/jvm/internal/Intrinsics')}
  0x0000021fcb0332c0: 8e17 0749 | baa8 4641 | 2320 0200 | 004c 8954 | 2408 48c7 | 0424 ffff 

  0x0000021fcb0332d8: ;   {runtime_call counter_overflow Runtime1 stub}
  0x0000021fcb0332d8: ffff e821 

  0x0000021fcb0332dc: ; ImmutableOopMap {[168]=Oop [176]=Oop [232]=Oop }
                      ;*synchronization entry
                      ; - kotlin.jvm.internal.Intrinsics::throwJavaNpe@-1 (line 45)
                      ; - kotlin.jvm.internal.Intrinsics::checkNotNull@4 (line 25)
                      ; - kotlin.coroutines.jvm.internal.BaseContinuationImpl::resumeWith@31 (line 31)
  0x0000021fcb0332dc: ec17 07e9 | 71f3 ffff 

  0x0000021fcb0332e4: ;   {metadata(nullptr)}
  0x0000021fcb0332e4: 48ba 0000 | 0000 0000 | 0000 b800 

  0x0000021fcb0332f0: ;   {runtime_call load_klass_patching Runtime1 stub}
  0x0000021fcb0332f0: 0f05 0ae8 

  0x0000021fcb0332f4: ; ImmutableOopMap {[168]=Oop [176]=Oop [232]=Oop }
                      ;*new {reexecute=1 rethrow=0 return_oop=0}
                      ; - (reexecute) kotlin.jvm.internal.Intrinsics::throwJavaNpe@0 (line 45)
                      ; - kotlin.jvm.internal.Intrinsics::checkNotNull@4 (line 25)
                      ; - kotlin.coroutines.jvm.internal.BaseContinuationImpl::resumeWith@31 (line 31)
  0x0000021fcb0332f4: 88db 1707 | e95b f3ff | ff48 8bd2 

  0x0000021fcb033300: ;   {runtime_call fast_new_instance Runtime1 stub}
  0x0000021fcb033300: e8fb 9617 

  0x0000021fcb033304: ; ImmutableOopMap {[168]=Oop [176]=Oop [232]=Oop }
                      ;*new {reexecute=0 rethrow=0 return_oop=0}
                      ; - kotlin.jvm.internal.Intrinsics::throwJavaNpe@0 (line 45)
                      ; - kotlin.jvm.internal.Intrinsics::checkNotNull@4 (line 25)
                      ; - kotlin.coroutines.jvm.internal.BaseContinuationImpl::resumeWith@31 (line 31)
  0x0000021fcb033304: 07e9 aaf3 

  0x0000021fcb033308: ;   {metadata({method} {0x00000220234164f8} 'sanitizeStackTrace' '(Ljava/lang/Throwable;)Ljava/lang/Throwable;' in 'kotlin/jvm/internal/Intrinsics')}
  0x0000021fcb033308: ffff 49ba | f064 4123 | 2002 0000 | 4c89 5424 | 0848 c704 | 24ff ffff 

  0x0000021fcb033320: ;   {runtime_call counter_overflow Runtime1 stub}
  0x0000021fcb033320: ffe8 daeb 

  0x0000021fcb033324: ; ImmutableOopMap {[168]=Oop [176]=Oop [224]=Oop [232]=Oop }
                      ;*synchronization entry
                      ; - kotlin.jvm.internal.Intrinsics::sanitizeStackTrace@-1 (line 253)
                      ; - kotlin.jvm.internal.Intrinsics::throwJavaNpe@7 (line 45)
                      ; - kotlin.jvm.internal.Intrinsics::checkNotNull@4 (line 25)
                      ; - kotlin.coroutines.jvm.internal.BaseContinuationImpl::resumeWith@31 (line 31)
  0x0000021fcb033324: 1707 e9f2 

  0x0000021fcb033328: ;   {metadata({method} {0x0000021fe246b368} 'getName' '()Ljava/lang/String;' in 'java/lang/Class')}
  0x0000021fcb033328: f3ff ff49 | ba60 b346 | e21f 0200 | 004c 8954 | 2408 48c7 | 0424 ffff 

  0x0000021fcb033340: ;   {runtime_call counter_overflow Runtime1 stub}
  0x0000021fcb033340: ffff e8b9 

  0x0000021fcb033344: ; ImmutableOopMap {rdx=Oop [168]=Oop [176]=Oop [224]=Oop [232]=Oop }
                      ;*synchronization entry
                      ; - java.lang.Class::getName@-1 (line 949)
                      ; - kotlin.jvm.internal.Intrinsics::sanitizeStackTrace@3 (line 253)
                      ; - kotlin.jvm.internal.Intrinsics::throwJavaNpe@7 (line 45)
                      ; - kotlin.jvm.internal.Intrinsics::checkNotNull@4 (line 25)
                      ; - kotlin.coroutines.jvm.internal.BaseContinuationImpl::resumeWith@31 (line 31)
  0x0000021fcb033344: eb17 07e9 | 17f4 ffff 

  0x0000021fcb03334c: ;   {runtime_call throw_null_pointer_exception Runtime1 stub}
  0x0000021fcb03334c: e8af 8d17 

  0x0000021fcb033350: ; ImmutableOopMap {[168]=Oop [176]=Oop [224]=Oop [232]=Oop }
                      ;*getfield name {reexecute=1 rethrow=0 return_oop=0}
                      ; - (reexecute) java.lang.Class::getName@1 (line 949)
                      ; - kotlin.jvm.internal.Intrinsics::sanitizeStackTrace@3 (line 253)
                      ; - kotlin.jvm.internal.Intrinsics::throwJavaNpe@7 (line 45)
                      ; - kotlin.jvm.internal.Intrinsics::checkNotNull@4 (line 25)
                      ; - kotlin.coroutines.jvm.internal.BaseContinuationImpl::resumeWith@31 (line 31)
                      ;   {metadata({method} {0x0000022023415590} 'throwParameterIsNullNPE' '(Ljava/lang/String;)V' in 'kotlin/jvm/internal/Intrinsics')}
  0x0000021fcb033350: 0749 ba88 | 5541 2320 | 0200 004c | 8954 2408 | 48c7 0424 | ffff ffff 

  0x0000021fcb033368: ;   {runtime_call counter_overflow Runtime1 stub}
  0x0000021fcb033368: e893 eb17 

  0x0000021fcb03336c: ; ImmutableOopMap {[232]=Oop [248]=Oop }
                      ;*synchronization entry
                      ; - kotlin.jvm.internal.Intrinsics::throwParameterIsNullNPE@-1 (line 140)
                      ; - kotlin.jvm.internal.Intrinsics::checkNotNullParameter@5 (line 131)
                      ; - kotlin.coroutines.jvm.internal.DebugProbesKt::probeCoroutineResumed@3
                      ; - kotlin.coroutines.jvm.internal.BaseContinuationImpl::resumeWith@13 (line 29)
  0x0000021fcb03336c: 07e9 cbf4 

  0x0000021fcb033370: ;   {metadata(nullptr)}
  0x0000021fcb033370: ffff 48ba | 0000 0000 | 0000 0000 | b800 0f05 

  0x0000021fcb033380: ;   {runtime_call load_klass_patching Runtime1 stub}
  0x0000021fcb033380: 0ae8 fada 

  0x0000021fcb033384: ; ImmutableOopMap {[232]=Oop [248]=Oop }
                      ;*new {reexecute=1 rethrow=0 return_oop=0}
                      ; - (reexecute) kotlin.jvm.internal.Intrinsics::throwParameterIsNullNPE@0 (line 140)
                      ; - kotlin.jvm.internal.Intrinsics::checkNotNullParameter@5 (line 131)
                      ; - kotlin.coroutines.jvm.internal.DebugProbesKt::probeCoroutineResumed@3
                      ; - kotlin.coroutines.jvm.internal.BaseContinuationImpl::resumeWith@13 (line 29)
  0x0000021fcb033384: 1707 e9b5 | f4ff ff48 

  0x0000021fcb03338c: ;   {runtime_call fast_new_instance Runtime1 stub}
  0x0000021fcb03338c: 8bd2 e86d 

  0x0000021fcb033390: ; ImmutableOopMap {[232]=Oop [248]=Oop }
                      ;*new {reexecute=0 rethrow=0 return_oop=0}
                      ; - kotlin.jvm.internal.Intrinsics::throwParameterIsNullNPE@0 (line 140)
                      ; - kotlin.jvm.internal.Intrinsics::checkNotNullParameter@5 (line 131)
                      ; - kotlin.coroutines.jvm.internal.DebugProbesKt::probeCoroutineResumed@3
                      ; - kotlin.coroutines.jvm.internal.BaseContinuationImpl::resumeWith@13 (line 29)
  0x0000021fcb033390: 9617 07e9 | 04f5 ffff 

  0x0000021fcb033398: ;   {metadata({method} {0x00000220234164f8} 'sanitizeStackTrace' '(Ljava/lang/Throwable;)Ljava/lang/Throwable;' in 'kotlin/jvm/internal/Intrinsics')}
  0x0000021fcb033398: 49ba f064 | 4123 2002 | 0000 4c89 | 5424 0848 | c704 24ff 

  0x0000021fcb0333ac: ;   {runtime_call counter_overflow Runtime1 stub}
  0x0000021fcb0333ac: ffff ffe8 

  0x0000021fcb0333b0: ; ImmutableOopMap {[232]=Oop [240]=Oop [248]=Oop }
                      ;*synchronization entry
                      ; - kotlin.jvm.internal.Intrinsics::sanitizeStackTrace@-1 (line 253)
                      ; - kotlin.jvm.internal.Intrinsics::throwParameterIsNullNPE@11 (line 140)
                      ; - kotlin.jvm.internal.Intrinsics::checkNotNullParameter@5 (line 131)
                      ; - kotlin.coroutines.jvm.internal.DebugProbesKt::probeCoroutineResumed@3
                      ; - kotlin.coroutines.jvm.internal.BaseContinuationImpl::resumeWith@13 (line 29)
  0x0000021fcb0333b0: 4ceb 1707 | e98c f5ff 

  0x0000021fcb0333b8: ;   {metadata({method} {0x0000021fe246b368} 'getName' '()Ljava/lang/String;' in 'java/lang/Class')}
  0x0000021fcb0333b8: ff49 ba60 | b346 e21f | 0200 004c | 8954 2408 | 48c7 0424 | ffff ffff 

  0x0000021fcb0333d0: ;   {runtime_call counter_overflow Runtime1 stub}
  0x0000021fcb0333d0: e82b eb17 

  0x0000021fcb0333d4: ; ImmutableOopMap {rdx=Oop [232]=Oop [240]=Oop [248]=Oop }
                      ;*synchronization entry
                      ; - java.lang.Class::getName@-1 (line 949)
                      ; - kotlin.jvm.internal.Intrinsics::sanitizeStackTrace@3 (line 253)
                      ; - kotlin.jvm.internal.Intrinsics::throwParameterIsNullNPE@11 (line 140)
                      ; - kotlin.jvm.internal.Intrinsics::checkNotNullParameter@5 (line 131)
                      ; - kotlin.coroutines.jvm.internal.DebugProbesKt::probeCoroutineResumed@3
                      ; - kotlin.coroutines.jvm.internal.BaseContinuationImpl::resumeWith@13 (line 29)
  0x0000021fcb0333d4: 07e9 b1f5 

  0x0000021fcb0333d8: ;   {runtime_call throw_null_pointer_exception Runtime1 stub}
  0x0000021fcb0333d8: ffff e821 

  0x0000021fcb0333dc: ; ImmutableOopMap {[232]=Oop [240]=Oop [248]=Oop }
                      ;*getfield name {reexecute=1 rethrow=0 return_oop=0}
                      ; - (reexecute) java.lang.Class::getName@1 (line 949)
                      ; - kotlin.jvm.internal.Intrinsics::sanitizeStackTrace@3 (line 253)
                      ; - kotlin.jvm.internal.Intrinsics::throwParameterIsNullNPE@11 (line 140)
                      ; - kotlin.jvm.internal.Intrinsics::checkNotNullParameter@5 (line 131)
                      ; - kotlin.coroutines.jvm.internal.DebugProbesKt::probeCoroutineResumed@3
                      ; - kotlin.coroutines.jvm.internal.BaseContinuationImpl::resumeWith@13 (line 29)
                      ;   {runtime_call throw_null_pointer_exception Runtime1 stub}
  0x0000021fcb0333dc: 8d17 07e8 

  0x0000021fcb0333e0: ; ImmutableOopMap {rax=Oop rdi=Oop [176]=Oop }
                      ;*invokeinterface resumeWith {reexecute=0 rethrow=0 return_oop=0}
                      ; - kotlin.coroutines.jvm.internal.BaseContinuationImpl::resumeWith@114 (line 47)
  0x0000021fcb0333e0: 1c8d 1707 

  0x0000021fcb0333e4: ;   {internal_word}
  0x0000021fcb0333e4: 49ba e42a | 03cb 1f02 | 0000 4d89 | 9760 0400 

  0x0000021fcb0333f4: ;   {runtime_call SafepointBlob}
  0x0000021fcb0333f4: 00e9 8620 

  0x0000021fcb0333f8: ;   {internal_word}
  0x0000021fcb0333f8: 0c07 49ba | fa2a 03cb | 1f02 0000 | 4d89 9760 

  0x0000021fcb033408: ;   {runtime_call SafepointBlob}
  0x0000021fcb033408: 0400 00e9 | 7020 0c07 | 4889 0424 

  0x0000021fcb033414: ;   {runtime_call throw_class_cast_exception Runtime1 stub}
  0x0000021fcb033414: e8e7 b417 

  0x0000021fcb033418: ; ImmutableOopMap {rdx=Oop [232]=Oop }
                      ;*checkcast {reexecute=0 rethrow=0 return_oop=0}
                      ; - kotlin.jvm.internal.Intrinsics::throwParameterIsNullNPE@14 (line 140)
                      ; - kotlin.jvm.internal.Intrinsics::checkNotNullParameter@5 (line 131)
                      ; - kotlin.coroutines.jvm.internal.DebugProbesKt::probeCoroutineResumed@3
                      ; - kotlin.coroutines.jvm.internal.BaseContinuationImpl::resumeWith@13 (line 29)
                      ;   {runtime_call throw_null_pointer_exception Runtime1 stub}
  0x0000021fcb033418: 07e8 e28c 

  0x0000021fcb03341c: ; ImmutableOopMap {rdx=Oop rax=Oop [232]=Oop }
                      ;*athrow {reexecute=1 rethrow=0 return_oop=0}
                      ; - (reexecute) kotlin.jvm.internal.Intrinsics::throwParameterIsNullNPE@17 (line 140)
                      ; - kotlin.jvm.internal.Intrinsics::checkNotNullParameter@5 (line 131)
                      ; - kotlin.coroutines.jvm.internal.DebugProbesKt::probeCoroutineResumed@3
                      ; - kotlin.coroutines.jvm.internal.BaseContinuationImpl::resumeWith@13 (line 29)
  0x0000021fcb03341c: 1707 4889 

  0x0000021fcb033420: ;   {runtime_call throw_class_cast_exception Runtime1 stub}
  0x0000021fcb033420: 0424 e8d9 

  0x0000021fcb033424: ; ImmutableOopMap {r8=Oop [168]=Oop [176]=Oop }
                      ;*checkcast {reexecute=0 rethrow=0 return_oop=0}
                      ; - kotlin.jvm.internal.Intrinsics::throwJavaNpe@10 (line 45)
                      ; - kotlin.jvm.internal.Intrinsics::checkNotNull@4 (line 25)
                      ; - kotlin.coroutines.jvm.internal.BaseContinuationImpl::resumeWith@31 (line 31)
                      ;   {runtime_call throw_null_pointer_exception Runtime1 stub}
  0x0000021fcb033424: b417 07e8 

  0x0000021fcb033428: ; ImmutableOopMap {r8=Oop rax=Oop [168]=Oop [176]=Oop }
                      ;*athrow {reexecute=1 rethrow=0 return_oop=0}
                      ; - (reexecute) kotlin.jvm.internal.Intrinsics::throwJavaNpe@13 (line 45)
                      ; - kotlin.jvm.internal.Intrinsics::checkNotNull@4 (line 25)
                      ; - kotlin.coroutines.jvm.internal.BaseContinuationImpl::resumeWith@31 (line 31)
  0x0000021fcb033428: d48c 1707 | 4889 0424 

  0x0000021fcb033430: ;   {runtime_call throw_class_cast_exception Runtime1 stub}
  0x0000021fcb033430: e8cb b417 

  0x0000021fcb033434: ; ImmutableOopMap {[168]=Oop [176]=Oop [208]=Oop }
                      ;*checkcast {reexecute=0 rethrow=0 return_oop=0}
                      ; - kotlin.jvm.internal.Intrinsics::throwParameterIsNullNPE@14 (line 140)
                      ; - kotlin.jvm.internal.Intrinsics::checkNotNullParameter@5 (line 131)
                      ; - kotlin.ResultKt::createFailure@3
                      ; - kotlin.coroutines.jvm.internal.BaseContinuationImpl::resumeWith@76 (line 38)
                      ;   {runtime_call throw_null_pointer_exception Runtime1 stub}
  0x0000021fcb033434: 07e8 c68c 

  0x0000021fcb033438: ; ImmutableOopMap {rax=Oop [168]=Oop [176]=Oop [208]=Oop }
                      ;*athrow {reexecute=1 rethrow=0 return_oop=0}
                      ; - (reexecute) kotlin.jvm.internal.Intrinsics::throwParameterIsNullNPE@17 (line 140)
                      ; - kotlin.jvm.internal.Intrinsics::checkNotNullParameter@5 (line 131)
                      ; - kotlin.ResultKt::createFailure@3
                      ; - kotlin.coroutines.jvm.internal.BaseContinuationImpl::resumeWith@76 (line 38)
  0x0000021fcb033438: 1707 4889 

  0x0000021fcb03343c: ;   {runtime_call throw_class_cast_exception Runtime1 stub}
  0x0000021fcb03343c: 0424 e8bd 

  0x0000021fcb033440: ; ImmutableOopMap {rsi=Oop rdi=Oop rbx=Oop rdx=Oop [176]=Oop }
                      ;*checkcast {reexecute=0 rethrow=0 return_oop=0}
                      ; - kotlin.jvm.internal.Intrinsics::throwParameterIsNullNPE@14 (line 140)
                      ; - kotlin.jvm.internal.Intrinsics::checkNotNullParameter@5 (line 131)
                      ; - kotlin.Result$Failure::<init>@3
                      ; - kotlin.ResultKt::createFailure@11 (line 122)
                      ; - kotlin.coroutines.jvm.internal.BaseContinuationImpl::resumeWith@76 (line 38)
                      ;   {runtime_call throw_null_pointer_exception Runtime1 stub}
  0x0000021fcb033440: b417 07e8 

  0x0000021fcb033444: ; ImmutableOopMap {rsi=Oop rdi=Oop rbx=Oop rdx=Oop rax=Oop [176]=Oop }
                      ;*athrow {reexecute=1 rethrow=0 return_oop=0}
                      ; - (reexecute) kotlin.jvm.internal.Intrinsics::throwParameterIsNullNPE@17 (line 140)
                      ; - kotlin.jvm.internal.Intrinsics::checkNotNullParameter@5 (line 131)
                      ; - kotlin.Result$Failure::<init>@3
                      ; - kotlin.ResultKt::createFailure@11 (line 122)
                      ; - kotlin.coroutines.jvm.internal.BaseContinuationImpl::resumeWith@76 (line 38)
  0x0000021fcb033444: b88c 1707 | 498b 87f8 | 0400 0049 | c787 f804 | 0000 0000 | 0000 49c7 | 8700 0500 | 0000 0000 
  0x0000021fcb033464: 0048 81c4 | 1001 0000 

  0x0000021fcb03346c: ;   {runtime_call unwind_exception Runtime1 stub}
  0x0000021fcb03346c: 5de9 8e71 | 1707 f4f4 | f4f4 f4f4 
[Stub Code]
  0x0000021fcb033478: ;   {no_reloc}
  0x0000021fcb033478: 0f1f 4400 

  0x0000021fcb03347c: ;   {static_stub}
  0x0000021fcb03347c: 0048 bb00 | 0000 0000 

  0x0000021fcb033484: ;   {runtime_call nmethod}
  0x0000021fcb033484: 0000 00e9 | fbff ffff 

  0x0000021fcb03348c: ;   {static_stub}
  0x0000021fcb03348c: 9048 bb00 | 0000 0000 

  0x0000021fcb033494: ;   {runtime_call nmethod}
  0x0000021fcb033494: 0000 00e9 | fbff ffff 

  0x0000021fcb03349c: ;   {static_stub}
  0x0000021fcb03349c: 9048 bb00 | 0000 0000 

  0x0000021fcb0334a4: ;   {runtime_call nmethod}
  0x0000021fcb0334a4: 0000 00e9 | fbff ffff 

  0x0000021fcb0334ac: ;   {static_stub}
  0x0000021fcb0334ac: 48bb 0000 | 0000 0000 

  0x0000021fcb0334b4: ;   {runtime_call nmethod}
  0x0000021fcb0334b4: 0000 e9fb 

  0x0000021fcb0334b8: ;   {static_stub}
  0x0000021fcb0334b8: ffff ff48 | bb00 0000 | 0000 0000 

  0x0000021fcb0334c4: ;   {runtime_call nmethod}
  0x0000021fcb0334c4: 00e9 fbff 

  0x0000021fcb0334c8: ;   {static_stub}
  0x0000021fcb0334c8: ffff 48bb | 0000 0000 | 0000 0000 

  0x0000021fcb0334d4: ;   {runtime_call nmethod}
  0x0000021fcb0334d4: e9fb ffff 

  0x0000021fcb0334d8: ;   {static_stub}
  0x0000021fcb0334d8: ff48 bb00 | 0000 0000 

  0x0000021fcb0334e0: ;   {runtime_call nmethod}
  0x0000021fcb0334e0: 0000 00e9 | fbff ffff 

  0x0000021fcb0334e8: ;   {static_stub}
  0x0000021fcb0334e8: 48bb 0000 | 0000 0000 

  0x0000021fcb0334f0: ;   {runtime_call nmethod}
  0x0000021fcb0334f0: 0000 e9fb 

  0x0000021fcb0334f4: ;   {runtime_call handle_exception_from_callee Runtime1 stub}
  0x0000021fcb0334f4: ffff ffe8 | 04ae 1707 

  0x0000021fcb0334fc: ;   {external_word}
  0x0000021fcb0334fc: 48b9 789b | e171 f97f | 0000 4883 

  0x0000021fcb033508: ;   {runtime_call}
  0x0000021fcb033508: e4f0 48b8 | d0e6 a371 | f97f 0000 

  0x0000021fcb033514: ;   {section_word}
  0x0000021fcb033514: ffd0 f449 | ba17 3503 | cb1f 0200 

  0x0000021fcb033520: ;   {runtime_call DeoptimizationBlob}
  0x0000021fcb033520: 0041 52e9 | f811 0c07 
[/MachCode]


Compiled method (c1) 89634 2574   !   3       kotlinx.coroutines.DispatchedTask::run (387 bytes)
 total in heap  [0x0000021fcb03b310,0x0000021fcb0406d8] = 21448
 relocation     [0x0000021fcb03b470,0x0000021fcb03b990] = 1312
 main code      [0x0000021fcb03b9a0,0x0000021fcb03ea28] = 12424
 stub code      [0x0000021fcb03ea28,0x0000021fcb03ebf8] = 464
 oops           [0x0000021fcb03ebf8,0x0000021fcb03ec18] = 32
 metadata       [0x0000021fcb03ec18,0x0000021fcb03eca8] = 144
 scopes data    [0x0000021fcb03eca8,0x0000021fcb03f610] = 2408
 scopes pcs     [0x0000021fcb03f610,0x0000021fcb03fda0] = 1936
 dependencies   [0x0000021fcb03fda0,0x0000021fcb03fdb0] = 16
 handler table  [0x0000021fcb03fdb0,0x0000021fcb040648] = 2200
 nul chk table  [0x0000021fcb040648,0x0000021fcb0406d8] = 144

[Constant Pool (empty)]

[MachCode]
[Entry Point]
  # {method} {0x00000220235013b0} 'run' '()V' in 'kotlinx/coroutines/DispatchedTask'
  #           [sp+0x180]  (sp of caller)
  0x0000021fcb03b9a0: 448b 5208 | 49bb 0000 | 00e2 1f02 | 0000 4d03 | d34c 3bd0 

  0x0000021fcb03b9b4: ;   {runtime_call ic_miss_stub}
  0x0000021fcb03b9b4: 0f85 c62d | 0b07 660f | 1f44 0000 
[Verified Entry Point]
  0x0000021fcb03b9c0: e9bb bc06 | 07ff ff55 | 4881 ec70 | 0100 0090 | 4181 7f20 | c500 0000 

  0x0000021fcb03b9d8: ;   {runtime_call StubRoutines (final stubs)}
  0x0000021fcb03b9d8: 7405 e801 | ab09 0748 | 8994 24b0 

  0x0000021fcb03b9e4: ;   {metadata(method data for {method} {0x00000220235013b0} 'run' '()V' in 'kotlinx/coroutines/DispatchedTask')}
  0x0000021fcb03b9e4: 0000 0048 | be40 a9dc | 2420 0200 | 008b becc | 0000 0083 | c702 89be | cc00 0000 | 81e7 fe07 
  0x0000021fcb03ba04: 0000 85ff | 0f84 8c29 

  0x0000021fcb03ba0c: ;   {metadata(method data for {method} {0x00000220235013b0} 'run' '()V' in 'kotlinx/coroutines/DispatchedTask')}
  0x0000021fcb03ba0c: 0000 48be | 40a9 dc24 | 2002 0000 | 4883 8610 | 0100 0001 

  0x0000021fcb03ba20: ;   {metadata(method data for {method} {0x00000220234de438} 'getASSERTIONS_ENABLED' '()Z' in 'kotlinx/coroutines/DebugKt')}
  0x0000021fcb03ba20: 48be c81c | 6224 2002 | 0000 8bbe | cc00 0000 | 83c7 0289 | becc 0000 | 0081 e7fe | ff1f 0085 
  0x0000021fcb03ba40: ff0f 8474 

  0x0000021fcb03ba44: ;   {metadata(method data for {method} {0x00000220235013b0} 'run' '()V' in 'kotlinx/coroutines/DispatchedTask')}
  0x0000021fcb03ba44: 2900 0048 | be40 a9dc | 2420 0200 | 00ff 8620 | 0100 0048 

  0x0000021fcb03ba58: ;   {metadata(method data for {method} {0x00000220235013b0} 'run' '()V' in 'kotlinx/coroutines/DispatchedTask')}
  0x0000021fcb03ba58: 8bf2 48bf | 40a9 dc24 | 2002 0000 | 8b76 0849 | ba00 0000 | e21f 0200 | 0049 03f2 | 483b b7b8 
  0x0000021fcb03ba78: 0100 0075 | 0d48 8387 | c001 0000 | 01e9 6000 | 0000 483b | b7c8 0100 | 0075 0d48 | 8387 d001 
  0x0000021fcb03ba98: 0000 01e9 | 4a00 0000 | 4883 bfb8 | 0100 0000 | 7517 4889 | b7b8 0100 | 0048 c787 | c001 0000 
  0x0000021fcb03bab8: 0100 0000 | e929 0000 | 0048 83bf | c801 0000 | 0075 1748 | 89b7 c801 | 0000 48c7 | 87d0 0100 
  0x0000021fcb03bad8: 0001 0000 | 00e9 0800 | 0000 4883 | 87a8 0100 | 0001 488b | f248 8bd6 | 0f1f 4400 | 0048 b8ff 
  0x0000021fcb03baf8: ffff ffff 

  0x0000021fcb03bafc: ;   {virtual_call}
  0x0000021fcb03bafc: ffff ffe8 

  0x0000021fcb03bb00: ; ImmutableOopMap {[176]=Oop }
                      ;*invokevirtual getDelegate$kotlinx_coroutines_core {reexecute=0 rethrow=0 return_oop=0}
                      ; - kotlinx.coroutines.DispatchedTask::run@34 (line 80)
  0x0000021fcb03bb00: 4495 1707 

  0x0000021fcb03bb04: ;   {other}
  0x0000021fcb03bb04: 0f1f 8400 | f407 0000 | 4889 8424 | b800 0000 

  0x0000021fcb03bb14: ;   {metadata(method data for {method} {0x00000220235013b0} 'run' '()V' in 'kotlinx/coroutines/DispatchedTask')}
  0x0000021fcb03bb14: 48ba 40a9 | dc24 2002 | 0000 4883 | 82e0 0100 

  0x0000021fcb03bb24: ;   {metadata(method data for {method} {0x0000022023414498} 'checkNotNull' '(Ljava/lang/Object;Ljava/lang/String;)V' in 'kotlin/jvm/internal/Intrinsics')}
  0x0000021fcb03bb24: 0001 48ba | a8cd ed23 | 2002 0000 | 8bb2 cc00 | 0000 83c6 | 0289 b2cc | 0000 0081 | e6fe ff1f 
  0x0000021fcb03bb44: 0085 f60f | 848f 2800 | 0048 85c0 

  0x0000021fcb03bb50: ;   {metadata(method data for {method} {0x0000022023414498} 'checkNotNull' '(Ljava/lang/Object;Ljava/lang/String;)V' in 'kotlin/jvm/internal/Intrinsics')}
  0x0000021fcb03bb50: 48ba a8cd | ed23 2002 | 0000 48c7 | c610 0100 | 0075 0748 | c7c6 2001 | 0000 488b | 3c32 488d 
  0x0000021fcb03bb70: 7f01 4889 | 3c32 0f85 | e001 0000 

  0x0000021fcb03bb7c: ;   {metadata(method data for {method} {0x0000022023414498} 'checkNotNull' '(Ljava/lang/Object;Ljava/lang/String;)V' in 'kotlin/jvm/internal/Intrinsics')}
  0x0000021fcb03bb7c: 48ba a8cd | ed23 2002 | 0000 4883 | 8230 0100 

  0x0000021fcb03bb8c: ;   {metadata(method data for {method} {0x0000022023414768} 'throwJavaNpe' '(Ljava/lang/String;)V' in 'kotlin/jvm/internal/Intrinsics')}
  0x0000021fcb03bb8c: 0001 48ba | 60cf ed23 | 2002 0000 | 8bb2 cc00 | 0000 83c6 | 0289 b2cc | 0000 0081 | e6fe ff1f 
  0x0000021fcb03bbac: 0085 f60f | 8448 2800 | 0066 6690 

  0x0000021fcb03bbb8: ;   {no_reloc}
  0x0000021fcb03bbb8: e970 2800 | 0000 0000 | 0000 498b | 87b8 0100 | 0048 8d78 | 3049 3bbf | c801 0000 | 0f87 5d28 
  0x0000021fcb03bbd8: 0000 4989 | bfb8 0100 | 0048 c700 | 0100 0000 | 488b ca49 | ba00 0000 | e21f 0200 | 0049 2bca 
  0x0000021fcb03bbf8: 8948 0848 | 33c9 8948 | 0c48 33c9 | 4889 4810 | 4889 4818 | 4889 4820 | 4889 4828 

  0x0000021fcb03bc14: ;   {metadata(method data for {method} {0x0000022023414768} 'throwJavaNpe' '(Ljava/lang/String;)V' in 'kotlin/jvm/internal/Intrinsics')}
  0x0000021fcb03bc14: 4c8b c048 | ba60 cfed | 2320 0200 | 0048 8382 | 1001 0000 

  0x0000021fcb03bc28: ;   {oop("null cannot be cast to non-null type kotlinx.coroutines.internal.DispatchedContinuation<T of kotlinx.coroutines.DispatchedTask>"{0x00000007fffece80})}
  0x0000021fcb03bc28: 0149 b880 | cefe ff07 | 0000 0048 | 8bd0 4889 | 8424 c000 

  0x0000021fcb03bc3c: ;   {optimized virtual_call}
  0x0000021fcb03bc3c: 0000 90e8 

  0x0000021fcb03bc40: ; ImmutableOopMap {[176]=Oop [184]=Oop [192]=Oop }
                      ;*invokespecial <init> {reexecute=0 rethrow=0 return_oop=0}
                      ; - kotlin.jvm.internal.Intrinsics::throwJavaNpe@5 (line 50)
                      ; - kotlin.jvm.internal.Intrinsics::checkNotNull@5 (line 31)
                      ; - kotlinx.coroutines.DispatchedTask::run@40 (line 80)
  0x0000021fcb03bc40: 3c2e 0b07 

  0x0000021fcb03bc44: ;   {other}
  0x0000021fcb03bc44: 0f1f 8400 | 3409 0001 

  0x0000021fcb03bc4c: ;   {metadata(method data for {method} {0x0000022023414768} 'throwJavaNpe' '(Ljava/lang/String;)V' in 'kotlin/jvm/internal/Intrinsics')}
  0x0000021fcb03bc4c: 48ba 60cf | ed23 2002 | 0000 4883 | 8220 0100 

  0x0000021fcb03bc5c: ;   {metadata(method data for {method} {0x00000220234164f8} 'sanitizeStackTrace' '(Ljava/lang/Throwable;)Ljava/lang/Throwable;' in 'kotlin/jvm/internal/Intrinsics')}
  0x0000021fcb03bc5c: 0001 48ba | 18cc 5b23 | 2002 0000 | 8bb2 cc00 | 0000 83c6 | 0289 b2cc | 0000 0081 | e6fe ff1f 
  0x0000021fcb03bc7c: 0085 f60f | 84bf 2700 

  0x0000021fcb03bc84: ;   {oop(a 'java/lang/Class'{0x0000000701a53348} = 'kotlin/jvm/internal/Intrinsics')}
  0x0000021fcb03bc84: 0048 ba48 | 33a5 0107 | 0000 0048 

  0x0000021fcb03bc90: ;   {metadata(method data for {method} {0x00000220234164f8} 'sanitizeStackTrace' '(Ljava/lang/Throwable;)Ljava/lang/Throwable;' in 'kotlin/jvm/internal/Intrinsics')}
  0x0000021fcb03bc90: 8bf2 48bf | 18cc 5b23 | 2002 0000 | 4883 8710 | 0100 0001 

  0x0000021fcb03bca4: ;   {metadata(method data for {method} {0x0000021fe246b368} 'getName' '()Ljava/lang/String;' in 'java/lang/Class')}
  0x0000021fcb03bca4: 48be 907d | 0323 2002 | 0000 8bbe | cc00 0000 | 83c7 0289 | becc 0000 | 0081 e7fe | ff1f 0085 
  0x0000021fcb03bcc4: ff0f 849a | 2700 008b | 522c 48c1 | e203 4885 

  0x0000021fcb03bcd4: ;   {metadata(method data for {method} {0x0000021fe246b368} 'getName' '()Ljava/lang/String;' in 'java/lang/Class')}
  0x0000021fcb03bcd4: d248 be90 | 7d03 2320 | 0200 0048 | c7c7 1001 | 0000 7407 | 48c7 c720 | 0100 0048 | 8b1c 3e48 
  0x0000021fcb03bcf4: 8d5b 0148 | 891c 3e0f | 8418 0000 

  0x0000021fcb03bd00: ;   {metadata(method data for {method} {0x0000021fe246b368} 'getName' '()Ljava/lang/String;' in 'java/lang/Class')}
  0x0000021fcb03bd00: 0048 be90 | 7d03 2320 | 0200 00ff | 8630 0100 | 0048 8bf2 | e936 0000 

  0x0000021fcb03bd18: ;   {oop(a 'java/lang/Class'{0x0000000701a53348} = 'kotlin/jvm/internal/Intrinsics')}
  0x0000021fcb03bd18: 0048 ba48 | 33a5 0107 | 0000 0048 

  0x0000021fcb03bd24: ;   {metadata(method data for {method} {0x0000021fe246b368} 'getName' '()Ljava/lang/String;' in 'java/lang/Class')}
  0x0000021fcb03bd24: 8bf2 48bf | 907d 0323 | 2002 0000 | 4883 8748 | 0100 0001 | 0f1f 8000 

  0x0000021fcb03bd3c: ;   {optimized virtual_call}
  0x0000021fcb03bd3c: 0000 00e8 

  0x0000021fcb03bd40: ; ImmutableOopMap {[176]=Oop [184]=Oop [192]=Oop }
                      ;*invokevirtual initClassName {reexecute=0 rethrow=0 return_oop=0}
                      ; - java.lang.Class::getName@14 (line 950)
                      ; - kotlin.jvm.internal.Intrinsics::sanitizeStackTrace@3 (line 253)
                      ; - kotlin.jvm.internal.Intrinsics::throwJavaNpe@8 (line 50)
                      ; - kotlin.jvm.internal.Intrinsics::checkNotNull@5 (line 31)
                      ; - kotlinx.coroutines.DispatchedTask::run@40 (line 80)
  0x0000021fcb03bd40: 3c2d 0b07 

  0x0000021fcb03bd44: ;   {other}
  0x0000021fcb03bd44: 0f1f 8400 | 340a 0002 | 488b f048 | 8b84 24c0 | 0000 00e9 | 3022 0000 | 4885 c075 

  0x0000021fcb03bd60: ;   {metadata(method data for {method} {0x00000220235013b0} 'run' '()V' in 'kotlinx/coroutines/DispatchedTask')}
  0x0000021fcb03bd60: 1648 bf40 | a9dc 2420 | 0200 0080 | 8fe9 0100 | 0001 e9cc 

  0x0000021fcb03bd74: ;   {metadata('kotlinx/coroutines/internal/DispatchedContinuation')}
  0x0000021fcb03bd74: 0000 0048 | bba8 d008 | e31f 0200 | 008b 7008 | 49ba 0000 | 00e2 1f02 | 0000 4903 | f248 3bde 
  0x0000021fcb03bd94: 0f85 8d00 

  0x0000021fcb03bd98: ;   {metadata(method data for {method} {0x00000220235013b0} 'run' '()V' in 'kotlinx/coroutines/DispatchedTask')}
  0x0000021fcb03bd98: 0000 48bf | 40a9 dc24 | 2002 0000 | 8b58 0849 | ba00 0000 | e21f 0200 | 0049 03da | 483b 9f00 
  0x0000021fcb03bdb8: 0200 0075 | 0d48 8387 | 0802 0000 | 01e9 7900 | 0000 483b | 9f10 0200 | 0075 0d48 | 8387 1802 
  0x0000021fcb03bdd8: 0000 01e9 | 6300 0000 | 4883 bf00 | 0200 0000 | 7517 4889 | 9f00 0200 | 0048 c787 | 0802 0000 
  0x0000021fcb03bdf8: 0100 0000 | e942 0000 | 0048 83bf | 1002 0000 | 0075 1748 | 899f 1002 | 0000 48c7 | 8718 0200 
  0x0000021fcb03be18: 0001 0000 | 00e9 2100 | 0000 e91c 

  0x0000021fcb03be24: ;   {metadata(method data for {method} {0x00000220235013b0} 'run' '()V' in 'kotlinx/coroutines/DispatchedTask')}
  0x0000021fcb03be24: 0000 0048 | bf40 a9dc | 2420 0200 | 0048 83af | f001 0000 | 01e9 4d26 | 0000 e900 | 0000 0048 
  0x0000021fcb03be44: 8bd0 8b72 | 2048 c1e6 | 038b 7a28 | 48c1 e703 

  0x0000021fcb03be54: ; implicit exception: dispatches to 0x0000021fcb03e499
  0x0000021fcb03be54: 483b 0648 

  0x0000021fcb03be58: ;   {metadata(method data for {method} {0x00000220235013b0} 'run' '()V' in 'kotlinx/coroutines/DispatchedTask')}
  0x0000021fcb03be58: 8bd6 48bb | 40a9 dc24 | 2002 0000 | 8b52 0849 | ba00 0000 | e21f 0200 | 0049 03d2 | 483b 9338 
  0x0000021fcb03be78: 0200 0075 | 0d48 8383 | 4002 0000 | 01e9 6000 | 0000 483b | 9348 0200 | 0075 0d48 | 8383 5002 
  0x0000021fcb03be98: 0000 01e9 | 4a00 0000 | 4883 bb38 | 0200 0000 | 7517 4889 | 9338 0200 | 0048 c783 | 4002 0000 
  0x0000021fcb03beb8: 0100 0000 | e929 0000 | 0048 83bb | 4802 0000 | 0075 1748 | 8993 4802 | 0000 48c7 | 8350 0200 
  0x0000021fcb03bed8: 0001 0000 | 00e9 0800 | 0000 4883 | 8328 0200 | 0001 488b | d648 89b4 | 24d0 0000 | 0048 89bc 
  0x0000021fcb03bef8: 24c8 0000 | 0048 b870 | 318a 2f20 

  0x0000021fcb03bf04: ;   {virtual_call}
  0x0000021fcb03bf04: 0200 00e8 

  0x0000021fcb03bf08: ; ImmutableOopMap {[176]=Oop [200]=Oop [208]=Oop }
                      ;*invokeinterface getContext {reexecute=0 rethrow=0 return_oop=0}
                      ; - kotlinx.coroutines.DispatchedTask::run@61 (line 222)
  0x0000021fcb03bf08: f48f 1707 

  0x0000021fcb03bf0c: ;   {other}
  0x0000021fcb03bf0c: 0f1f 8400 | fc0b 0003 

  0x0000021fcb03bf14: ;   {metadata(method data for {method} {0x00000220235013b0} 'run' '()V' in 'kotlinx/coroutines/DispatchedTask')}
  0x0000021fcb03bf14: 48ba 40a9 | dc24 2002 | 0000 4883 | 8260 0200 | 0001 488b | d04c 8b84 | 24c8 0000 | 0048 8984 
  0x0000021fcb03bf34: 24d8 0000 | 0066 0f1f 

  0x0000021fcb03bf3c: ;   {static_call}
  0x0000021fcb03bf3c: 4400 00e8 

  0x0000021fcb03bf40: ; ImmutableOopMap {[176]=Oop [208]=Oop [216]=Oop }
                      ;*invokestatic updateThreadContext {reexecute=0 rethrow=0 return_oop=0}
                      ; - kotlinx.coroutines.DispatchedTask::run@71 (line 223)
  0x0000021fcb03bf40: dcc1 9207 

  0x0000021fcb03bf44: ;   {other}
  0x0000021fcb03bf44: 0f1f 8400 | 340c 0004 

  0x0000021fcb03bf4c: ;   {oop(a 'kotlinx/coroutines/internal/Symbol'{0x00000007fff52df0})}
  0x0000021fcb03bf4c: 49ba f02d | f5ff 0700 | 0000 493b 

  0x0000021fcb03bf58: ;   {metadata(method data for {method} {0x00000220235013b0} 'run' '()V' in 'kotlinx/coroutines/DispatchedTask')}
  0x0000021fcb03bf58: c248 ba40 | a9dc 2420 | 0200 0049 | c7c0 7002 | 0000 7407 | 49c7 c080 | 0200 004e | 8b0c 024d 
  0x0000021fcb03bf78: 8d49 014e | 890c 020f | 8454 0000 

  0x0000021fcb03bf84: ;   {metadata(method data for {method} {0x00000220235013b0} 'run' '()V' in 'kotlinx/coroutines/DispatchedTask')}
  0x0000021fcb03bf84: 0048 ba40 | a9dc 2420 | 0200 0048 | 8382 9002 | 0000 0148 | 8b94 24d0 | 0000 004c | 8b84 24d8 
  0x0000021fcb03bfa4: 0000 004c | 8bc8 4889 | 8424 e000 | 0000 0f1f 

  0x0000021fcb03bfb4: ;   {static_call}
  0x0000021fcb03bfb4: 4400 00e8 

  0x0000021fcb03bfb8: ; ImmutableOopMap {[176]=Oop [208]=Oop [216]=Oop [224]=Oop }
                      ;*invokestatic updateUndispatchedCompletion {reexecute=0 rethrow=0 return_oop=0}
                      ; - kotlinx.coroutines.DispatchedTask::run@89 (line 226)
  0x0000021fcb03bfb8: c430 0b07 

  0x0000021fcb03bfbc: ;   {other}
  0x0000021fcb03bfbc: 0f1f 8400 | ac0c 0005 

  0x0000021fcb03bfc4: ;   {metadata(method data for {method} {0x00000220235013b0} 'run' '()V' in 'kotlinx/coroutines/DispatchedTask')}
  0x0000021fcb03bfc4: 48ba 40a9 | dc24 2002 | 0000 ff82 | a002 0000 | e912 0000 | 0048 8984 | 24e0 0000 

  0x0000021fcb03bfe0: ;   {oop(nullptr)}
  0x0000021fcb03bfe0: 0048 b800 | 0000 0000 | 0000 0048 | 8984 24e8 | 0000 0048 | 8bb4 24d0 

  0x0000021fcb03bff8: ;   {metadata(method data for {method} {0x00000220235013b0} 'run' '()V' in 'kotlinx/coroutines/DispatchedTask')}
  0x0000021fcb03bff8: 0000 0048 | ba40 a9dc | 2420 0200 | 008b 7608 | 49ba 0000 | 00e2 1f02 | 0000 4903 | f248 3bb2 
  0x0000021fcb03c018: c802 0000 | 750d 4883 | 82d0 0200 | 0001 e960 | 0000 0048 | 3bb2 d802 | 0000 750d | 4883 82e0 
  0x0000021fcb03c038: 0200 0001 | e94a 0000 | 0048 83ba | c802 0000 | 0075 1748 | 89b2 c802 | 0000 48c7 | 82d0 0200 
  0x0000021fcb03c058: 0001 0000 | 00e9 2900 | 0000 4883 | bad8 0200 | 0000 7517 | 4889 b2d8 | 0200 0048 | c782 e002 
  0x0000021fcb03c078: 0000 0100 | 0000 e908 | 0000 0048 | 8382 b802 | 0000 0148 | 8b94 24d0 | 0000 0066 | 9048 b840 
  0x0000021fcb03c098: 318a 2f20 

  0x0000021fcb03c09c: ;   {virtual_call}
  0x0000021fcb03c09c: 0200 00e8 

  0x0000021fcb03c0a0: ; ImmutableOopMap {[176]=Oop [208]=Oop [216]=Oop [224]=Oop [232]=Oop }
                      ;*invokeinterface getContext {reexecute=0 rethrow=0 return_oop=0}
                      ; - kotlinx.coroutines.DispatchedTask::run@103 (line 83)
  0x0000021fcb03c0a0: 5c8e 1707 

  0x0000021fcb03c0a4: ;   {other}
  0x0000021fcb03c0a4: 0f1f 8400 | 940d 0006 | 488b 9424 | b000 0000 

  0x0000021fcb03c0b4: ;   {metadata(method data for {method} {0x00000220235013b0} 'run' '()V' in 'kotlinx/coroutines/DispatchedTask')}
  0x0000021fcb03c0b4: 48be 40a9 | dc24 2002 | 0000 8b52 | 0849 ba00 | 0000 e21f | 0200 0049 | 03d2 483b | 9600 0300 
  0x0000021fcb03c0d4: 0075 0d48 | 8386 0803 | 0000 01e9 | 6000 0000 | 483b 9610 | 0300 0075 | 0d48 8386 | 1803 0000 
  0x0000021fcb03c0f4: 01e9 4a00 | 0000 4883 | be00 0300 | 0000 7517 | 4889 9600 | 0300 0048 | c786 0803 | 0000 0100 
  0x0000021fcb03c114: 0000 e929 | 0000 0048 | 83be 1003 | 0000 0075 | 1748 8996 | 1003 0000 | 48c7 8618 | 0300 0001 
  0x0000021fcb03c134: 0000 00e9 | 0800 0000 | 4883 86f0 | 0200 0001 | 488b 9424 | b000 0000 | 4889 8424 | f000 0000 
  0x0000021fcb03c154: 9048 b8ff | ffff ffff 

  0x0000021fcb03c15c: ;   {virtual_call}
  0x0000021fcb03c15c: ffff ffe8 

  0x0000021fcb03c160: ; ImmutableOopMap {[176]=Oop [208]=Oop [216]=Oop [224]=Oop [232]=Oop [240]=Oop }
                      ;*invokevirtual takeState$kotlinx_coroutines_core {reexecute=0 rethrow=0 return_oop=0}
                      ; - kotlinx.coroutines.DispatchedTask::run@111 (line 84)
  0x0000021fcb03c160: 148f 1707 

  0x0000021fcb03c164: ;   {other}
  0x0000021fcb03c164: 0f1f 8400 | 540e 0007 | 4889 8424 | f800 0000 | 488b 9424 | b000 0000 

  0x0000021fcb03c17c: ;   {metadata(method data for {method} {0x00000220235013b0} 'run' '()V' in 'kotlinx/coroutines/DispatchedTask')}
  0x0000021fcb03c17c: 49b8 40a9 | dc24 2002 | 0000 8b52 | 0849 ba00 | 0000 e21f | 0200 0049 | 03d2 493b | 9038 0300 
  0x0000021fcb03c19c: 0075 0d49 | 8380 4003 | 0000 01e9 | 6000 0000 | 493b 9048 | 0300 0075 | 0d49 8380 | 5003 0000 
  0x0000021fcb03c1bc: 01e9 4a00 | 0000 4983 | b838 0300 | 0000 7517 | 4989 9038 | 0300 0049 | c780 4003 | 0000 0100 
  0x0000021fcb03c1dc: 0000 e929 | 0000 0049 | 83b8 4803 | 0000 0075 | 1749 8990 | 4803 0000 | 49c7 8050 | 0300 0001 
  0x0000021fcb03c1fc: 0000 00e9 | 0800 0000 | 4983 8028 | 0300 0001 | 4c8b c048 | 8b94 24b0 | 0000 0066 | 0f1f 4400 
  0x0000021fcb03c21c: 0048 b8ff | ffff ffff 

  0x0000021fcb03c224: ;   {virtual_call}
  0x0000021fcb03c224: ffff ffe8 

  0x0000021fcb03c228: ; ImmutableOopMap {[176]=Oop [208]=Oop [216]=Oop [224]=Oop [232]=Oop [240]=Oop [248]=Oop }
                      ;*invokevirtual getExceptionalResult$kotlinx_coroutines_core {reexecute=0 rethrow=0 return_oop=0}
                      ; - kotlinx.coroutines.DispatchedTask::run@119 (line 85)
  0x0000021fcb03c228: 748c 1707 

  0x0000021fcb03c22c: ;   {other}
  0x0000021fcb03c22c: 0f1f 8400 | 1c0f 0008 | 4889 8424 | 0001 0000 

  0x0000021fcb03c23c: ;   {metadata(method data for {method} {0x00000220235013b0} 'run' '()V' in 'kotlinx/coroutines/DispatchedTask')}
  0x0000021fcb03c23c: 4885 c049 | b840 a9dc | 2420 0200 | 0048 c7c2 | 6003 0000 | 7507 48c7 | c270 0300 | 0049 8b34 
  0x0000021fcb03c25c: 1048 8d76 | 0149 8934 | 1048 8b94 | 24b0 0000 | 000f 85f2 | 0000 0044 

  0x0000021fcb03c274: ;   {metadata(method data for {method} {0x00000220235013b0} 'run' '()V' in 'kotlinx/coroutines/DispatchedTask')}
  0x0000021fcb03c274: 8b42 1848 | be40 a9dc | 2420 0200 | 0048 8386 | 8003 0000 

  0x0000021fcb03c288: ;   {metadata(method data for {method} {0x000002202351bc58} 'isCancellableMode' '(I)Z' in 'kotlinx/coroutines/DispatchedTaskKt')}
  0x0000021fcb03c288: 0148 be20 | 3bd8 2420 | 0200 008b | becc 0000 | 0083 c702 | 89be cc00 | 0000 81e7 | feff 1f00 
  0x0000021fcb03c2a8: 85ff 0f84 | ee21 0000 | 4183 f801 

  0x0000021fcb03c2b4: ;   {metadata(method data for {method} {0x000002202351bc58} 'isCancellableMode' '(I)Z' in 'kotlinx/coroutines/DispatchedTaskKt')}
  0x0000021fcb03c2b4: 48be 203b | d824 2002 | 0000 48c7 | c710 0100 | 0074 0748 | c7c7 2001 | 0000 488b | 1c3e 488d 
  0x0000021fcb03c2d4: 5b01 4889 | 1c3e 0f84 | 3000 0000 | 4183 f802 

  0x0000021fcb03c2e4: ;   {metadata(method data for {method} {0x000002202351bc58} 'isCancellableMode' '(I)Z' in 'kotlinx/coroutines/DispatchedTaskKt')}
  0x0000021fcb03c2e4: 49b8 203b | d824 2002 | 0000 48c7 | c630 0100 | 0075 0748 | c7c6 4001 | 0000 498b | 3c30 488d 
  0x0000021fcb03c304: 7f01 4989 | 3c30 0f85 | 1c00 0000 

  0x0000021fcb03c310: ;   {metadata(method data for {method} {0x000002202351bc58} 'isCancellableMode' '(I)Z' in 'kotlinx/coroutines/DispatchedTaskKt')}
  0x0000021fcb03c310: 49b8 203b | d824 2002 | 0000 41ff | 8050 0100 | 0041 b801 | 0000 00e9 | 0600 0000 | 41b8 0000 
  0x0000021fcb03c330: 0000 4183 | e001 4585 

  0x0000021fcb03c338: ;   {metadata(method data for {method} {0x00000220235013b0} 'run' '()V' in 'kotlinx/coroutines/DispatchedTask')}
  0x0000021fcb03c338: c049 b840 | a9dc 2420 | 0200 0048 | c7c6 a003 | 0000 7507 | 48c7 c690 | 0300 0049 | 8b3c 3048 
  0x0000021fcb03c358: 8d7f 0149 | 893c 300f | 850f 0000 

  0x0000021fcb03c364: ;   {oop(nullptr)}
  0x0000021fcb03c364: 0048 be00 | 0000 0000 | 0000 00e9 | e001 0000 | 488b 8424 | f000 0000 

  0x0000021fcb03c37c: ; implicit exception: dispatches to 0x0000021fcb03e4bf
  0x0000021fcb03c37c: 483b 004c 

  0x0000021fcb03c380: ;   {metadata(method data for {method} {0x00000220235013b0} 'run' '()V' in 'kotlinx/coroutines/DispatchedTask')}
  0x0000021fcb03c380: 8bc0 48bf | 40a9 dc24 | 2002 0000 | 458b 4008 | 49ba 0000 | 00e2 1f02 | 0000 4d03 | c24c 3b87 
  0x0000021fcb03c3a0: f803 0000 | 750d 4883 | 8700 0400 | 0001 e960 | 0000 004c | 3b87 0804 | 0000 750d | 4883 8710 
  0x0000021fcb03c3c0: 0400 0001 | e94a 0000 | 0048 83bf | f803 0000 | 0075 174c | 8987 f803 | 0000 48c7 | 8700 0400 
  0x0000021fcb03c3e0: 0001 0000 | 00e9 2900 | 0000 4883 | bf08 0400 | 0000 7517 | 4c89 8708 | 0400 0048 | c787 1004 
  0x0000021fcb03c400: 0000 0100 | 0000 e908 | 0000 0048 | 8387 e803 

  0x0000021fcb03c410: ;   {oop(a 'kotlinx/coroutines/Job$Key'{0x00000007fffe3b58})}
  0x0000021fcb03c410: 0000 0149 | b858 3bfe | ff07 0000 | 0048 8bd0 | 0f1f 4400 | 0048 b840 | 7d08 e31f 

  0x0000021fcb03c42c: ;   {virtual_call}
  0x0000021fcb03c42c: 0200 00e8 

  0x0000021fcb03c430: ; ImmutableOopMap {[176]=Oop [208]=Oop [216]=Oop [224]=Oop [232]=Oop [248]=Oop [256]=Oop }
                      ;*invokeinterface get {reexecute=0 rethrow=0 return_oop=0}
                      ; - kotlinx.coroutines.DispatchedTask::run@147 (line 91)
  0x0000021fcb03c430: 0cbb 7b07 

  0x0000021fcb03c434: ;   {other}
  0x0000021fcb03c434: 0f1f 8400 | 2411 0009 | 4885 c075 

  0x0000021fcb03c440: ;   {metadata(method data for {method} {0x00000220235013b0} 'run' '()V' in 'kotlinx/coroutines/DispatchedTask')}
  0x0000021fcb03c440: 1648 bf40 | a9dc 2420 | 0200 0080 | 8f19 0400 | 0001 e9e7 

  0x0000021fcb03c454: ;   {metadata('kotlinx/coroutines/Job')}
  0x0000021fcb03c454: 0000 0048 | bb18 5608 | e31f 0200 | 008b 7808 | 49ba 0000 | 00e2 1f02 | 0000 4903 | fa48 3b5f 
  0x0000021fcb03c474: 200f 841a | 0000 0048 | 3bfb 0f84 | 1100 0000 

  0x0000021fcb03c484: ;   {runtime_call slow_subtype_check Runtime1 stub}
  0x0000021fcb03c484: 5753 e875 | 2a17 075f | 5f85 ff0f | 848d 0000 

  0x0000021fcb03c494: ;   {metadata(method data for {method} {0x00000220235013b0} 'run' '()V' in 'kotlinx/coroutines/DispatchedTask')}
  0x0000021fcb03c494: 0048 bf40 | a9dc 2420 | 0200 008b | 5808 49ba | 0000 00e2 | 1f02 0000 | 4903 da48 | 3b9f 3004 
  0x0000021fcb03c4b4: 0000 750d | 4883 8738 | 0400 0001 | e979 0000 | 0048 3b9f | 4004 0000 | 750d 4883 | 8748 0400 
  0x0000021fcb03c4d4: 0001 e963 | 0000 0048 | 83bf 3004 | 0000 0075 | 1748 899f | 3004 0000 | 48c7 8738 | 0400 0001 
  0x0000021fcb03c4f4: 0000 00e9 | 4200 0000 | 4883 bf40 | 0400 0000 | 7517 4889 | 9f40 0400 | 0048 c787 | 4804 0000 
  0x0000021fcb03c514: 0100 0000 | e921 0000 | 00e9 1c00 

  0x0000021fcb03c520: ;   {metadata(method data for {method} {0x00000220235013b0} 'run' '()V' in 'kotlinx/coroutines/DispatchedTask')}
  0x0000021fcb03c520: 0000 48bf | 40a9 dc24 | 2002 0000 | 4883 af20 | 0400 0001 | e98b 1f00 | 00e9 0000 | 0000 488b 
  0x0000021fcb03c540: ;   {metadata(method data for {method} {0x00000220235013b0} 'run' '()V' in 'kotlinx/coroutines/DispatchedTask')}
  0x0000021fcb03c540: d048 be40 | a9dc 2420 | 0200 00ff | 8658 0400 | 0048 8bf2 

  0x0000021fcb03c554: ;   {metadata(method data for {method} {0x00000220235013b0} 'run' '()V' in 'kotlinx/coroutines/DispatchedTask')}
  0x0000021fcb03c554: 4885 f648 | ba40 a9dc | 2420 0200 | 0048 c7c7 | 7004 0000 | 7407 48c7 | c780 0400 | 0048 8b1c 
  0x0000021fcb03c574: 3a48 8d5b | 0148 891c | 3a0f 84e7 | 0000 0048 | 3b06 488b 

  0x0000021fcb03c588: ;   {metadata(method data for {method} {0x00000220235013b0} 'run' '()V' in 'kotlinx/coroutines/DispatchedTask')}
  0x0000021fcb03c588: d648 bf40 | a9dc 2420 | 0200 008b | 5208 49ba | 0000 00e2 | 1f02 0000 | 4903 d248 | 3b97 a004 
  0x0000021fcb03c5a8: 0000 750d | 4883 87a8 | 0400 0001 | e960 0000 | 0048 3b97 | b004 0000 | 750d 4883 | 87b8 0400 
  0x0000021fcb03c5c8: 0001 e94a | 0000 0048 | 83bf a004 | 0000 0075 | 1748 8997 | a004 0000 | 48c7 87a8 | 0400 0001 
  0x0000021fcb03c5e8: 0000 00e9 | 2900 0000 | 4883 bfb0 | 0400 0000 | 7517 4889 | 97b0 0400 | 0048 c787 | b804 0000 
  0x0000021fcb03c608: 0100 0000 | e908 0000 | 0048 8387 | 9004 0000 | 0148 8bd6 | 4889 b424 | 0801 0000 | 9048 b830 
  0x0000021fcb03c628: d574 2c20 

  0x0000021fcb03c62c: ;   {virtual_call}
  0x0000021fcb03c62c: 0200 00e8 

  0x0000021fcb03c630: ; ImmutableOopMap {[176]=Oop [208]=Oop [216]=Oop [224]=Oop [232]=Oop [248]=Oop [256]=Oop [264]=Oop }
                      ;*invokeinterface isActive {reexecute=0 rethrow=0 return_oop=0}
                      ; - kotlinx.coroutines.DispatchedTask::run@168 (line 92)
  0x0000021fcb03c630: 748a 1707 

  0x0000021fcb03c634: ;   {other}
  0x0000021fcb03c634: 0f1f 8400 | 2413 000a 

  0x0000021fcb03c63c: ;   {metadata(method data for {method} {0x00000220235013b0} 'run' '()V' in 'kotlinx/coroutines/DispatchedTask')}
  0x0000021fcb03c63c: 85c0 48ba | 40a9 dc24 | 2002 0000 | 48c7 c6d8 | 0400 0074 | 0748 c7c6 | c804 0000 | 488b 3c32 
  0x0000021fcb03c65c: 488d 7f01 | 4889 3c32 | 0f84 3f09 | 0000 488b | 8424 0001 | 0000 4885 

  0x0000021fcb03c674: ;   {metadata(method data for {method} {0x00000220235013b0} 'run' '()V' in 'kotlinx/coroutines/DispatchedTask')}
  0x0000021fcb03c674: c048 ba40 | a9dc 2420 | 0200 0048 | c7c6 5807 | 0000 7407 | 48c7 c668 | 0700 0048 | 8b3c 3248 
  0x0000021fcb03c694: 8d7f 0148 | 893c 320f | 8449 0700 

  0x0000021fcb03c6a0: ;   {metadata(method data for {method} {0x00000220235013b0} 'run' '()V' in 'kotlinx/coroutines/DispatchedTask')}
  0x0000021fcb03c6a0: 0048 ba40 | a9dc 2420 | 0200 0048 | 8382 7807 

  0x0000021fcb03c6b0: ;   {metadata(method data for {method} {0x0000022023521030} 'createFailure' '(Ljava/lang/Throwable;)Ljava/lang/Object;' in 'kotlin/ResultKt')}
  0x0000021fcb03c6b0: 0000 0148 | ba28 94dc | 2420 0200 | 008b b2cc | 0000 0083 | c602 89b2 | cc00 0000 | 81e6 feff 
  0x0000021fcb03c6d0: 1f00 85f6 | 0f84 f81d 

  0x0000021fcb03c6d8: ;   {metadata(method data for {method} {0x0000022023521030} 'createFailure' '(Ljava/lang/Throwable;)Ljava/lang/Object;' in 'kotlin/ResultKt')}
  0x0000021fcb03c6d8: 0000 48ba | 2894 dc24 | 2002 0000 | 4883 8210 | 0100 0001 

  0x0000021fcb03c6ec: ;   {metadata(method data for {method} {0x0000022023415410} 'checkNotNullParameter' '(Ljava/lang/Object;Ljava/lang/String;)V' in 'kotlin/jvm/internal/Intrinsics')}
  0x0000021fcb03c6ec: 48ba b0c3 | 5b23 2002 | 0000 8bb2 | cc00 0000 | 83c6 0289 | b2cc 0000 | 0081 e6fe | ff1f 0085 
  0x0000021fcb03c70c: f60f 84e0 | 1d00 0048 

  0x0000021fcb03c714: ;   {metadata(method data for {method} {0x0000022023415410} 'checkNotNullParameter' '(Ljava/lang/Object;Ljava/lang/String;)V' in 'kotlin/jvm/internal/Intrinsics')}
  0x0000021fcb03c714: 85c0 48ba | b0c3 5b23 | 2002 0000 | 48c7 c610 | 0100 0075 | 0748 c7c6 | 2001 0000 | 488b 3c32 
  0x0000021fcb03c734: 488d 7f01 | 4889 3c32 | 0f85 1a02 

  0x0000021fcb03c740: ;   {metadata(method data for {method} {0x0000022023415410} 'checkNotNullParameter' '(Ljava/lang/Object;Ljava/lang/String;)V' in 'kotlin/jvm/internal/Intrinsics')}
  0x0000021fcb03c740: 0000 48ba | b0c3 5b23 | 2002 0000 | 4883 8230 | 0100 0001 

  0x0000021fcb03c754: ;   {metadata(method data for {method} {0x0000022023415590} 'throwParameterIsNullNPE' '(Ljava/lang/String;)V' in 'kotlin/jvm/internal/Intrinsics')}
  0x0000021fcb03c754: 48ba 38c5 | 5b23 2002 | 0000 8bb2 | cc00 0000 | 83c6 0289 | b2cc 0000 | 0081 e6fe | ff1f 0085 
  0x0000021fcb03c774: f60f 8499 | 1d00 000f | 1f44 0000 

  0x0000021fcb03c780: ;   {no_reloc}
  0x0000021fcb03c780: e9bf 1d00 | 0000 0000 | 0000 498b | 87b8 0100 | 0048 8d78 | 3049 3bbf | c801 0000 | 0f87 ac1d 
  0x0000021fcb03c7a0: 0000 4989 | bfb8 0100 | 0048 c700 | 0100 0000 | 488b ca49 | ba00 0000 | e21f 0200 | 0049 2bca 
  0x0000021fcb03c7c0: 8948 0848 | 33c9 8948 | 0c48 33c9 | 4889 4810 | 4889 4818 | 4889 4820 | 4889 4828 

  0x0000021fcb03c7dc: ;   {metadata(method data for {method} {0x0000022023415590} 'throwParameterIsNullNPE' '(Ljava/lang/String;)V' in 'kotlin/jvm/internal/Intrinsics')}
  0x0000021fcb03c7dc: 48ba 38c5 | 5b23 2002 | 0000 4883 | 8210 0100 

  0x0000021fcb03c7ec: ;   {oop("exception"{0x00000007019d7bc0})}
  0x0000021fcb03c7ec: 0001 48ba | c07b 9d01 | 0700 0000 | 4889 8424 | 1001 0000 | 0f1f 8000 

  0x0000021fcb03c804: ;   {static_call}
  0x0000021fcb03c804: 0000 00e8 

  0x0000021fcb03c808: ; ImmutableOopMap {[176]=Oop [208]=Oop [216]=Oop [224]=Oop [232]=Oop [256]=Oop [272]=Oop }
                      ;*invokestatic createParameterIsNullExceptionMessage {reexecute=0 rethrow=0 return_oop=0}
                      ; - kotlin.jvm.internal.Intrinsics::throwParameterIsNullNPE@5 (line 140)
                      ; - kotlin.jvm.internal.Intrinsics::checkNotNullParameter@5 (line 131)
                      ; - kotlin.ResultKt::createFailure@3
                      ; - kotlinx.coroutines.DispatchedTask::run@273 (line 98)
  0x0000021fcb03c808: 7428 0b07 

  0x0000021fcb03c80c: ;   {other}
  0x0000021fcb03c80c: 0f1f 8400 | fc14 000b | 4c8b 8424 | 1001 0000 

  0x0000021fcb03c81c: ;   {metadata(method data for {method} {0x0000022023415590} 'throwParameterIsNullNPE' '(Ljava/lang/String;)V' in 'kotlin/jvm/internal/Intrinsics')}
  0x0000021fcb03c81c: 48ba 38c5 | 5b23 2002 | 0000 4883 | 8220 0100 | 0001 4c8b | c048 8b94 | 2410 0100 | 0066 0f1f 
  0x0000021fcb03c83c: ;   {optimized virtual_call}
  0x0000021fcb03c83c: 4400 00e8 

  0x0000021fcb03c840: ; ImmutableOopMap {[176]=Oop [208]=Oop [216]=Oop [224]=Oop [232]=Oop [256]=Oop [272]=Oop }
                      ;*invokespecial <init> {reexecute=0 rethrow=0 return_oop=0}
                      ; - kotlin.jvm.internal.Intrinsics::throwParameterIsNullNPE@8 (line 140)
                      ; - kotlin.jvm.internal.Intrinsics::checkNotNullParameter@5 (line 131)
                      ; - kotlin.ResultKt::createFailure@3
                      ; - kotlinx.coroutines.DispatchedTask::run@273 (line 98)
  0x0000021fcb03c840: 3c22 0b07 

  0x0000021fcb03c844: ;   {other}
  0x0000021fcb03c844: 0f1f 8400 | 3415 000c 

  0x0000021fcb03c84c: ;   {metadata(method data for {method} {0x0000022023415590} 'throwParameterIsNullNPE' '(Ljava/lang/String;)V' in 'kotlin/jvm/internal/Intrinsics')}
  0x0000021fcb03c84c: 48ba 38c5 | 5b23 2002 | 0000 4883 | 8230 0100 

  0x0000021fcb03c85c: ;   {metadata(method data for {method} {0x00000220234164f8} 'sanitizeStackTrace' '(Ljava/lang/Throwable;)Ljava/lang/Throwable;' in 'kotlin/jvm/internal/Intrinsics')}
  0x0000021fcb03c85c: 0001 48ba | 18cc 5b23 | 2002 0000 | 8bb2 cc00 | 0000 83c6 | 0289 b2cc | 0000 0081 | e6fe ff1f 
  0x0000021fcb03c87c: 0085 f60f | 84d6 1c00 

  0x0000021fcb03c884: ;   {oop(a 'java/lang/Class'{0x0000000701a53348} = 'kotlin/jvm/internal/Intrinsics')}
  0x0000021fcb03c884: 0048 ba48 | 33a5 0107 | 0000 0048 

  0x0000021fcb03c890: ;   {metadata(method data for {method} {0x00000220234164f8} 'sanitizeStackTrace' '(Ljava/lang/Throwable;)Ljava/lang/Throwable;' in 'kotlin/jvm/internal/Intrinsics')}
  0x0000021fcb03c890: 8bf2 48bf | 18cc 5b23 | 2002 0000 | 4883 8710 | 0100 0001 

  0x0000021fcb03c8a4: ;   {metadata(method data for {method} {0x0000021fe246b368} 'getName' '()Ljava/lang/String;' in 'java/lang/Class')}
  0x0000021fcb03c8a4: 48be 907d | 0323 2002 | 0000 8bbe | cc00 0000 | 83c7 0289 | becc 0000 | 0081 e7fe | ff1f 0085 
  0x0000021fcb03c8c4: ff0f 84b1 | 1c00 008b | 522c 48c1 | e203 4885 

  0x0000021fcb03c8d4: ;   {metadata(method data for {method} {0x0000021fe246b368} 'getName' '()Ljava/lang/String;' in 'java/lang/Class')}
  0x0000021fcb03c8d4: d248 be90 | 7d03 2320 | 0200 0048 | c7c7 1001 | 0000 7407 | 48c7 c720 | 0100 0048 | 8b1c 3e48 
  0x0000021fcb03c8f4: 8d5b 0148 | 891c 3e0f | 8418 0000 

  0x0000021fcb03c900: ;   {metadata(method data for {method} {0x0000021fe246b368} 'getName' '()Ljava/lang/String;' in 'java/lang/Class')}
  0x0000021fcb03c900: 0048 be90 | 7d03 2320 | 0200 00ff | 8630 0100 | 0048 8bf2 | e936 0000 

  0x0000021fcb03c918: ;   {oop(a 'java/lang/Class'{0x0000000701a53348} = 'kotlin/jvm/internal/Intrinsics')}
  0x0000021fcb03c918: 0048 ba48 | 33a5 0107 | 0000 0048 

  0x0000021fcb03c924: ;   {metadata(method data for {method} {0x0000021fe246b368} 'getName' '()Ljava/lang/String;' in 'java/lang/Class')}
  0x0000021fcb03c924: 8bf2 48bf | 907d 0323 | 2002 0000 | 4883 8748 | 0100 0001 | 0f1f 8000 

  0x0000021fcb03c93c: ;   {optimized virtual_call}
  0x0000021fcb03c93c: 0000 00e8 

  0x0000021fcb03c940: ; ImmutableOopMap {[176]=Oop [208]=Oop [216]=Oop [224]=Oop [232]=Oop [256]=Oop [272]=Oop }
                      ;*invokevirtual initClassName {reexecute=0 rethrow=0 return_oop=0}
                      ; - java.lang.Class::getName@14 (line 950)
                      ; - kotlin.jvm.internal.Intrinsics::sanitizeStackTrace@3 (line 253)
                      ; - kotlin.jvm.internal.Intrinsics::throwParameterIsNullNPE@11 (line 140)
                      ; - kotlin.jvm.internal.Intrinsics::checkNotNullParameter@5 (line 131)
                      ; - kotlin.ResultKt::createFailure@3
                      ; - kotlinx.coroutines.DispatchedTask::run@273 (line 98)
  0x0000021fcb03c940: 3c21 0b07 

  0x0000021fcb03c944: ;   {other}
  0x0000021fcb03c944: 0f1f 8400 | 3416 000d | 488b f048 | 8b84 2410 | 0100 00e9 | 0314 0000 

  0x0000021fcb03c95c: ;   {metadata('kotlin/Result$Failure')}
  0x0000021fcb03c95c: 48ba 48ea | 08e3 1f02 | 0000 488b | d849 8b87 | b801 0000 | 488d 7810 | 493b bfc8 | 0100 000f 
  0x0000021fcb03c97c: 8721 1c00 | 0049 89bf | b801 0000 | 48c7 0001 | 0000 0048 | 8bca 49ba | 0000 00e2 | 1f02 0000 
  0x0000021fcb03c99c: 492b ca89 | 4808 4833 | c989 480c | 4833 c948 | 8984 2420 | 0100 0048 

  0x0000021fcb03c9b4: ;   {metadata(method data for {method} {0x0000022023521030} 'createFailure' '(Ljava/lang/Throwable;)Ljava/lang/Object;' in 'kotlin/ResultKt')}
  0x0000021fcb03c9b4: 8bd0 48be | 2894 dc24 | 2002 0000 | 4883 8620 | 0100 0001 

  0x0000021fcb03c9c8: ;   {metadata(method data for {method} {0x000002202350ee40} '<init>' '(Ljava/lang/Throwable;)V' in 'kotlin/Result$Failure')}
  0x0000021fcb03c9c8: 48ba 9895 | dc24 2002 | 0000 8bb2 | cc00 0000 | 83c6 0289 | b2cc 0000 | 0081 e6fe | ff1f 0085 
  0x0000021fcb03c9e8: f60f 84c0 

  0x0000021fcb03c9ec: ;   {metadata(method data for {method} {0x000002202350ee40} '<init>' '(Ljava/lang/Throwable;)V' in 'kotlin/Result$Failure')}
  0x0000021fcb03c9ec: 1b00 0048 | ba98 95dc | 2420 0200 | 0048 8382 | 1001 0000 

  0x0000021fcb03ca00: ;   {metadata(method data for {method} {0x0000022023415410} 'checkNotNullParameter' '(Ljava/lang/Object;Ljava/lang/String;)V' in 'kotlin/jvm/internal/Intrinsics')}
  0x0000021fcb03ca00: 0148 bab0 | c35b 2320 | 0200 008b | b2cc 0000 | 0083 c602 | 89b2 cc00 | 0000 81e6 | feff 1f00 
  0x0000021fcb03ca20: 85f6 0f84 | a81b 0000 

  0x0000021fcb03ca28: ;   {metadata(method data for {method} {0x0000022023415410} 'checkNotNullParameter' '(Ljava/lang/Object;Ljava/lang/String;)V' in 'kotlin/jvm/internal/Intrinsics')}
  0x0000021fcb03ca28: 4885 db48 | bab0 c35b | 2320 0200 | 0048 c7c6 | 1001 0000 | 7507 48c7 | c620 0100 | 0048 8b3c 
  0x0000021fcb03ca48: 3248 8d7f | 0148 893c | 320f 8515 

  0x0000021fcb03ca54: ;   {metadata(method data for {method} {0x0000022023415410} 'checkNotNullParameter' '(Ljava/lang/Object;Ljava/lang/String;)V' in 'kotlin/jvm/internal/Intrinsics')}
  0x0000021fcb03ca54: 0200 0048 | bab0 c35b | 2320 0200 | 0048 8382 | 3001 0000 

  0x0000021fcb03ca68: ;   {metadata(method data for {method} {0x0000022023415590} 'throwParameterIsNullNPE' '(Ljava/lang/String;)V' in 'kotlin/jvm/internal/Intrinsics')}
  0x0000021fcb03ca68: 0148 ba38 | c55b 2320 | 0200 008b | b2cc 0000 | 0083 c602 | 89b2 cc00 | 0000 81e6 | feff 1f00 
  0x0000021fcb03ca88: 85f6 0f84 | 611b 0000 

  0x0000021fcb03ca90: ;   {no_reloc}
  0x0000021fcb03ca90: e98c 1b00 | 0000 0000 | 0000 498b | 87b8 0100 | 0048 8d78 | 3049 3bbf | c801 0000 | 0f87 791b 
  0x0000021fcb03cab0: 0000 4989 | bfb8 0100 | 0048 c700 | 0100 0000 | 488b ca49 | ba00 0000 | e21f 0200 | 0049 2bca 
  0x0000021fcb03cad0: 8948 0848 | 33c9 8948 | 0c48 33c9 | 4889 4810 | 4889 4818 | 4889 4820 | 4889 4828 

  0x0000021fcb03caec: ;   {metadata(method data for {method} {0x0000022023415590} 'throwParameterIsNullNPE' '(Ljava/lang/String;)V' in 'kotlin/jvm/internal/Intrinsics')}
  0x0000021fcb03caec: 48ba 38c5 | 5b23 2002 | 0000 4883 | 8210 0100 

  0x0000021fcb03cafc: ;   {oop("exception"{0x00000007019d7bc0})}
  0x0000021fcb03cafc: 0001 48ba | c07b 9d01 | 0700 0000 | 4889 8424 | 1801 0000 | 0f1f 8000 

  0x0000021fcb03cb14: ;   {static_call}
  0x0000021fcb03cb14: 0000 00e8 

  0x0000021fcb03cb18: ; ImmutableOopMap {[176]=Oop [208]=Oop [216]=Oop [224]=Oop [232]=Oop [256]=Oop [280]=Oop [288]=Oop }
                      ;*invokestatic createParameterIsNullExceptionMessage {reexecute=0 rethrow=0 return_oop=0}
                      ; - kotlin.jvm.internal.Intrinsics::throwParameterIsNullNPE@5 (line 140)
                      ; - kotlin.jvm.internal.Intrinsics::checkNotNullParameter@5 (line 131)
                      ; - kotlin.Result$Failure::<init>@3
                      ; - kotlin.ResultKt::createFailure@11 (line 122)
                      ; - kotlinx.coroutines.DispatchedTask::run@273 (line 98)
  0x0000021fcb03cb18: 6425 0b07 

  0x0000021fcb03cb1c: ;   {other}
  0x0000021fcb03cb1c: 0f1f 8400 | 0c18 000e | 4c8b 8424 | 1801 0000 

  0x0000021fcb03cb2c: ;   {metadata(method data for {method} {0x0000022023415590} 'throwParameterIsNullNPE' '(Ljava/lang/String;)V' in 'kotlin/jvm/internal/Intrinsics')}
  0x0000021fcb03cb2c: 48ba 38c5 | 5b23 2002 | 0000 4883 | 8220 0100 | 0001 4c8b | c048 8b94 | 2418 0100 | 0066 0f1f 
  0x0000021fcb03cb4c: ;   {optimized virtual_call}
  0x0000021fcb03cb4c: 4400 00e8 

  0x0000021fcb03cb50: ; ImmutableOopMap {[176]=Oop [208]=Oop [216]=Oop [224]=Oop [232]=Oop [256]=Oop [280]=Oop [288]=Oop }
                      ;*invokespecial <init> {reexecute=0 rethrow=0 return_oop=0}
                      ; - kotlin.jvm.internal.Intrinsics::throwParameterIsNullNPE@8 (line 140)
                      ; - kotlin.jvm.internal.Intrinsics::checkNotNullParameter@5 (line 131)
                      ; - kotlin.Result$Failure::<init>@3
                      ; - kotlin.ResultKt::createFailure@11 (line 122)
                      ; - kotlinx.coroutines.DispatchedTask::run@273 (line 98)
  0x0000021fcb03cb50: 2c1f 0b07 

  0x0000021fcb03cb54: ;   {other}
  0x0000021fcb03cb54: 0f1f 8400 | 4418 000f 

  0x0000021fcb03cb5c: ;   {metadata(method data for {method} {0x0000022023415590} 'throwParameterIsNullNPE' '(Ljava/lang/String;)V' in 'kotlin/jvm/internal/Intrinsics')}
  0x0000021fcb03cb5c: 48ba 38c5 | 5b23 2002 | 0000 4883 | 8230 0100 

  0x0000021fcb03cb6c: ;   {metadata(method data for {method} {0x00000220234164f8} 'sanitizeStackTrace' '(Ljava/lang/Throwable;)Ljava/lang/Throwable;' in 'kotlin/jvm/internal/Intrinsics')}
  0x0000021fcb03cb6c: 0001 48ba | 18cc 5b23 | 2002 0000 | 8bb2 cc00 | 0000 83c6 | 0289 b2cc | 0000 0081 | e6fe ff1f 
  0x0000021fcb03cb8c: 0085 f60f | 84a3 1a00 

  0x0000021fcb03cb94: ;   {oop(a 'java/lang/Class'{0x0000000701a53348} = 'kotlin/jvm/internal/Intrinsics')}
  0x0000021fcb03cb94: 0048 ba48 | 33a5 0107 | 0000 0048 

  0x0000021fcb03cba0: ;   {metadata(method data for {method} {0x00000220234164f8} 'sanitizeStackTrace' '(Ljava/lang/Throwable;)Ljava/lang/Throwable;' in 'kotlin/jvm/internal/Intrinsics')}
  0x0000021fcb03cba0: 8bf2 48bf | 18cc 5b23 | 2002 0000 | 4883 8710 | 0100 0001 

  0x0000021fcb03cbb4: ;   {metadata(method data for {method} {0x0000021fe246b368} 'getName' '()Ljava/lang/String;' in 'java/lang/Class')}
  0x0000021fcb03cbb4: 48be 907d | 0323 2002 | 0000 8bbe | cc00 0000 | 83c7 0289 | becc 0000 | 0081 e7fe | ff1f 0085 
  0x0000021fcb03cbd4: ff0f 847e | 1a00 008b | 522c 48c1 | e203 4885 

  0x0000021fcb03cbe4: ;   {metadata(method data for {method} {0x0000021fe246b368} 'getName' '()Ljava/lang/String;' in 'java/lang/Class')}
  0x0000021fcb03cbe4: d248 be90 | 7d03 2320 | 0200 0048 | c7c7 1001 | 0000 7407 | 48c7 c720 | 0100 0048 | 8b1c 3e48 
  0x0000021fcb03cc04: 8d5b 0148 | 891c 3e0f | 8418 0000 

  0x0000021fcb03cc10: ;   {metadata(method data for {method} {0x0000021fe246b368} 'getName' '()Ljava/lang/String;' in 'java/lang/Class')}
  0x0000021fcb03cc10: 0048 be90 | 7d03 2320 | 0200 00ff | 8630 0100 | 0048 8bf2 | e936 0000 

  0x0000021fcb03cc28: ;   {oop(a 'java/lang/Class'{0x0000000701a53348} = 'kotlin/jvm/internal/Intrinsics')}
  0x0000021fcb03cc28: 0048 ba48 | 33a5 0107 | 0000 0048 

  0x0000021fcb03cc34: ;   {metadata(method data for {method} {0x0000021fe246b368} 'getName' '()Ljava/lang/String;' in 'java/lang/Class')}
  0x0000021fcb03cc34: 8bf2 48bf | 907d 0323 | 2002 0000 | 4883 8748 | 0100 0001 | 0f1f 8000 

  0x0000021fcb03cc4c: ;   {optimized virtual_call}
  0x0000021fcb03cc4c: 0000 00e8 

  0x0000021fcb03cc50: ; ImmutableOopMap {[176]=Oop [208]=Oop [216]=Oop [224]=Oop [232]=Oop [256]=Oop [280]=Oop [288]=Oop }
                      ;*invokevirtual initClassName {reexecute=0 rethrow=0 return_oop=0}
                      ; - java.lang.Class::getName@14 (line 950)
                      ; - kotlin.jvm.internal.Intrinsics::sanitizeStackTrace@3 (line 253)
                      ; - kotlin.jvm.internal.Intrinsics::throwParameterIsNullNPE@11 (line 140)
                      ; - kotlin.jvm.internal.Intrinsics::checkNotNullParameter@5 (line 131)
                      ; - kotlin.Result$Failure::<init>@3
                      ; - kotlin.ResultKt::createFailure@11 (line 122)
                      ; - kotlinx.coroutines.DispatchedTask::run@273 (line 98)
  0x0000021fcb03cc50: 2c1e 0b07 

  0x0000021fcb03cc54: ;   {other}
  0x0000021fcb03cc54: 0f1f 8400 | 4419 0010 | 488b f048 | 8b84 2418 | 0100 00e9 | cb0f 0000 | 488b fb4c 

  0x0000021fcb03cc70: ;   {metadata(method data for {method} {0x000002202350ee40} '<init>' '(Ljava/lang/Throwable;)V' in 'kotlin/Result$Failure')}
  0x0000021fcb03cc70: 8bc0 48ba | 9895 dc24 | 2002 0000 | 4883 8220 | 0100 0001 

  0x0000021fcb03cc84: ;   {metadata(method data for {method} {0x0000021fe2476650} '<init>' '()V' in 'java/lang/Object')}
  0x0000021fcb03cc84: 49b8 5068 | 0023 2002 | 0000 418b | 90cc 0000 | 0083 c202 | 4189 90cc | 0000 0081 | e2fe ff1f 
  0x0000021fcb03cca4: 0085 d20f | 84d2 1900 | 0045 0fbe | 4740 4585 | c00f 85e5 | 1900 004c | 8bd7 49c1 | ea03 4489 
  0x0000021fcb03ccc4: 500c 4c8b | c04c 33c7 | 49c1 e815 | 4983 f800 | 0f85 e619 

  0x0000021fcb03ccd8: ;   {metadata(method data for {method} {0x00000220235013b0} 'run' '()V' in 'kotlinx/coroutines/DispatchedTask')}
  0x0000021fcb03ccd8: 0000 49b8 | 40a9 dc24 | 2002 0000 | 4983 8088 | 0700 0001 

  0x0000021fcb03ccec: ;   {metadata(method data for {method} {0x000002202350cf08} 'constructor-impl' '(Ljava/lang/Object;)Ljava/lang/Object;' in 'kotlin/Result')}
  0x0000021fcb03ccec: 49b8 a03c | d824 2002 | 0000 418b | 90cc 0000 | 0083 c202 | 4189 90cc | 0000 0081 | e2fe ff1f 
  0x0000021fcb03cd0c: 0085 d20f | 84c3 1900 | 0048 8bb4 | 24d0 0000 

  0x0000021fcb03cd1c: ;   {metadata(method data for {method} {0x00000220235013b0} 'run' '()V' in 'kotlinx/coroutines/DispatchedTask')}
  0x0000021fcb03cd1c: 0049 b840 | a9dc 2420 | 0200 008b | 7608 49ba | 0000 00e2 | 1f02 0000 | 4903 f249 | 3bb0 a807 
  0x0000021fcb03cd3c: 0000 750d | 4983 80b0 | 0700 0001 | e960 0000 | 0049 3bb0 | b807 0000 | 750d 4983 | 80c0 0700 
  0x0000021fcb03cd5c: 0001 e94a | 0000 0049 | 83b8 a807 | 0000 0075 | 1749 89b0 | a807 0000 | 49c7 80b0 | 0700 0001 
  0x0000021fcb03cd7c: 0000 00e9 | 2900 0000 | 4983 b8b8 | 0700 0000 | 7517 4989 | b0b8 0700 | 0049 c780 | c007 0000 
  0x0000021fcb03cd9c: 0100 0000 | e908 0000 | 0049 8380 | 9807 0000 | 014c 8bc0 | 488b 9424 | d000 0000 | 0f1f 4400 
  0x0000021fcb03cdbc: 0048 b8e0 | 458a 2f20 

  0x0000021fcb03cdc4: ;   {virtual_call}
  0x0000021fcb03cdc4: 0200 00e8 

  0x0000021fcb03cdc8: ; ImmutableOopMap {[176]=Oop [216]=Oop [224]=Oop [232]=Oop }
                      ;*invokeinterface resumeWith {reexecute=0 rethrow=0 return_oop=0}
                      ; - kotlinx.coroutines.DispatchedTask::run@279 (line 98)
  0x0000021fcb03cdc8: d47a 1707 

  0x0000021fcb03cdcc: ;   {other}
  0x0000021fcb03cdcc: 0f1f 8400 | bc1a 0011 

  0x0000021fcb03cdd4: ;   {metadata(method data for {method} {0x00000220235013b0} 'run' '()V' in 'kotlinx/coroutines/DispatchedTask')}
  0x0000021fcb03cdd4: 49b8 40a9 | dc24 2002 | 0000 41ff | 80d0 0700 | 00e9 120b | 0000 488b | 9424 b000 

  0x0000021fcb03cdf0: ;   {metadata(method data for {method} {0x00000220235013b0} 'run' '()V' in 'kotlinx/coroutines/DispatchedTask')}
  0x0000021fcb03cdf0: 0000 49b8 | 40a9 dc24 | 2002 0000 | 8b52 0849 | ba00 0000 | e21f 0200 | 0049 03d2 | 493b 90f8 
  0x0000021fcb03ce10: 0700 0075 | 0d49 8380 | 0008 0000 | 01e9 6000 | 0000 493b | 9008 0800 | 0075 0d49 | 8380 1008 
  0x0000021fcb03ce30: 0000 01e9 | 4a00 0000 | 4983 b8f8 | 0700 0000 | 7517 4989 | 90f8 0700 | 0049 c780 | 0008 0000 
  0x0000021fcb03ce50: 0100 0000 | e929 0000 | 0049 83b8 | 0808 0000 | 0075 1749 | 8990 0808 | 0000 49c7 | 8010 0800 
  0x0000021fcb03ce70: 0001 0000 | 00e9 0800 | 0000 4983 | 80e8 0700 | 0001 4c8b | 8424 f800 | 0000 488b | 9424 b000 
  0x0000021fcb03ce90: 0000 6666 | 9048 b8ff | ffff ffff 

  0x0000021fcb03ce9c: ;   {virtual_call}
  0x0000021fcb03ce9c: ffff ffe8 

  0x0000021fcb03cea0: ; ImmutableOopMap {[176]=Oop [208]=Oop [216]=Oop [224]=Oop [232]=Oop }
                      ;*invokevirtual getSuccessfulResult$kotlinx_coroutines_core {reexecute=0 rethrow=0 return_oop=0}
                      ; - kotlinx.coroutines.DispatchedTask::run@295 (line 100)
  0x0000021fcb03cea0: cc79 1707 

  0x0000021fcb03cea4: ;   {other}
  0x0000021fcb03cea4: 0f1f 8400 | 941b 0012 

  0x0000021fcb03ceac: ;   {metadata(method data for {method} {0x00000220235013b0} 'run' '()V' in 'kotlinx/coroutines/DispatchedTask')}
  0x0000021fcb03ceac: 49b8 40a9 | dc24 2002 | 0000 4983 | 8020 0800 

  0x0000021fcb03cebc: ;   {metadata(method data for {method} {0x000002202350cf08} 'constructor-impl' '(Ljava/lang/Object;)Ljava/lang/Object;' in 'kotlin/Result')}
  0x0000021fcb03cebc: 0001 49b8 | a03c d824 | 2002 0000 | 418b 90cc | 0000 0083 | c202 4189 | 90cc 0000 | 0081 e2fe 
  0x0000021fcb03cedc: ff1f 0085 | d20f 8412 | 1800 0048 | 8bb4 24d0 

  0x0000021fcb03ceec: ;   {metadata(method data for {method} {0x00000220235013b0} 'run' '()V' in 'kotlinx/coroutines/DispatchedTask')}
  0x0000021fcb03ceec: 0000 0049 | b840 a9dc | 2420 0200 | 008b 7608 | 49ba 0000 | 00e2 1f02 | 0000 4903 | f249 3bb0 
  0x0000021fcb03cf0c: 4008 0000 | 750d 4983 | 8048 0800 | 0001 e960 | 0000 0049 | 3bb0 5008 | 0000 750d | 4983 8058 
  0x0000021fcb03cf2c: 0800 0001 | e94a 0000 | 0049 83b8 | 4008 0000 | 0075 1749 | 89b0 4008 | 0000 49c7 | 8048 0800 
  0x0000021fcb03cf4c: 0001 0000 | 00e9 2900 | 0000 4983 | b850 0800 | 0000 7517 | 4989 b050 | 0800 0049 | c780 5808 
  0x0000021fcb03cf6c: 0000 0100 | 0000 e908 | 0000 0049 | 8380 3008 | 0000 014c | 8bc0 488b | 9424 d000 | 0000 6666 
  0x0000021fcb03cf8c: 9048 b820 | 398a 2f20 

  0x0000021fcb03cf94: ;   {virtual_call}
  0x0000021fcb03cf94: 0200 00e8 

  0x0000021fcb03cf98: ; ImmutableOopMap {[176]=Oop [216]=Oop [224]=Oop [232]=Oop }
                      ;*invokeinterface resumeWith {reexecute=0 rethrow=0 return_oop=0}
                      ; - kotlinx.coroutines.DispatchedTask::run@301 (line 100)
  0x0000021fcb03cf98: 0479 1707 

  0x0000021fcb03cf9c: ;   {other}
  0x0000021fcb03cf9c: 0f1f 8400 | 8c1c 0013 | e953 0900 | 0048 8bb4 | 2408 0100 | 0048 85f6 | 0f84 2900 

  0x0000021fcb03cfb8: ;   {metadata('kotlinx/coroutines/JobSupport')}
  0x0000021fcb03cfb8: 0000 48b9 | 185c 08e3 | 1f02 0000 | 8b5e 0849 | ba00 0000 | e21f 0200 | 0049 03da | 483b 4b38 
  0x0000021fcb03cfd8: 0f85 3c17 | 0000 e900 | 0000 0048 | 8bd6 488b 

  0x0000021fcb03cfe8: ;   {metadata(method data for {method} {0x00000220235013b0} 'run' '()V' in 'kotlinx/coroutines/DispatchedTask')}
  0x0000021fcb03cfe8: d648 bf40 | a9dc 2420 | 0200 008b | 5208 49ba | 0000 00e2 | 1f02 0000 | 4903 d248 | 3b97 f804 
  0x0000021fcb03d008: 0000 750d | 4883 8700 | 0500 0001 | e960 0000 | 0048 3b97 | 0805 0000 | 750d 4883 | 8710 0500 
  0x0000021fcb03d028: 0001 e94a | 0000 0048 | 83bf f804 | 0000 0075 | 1748 8997 | f804 0000 | 48c7 8700 | 0500 0001 
  0x0000021fcb03d048: 0000 00e9 | 2900 0000 | 4883 bf08 | 0500 0000 | 7517 4889 | 9708 0500 | 0048 c787 | 1005 0000 
  0x0000021fcb03d068: 0100 0000 | e908 0000 | 0048 8387 | e804 0000 | 0148 8bd6 

  0x0000021fcb03d07c: ;   {optimized virtual_call}
  0x0000021fcb03d07c: 6666 90e8 

  0x0000021fcb03d080: ; ImmutableOopMap {[176]=Oop [208]=Oop [216]=Oop [224]=Oop [232]=Oop [248]=Oop }
                      ;*invokeinterface getCancellationException {reexecute=0 rethrow=0 return_oop=0}
                      ; - kotlinx.coroutines.DispatchedTask::run@178 (line 93)
  0x0000021fcb03d080: 491a 0000 

  0x0000021fcb03d084: ;   {other}
  0x0000021fcb03d084: 0f1f 8400 | 741d 0014 | 4889 8424 | 2801 0000 | 488b 9424 | b000 0000 

  0x0000021fcb03d09c: ;   {metadata(method data for {method} {0x00000220235013b0} 'run' '()V' in 'kotlinx/coroutines/DispatchedTask')}
  0x0000021fcb03d09c: 49b8 40a9 | dc24 2002 | 0000 8b52 | 0849 ba00 | 0000 e21f | 0200 0049 | 03d2 493b | 9068 0500 
  0x0000021fcb03d0bc: 0075 0d49 | 8380 7005 | 0000 01e9 | 6000 0000 | 493b 9078 | 0500 0075 | 0d49 8380 | 8005 0000 
  0x0000021fcb03d0dc: 01e9 4a00 | 0000 4983 | b868 0500 | 0000 7517 | 4989 9068 | 0500 0049 | c780 7005 | 0000 0100 
  0x0000021fcb03d0fc: 0000 e929 | 0000 0049 | 83b8 7805 | 0000 0075 | 1749 8990 | 7805 0000 | 49c7 8080 | 0500 0001 
  0x0000021fcb03d11c: 0000 00e9 | 0800 0000 | 4983 8058 | 0500 0001 | 4c8b 8424 | f800 0000 | 4c8b c848 | 8b94 24b0 
  0x0000021fcb03d13c: 0000 0066 | 0f1f 4400 | 0048 b8ff | ffff ffff 

  0x0000021fcb03d14c: ;   {virtual_call}
  0x0000021fcb03d14c: ffff ffe8 

  0x0000021fcb03d150: ; ImmutableOopMap {[176]=Oop [208]=Oop [216]=Oop [224]=Oop [232]=Oop [296]=Oop }
                      ;*invokevirtual cancelCompletedResult$kotlinx_coroutines_core {reexecute=0 rethrow=0 return_oop=0}
                      ; - kotlinx.coroutines.DispatchedTask::run@193 (line 94)
  0x0000021fcb03d150: 2c7a 1707 

  0x0000021fcb03d154: ;   {other}
  0x0000021fcb03d154: 0f1f 8400 | 441e 0015 

  0x0000021fcb03d15c: ;   {metadata(method data for {method} {0x00000220235013b0} 'run' '()V' in 'kotlinx/coroutines/DispatchedTask')}
  0x0000021fcb03d15c: 48ba 40a9 | dc24 2002 | 0000 4883 | 8290 0500 

  0x0000021fcb03d16c: ;   {metadata(method data for {method} {0x00000220234de568} 'getRECOVER_STACK_TRACES' '()Z' in 'kotlinx/coroutines/DebugKt')}
  0x0000021fcb03d16c: 0001 48ba | 40bf dc24 | 2002 0000 | 8bb2 cc00 | 0000 83c6 | 0289 b2cc | 0000 0081 | e6fe ff1f 
  0x0000021fcb03d18c: 0085 f60f | 848a 1500 

  0x0000021fcb03d194: ;   {metadata(method data for {method} {0x00000220235013b0} 'run' '()V' in 'kotlinx/coroutines/DispatchedTask')}
  0x0000021fcb03d194: 0048 ba40 | a9dc 2420 | 0200 00ff | 82a0 0500 

  0x0000021fcb03d1a4: ;   {metadata(method data for {method} {0x00000220235013b0} 'run' '()V' in 'kotlinx/coroutines/DispatchedTask')}
  0x0000021fcb03d1a4: 0048 ba40 | a9dc 2420 | 0200 00ff | 8250 0600 | 0048 8b84 | 2428 0100 

  0x0000021fcb03d1bc: ;   {metadata(method data for {method} {0x00000220235013b0} 'run' '()V' in 'kotlinx/coroutines/DispatchedTask')}
  0x0000021fcb03d1bc: 0048 ba40 | a9dc 2420 | 0200 0048 | 8382 e806 

  0x0000021fcb03d1cc: ;   {metadata(method data for {method} {0x0000022023521030} 'createFailure' '(Ljava/lang/Throwable;)Ljava/lang/Object;' in 'kotlin/ResultKt')}
  0x0000021fcb03d1cc: 0000 0148 | ba28 94dc | 2420 0200 | 008b b2cc | 0000 0083 | c602 89b2 | cc00 0000 | 81e6 feff 
  0x0000021fcb03d1ec: 1f00 85f6 | 0f84 4a15 

  0x0000021fcb03d1f4: ;   {metadata(method data for {method} {0x0000022023521030} 'createFailure' '(Ljava/lang/Throwable;)Ljava/lang/Object;' in 'kotlin/ResultKt')}
  0x0000021fcb03d1f4: 0000 48ba | 2894 dc24 | 2002 0000 | 4883 8210 | 0100 0001 

  0x0000021fcb03d208: ;   {metadata(method data for {method} {0x0000022023415410} 'checkNotNullParameter' '(Ljava/lang/Object;Ljava/lang/String;)V' in 'kotlin/jvm/internal/Intrinsics')}
  0x0000021fcb03d208: 48ba b0c3 | 5b23 2002 | 0000 8bb2 | cc00 0000 | 83c6 0289 | b2cc 0000 | 0081 e6fe | ff1f 0085 
  0x0000021fcb03d228: f60f 8432 | 1500 0048 

  0x0000021fcb03d230: ;   {metadata(method data for {method} {0x0000022023415410} 'checkNotNullParameter' '(Ljava/lang/Object;Ljava/lang/String;)V' in 'kotlin/jvm/internal/Intrinsics')}
  0x0000021fcb03d230: 85c0 48ba | b0c3 5b23 | 2002 0000 | 48c7 c610 | 0100 0075 | 0748 c7c6 | 2001 0000 | 488b 3c32 
  0x0000021fcb03d250: 488d 7f01 | 4889 3c32 | 0f85 1602 

  0x0000021fcb03d25c: ;   {metadata(method data for {method} {0x0000022023415410} 'checkNotNullParameter' '(Ljava/lang/Object;Ljava/lang/String;)V' in 'kotlin/jvm/internal/Intrinsics')}
  0x0000021fcb03d25c: 0000 48ba | b0c3 5b23 | 2002 0000 | 4883 8230 | 0100 0001 

  0x0000021fcb03d270: ;   {metadata(method data for {method} {0x0000022023415590} 'throwParameterIsNullNPE' '(Ljava/lang/String;)V' in 'kotlin/jvm/internal/Intrinsics')}
  0x0000021fcb03d270: 48ba 38c5 | 5b23 2002 | 0000 8bb2 | cc00 0000 | 83c6 0289 | b2cc 0000 | 0081 e6fe | ff1f 0085 
  0x0000021fcb03d290: f60f 84eb | 1400 0090 

  0x0000021fcb03d298: ;   {no_reloc}
  0x0000021fcb03d298: e915 1500 | 0000 0000 | 0000 498b | 87b8 0100 | 0048 8d78 | 3049 3bbf | c801 0000 | 0f87 0215 
  0x0000021fcb03d2b8: 0000 4989 | bfb8 0100 | 0048 c700 | 0100 0000 | 488b ca49 | ba00 0000 | e21f 0200 | 0049 2bca 
  0x0000021fcb03d2d8: 8948 0848 | 33c9 8948 | 0c48 33c9 | 4889 4810 | 4889 4818 | 4889 4820 | 4889 4828 

  0x0000021fcb03d2f4: ;   {metadata(method data for {method} {0x0000022023415590} 'throwParameterIsNullNPE' '(Ljava/lang/String;)V' in 'kotlin/jvm/internal/Intrinsics')}
  0x0000021fcb03d2f4: 48ba 38c5 | 5b23 2002 | 0000 4883 | 8210 0100 

  0x0000021fcb03d304: ;   {oop("exception"{0x00000007019d7bc0})}
  0x0000021fcb03d304: 0001 48ba | c07b 9d01 | 0700 0000 | 4889 8424 | 3001 0000 | 0f1f 8000 

  0x0000021fcb03d31c: ;   {static_call}
  0x0000021fcb03d31c: 0000 00e8 

  0x0000021fcb03d320: ; ImmutableOopMap {[176]=Oop [208]=Oop [216]=Oop [224]=Oop [232]=Oop [296]=Oop [304]=Oop }
                      ;*invokestatic createParameterIsNullExceptionMessage {reexecute=0 rethrow=0 return_oop=0}
                      ; - kotlin.jvm.internal.Intrinsics::throwParameterIsNullNPE@5 (line 140)
                      ; - kotlin.jvm.internal.Intrinsics::checkNotNullParameter@5 (line 131)
                      ; - kotlin.ResultKt::createFailure@3
                      ; - kotlinx.coroutines.DispatchedTask::run@246 (line 232)
  0x0000021fcb03d320: 5c1d 0b07 

  0x0000021fcb03d324: ;   {other}
  0x0000021fcb03d324: 0f1f 8400 | 1420 0016 | 4c8b 8424 | 3001 0000 

  0x0000021fcb03d334: ;   {metadata(method data for {method} {0x0000022023415590} 'throwParameterIsNullNPE' '(Ljava/lang/String;)V' in 'kotlin/jvm/internal/Intrinsics')}
  0x0000021fcb03d334: 48ba 38c5 | 5b23 2002 | 0000 4883 | 8220 0100 | 0001 4c8b | c048 8b94 | 2430 0100 | 0066 0f1f 
  0x0000021fcb03d354: ;   {optimized virtual_call}
  0x0000021fcb03d354: 4400 00e8 

  0x0000021fcb03d358: ; ImmutableOopMap {[176]=Oop [208]=Oop [216]=Oop [224]=Oop [232]=Oop [296]=Oop [304]=Oop }
                      ;*invokespecial <init> {reexecute=0 rethrow=0 return_oop=0}
                      ; - kotlin.jvm.internal.Intrinsics::throwParameterIsNullNPE@8 (line 140)
                      ; - kotlin.jvm.internal.Intrinsics::checkNotNullParameter@5 (line 131)
                      ; - kotlin.ResultKt::createFailure@3
                      ; - kotlinx.coroutines.DispatchedTask::run@246 (line 232)
  0x0000021fcb03d358: 2417 0b07 

  0x0000021fcb03d35c: ;   {other}
  0x0000021fcb03d35c: 0f1f 8400 | 4c20 0017 

  0x0000021fcb03d364: ;   {metadata(method data for {method} {0x0000022023415590} 'throwParameterIsNullNPE' '(Ljava/lang/String;)V' in 'kotlin/jvm/internal/Intrinsics')}
  0x0000021fcb03d364: 48ba 38c5 | 5b23 2002 | 0000 4883 | 8230 0100 

  0x0000021fcb03d374: ;   {metadata(method data for {method} {0x00000220234164f8} 'sanitizeStackTrace' '(Ljava/lang/Throwable;)Ljava/lang/Throwable;' in 'kotlin/jvm/internal/Intrinsics')}
  0x0000021fcb03d374: 0001 48ba | 18cc 5b23 | 2002 0000 | 8bb2 cc00 | 0000 83c6 | 0289 b2cc | 0000 0081 | e6fe ff1f 
  0x0000021fcb03d394: 0085 f60f | 842c 1400 

  0x0000021fcb03d39c: ;   {oop(a 'java/lang/Class'{0x0000000701a53348} = 'kotlin/jvm/internal/Intrinsics')}
  0x0000021fcb03d39c: 0048 ba48 | 33a5 0107 | 0000 0048 

  0x0000021fcb03d3a8: ;   {metadata(method data for {method} {0x00000220234164f8} 'sanitizeStackTrace' '(Ljava/lang/Throwable;)Ljava/lang/Throwable;' in 'kotlin/jvm/internal/Intrinsics')}
  0x0000021fcb03d3a8: 8bf2 48bf | 18cc 5b23 | 2002 0000 | 4883 8710 | 0100 0001 

  0x0000021fcb03d3bc: ;   {metadata(method data for {method} {0x0000021fe246b368} 'getName' '()Ljava/lang/String;' in 'java/lang/Class')}
  0x0000021fcb03d3bc: 48be 907d | 0323 2002 | 0000 8bbe | cc00 0000 | 83c7 0289 | becc 0000 | 0081 e7fe | ff1f 0085 
  0x0000021fcb03d3dc: ff0f 8407 | 1400 008b | 522c 48c1 | e203 4885 

  0x0000021fcb03d3ec: ;   {metadata(method data for {method} {0x0000021fe246b368} 'getName' '()Ljava/lang/String;' in 'java/lang/Class')}
  0x0000021fcb03d3ec: d248 be90 | 7d03 2320 | 0200 0048 | c7c7 1001 | 0000 7407 | 48c7 c720 | 0100 0048 | 8b1c 3e48 
  0x0000021fcb03d40c: 8d5b 0148 | 891c 3e0f | 8418 0000 

  0x0000021fcb03d418: ;   {metadata(method data for {method} {0x0000021fe246b368} 'getName' '()Ljava/lang/String;' in 'java/lang/Class')}
  0x0000021fcb03d418: 0048 be90 | 7d03 2320 | 0200 00ff | 8630 0100 | 0048 8bf2 | e936 0000 

  0x0000021fcb03d430: ;   {oop(a 'java/lang/Class'{0x0000000701a53348} = 'kotlin/jvm/internal/Intrinsics')}
  0x0000021fcb03d430: 0048 ba48 | 33a5 0107 | 0000 0048 

  0x0000021fcb03d43c: ;   {metadata(method data for {method} {0x0000021fe246b368} 'getName' '()Ljava/lang/String;' in 'java/lang/Class')}
  0x0000021fcb03d43c: 8bf2 48bf | 907d 0323 | 2002 0000 | 4883 8748 | 0100 0001 | 0f1f 8000 

  0x0000021fcb03d454: ;   {optimized virtual_call}
  0x0000021fcb03d454: 0000 00e8 

  0x0000021fcb03d458: ; ImmutableOopMap {[176]=Oop [208]=Oop [216]=Oop [224]=Oop [232]=Oop [296]=Oop [304]=Oop }
                      ;*invokevirtual initClassName {reexecute=0 rethrow=0 return_oop=0}
                      ; - java.lang.Class::getName@14 (line 950)
                      ; - kotlin.jvm.internal.Intrinsics::sanitizeStackTrace@3 (line 253)
                      ; - kotlin.jvm.internal.Intrinsics::throwParameterIsNullNPE@11 (line 140)
                      ; - kotlin.jvm.internal.Intrinsics::checkNotNullParameter@5 (line 131)
                      ; - kotlin.ResultKt::createFailure@3
                      ; - kotlinx.coroutines.DispatchedTask::run@246 (line 232)
  0x0000021fcb03d458: 2416 0b07 

  0x0000021fcb03d45c: ;   {other}
  0x0000021fcb03d45c: 0f1f 8400 | 4c21 0018 | 488b f048 | 8b84 2430 | 0100 00e9 | 9b06 0000 

  0x0000021fcb03d474: ;   {metadata('kotlin/Result$Failure')}
  0x0000021fcb03d474: 48ba 48ea | 08e3 1f02 | 0000 488b | d849 8b87 | b801 0000 | 488d 7810 | 493b bfc8 | 0100 000f 
  0x0000021fcb03d494: 8777 1300 | 0049 89bf | b801 0000 | 48c7 0001 | 0000 0048 | 8bca 49ba | 0000 00e2 | 1f02 0000 
  0x0000021fcb03d4b4: 492b ca89 | 4808 4833 | c989 480c | 4833 c948 | 8984 2440 | 0100 0048 

  0x0000021fcb03d4cc: ;   {metadata(method data for {method} {0x0000022023521030} 'createFailure' '(Ljava/lang/Throwable;)Ljava/lang/Object;' in 'kotlin/ResultKt')}
  0x0000021fcb03d4cc: 8bd0 48be | 2894 dc24 | 2002 0000 | 4883 8620 | 0100 0001 

  0x0000021fcb03d4e0: ;   {metadata(method data for {method} {0x000002202350ee40} '<init>' '(Ljava/lang/Throwable;)V' in 'kotlin/Result$Failure')}
  0x0000021fcb03d4e0: 48ba 9895 | dc24 2002 | 0000 8bb2 | cc00 0000 | 83c6 0289 | b2cc 0000 | 0081 e6fe | ff1f 0085 
  0x0000021fcb03d500: f60f 8416 

  0x0000021fcb03d504: ;   {metadata(method data for {method} {0x000002202350ee40} '<init>' '(Ljava/lang/Throwable;)V' in 'kotlin/Result$Failure')}
  0x0000021fcb03d504: 1300 0048 | ba98 95dc | 2420 0200 | 0048 8382 | 1001 0000 

  0x0000021fcb03d518: ;   {metadata(method data for {method} {0x0000022023415410} 'checkNotNullParameter' '(Ljava/lang/Object;Ljava/lang/String;)V' in 'kotlin/jvm/internal/Intrinsics')}
  0x0000021fcb03d518: 0148 bab0 | c35b 2320 | 0200 008b | b2cc 0000 | 0083 c602 | 89b2 cc00 | 0000 81e6 | feff 1f00 
  0x0000021fcb03d538: 85f6 0f84 | fe12 0000 

  0x0000021fcb03d540: ;   {metadata(method data for {method} {0x0000022023415410} 'checkNotNullParameter' '(Ljava/lang/Object;Ljava/lang/String;)V' in 'kotlin/jvm/internal/Intrinsics')}
  0x0000021fcb03d540: 4885 db48 | bab0 c35b | 2320 0200 | 0048 c7c6 | 1001 0000 | 7507 48c7 | c620 0100 | 0048 8b3c 
  0x0000021fcb03d560: 3248 8d7f | 0148 893c | 320f 8515 

  0x0000021fcb03d56c: ;   {metadata(method data for {method} {0x0000022023415410} 'checkNotNullParameter' '(Ljava/lang/Object;Ljava/lang/String;)V' in 'kotlin/jvm/internal/Intrinsics')}
  0x0000021fcb03d56c: 0200 0048 | bab0 c35b | 2320 0200 | 0048 8382 | 3001 0000 

  0x0000021fcb03d580: ;   {metadata(method data for {method} {0x0000022023415590} 'throwParameterIsNullNPE' '(Ljava/lang/String;)V' in 'kotlin/jvm/internal/Intrinsics')}
  0x0000021fcb03d580: 0148 ba38 | c55b 2320 | 0200 008b | b2cc 0000 | 0083 c602 | 89b2 cc00 | 0000 81e6 | feff 1f00 
  0x0000021fcb03d5a0: 85f6 0f84 | b712 0000 

  0x0000021fcb03d5a8: ;   {no_reloc}
  0x0000021fcb03d5a8: e9e2 1200 | 0000 0000 | 0000 498b | 87b8 0100 | 0048 8d78 | 3049 3bbf | c801 0000 | 0f87 cf12 
  0x0000021fcb03d5c8: 0000 4989 | bfb8 0100 | 0048 c700 | 0100 0000 | 488b ca49 | ba00 0000 | e21f 0200 | 0049 2bca 
  0x0000021fcb03d5e8: 8948 0848 | 33c9 8948 | 0c48 33c9 | 4889 4810 | 4889 4818 | 4889 4820 | 4889 4828 

  0x0000021fcb03d604: ;   {metadata(method data for {method} {0x0000022023415590} 'throwParameterIsNullNPE' '(Ljava/lang/String;)V' in 'kotlin/jvm/internal/Intrinsics')}
  0x0000021fcb03d604: 48ba 38c5 | 5b23 2002 | 0000 4883 | 8210 0100 

  0x0000021fcb03d614: ;   {oop("exception"{0x00000007019d7bc0})}
  0x0000021fcb03d614: 0001 48ba | c07b 9d01 | 0700 0000 | 4889 8424 | 3801 0000 | 0f1f 8000 

  0x0000021fcb03d62c: ;   {static_call}
  0x0000021fcb03d62c: 0000 00e8 

  0x0000021fcb03d630: ; ImmutableOopMap {[176]=Oop [208]=Oop [216]=Oop [224]=Oop [232]=Oop [296]=Oop [312]=Oop [320]=Oop }
                      ;*invokestatic createParameterIsNullExceptionMessage {reexecute=0 rethrow=0 return_oop=0}
                      ; - kotlin.jvm.internal.Intrinsics::throwParameterIsNullNPE@5 (line 140)
                      ; - kotlin.jvm.internal.Intrinsics::checkNotNullParameter@5 (line 131)
                      ; - kotlin.Result$Failure::<init>@3
                      ; - kotlin.ResultKt::createFailure@11 (line 122)
                      ; - kotlinx.coroutines.DispatchedTask::run@246 (line 232)
  0x0000021fcb03d630: 4c1a 0b07 

  0x0000021fcb03d634: ;   {other}
  0x0000021fcb03d634: 0f1f 8400 | 2423 0019 | 4c8b 8424 | 3801 0000 

  0x0000021fcb03d644: ;   {metadata(method data for {method} {0x0000022023415590} 'throwParameterIsNullNPE' '(Ljava/lang/String;)V' in 'kotlin/jvm/internal/Intrinsics')}
  0x0000021fcb03d644: 48ba 38c5 | 5b23 2002 | 0000 4883 | 8220 0100 | 0001 4c8b | c048 8b94 | 2438 0100 | 0066 0f1f 
  0x0000021fcb03d664: ;   {optimized virtual_call}
  0x0000021fcb03d664: 4400 00e8 

  0x0000021fcb03d668: ; ImmutableOopMap {[176]=Oop [208]=Oop [216]=Oop [224]=Oop [232]=Oop [296]=Oop [312]=Oop [320]=Oop }
                      ;*invokespecial <init> {reexecute=0 rethrow=0 return_oop=0}
                      ; - kotlin.jvm.internal.Intrinsics::throwParameterIsNullNPE@8 (line 140)
                      ; - kotlin.jvm.internal.Intrinsics::checkNotNullParameter@5 (line 131)
                      ; - kotlin.Result$Failure::<init>@3
                      ; - kotlin.ResultKt::createFailure@11 (line 122)
                      ; - kotlinx.coroutines.DispatchedTask::run@246 (line 232)
  0x0000021fcb03d668: 1414 0b07 

  0x0000021fcb03d66c: ;   {other}
  0x0000021fcb03d66c: 0f1f 8400 | 5c23 001a 

  0x0000021fcb03d674: ;   {metadata(method data for {method} {0x0000022023415590} 'throwParameterIsNullNPE' '(Ljava/lang/String;)V' in 'kotlin/jvm/internal/Intrinsics')}
  0x0000021fcb03d674: 48ba 38c5 | 5b23 2002 | 0000 4883 | 8230 0100 

  0x0000021fcb03d684: ;   {metadata(method data for {method} {0x00000220234164f8} 'sanitizeStackTrace' '(Ljava/lang/Throwable;)Ljava/lang/Throwable;' in 'kotlin/jvm/internal/Intrinsics')}
  0x0000021fcb03d684: 0001 48ba | 18cc 5b23 | 2002 0000 | 8bb2 cc00 | 0000 83c6 | 0289 b2cc | 0000 0081 | e6fe ff1f 
  0x0000021fcb03d6a4: 0085 f60f | 84f9 1100 

  0x0000021fcb03d6ac: ;   {oop(a 'java/lang/Class'{0x0000000701a53348} = 'kotlin/jvm/internal/Intrinsics')}
  0x0000021fcb03d6ac: 0048 ba48 | 33a5 0107 | 0000 0048 

  0x0000021fcb03d6b8: ;   {metadata(method data for {method} {0x00000220234164f8} 'sanitizeStackTrace' '(Ljava/lang/Throwable;)Ljava/lang/Throwable;' in 'kotlin/jvm/internal/Intrinsics')}
  0x0000021fcb03d6b8: 8bf2 48bf | 18cc 5b23 | 2002 0000 | 4883 8710 | 0100 0001 

  0x0000021fcb03d6cc: ;   {metadata(method data for {method} {0x0000021fe246b368} 'getName' '()Ljava/lang/String;' in 'java/lang/Class')}
  0x0000021fcb03d6cc: 48be 907d | 0323 2002 | 0000 8bbe | cc00 0000 | 83c7 0289 | becc 0000 | 0081 e7fe | ff1f 0085 
  0x0000021fcb03d6ec: ff0f 84d4 | 1100 008b | 522c 48c1 | e203 4885 

  0x0000021fcb03d6fc: ;   {metadata(method data for {method} {0x0000021fe246b368} 'getName' '()Ljava/lang/String;' in 'java/lang/Class')}
  0x0000021fcb03d6fc: d248 be90 | 7d03 2320 | 0200 0048 | c7c7 1001 | 0000 7407 | 48c7 c720 | 0100 0048 | 8b1c 3e48 
  0x0000021fcb03d71c: 8d5b 0148 | 891c 3e0f | 8418 0000 

  0x0000021fcb03d728: ;   {metadata(method data for {method} {0x0000021fe246b368} 'getName' '()Ljava/lang/String;' in 'java/lang/Class')}
  0x0000021fcb03d728: 0048 be90 | 7d03 2320 | 0200 00ff | 8630 0100 | 0048 8bf2 | e936 0000 

  0x0000021fcb03d740: ;   {oop(a 'java/lang/Class'{0x0000000701a53348} = 'kotlin/jvm/internal/Intrinsics')}
  0x0000021fcb03d740: 0048 ba48 | 33a5 0107 | 0000 0048 

  0x0000021fcb03d74c: ;   {metadata(method data for {method} {0x0000021fe246b368} 'getName' '()Ljava/lang/String;' in 'java/lang/Class')}
  0x0000021fcb03d74c: 8bf2 48bf | 907d 0323 | 2002 0000 | 4883 8748 | 0100 0001 | 0f1f 8000 

  0x0000021fcb03d764: ;   {optimized virtual_call}
  0x0000021fcb03d764: 0000 00e8 

  0x0000021fcb03d768: ; ImmutableOopMap {[176]=Oop [208]=Oop [216]=Oop [224]=Oop [232]=Oop [296]=Oop [312]=Oop [320]=Oop }
                      ;*invokevirtual initClassName {reexecute=0 rethrow=0 return_oop=0}
                      ; - java.lang.Class::getName@14 (line 950)
                      ; - kotlin.jvm.internal.Intrinsics::sanitizeStackTrace@3 (line 253)
                      ; - kotlin.jvm.internal.Intrinsics::throwParameterIsNullNPE@11 (line 140)
                      ; - kotlin.jvm.internal.Intrinsics::checkNotNullParameter@5 (line 131)
                      ; - kotlin.Result$Failure::<init>@3
                      ; - kotlin.ResultKt::createFailure@11 (line 122)
                      ; - kotlinx.coroutines.DispatchedTask::run@246 (line 232)
  0x0000021fcb03d768: 1413 0b07 

  0x0000021fcb03d76c: ;   {other}
  0x0000021fcb03d76c: 0f1f 8400 | 5c24 001b | 488b f048 | 8b84 2438 | 0100 00e9 | 5e02 0000 | 488b fb4c 

  0x0000021fcb03d788: ;   {metadata(method data for {method} {0x000002202350ee40} '<init>' '(Ljava/lang/Throwable;)V' in 'kotlin/Result$Failure')}
  0x0000021fcb03d788: 8bc0 48ba | 9895 dc24 | 2002 0000 | 4883 8220 | 0100 0001 

  0x0000021fcb03d79c: ;   {metadata(method data for {method} {0x0000021fe2476650} '<init>' '()V' in 'java/lang/Object')}
  0x0000021fcb03d79c: 49b8 5068 | 0023 2002 | 0000 418b | 90cc 0000 | 0083 c202 | 4189 90cc | 0000 0081 | e2fe ff1f 
  0x0000021fcb03d7bc: 0085 d20f | 8428 1100 | 0045 0fbe | 4740 4585 | c00f 853b | 1100 004c | 8bd7 49c1 | ea03 4489 
  0x0000021fcb03d7dc: 500c 4c8b | c04c 33c7 | 49c1 e815 | 4983 f800 | 0f85 3c11 

  0x0000021fcb03d7f0: ;   {metadata(method data for {method} {0x00000220235013b0} 'run' '()V' in 'kotlinx/coroutines/DispatchedTask')}
  0x0000021fcb03d7f0: 0000 49b8 | 40a9 dc24 | 2002 0000 | 4983 80f8 | 0600 0001 

  0x0000021fcb03d804: ;   {metadata(method data for {method} {0x000002202350cf08} 'constructor-impl' '(Ljava/lang/Object;)Ljava/lang/Object;' in 'kotlin/Result')}
  0x0000021fcb03d804: 49b8 a03c | d824 2002 | 0000 418b | 90cc 0000 | 0083 c202 | 4189 90cc | 0000 0081 | e2fe ff1f 
  0x0000021fcb03d824: 0085 d20f | 8419 1100 | 0048 8bb4 | 24d0 0000 

  0x0000021fcb03d834: ;   {metadata(method data for {method} {0x00000220235013b0} 'run' '()V' in 'kotlinx/coroutines/DispatchedTask')}
  0x0000021fcb03d834: 0049 b840 | a9dc 2420 | 0200 008b | 7608 49ba | 0000 00e2 | 1f02 0000 | 4903 f249 | 3bb0 1807 
  0x0000021fcb03d854: 0000 750d | 4983 8020 | 0700 0001 | e960 0000 | 0049 3bb0 | 2807 0000 | 750d 4983 | 8030 0700 
  0x0000021fcb03d874: 0001 e94a | 0000 0049 | 83b8 1807 | 0000 0075 | 1749 89b0 | 1807 0000 | 49c7 8020 | 0700 0001 
  0x0000021fcb03d894: 0000 00e9 | 2900 0000 | 4983 b828 | 0700 0000 | 7517 4989 | b028 0700 | 0049 c780 | 3007 0000 
  0x0000021fcb03d8b4: 0100 0000 | e908 0000 | 0049 8380 | 0807 0000 | 014c 8bc0 | 488b 9424 | d000 0000 | 0f1f 4400 
  0x0000021fcb03d8d4: 0048 b800 | f1b2 3120 

  0x0000021fcb03d8dc: ;   {virtual_call}
  0x0000021fcb03d8dc: 0200 00e8 

  0x0000021fcb03d8e0: ; ImmutableOopMap {[176]=Oop [216]=Oop [224]=Oop [232]=Oop }
                      ;*invokeinterface resumeWith {reexecute=0 rethrow=0 return_oop=0}
                      ; - kotlinx.coroutines.DispatchedTask::run@252 (line 232)
  0x0000021fcb03d8e0: bc6f 1707 

  0x0000021fcb03d8e4: ;   {other}
  0x0000021fcb03d8e4: 0f1f 8400 | d425 001c 

  0x0000021fcb03d8ec: ;   {metadata(method data for {method} {0x00000220235013b0} 'run' '()V' in 'kotlinx/coroutines/DispatchedTask')}
  0x0000021fcb03d8ec: 48ba 40a9 | dc24 2002 | 0000 ff82 | 4007 0000 | 488b 8424 | e800 0000 

  0x0000021fcb03d904: ;   {metadata(method data for {method} {0x00000220235013b0} 'run' '()V' in 'kotlinx/coroutines/DispatchedTask')}
  0x0000021fcb03d904: 4885 c048 | ba40 a9dc | 2420 0200 | 0048 c7c6 | 6808 0000 | 7407 48c7 | c678 0800 | 0048 8b3c 
  0x0000021fcb03d924: 3248 8d7f | 0148 893c | 320f 8457 | 0000 0048 | 3b00 488b 

  0x0000021fcb03d938: ;   {metadata(method data for {method} {0x00000220235013b0} 'run' '()V' in 'kotlinx/coroutines/DispatchedTask')}
  0x0000021fcb03d938: d048 be40 | a9dc 2420 | 0200 0048 | 8386 8808 | 0000 0148 

  0x0000021fcb03d94c: ;   {optimized virtual_call}
  0x0000021fcb03d94c: 8bd0 90e8 

  0x0000021fcb03d950: ; ImmutableOopMap {[176]=Oop [216]=Oop [224]=Oop }
                      ;*invokevirtual clearThreadContext {reexecute=0 rethrow=0 return_oop=0}
                      ; - kotlinx.coroutines.DispatchedTask::run@319 (line 236)
  0x0000021fcb03d950: 2c11 0b07 

  0x0000021fcb03d954: ;   {other}
  0x0000021fcb03d954: 0f1f 8400 | 4426 001d 

  0x0000021fcb03d95c: ;   {metadata(method data for {method} {0x00000220235013b0} 'run' '()V' in 'kotlinx/coroutines/DispatchedTask')}
  0x0000021fcb03d95c: 85c0 48ba | 40a9 dc24 | 2002 0000 | 49c7 c0c0 | 0800 0074 | 0749 c7c0 | d008 0000 | 4a8b 3402 
  0x0000021fcb03d97c: 488d 7601 | 4a89 3402 | 0f84 3200 

  0x0000021fcb03d988: ;   {metadata(method data for {method} {0x00000220235013b0} 'run' '()V' in 'kotlinx/coroutines/DispatchedTask')}
  0x0000021fcb03d988: 0000 48ba | 40a9 dc24 | 2002 0000 | 4883 82e0 | 0800 0001 | 488b 9424 | d800 0000 | 4c8b 8424 
  0x0000021fcb03d9a8: e000 0000 

  0x0000021fcb03d9ac: ;   {static_call}
  0x0000021fcb03d9ac: 6666 90e8 

  0x0000021fcb03d9b0: ; ImmutableOopMap {[176]=Oop }
                      ;*invokestatic restoreThreadContext {reexecute=0 rethrow=0 return_oop=0}
                      ; - kotlinx.coroutines.DispatchedTask::run@329 (line 237)
  0x0000021fcb03d9b0: ecaa 9207 

  0x0000021fcb03d9b4: ;   {other}
  0x0000021fcb03d9b4: 0f1f 8400 | a426 001e 

  0x0000021fcb03d9bc: ;   {metadata(method data for {method} {0x00000220235013b0} 'run' '()V' in 'kotlinx/coroutines/DispatchedTask')}
  0x0000021fcb03d9bc: 48ba 40a9 | dc24 2002 | 0000 ff82 | f008 0000 | 4881 c470 | 0100 005d 

  0x0000021fcb03d9d4: ;   {poll_return}
  0x0000021fcb03d9d4: 493b a748 | 0400 000f | 878b 0f00 

  0x0000021fcb03d9e0: ;   {metadata(method data for {method} {0x00000220234164f8} 'sanitizeStackTrace' '(Ljava/lang/Throwable;)Ljava/lang/Throwable;' in 'kotlin/jvm/internal/Intrinsics')}
  0x0000021fcb03d9e0: 00c3 48ba | 18cc 5b23 | 2002 0000 | 4883 8248 | 0100 0001 | 488b d04c | 8bc6 0f1f 

  0x0000021fcb03d9fc: ;   {static_call}
  0x0000021fcb03d9fc: 4400 00e8 

  0x0000021fcb03da00: ; ImmutableOopMap {[176]=Oop [208]=Oop [216]=Oop [224]=Oop [232]=Oop [296]=Oop [320]=Oop }
                      ;*invokestatic sanitizeStackTrace {reexecute=0 rethrow=0 return_oop=0}
                      ; - kotlin.jvm.internal.Intrinsics::sanitizeStackTrace@6 (line 253)
                      ; - kotlin.jvm.internal.Intrinsics::throwParameterIsNullNPE@11 (line 140)
                      ; - kotlin.jvm.internal.Intrinsics::checkNotNullParameter@5 (line 131)
                      ; - kotlin.Result$Failure::<init>@3
                      ; - kotlin.ResultKt::createFailure@11 (line 122)
                      ; - kotlinx.coroutines.DispatchedTask::run@246 (line 232)
  0x0000021fcb03da00: 7c16 0b07 

  0x0000021fcb03da04: ;   {other}
  0x0000021fcb03da04: 0f1f 8400 | f426 001f | 4c8b 8424 | 4001 0000 | 4885 c075 

  0x0000021fcb03da18: ;   {metadata(method data for {method} {0x0000022023415590} 'throwParameterIsNullNPE' '(Ljava/lang/String;)V' in 'kotlin/jvm/internal/Intrinsics')}
  0x0000021fcb03da18: 1648 be38 | c55b 2320 | 0200 0080 | 8e39 0100 | 0001 e9cd 

  0x0000021fcb03da2c: ;   {metadata('java/lang/NullPointerException')}
  0x0000021fcb03da2c: 0000 0048 | bf88 cd06 | e21f 0200 | 008b 7008 | 49ba 0000 | 00e2 1f02 | 0000 4903 | f248 3b7e 
  0x0000021fcb03da4c: 500f 858d 

  0x0000021fcb03da50: ;   {metadata(method data for {method} {0x0000022023415590} 'throwParameterIsNullNPE' '(Ljava/lang/String;)V' in 'kotlin/jvm/internal/Intrinsics')}
  0x0000021fcb03da50: 0000 0048 | be38 c55b | 2320 0200 | 008b 7808 | 49ba 0000 | 00e2 1f02 | 0000 4903 | fa48 3bbe 
  0x0000021fcb03da70: 5001 0000 | 750d 4883 | 8658 0100 | 0001 e979 | 0000 0048 | 3bbe 6001 | 0000 750d | 4883 8668 
  0x0000021fcb03da90: 0100 0001 | e963 0000 | 0048 83be | 5001 0000 | 0075 1748 | 89be 5001 | 0000 48c7 | 8658 0100 
  0x0000021fcb03dab0: 0001 0000 | 00e9 4200 | 0000 4883 | be60 0100 | 0000 7517 | 4889 be60 | 0100 0048 | c786 6801 
  0x0000021fcb03dad0: 0000 0100 | 0000 e921 | 0000 00e9 | 1c00 0000 

  0x0000021fcb03dae0: ;   {metadata(method data for {method} {0x0000022023415590} 'throwParameterIsNullNPE' '(Ljava/lang/String;)V' in 'kotlin/jvm/internal/Intrinsics')}
  0x0000021fcb03dae0: 48be 38c5 | 5b23 2002 | 0000 4883 | ae40 0100 | 0001 e98b | 0e00 00e9 | 0000 0000 

  0x0000021fcb03dafc: ; implicit exception: dispatches to 0x0000021fcb03e98b
                      ; ImmutableOopMap {r8=Oop rax=Oop [176]=Oop [208]=Oop [216]=Oop [224]=Oop [232]=Oop [296]=Oop [320]=Oop }
                      ;*athrow {reexecute=1 rethrow=0 return_oop=0}
                      ; - (reexecute) kotlin.jvm.internal.Intrinsics::throwParameterIsNullNPE@17 (line 140)
                      ; - kotlin.jvm.internal.Intrinsics::checkNotNullParameter@5 (line 131)
                      ; - kotlin.Result$Failure::<init>@3
                      ; - kotlin.ResultKt::createFailure@11 (line 122)
                      ; - kotlinx.coroutines.DispatchedTask::run@246 (line 232)
                      ;   {section_word}
  0x0000021fcb03dafc: 483b 0048 | baff da03 | cb1f 0200 

  0x0000021fcb03db08: ;   {runtime_call handle_exception_nofpu Runtime1 stub}
  0x0000021fcb03db08: 00e8 f2fd 

  0x0000021fcb03db0c: ;   {metadata(method data for {method} {0x00000220234164f8} 'sanitizeStackTrace' '(Ljava/lang/Throwable;)Ljava/lang/Throwable;' in 'kotlin/jvm/internal/Intrinsics')}
  0x0000021fcb03db0c: 1607 9048 | ba18 cc5b | 2320 0200 | 0048 8382 | 4801 0000 | 0148 8bd0 

  0x0000021fcb03db24: ;   {static_call}
  0x0000021fcb03db24: 4c8b c6e8 

  0x0000021fcb03db28: ; ImmutableOopMap {[176]=Oop [208]=Oop [216]=Oop [224]=Oop [232]=Oop [296]=Oop }
                      ;*invokestatic sanitizeStackTrace {reexecute=0 rethrow=0 return_oop=0}
                      ; - kotlin.jvm.internal.Intrinsics::sanitizeStackTrace@6 (line 253)
                      ; - kotlin.jvm.internal.Intrinsics::throwParameterIsNullNPE@11 (line 140)
                      ; - kotlin.jvm.internal.Intrinsics::checkNotNullParameter@5 (line 131)
                      ; - kotlin.ResultKt::createFailure@3
                      ; - kotlinx.coroutines.DispatchedTask::run@246 (line 232)
  0x0000021fcb03db28: 5415 0b07 

  0x0000021fcb03db2c: ;   {other}
  0x0000021fcb03db2c: 0f1f 8400 | 1c28 0021 | 4c8b 8424 | 2801 0000 | 4885 c075 

  0x0000021fcb03db40: ;   {metadata(method data for {method} {0x0000022023415590} 'throwParameterIsNullNPE' '(Ljava/lang/String;)V' in 'kotlin/jvm/internal/Intrinsics')}
  0x0000021fcb03db40: 1648 be38 | c55b 2320 | 0200 0080 | 8e39 0100 | 0001 e9cd 

  0x0000021fcb03db54: ;   {metadata('java/lang/NullPointerException')}
  0x0000021fcb03db54: 0000 0048 | bf88 cd06 | e21f 0200 | 008b 7008 | 49ba 0000 | 00e2 1f02 | 0000 4903 | f248 3b7e 
  0x0000021fcb03db74: 500f 858d 

  0x0000021fcb03db78: ;   {metadata(method data for {method} {0x0000022023415590} 'throwParameterIsNullNPE' '(Ljava/lang/String;)V' in 'kotlin/jvm/internal/Intrinsics')}
  0x0000021fcb03db78: 0000 0048 | be38 c55b | 2320 0200 | 008b 7808 | 49ba 0000 | 00e2 1f02 | 0000 4903 | fa48 3bbe 
  0x0000021fcb03db98: 5001 0000 | 750d 4883 | 8658 0100 | 0001 e979 | 0000 0048 | 3bbe 6001 | 0000 750d | 4883 8668 
  0x0000021fcb03dbb8: 0100 0001 | e963 0000 | 0048 83be | 5001 0000 | 0075 1748 | 89be 5001 | 0000 48c7 | 8658 0100 
  0x0000021fcb03dbd8: 0001 0000 | 00e9 4200 | 0000 4883 | be60 0100 | 0000 7517 | 4889 be60 | 0100 0048 | c786 6801 
  0x0000021fcb03dbf8: 0000 0100 | 0000 e921 | 0000 00e9 | 1c00 0000 

  0x0000021fcb03dc08: ;   {metadata(method data for {method} {0x0000022023415590} 'throwParameterIsNullNPE' '(Ljava/lang/String;)V' in 'kotlin/jvm/internal/Intrinsics')}
  0x0000021fcb03dc08: 48be 38c5 | 5b23 2002 | 0000 4883 | ae40 0100 | 0001 e971 | 0d00 00e9 | 0000 0000 

  0x0000021fcb03dc24: ; implicit exception: dispatches to 0x0000021fcb03e999
                      ; ImmutableOopMap {r8=Oop rax=Oop [176]=Oop [208]=Oop [216]=Oop [224]=Oop [232]=Oop [296]=Oop }
                      ;*athrow {reexecute=1 rethrow=0 return_oop=0}
                      ; - (reexecute) kotlin.jvm.internal.Intrinsics::throwParameterIsNullNPE@17 (line 140)
                      ; - kotlin.jvm.internal.Intrinsics::checkNotNullParameter@5 (line 131)
                      ; - kotlin.ResultKt::createFailure@3
                      ; - kotlinx.coroutines.DispatchedTask::run@246 (line 232)
                      ;   {section_word}
  0x0000021fcb03dc24: 483b 0048 | ba27 dc03 | cb1f 0200 

  0x0000021fcb03dc30: ;   {runtime_call handle_exception_nofpu Runtime1 stub}
  0x0000021fcb03dc30: 00e8 cafc 

  0x0000021fcb03dc34: ;   {metadata(method data for {method} {0x00000220234164f8} 'sanitizeStackTrace' '(Ljava/lang/Throwable;)Ljava/lang/Throwable;' in 'kotlin/jvm/internal/Intrinsics')}
  0x0000021fcb03dc34: 1607 9048 | ba18 cc5b | 2320 0200 | 0048 8382 | 4801 0000 | 0148 8bd0 

  0x0000021fcb03dc4c: ;   {static_call}
  0x0000021fcb03dc4c: 4c8b c6e8 

  0x0000021fcb03dc50: ; ImmutableOopMap {[176]=Oop [208]=Oop [216]=Oop [224]=Oop [232]=Oop [256]=Oop [288]=Oop }
                      ;*invokestatic sanitizeStackTrace {reexecute=0 rethrow=0 return_oop=0}
                      ; - kotlin.jvm.internal.Intrinsics::sanitizeStackTrace@6 (line 253)
                      ; - kotlin.jvm.internal.Intrinsics::throwParameterIsNullNPE@11 (line 140)
                      ; - kotlin.jvm.internal.Intrinsics::checkNotNullParameter@5 (line 131)
                      ; - kotlin.Result$Failure::<init>@3
                      ; - kotlin.ResultKt::createFailure@11 (line 122)
                      ; - kotlinx.coroutines.DispatchedTask::run@273 (line 98)
  0x0000021fcb03dc50: 2c14 0b07 

  0x0000021fcb03dc54: ;   {other}
  0x0000021fcb03dc54: 0f1f 8400 | 4429 0023 | 4c8b 8424 | 2001 0000 | 4885 c075 

  0x0000021fcb03dc68: ;   {metadata(method data for {method} {0x0000022023415590} 'throwParameterIsNullNPE' '(Ljava/lang/String;)V' in 'kotlin/jvm/internal/Intrinsics')}
  0x0000021fcb03dc68: 1648 be38 | c55b 2320 | 0200 0080 | 8e39 0100 | 0001 e9cd 

  0x0000021fcb03dc7c: ;   {metadata('java/lang/NullPointerException')}
  0x0000021fcb03dc7c: 0000 0048 | bf88 cd06 | e21f 0200 | 008b 7008 | 49ba 0000 | 00e2 1f02 | 0000 4903 | f248 3b7e 
  0x0000021fcb03dc9c: 500f 858d 

  0x0000021fcb03dca0: ;   {metadata(method data for {method} {0x0000022023415590} 'throwParameterIsNullNPE' '(Ljava/lang/String;)V' in 'kotlin/jvm/internal/Intrinsics')}
  0x0000021fcb03dca0: 0000 0048 | be38 c55b | 2320 0200 | 008b 7808 | 49ba 0000 | 00e2 1f02 | 0000 4903 | fa48 3bbe 
  0x0000021fcb03dcc0: 5001 0000 | 750d 4883 | 8658 0100 | 0001 e979 | 0000 0048 | 3bbe 6001 | 0000 750d | 4883 8668 
  0x0000021fcb03dce0: 0100 0001 | e963 0000 | 0048 83be | 5001 0000 | 0075 1748 | 89be 5001 | 0000 48c7 | 8658 0100 
  0x0000021fcb03dd00: 0001 0000 | 00e9 4200 | 0000 4883 | be60 0100 | 0000 7517 | 4889 be60 | 0100 0048 | c786 6801 
  0x0000021fcb03dd20: 0000 0100 | 0000 e921 | 0000 00e9 | 1c00 0000 

  0x0000021fcb03dd30: ;   {metadata(method data for {method} {0x0000022023415590} 'throwParameterIsNullNPE' '(Ljava/lang/String;)V' in 'kotlin/jvm/internal/Intrinsics')}
  0x0000021fcb03dd30: 48be 38c5 | 5b23 2002 | 0000 4883 | ae40 0100 | 0001 e957 | 0c00 00e9 | 0000 0000 

  0x0000021fcb03dd4c: ; implicit exception: dispatches to 0x0000021fcb03e9a7
                      ; ImmutableOopMap {r8=Oop rax=Oop [176]=Oop [208]=Oop [216]=Oop [224]=Oop [232]=Oop [256]=Oop [288]=Oop }
                      ;*athrow {reexecute=1 rethrow=0 return_oop=0}
                      ; - (reexecute) kotlin.jvm.internal.Intrinsics::throwParameterIsNullNPE@17 (line 140)
                      ; - kotlin.jvm.internal.Intrinsics::checkNotNullParameter@5 (line 131)
                      ; - kotlin.Result$Failure::<init>@3
                      ; - kotlin.ResultKt::createFailure@11 (line 122)
                      ; - kotlinx.coroutines.DispatchedTask::run@273 (line 98)
                      ;   {section_word}
  0x0000021fcb03dd4c: 483b 0048 | ba4f dd03 | cb1f 0200 

  0x0000021fcb03dd58: ;   {runtime_call handle_exception_nofpu Runtime1 stub}
  0x0000021fcb03dd58: 00e8 a2fb 

  0x0000021fcb03dd5c: ;   {metadata(method data for {method} {0x00000220234164f8} 'sanitizeStackTrace' '(Ljava/lang/Throwable;)Ljava/lang/Throwable;' in 'kotlin/jvm/internal/Intrinsics')}
  0x0000021fcb03dd5c: 1607 9048 | ba18 cc5b | 2320 0200 | 0048 8382 | 4801 0000 | 0148 8bd0 

  0x0000021fcb03dd74: ;   {static_call}
  0x0000021fcb03dd74: 4c8b c6e8 

  0x0000021fcb03dd78: ; ImmutableOopMap {[176]=Oop [208]=Oop [216]=Oop [224]=Oop [232]=Oop [256]=Oop }
                      ;*invokestatic sanitizeStackTrace {reexecute=0 rethrow=0 return_oop=0}
                      ; - kotlin.jvm.internal.Intrinsics::sanitizeStackTrace@6 (line 253)
                      ; - kotlin.jvm.internal.Intrinsics::throwParameterIsNullNPE@11 (line 140)
                      ; - kotlin.jvm.internal.Intrinsics::checkNotNullParameter@5 (line 131)
                      ; - kotlin.ResultKt::createFailure@3
                      ; - kotlinx.coroutines.DispatchedTask::run@273 (line 98)
  0x0000021fcb03dd78: 0413 0b07 

  0x0000021fcb03dd7c: ;   {other}
  0x0000021fcb03dd7c: 0f1f 8400 | 6c2a 0025 | 488b b424 | 0001 0000 | 488b bc24 | d000 0000 | 4885 c075 

  0x0000021fcb03dd98: ;   {metadata(method data for {method} {0x0000022023415590} 'throwParameterIsNullNPE' '(Ljava/lang/String;)V' in 'kotlin/jvm/internal/Intrinsics')}
  0x0000021fcb03dd98: 1648 bb38 | c55b 2320 | 0200 0080 | 8b39 0100 | 0001 e9cd 

  0x0000021fcb03ddac: ;   {metadata('java/lang/NullPointerException')}
  0x0000021fcb03ddac: 0000 0048 | b988 cd06 | e21f 0200 | 008b 5808 | 49ba 0000 | 00e2 1f02 | 0000 4903 | da48 3b4b 
  0x0000021fcb03ddcc: 500f 858d 

  0x0000021fcb03ddd0: ;   {metadata(method data for {method} {0x0000022023415590} 'throwParameterIsNullNPE' '(Ljava/lang/String;)V' in 'kotlin/jvm/internal/Intrinsics')}
  0x0000021fcb03ddd0: 0000 0048 | bb38 c55b | 2320 0200 | 008b 4808 | 49ba 0000 | 00e2 1f02 | 0000 4903 | ca48 3b8b 
  0x0000021fcb03ddf0: 5001 0000 | 750d 4883 | 8358 0100 | 0001 e979 | 0000 0048 | 3b8b 6001 | 0000 750d | 4883 8368 
  0x0000021fcb03de10: 0100 0001 | e963 0000 | 0048 83bb | 5001 0000 | 0075 1748 | 898b 5001 | 0000 48c7 | 8358 0100 
  0x0000021fcb03de30: 0001 0000 | 00e9 4200 | 0000 4883 | bb60 0100 | 0000 7517 | 4889 8b60 | 0100 0048 | c783 6801 
  0x0000021fcb03de50: 0000 0100 | 0000 e921 | 0000 00e9 | 1c00 0000 

  0x0000021fcb03de60: ;   {metadata(method data for {method} {0x0000022023415590} 'throwParameterIsNullNPE' '(Ljava/lang/String;)V' in 'kotlin/jvm/internal/Intrinsics')}
  0x0000021fcb03de60: 48bb 38c5 | 5b23 2002 | 0000 4883 | ab40 0100 | 0001 e935 | 0b00 00e9 | 0000 0000 

  0x0000021fcb03de7c: ; implicit exception: dispatches to 0x0000021fcb03e9b5
                      ; ImmutableOopMap {rdi=Oop rsi=Oop rax=Oop [176]=Oop [216]=Oop [224]=Oop [232]=Oop [256]=Oop }
                      ;*athrow {reexecute=1 rethrow=0 return_oop=0}
                      ; - (reexecute) kotlin.jvm.internal.Intrinsics::throwParameterIsNullNPE@17 (line 140)
                      ; - kotlin.jvm.internal.Intrinsics::checkNotNullParameter@5 (line 131)
                      ; - kotlin.ResultKt::createFailure@3
                      ; - kotlinx.coroutines.DispatchedTask::run@273 (line 98)
                      ;   {section_word}
  0x0000021fcb03de7c: 483b 0048 | ba7f de03 | cb1f 0200 

  0x0000021fcb03de88: ;   {runtime_call handle_exception_nofpu Runtime1 stub}
  0x0000021fcb03de88: 00e8 72fa | 1607 9049 | 8b87 f804 | 0000 4d33 | d24d 8997 | f804 0000 | 4d33 d24d | 8997 0005 
  0x0000021fcb03dea8: 0000 488b | 9424 e800 | 0000 4885 

  0x0000021fcb03deb4: ;   {metadata(method data for {method} {0x00000220235013b0} 'run' '()V' in 'kotlinx/coroutines/DispatchedTask')}
  0x0000021fcb03deb4: d248 be40 | a9dc 2420 | 0200 0048 | c7c7 0809 | 0000 7407 | 48c7 c718 | 0900 0048 | 8b1c 3e48 
  0x0000021fcb03ded4: 8d5b 0148 | 891c 3e48 | 8984 2448 | 0100 000f | 8459 0000 | 0048 3b02 

  0x0000021fcb03deec: ;   {metadata(method data for {method} {0x00000220235013b0} 'run' '()V' in 'kotlinx/coroutines/DispatchedTask')}
  0x0000021fcb03deec: 488b f248 | bf40 a9dc | 2420 0200 | 0048 8387 | 2809 0000 | 0166 0f1f 

  0x0000021fcb03df04: ;   {optimized virtual_call}
  0x0000021fcb03df04: 4400 00e8 

  0x0000021fcb03df08: ; ImmutableOopMap {[176]=Oop [216]=Oop [224]=Oop [328]=Oop }
                      ;*invokevirtual clearThreadContext {reexecute=0 rethrow=0 return_oop=0}
                      ; - kotlinx.coroutines.DispatchedTask::run@344 (line 236)
  0x0000021fcb03df08: 740b 0b07 

  0x0000021fcb03df0c: ;   {other}
  0x0000021fcb03df0c: 0f1f 8400 | fc2b 0027 

  0x0000021fcb03df14: ;   {metadata(method data for {method} {0x00000220235013b0} 'run' '()V' in 'kotlinx/coroutines/DispatchedTask')}
  0x0000021fcb03df14: 85c0 48ba | 40a9 dc24 | 2002 0000 | 49c7 c060 | 0900 0074 | 0749 c7c0 | 7009 0000 | 4a8b 3402 
  0x0000021fcb03df34: 488d 7601 | 4a89 3402 | 0f84 3200 | 0000 4c8b | 8424 e000 | 0000 488b | 8424 d800 

  0x0000021fcb03df50: ;   {metadata(method data for {method} {0x00000220235013b0} 'run' '()V' in 'kotlinx/coroutines/DispatchedTask')}
  0x0000021fcb03df50: 0000 48ba | 40a9 dc24 | 2002 0000 | 4883 8280 | 0900 0001 

  0x0000021fcb03df64: ;   {static_call}
  0x0000021fcb03df64: 488b d0e8 

  0x0000021fcb03df68: ; ImmutableOopMap {[176]=Oop [328]=Oop }
                      ;*invokestatic restoreThreadContext {reexecute=0 rethrow=0 return_oop=0}
                      ; - kotlinx.coroutines.DispatchedTask::run@354 (line 237)
  0x0000021fcb03df68: 1411 0b07 

  0x0000021fcb03df6c: ;   {other}
  0x0000021fcb03df6c: 0f1f 8400 | 5c2c 0028 | 488b 8424 

  0x0000021fcb03df78: ; ImmutableOopMap {rax=Oop [176]=Oop }
                      ;*athrow {reexecute=1 rethrow=0 return_oop=0}
                      ; - (reexecute) kotlinx.coroutines.DispatchedTask::run@359 (line 237)
  0x0000021fcb03df78: 4801 0000 

  0x0000021fcb03df7c: ;   {section_word}
  0x0000021fcb03df7c: 48ba 7cdf | 03cb 1f02 

  0x0000021fcb03df84: ;   {runtime_call handle_exception_nofpu Runtime1 stub}
  0x0000021fcb03df84: 0000 e875 | f916 0790 

  0x0000021fcb03df8c: ;   {metadata(method data for {method} {0x00000220234164f8} 'sanitizeStackTrace' '(Ljava/lang/Throwable;)Ljava/lang/Throwable;' in 'kotlin/jvm/internal/Intrinsics')}
  0x0000021fcb03df8c: 48ba 18cc | 5b23 2002 | 0000 4883 | 8248 0100 | 0001 488b | d04c 8bc6 

  0x0000021fcb03dfa4: ;   {static_call}
  0x0000021fcb03dfa4: 6666 90e8 

  0x0000021fcb03dfa8: ; ImmutableOopMap {[176]=Oop [184]=Oop }
                      ;*invokestatic sanitizeStackTrace {reexecute=0 rethrow=0 return_oop=0}
                      ; - kotlin.jvm.internal.Intrinsics::sanitizeStackTrace@6 (line 253)
                      ; - kotlin.jvm.internal.Intrinsics::throwJavaNpe@8 (line 50)
                      ; - kotlin.jvm.internal.Intrinsics::checkNotNull@5 (line 31)
                      ; - kotlinx.coroutines.DispatchedTask::run@40 (line 80)
  0x0000021fcb03dfa8: d410 0b07 

  0x0000021fcb03dfac: ;   {other}
  0x0000021fcb03dfac: 0f1f 8400 | 9c2c 002a | 4c8b 8424 | b800 0000 | 4885 c075 

  0x0000021fcb03dfc0: ;   {metadata(method data for {method} {0x0000022023414768} 'throwJavaNpe' '(Ljava/lang/String;)V' in 'kotlin/jvm/internal/Intrinsics')}
  0x0000021fcb03dfc0: 1648 be60 | cfed 2320 | 0200 0080 | 8e29 0100 | 0001 e9cd 

  0x0000021fcb03dfd4: ;   {metadata('java/lang/NullPointerException')}
  0x0000021fcb03dfd4: 0000 0048 | bf88 cd06 | e21f 0200 | 008b 7008 | 49ba 0000 | 00e2 1f02 | 0000 4903 | f248 3b7e 
  0x0000021fcb03dff4: 500f 858d 

  0x0000021fcb03dff8: ;   {metadata(method data for {method} {0x0000022023414768} 'throwJavaNpe' '(Ljava/lang/String;)V' in 'kotlin/jvm/internal/Intrinsics')}
  0x0000021fcb03dff8: 0000 0048 | be60 cfed | 2320 0200 | 008b 7808 | 49ba 0000 | 00e2 1f02 | 0000 4903 | fa48 3bbe 
  0x0000021fcb03e018: 4001 0000 | 750d 4883 | 8648 0100 | 0001 e979 | 0000 0048 | 3bbe 5001 | 0000 750d | 4883 8658 
  0x0000021fcb03e038: 0100 0001 | e963 0000 | 0048 83be | 4001 0000 | 0075 1748 | 89be 4001 | 0000 48c7 | 8648 0100 
  0x0000021fcb03e058: 0001 0000 | 00e9 4200 | 0000 4883 | be50 0100 | 0000 7517 | 4889 be50 | 0100 0048 | c786 5801 
  0x0000021fcb03e078: 0000 0100 | 0000 e921 | 0000 00e9 | 1c00 0000 

  0x0000021fcb03e088: ;   {metadata(method data for {method} {0x0000022023414768} 'throwJavaNpe' '(Ljava/lang/String;)V' in 'kotlin/jvm/internal/Intrinsics')}
  0x0000021fcb03e088: 48be 60cf | ed23 2002 | 0000 4883 | ae30 0100 | 0001 e920 | 0900 00e9 | 0000 0000 

  0x0000021fcb03e0a4: ; implicit exception: dispatches to 0x0000021fcb03e9c8
                      ; ImmutableOopMap {r8=Oop rax=Oop [176]=Oop [184]=Oop }
                      ;*athrow {reexecute=1 rethrow=0 return_oop=0}
                      ; - (reexecute) kotlin.jvm.internal.Intrinsics::throwJavaNpe@14 (line 50)
                      ; - kotlin.jvm.internal.Intrinsics::checkNotNull@5 (line 31)
                      ; - kotlinx.coroutines.DispatchedTask::run@40 (line 80)
                      ;   {section_word}
  0x0000021fcb03e0a4: 483b 0048 | baa7 e003 | cb1f 0200 

  0x0000021fcb03e0b0: ;   {runtime_call handle_exception_nofpu Runtime1 stub}
  0x0000021fcb03e0b0: 00e8 4af8 | 1607 9049 | 8b87 f804 | 0000 4d33 | d24d 8997 | f804 0000 | 4d33 d24d | 8997 0005 
  0x0000021fcb03e0d0: 0000 488b | 9424 b000 

  0x0000021fcb03e0d8: ;   {metadata(method data for {method} {0x00000220235013b0} 'run' '()V' in 'kotlinx/coroutines/DispatchedTask')}
  0x0000021fcb03e0d8: 0000 49b8 | 40a9 dc24 | 2002 0000 | 4983 8060 | 0a00 0001 | 4c8b c048 | 8b94 24b0 

  0x0000021fcb03e0f4: ;   {optimized virtual_call}
  0x0000021fcb03e0f4: 0000 00e8 

  0x0000021fcb03e0f8: ; ImmutableOopMap {}
                      ;*invokevirtual handleFatalException$kotlinx_coroutines_core {reexecute=0 rethrow=0 return_oop=0}
                      ; - kotlinx.coroutines.DispatchedTask::run@383 (line 107)
  0x0000021fcb03e0f8: 8409 0b07 

  0x0000021fcb03e0fc: ;   {other}
  0x0000021fcb03e0fc: 0f1f 8400 | ec2d 002c | 4881 c470 | 0100 005d 

  0x0000021fcb03e10c: ;   {poll_return}
  0x0000021fcb03e10c: 493b a748 | 0400 000f | 87b4 0800 | 00c3 488b | 9424 b000 | 0000 498b | 87f8 0400 | 004d 33d2 
  0x0000021fcb03e12c: 4d89 97f8 | 0400 004d | 33d2 4d89 | 9700 0500 | 0048 8bf2 

  0x0000021fcb03e140: ;   {metadata(method data for {method} {0x00000220235013b0} 'run' '()V' in 'kotlinx/coroutines/DispatchedTask')}
  0x0000021fcb03e140: 48bf 40a9 | dc24 2002 | 0000 8b76 | 0849 ba00 | 0000 e21f | 0200 0049 | 03f2 483b | b7a0 0900 
  0x0000021fcb03e160: 0075 0d48 | 8387 a809 | 0000 01e9 | 6000 0000 | 483b b7b0 | 0900 0075 | 0d48 8387 | b809 0000 
  0x0000021fcb03e180: 01e9 4a00 | 0000 4883 | bfa0 0900 | 0000 7517 | 4889 b7a0 | 0900 0048 | c787 a809 | 0000 0100 
  0x0000021fcb03e1a0: 0000 e929 | 0000 0048 | 83bf b009 | 0000 0075 | 1748 89b7 | b009 0000 | 48c7 87b8 | 0900 0001 
  0x0000021fcb03e1c0: 0000 00e9 | 0800 0000 | 4883 8790 | 0900 0001 | 4889 8424 | 5001 0000 | 0f1f 4400 | 0048 b8ff 
  0x0000021fcb03e1e0: ffff ffff 

  0x0000021fcb03e1e4: ;   {virtual_call}
  0x0000021fcb03e1e4: ffff ffe8 

  0x0000021fcb03e1e8: ; ImmutableOopMap {[336]=Oop }
                      ;*invokevirtual getDelegate$kotlinx_coroutines_core {reexecute=0 rethrow=0 return_oop=0}
                      ; - kotlinx.coroutines.DispatchedTask::run@362 (line 105)
  0x0000021fcb03e1e8: 940b 0b07 

  0x0000021fcb03e1ec: ;   {other}
  0x0000021fcb03e1ec: 0f1f 8400 | dc2e 002d 

  0x0000021fcb03e1f4: ; implicit exception: dispatches to 0x0000021fcb03e9e3
  0x0000021fcb03e1f4: 483b 0048 

  0x0000021fcb03e1f8: ;   {metadata(method data for {method} {0x00000220235013b0} 'run' '()V' in 'kotlinx/coroutines/DispatchedTask')}
  0x0000021fcb03e1f8: 8bd0 48be | 40a9 dc24 | 2002 0000 | 8b52 0849 | ba00 0000 | e21f 0200 | 0049 03d2 | 483b 96d8 
  0x0000021fcb03e218: 0900 0075 | 0d48 8386 | e009 0000 | 01e9 6000 | 0000 483b | 96e8 0900 | 0075 0d48 | 8386 f009 
  0x0000021fcb03e238: 0000 01e9 | 4a00 0000 | 4883 bed8 | 0900 0000 | 7517 4889 | 96d8 0900 | 0048 c786 | e009 0000 
  0x0000021fcb03e258: 0100 0000 | e929 0000 | 0048 83be | e809 0000 | 0075 1748 | 8996 e809 | 0000 48c7 | 86f0 0900 
  0x0000021fcb03e278: 0001 0000 | 00e9 0800 | 0000 4883 | 86c8 0900 | 0001 488b | d048 b8ff | ffff ffff 

  0x0000021fcb03e294: ;   {virtual_call}
  0x0000021fcb03e294: ffff ffe8 

  0x0000021fcb03e298: ; ImmutableOopMap {[336]=Oop }
                      ;*invokeinterface getContext {reexecute=0 rethrow=0 return_oop=0}
                      ; - kotlinx.coroutines.DispatchedTask::run@365 (line 105)
  0x0000021fcb03e298: e40a 0b07 

  0x0000021fcb03e29c: ;   {other}
  0x0000021fcb03e29c: 0f1f 8400 | 8c2f 002e | 488b 9424 | 5001 0000 

  0x0000021fcb03e2ac: ;   {metadata(method data for {method} {0x00000220235013b0} 'run' '()V' in 'kotlinx/coroutines/DispatchedTask')}
  0x0000021fcb03e2ac: 48be 40a9 | dc24 2002 | 0000 8b52 | 0849 ba00 | 0000 e21f | 0200 0049 | 03d2 483b | 9610 0a00 
  0x0000021fcb03e2cc: 0075 0d48 | 8386 180a | 0000 01e9 | 6000 0000 | 483b 9620 | 0a00 0075 | 0d48 8386 | 280a 0000 
  0x0000021fcb03e2ec: 01e9 4a00 | 0000 4883 | be10 0a00 | 0000 7517 | 4889 9610 | 0a00 0048 | c786 180a | 0000 0100 
  0x0000021fcb03e30c: 0000 e929 | 0000 0048 | 83be 200a | 0000 0075 | 1748 8996 | 200a 0000 | 48c7 8628 | 0a00 0001 
  0x0000021fcb03e32c: 0000 00e9 | 0800 0000 | 4883 8600 | 0a00 0001 | 488b 9424 | 5001 0000 | 4889 8424 | 5801 0000 
  0x0000021fcb03e34c: ;   {optimized virtual_call}
  0x0000021fcb03e34c: 6666 90e8 

  0x0000021fcb03e350: ; ImmutableOopMap {[344]=Oop }
                      ;*invokevirtual getCause {reexecute=0 rethrow=0 return_oop=0}
                      ; - kotlinx.coroutines.DispatchedTask::run@371 (line 105)
  0x0000021fcb03e350: 2c07 0b07 

  0x0000021fcb03e354: ;   {other}
  0x0000021fcb03e354: 0f1f 8400 | 4430 002f | 488b 9424 | 5801 0000 

  0x0000021fcb03e364: ;   {static_call}
  0x0000021fcb03e364: 4c8b c0e8 

  0x0000021fcb03e368: ; ImmutableOopMap {}
                      ;*invokestatic handleCoroutineException {reexecute=0 rethrow=0 return_oop=0}
                      ; - kotlinx.coroutines.DispatchedTask::run@374 (line 105)
  0x0000021fcb03e368: 140d 0b07 

  0x0000021fcb03e36c: ;   {other}
  0x0000021fcb03e36c: 0f1f 8400 | 5c30 0030 

  0x0000021fcb03e374: ;   {metadata(method data for {method} {0x00000220235013b0} 'run' '()V' in 'kotlinx/coroutines/DispatchedTask')}
  0x0000021fcb03e374: 48be 40a9 | dc24 2002 | 0000 ff86 | 480a 0000 | 4881 c470 | 0100 005d 

  0x0000021fcb03e38c: ;   {poll_return}
  0x0000021fcb03e38c: 493b a748 | 0400 000f | 874f 0600 

  0x0000021fcb03e398: ;   {metadata({method} {0x00000220235013b0} 'run' '()V' in 'kotlinx/coroutines/DispatchedTask')}
  0x0000021fcb03e398: 00c3 49ba | a813 5023 | 2002 0000 | 4c89 5424 | 0848 c704 | 24ff ffff 

  0x0000021fcb03e3b0: ;   {runtime_call counter_overflow Runtime1 stub}
  0x0000021fcb03e3b0: ffe8 4a3b 

  0x0000021fcb03e3b4: ; ImmutableOopMap {rdx=Oop [176]=Oop }
                      ;*synchronization entry
                      ; - kotlinx.coroutines.DispatchedTask::run@-1 (line 78)
  0x0000021fcb03e3b4: 1707 e953 

  0x0000021fcb03e3b8: ;   {metadata({method} {0x00000220234de438} 'getASSERTIONS_ENABLED' '()Z' in 'kotlinx/coroutines/DebugKt')}
  0x0000021fcb03e3b8: d6ff ff49 | ba30 e44d | 2320 0200 | 004c 8954 | 2408 48c7 | 0424 ffff 

  0x0000021fcb03e3d0: ;   {runtime_call counter_overflow Runtime1 stub}
  0x0000021fcb03e3d0: ffff e829 

  0x0000021fcb03e3d4: ; ImmutableOopMap {rdx=Oop [176]=Oop }
                      ;*synchronization entry
                      ; - kotlinx.coroutines.DebugKt::getASSERTIONS_ENABLED@-1 (line 63)
                      ; - kotlinx.coroutines.DispatchedTask::run@0 (line 78)
  0x0000021fcb03e3d4: 3b17 07e9 | 6bd6 ffff 

  0x0000021fcb03e3dc: ;   {metadata({method} {0x0000022023414498} 'checkNotNull' '(Ljava/lang/Object;Ljava/lang/String;)V' in 'kotlin/jvm/internal/Intrinsics')}
  0x0000021fcb03e3dc: 49ba 9044 | 4123 2002 | 0000 4c89 | 5424 0848 | c704 24ff 

  0x0000021fcb03e3f0: ;   {runtime_call counter_overflow Runtime1 stub}
  0x0000021fcb03e3f0: ffff ffe8 

  0x0000021fcb03e3f4: ; ImmutableOopMap {rax=Oop [176]=Oop [184]=Oop }
                      ;*synchronization entry
                      ; - kotlin.jvm.internal.Intrinsics::checkNotNull@-1 (line 30)
                      ; - kotlinx.coroutines.DispatchedTask::run@40 (line 80)
  0x0000021fcb03e3f4: 083b 1707 | e950 d7ff 

  0x0000021fcb03e3fc: ;   {metadata({method} {0x0000022023414768} 'throwJavaNpe' '(Ljava/lang/String;)V' in 'kotlin/jvm/internal/Intrinsics')}
  0x0000021fcb03e3fc: ff49 ba60 | 4741 2320 | 0200 004c | 8954 2408 | 48c7 0424 | ffff ffff 

  0x0000021fcb03e414: ;   {runtime_call counter_overflow Runtime1 stub}
  0x0000021fcb03e414: e8e7 3a17 

  0x0000021fcb03e418: ; ImmutableOopMap {[176]=Oop [184]=Oop }
                      ;*synchronization entry
                      ; - kotlin.jvm.internal.Intrinsics::throwJavaNpe@-1 (line 50)
                      ; - kotlin.jvm.internal.Intrinsics::checkNotNull@5 (line 31)
                      ; - kotlinx.coroutines.DispatchedTask::run@40 (line 80)
  0x0000021fcb03e418: 07e9 97d7 

  0x0000021fcb03e41c: ;   {metadata(nullptr)}
  0x0000021fcb03e41c: ffff 48ba | 0000 0000 | 0000 0000 | b800 0f05 

  0x0000021fcb03e42c: ;   {runtime_call load_klass_patching Runtime1 stub}
  0x0000021fcb03e42c: 0ae8 4e2a 

  0x0000021fcb03e430: ; ImmutableOopMap {[176]=Oop [184]=Oop }
                      ;*new {reexecute=1 rethrow=0 return_oop=0}
                      ; - (reexecute) kotlin.jvm.internal.Intrinsics::throwJavaNpe@0 (line 50)
                      ; - kotlin.jvm.internal.Intrinsics::checkNotNull@5 (line 31)
                      ; - kotlinx.coroutines.DispatchedTask::run@40 (line 80)
  0x0000021fcb03e430: 1707 e981 | d7ff ff48 

  0x0000021fcb03e438: ;   {runtime_call fast_new_instance Runtime1 stub}
  0x0000021fcb03e438: 8bd2 e8c1 

  0x0000021fcb03e43c: ; ImmutableOopMap {[176]=Oop [184]=Oop }
                      ;*new {reexecute=0 rethrow=0 return_oop=0}
                      ; - kotlin.jvm.internal.Intrinsics::throwJavaNpe@0 (line 50)
                      ; - kotlin.jvm.internal.Intrinsics::checkNotNull@5 (line 31)
                      ; - kotlinx.coroutines.DispatchedTask::run@40 (line 80)
  0x0000021fcb03e43c: e516 07e9 | d0d7 ffff 

  0x0000021fcb03e444: ;   {metadata({method} {0x00000220234164f8} 'sanitizeStackTrace' '(Ljava/lang/Throwable;)Ljava/lang/Throwable;' in 'kotlin/jvm/internal/Intrinsics')}
  0x0000021fcb03e444: 49ba f064 | 4123 2002 | 0000 4c89 | 5424 0848 | c704 24ff 

  0x0000021fcb03e458: ;   {runtime_call counter_overflow Runtime1 stub}
  0x0000021fcb03e458: ffff ffe8 

  0x0000021fcb03e45c: ; ImmutableOopMap {[176]=Oop [184]=Oop [192]=Oop }
                      ;*synchronization entry
                      ; - kotlin.jvm.internal.Intrinsics::sanitizeStackTrace@-1 (line 253)
                      ; - kotlin.jvm.internal.Intrinsics::throwJavaNpe@8 (line 50)
                      ; - kotlin.jvm.internal.Intrinsics::checkNotNull@5 (line 31)
                      ; - kotlinx.coroutines.DispatchedTask::run@40 (line 80)
  0x0000021fcb03e45c: a03a 1707 | e920 d8ff 

  0x0000021fcb03e464: ;   {metadata({method} {0x0000021fe246b368} 'getName' '()Ljava/lang/String;' in 'java/lang/Class')}
  0x0000021fcb03e464: ff49 ba60 | b346 e21f | 0200 004c | 8954 2408 | 48c7 0424 | ffff ffff 

  0x0000021fcb03e47c: ;   {runtime_call counter_overflow Runtime1 stub}
  0x0000021fcb03e47c: e87f 3a17 

  0x0000021fcb03e480: ; ImmutableOopMap {rdx=Oop [176]=Oop [184]=Oop [192]=Oop }
                      ;*synchronization entry
                      ; - java.lang.Class::getName@-1 (line 949)
                      ; - kotlin.jvm.internal.Intrinsics::sanitizeStackTrace@3 (line 253)
                      ; - kotlin.jvm.internal.Intrinsics::throwJavaNpe@8 (line 50)
                      ; - kotlin.jvm.internal.Intrinsics::checkNotNull@5 (line 31)
                      ; - kotlinx.coroutines.DispatchedTask::run@40 (line 80)
  0x0000021fcb03e480: 07e9 45d8 

  0x0000021fcb03e484: ;   {runtime_call throw_null_pointer_exception Runtime1 stub}
  0x0000021fcb03e484: ffff e875 

  0x0000021fcb03e488: ; ImmutableOopMap {[176]=Oop [184]=Oop [192]=Oop }
                      ;*getfield name {reexecute=1 rethrow=0 return_oop=0}
                      ; - (reexecute) java.lang.Class::getName@1 (line 949)
                      ; - kotlin.jvm.internal.Intrinsics::sanitizeStackTrace@3 (line 253)
                      ; - kotlin.jvm.internal.Intrinsics::throwJavaNpe@8 (line 50)
                      ; - kotlin.jvm.internal.Intrinsics::checkNotNull@5 (line 31)
                      ; - kotlinx.coroutines.DispatchedTask::run@40 (line 80)
  0x0000021fcb03e488: dc16 0748 

  0x0000021fcb03e48c: ;   {runtime_call throw_class_cast_exception Runtime1 stub}
  0x0000021fcb03e48c: 8904 24e8 

  0x0000021fcb03e490: ; ImmutableOopMap {[176]=Oop }
                      ;*checkcast {reexecute=0 rethrow=0 return_oop=0}
                      ; - kotlinx.coroutines.DispatchedTask::run@43 (line 80)
  0x0000021fcb03e490: 6c04 1707 

  0x0000021fcb03e494: ;   {runtime_call throw_null_pointer_exception Runtime1 stub}
  0x0000021fcb03e494: e867 dc16 

  0x0000021fcb03e498: ; ImmutableOopMap {rdx=Oop [176]=Oop }
                      ;*getfield continuation {reexecute=1 rethrow=0 return_oop=0}
                      ; - (reexecute) kotlinx.coroutines.DispatchedTask::run@48 (line 81)
                      ;   {runtime_call throw_null_pointer_exception Runtime1 stub}
  0x0000021fcb03e498: 07e8 62dc 

  0x0000021fcb03e49c: ; ImmutableOopMap {rsi=Oop rdi=Oop [176]=Oop }
                      ;*invokeinterface getContext {reexecute=0 rethrow=0 return_oop=0}
                      ; - kotlinx.coroutines.DispatchedTask::run@61 (line 222)
                      ;   {metadata({method} {0x000002202351bc58} 'isCancellableMode' '(I)Z' in 'kotlinx/coroutines/DispatchedTaskKt')}
  0x0000021fcb03e49c: 1607 49ba | 50bc 5123 | 2002 0000 | 4c89 5424 | 0848 c704 | 24ff ffff 

  0x0000021fcb03e4b4: ;   {runtime_call counter_overflow Runtime1 stub}
  0x0000021fcb03e4b4: ffe8 463a 

  0x0000021fcb03e4b8: ; ImmutableOopMap {rax=Oop rdx=Oop [176]=Oop [208]=Oop [216]=Oop [224]=Oop [232]=Oop [240]=Oop [248]=Oop [256]=Oop }
                      ;*synchronization entry
                      ; - kotlinx.coroutines.DispatchedTaskKt::isCancellableMode@-1 (line 43)
                      ; - kotlinx.coroutines.DispatchedTask::run@133 (line 91)
  0x0000021fcb03e4b8: 1707 e9f1 

  0x0000021fcb03e4bc: ;   {runtime_call throw_null_pointer_exception Runtime1 stub}
  0x0000021fcb03e4bc: ddff ffe8 

  0x0000021fcb03e4c0: ; ImmutableOopMap {rax=Oop [176]=Oop [208]=Oop [216]=Oop [224]=Oop [232]=Oop [248]=Oop [256]=Oop }
                      ;*invokeinterface get {reexecute=0 rethrow=0 return_oop=0}
                      ; - kotlinx.coroutines.DispatchedTask::run@147 (line 91)
  0x0000021fcb03e4c0: 3cdc 1607 | 4889 0424 

  0x0000021fcb03e4c8: ;   {runtime_call throw_class_cast_exception Runtime1 stub}
  0x0000021fcb03e4c8: e833 0417 

  0x0000021fcb03e4cc: ; ImmutableOopMap {[176]=Oop [208]=Oop [216]=Oop [224]=Oop [232]=Oop [248]=Oop [256]=Oop }
                      ;*checkcast {reexecute=0 rethrow=0 return_oop=0}
                      ; - kotlinx.coroutines.DispatchedTask::run@152 (line 91)
                      ;   {runtime_call throw_null_pointer_exception Runtime1 stub}
  0x0000021fcb03e4cc: 07e8 2edc 

  0x0000021fcb03e4d0: ; ImmutableOopMap {rsi=Oop [176]=Oop [208]=Oop [216]=Oop [224]=Oop [232]=Oop [248]=Oop [256]=Oop }
                      ;*invokeinterface isActive {reexecute=0 rethrow=0 return_oop=0}
                      ; - kotlinx.coroutines.DispatchedTask::run@168 (line 92)
                      ;   {metadata({method} {0x0000022023521030} 'createFailure' '(Ljava/lang/Throwable;)Ljava/lang/Object;' in 'kotlin/ResultKt')}
  0x0000021fcb03e4d0: 1607 49ba | 2810 5223 | 2002 0000 | 4c89 5424 | 0848 c704 | 24ff ffff 

  0x0000021fcb03e4e8: ;   {runtime_call counter_overflow Runtime1 stub}
  0x0000021fcb03e4e8: ffe8 123a 

  0x0000021fcb03e4ec: ; ImmutableOopMap {rax=Oop [176]=Oop [208]=Oop [216]=Oop [224]=Oop [232]=Oop [256]=Oop }
                      ;*synchronization entry
                      ; - kotlin.ResultKt::createFailure@-1
                      ; - kotlinx.coroutines.DispatchedTask::run@273 (line 98)
  0x0000021fcb03e4ec: 1707 e9e7 

  0x0000021fcb03e4f0: ;   {metadata({method} {0x0000022023415410} 'checkNotNullParameter' '(Ljava/lang/Object;Ljava/lang/String;)V' in 'kotlin/jvm/internal/Intrinsics')}
  0x0000021fcb03e4f0: e1ff ff49 | ba08 5441 | 2320 0200 | 004c 8954 | 2408 48c7 | 0424 ffff 

  0x0000021fcb03e508: ;   {runtime_call counter_overflow Runtime1 stub}
  0x0000021fcb03e508: ffff e8f1 

  0x0000021fcb03e50c: ; ImmutableOopMap {rax=Oop [176]=Oop [208]=Oop [216]=Oop [224]=Oop [232]=Oop [256]=Oop }
                      ;*synchronization entry
                      ; - kotlin.jvm.internal.Intrinsics::checkNotNullParameter@-1 (line 130)
                      ; - kotlin.ResultKt::createFailure@3
                      ; - kotlinx.coroutines.DispatchedTask::run@273 (line 98)
  0x0000021fcb03e50c: 3917 07e9 | ffe1 ffff 

  0x0000021fcb03e514: ;   {metadata({method} {0x0000022023415590} 'throwParameterIsNullNPE' '(Ljava/lang/String;)V' in 'kotlin/jvm/internal/Intrinsics')}
  0x0000021fcb03e514: 49ba 8855 | 4123 2002 | 0000 4c89 | 5424 0848 | c704 24ff 

  0x0000021fcb03e528: ;   {runtime_call counter_overflow Runtime1 stub}
  0x0000021fcb03e528: ffff ffe8 

  0x0000021fcb03e52c: ; ImmutableOopMap {[176]=Oop [208]=Oop [216]=Oop [224]=Oop [232]=Oop [256]=Oop }
                      ;*synchronization entry
                      ; - kotlin.jvm.internal.Intrinsics::throwParameterIsNullNPE@-1 (line 140)
                      ; - kotlin.jvm.internal.Intrinsics::checkNotNullParameter@5 (line 131)
                      ; - kotlin.ResultKt::createFailure@3
                      ; - kotlinx.coroutines.DispatchedTask::run@273 (line 98)
  0x0000021fcb03e52c: d039 1707 | e946 e2ff 

  0x0000021fcb03e534: ;   {metadata(nullptr)}
  0x0000021fcb03e534: ff48 ba00 | 0000 0000 | 0000 00b8 | 000f 050a 

  0x0000021fcb03e544: ;   {runtime_call load_klass_patching Runtime1 stub}
  0x0000021fcb03e544: e837 2917 

  0x0000021fcb03e548: ; ImmutableOopMap {[176]=Oop [208]=Oop [216]=Oop [224]=Oop [232]=Oop [256]=Oop }
                      ;*new {reexecute=1 rethrow=0 return_oop=0}
                      ; - (reexecute) kotlin.jvm.internal.Intrinsics::throwParameterIsNullNPE@0 (line 140)
                      ; - kotlin.jvm.internal.Intrinsics::checkNotNullParameter@5 (line 131)
                      ; - kotlin.ResultKt::createFailure@3
                      ; - kotlinx.coroutines.DispatchedTask::run@273 (line 98)
  0x0000021fcb03e548: 07e9 32e2 | ffff 488b 

  0x0000021fcb03e550: ;   {runtime_call fast_new_instance Runtime1 stub}
  0x0000021fcb03e550: d2e8 aae4 

  0x0000021fcb03e554: ; ImmutableOopMap {[176]=Oop [208]=Oop [216]=Oop [224]=Oop [232]=Oop [256]=Oop }
                      ;*new {reexecute=0 rethrow=0 return_oop=0}
                      ; - kotlin.jvm.internal.Intrinsics::throwParameterIsNullNPE@0 (line 140)
                      ; - kotlin.jvm.internal.Intrinsics::checkNotNullParameter@5 (line 131)
                      ; - kotlin.ResultKt::createFailure@3
                      ; - kotlinx.coroutines.DispatchedTask::run@273 (line 98)
  0x0000021fcb03e554: 1607 e981 

  0x0000021fcb03e558: ;   {metadata({method} {0x00000220234164f8} 'sanitizeStackTrace' '(Ljava/lang/Throwable;)Ljava/lang/Throwable;' in 'kotlin/jvm/internal/Intrinsics')}
  0x0000021fcb03e558: e2ff ff49 | baf0 6441 | 2320 0200 | 004c 8954 | 2408 48c7 | 0424 ffff 

  0x0000021fcb03e570: ;   {runtime_call counter_overflow Runtime1 stub}
  0x0000021fcb03e570: ffff e889 

  0x0000021fcb03e574: ; ImmutableOopMap {[176]=Oop [208]=Oop [216]=Oop [224]=Oop [232]=Oop [256]=Oop [272]=Oop }
                      ;*synchronization entry
                      ; - kotlin.jvm.internal.Intrinsics::sanitizeStackTrace@-1 (line 253)
                      ; - kotlin.jvm.internal.Intrinsics::throwParameterIsNullNPE@11 (line 140)
                      ; - kotlin.jvm.internal.Intrinsics::checkNotNullParameter@5 (line 131)
                      ; - kotlin.ResultKt::createFailure@3
                      ; - kotlinx.coroutines.DispatchedTask::run@273 (line 98)
  0x0000021fcb03e574: 3917 07e9 | 09e3 ffff 

  0x0000021fcb03e57c: ;   {metadata({method} {0x0000021fe246b368} 'getName' '()Ljava/lang/String;' in 'java/lang/Class')}
  0x0000021fcb03e57c: 49ba 60b3 | 46e2 1f02 | 0000 4c89 | 5424 0848 | c704 24ff 

  0x0000021fcb03e590: ;   {runtime_call counter_overflow Runtime1 stub}
  0x0000021fcb03e590: ffff ffe8 

  0x0000021fcb03e594: ; ImmutableOopMap {rdx=Oop [176]=Oop [208]=Oop [216]=Oop [224]=Oop [232]=Oop [256]=Oop [272]=Oop }
                      ;*synchronization entry
                      ; - java.lang.Class::getName@-1 (line 949)
                      ; - kotlin.jvm.internal.Intrinsics::sanitizeStackTrace@3 (line 253)
                      ; - kotlin.jvm.internal.Intrinsics::throwParameterIsNullNPE@11 (line 140)
                      ; - kotlin.jvm.internal.Intrinsics::checkNotNullParameter@5 (line 131)
                      ; - kotlin.ResultKt::createFailure@3
                      ; - kotlinx.coroutines.DispatchedTask::run@273 (line 98)
  0x0000021fcb03e594: 6839 1707 | e92e e3ff 

  0x0000021fcb03e59c: ;   {runtime_call throw_null_pointer_exception Runtime1 stub}
  0x0000021fcb03e59c: ffe8 5edb 

  0x0000021fcb03e5a0: ; ImmutableOopMap {[176]=Oop [208]=Oop [216]=Oop [224]=Oop [232]=Oop [256]=Oop [272]=Oop }
                      ;*getfield name {reexecute=1 rethrow=0 return_oop=0}
                      ; - (reexecute) java.lang.Class::getName@1 (line 949)
                      ; - kotlin.jvm.internal.Intrinsics::sanitizeStackTrace@3 (line 253)
                      ; - kotlin.jvm.internal.Intrinsics::throwParameterIsNullNPE@11 (line 140)
                      ; - kotlin.jvm.internal.Intrinsics::checkNotNullParameter@5 (line 131)
                      ; - kotlin.ResultKt::createFailure@3
                      ; - kotlinx.coroutines.DispatchedTask::run@273 (line 98)
  0x0000021fcb03e5a0: 1607 488b 

  0x0000021fcb03e5a4: ;   {runtime_call fast_new_instance Runtime1 stub}
  0x0000021fcb03e5a4: d2e8 56e4 

  0x0000021fcb03e5a8: ; ImmutableOopMap {rbx=Oop [176]=Oop [208]=Oop [216]=Oop [224]=Oop [232]=Oop [256]=Oop }
                      ;*new {reexecute=0 rethrow=0 return_oop=0}
                      ; - kotlin.ResultKt::createFailure@6 (line 122)
                      ; - kotlinx.coroutines.DispatchedTask::run@273 (line 98)
  0x0000021fcb03e5a8: 1607 e9fc 

  0x0000021fcb03e5ac: ;   {metadata({method} {0x000002202350ee40} '<init>' '(Ljava/lang/Throwable;)V' in 'kotlin/Result$Failure')}
  0x0000021fcb03e5ac: e3ff ff49 | ba38 ee50 | 2320 0200 | 004c 8954 | 2408 48c7 | 0424 ffff 

  0x0000021fcb03e5c4: ;   {runtime_call counter_overflow Runtime1 stub}
  0x0000021fcb03e5c4: ffff e835 

  0x0000021fcb03e5c8: ; ImmutableOopMap {rbx=Oop rax=Oop [176]=Oop [208]=Oop [216]=Oop [224]=Oop [232]=Oop [256]=Oop [288]=Oop }
                      ;*synchronization entry
                      ; - kotlin.Result$Failure::<init>@-1
                      ; - kotlin.ResultKt::createFailure@11 (line 122)
                      ; - kotlinx.coroutines.DispatchedTask::run@273 (line 98)
  0x0000021fcb03e5c8: 3917 07e9 | 1fe4 ffff 

  0x0000021fcb03e5d0: ;   {metadata({method} {0x0000022023415410} 'checkNotNullParameter' '(Ljava/lang/Object;Ljava/lang/String;)V' in 'kotlin/jvm/internal/Intrinsics')}
  0x0000021fcb03e5d0: 49ba 0854 | 4123 2002 | 0000 4c89 | 5424 0848 | c704 24ff 

  0x0000021fcb03e5e4: ;   {runtime_call counter_overflow Runtime1 stub}
  0x0000021fcb03e5e4: ffff ffe8 

  0x0000021fcb03e5e8: ; ImmutableOopMap {rbx=Oop rax=Oop [176]=Oop [208]=Oop [216]=Oop [224]=Oop [232]=Oop [256]=Oop [288]=Oop }
                      ;*synchronization entry
                      ; - kotlin.jvm.internal.Intrinsics::checkNotNullParameter@-1 (line 130)
                      ; - kotlin.Result$Failure::<init>@3
                      ; - kotlin.ResultKt::createFailure@11 (line 122)
                      ; - kotlinx.coroutines.DispatchedTask::run@273 (line 98)
  0x0000021fcb03e5e8: 1439 1707 | e937 e4ff 

  0x0000021fcb03e5f0: ;   {metadata({method} {0x0000022023415590} 'throwParameterIsNullNPE' '(Ljava/lang/String;)V' in 'kotlin/jvm/internal/Intrinsics')}
  0x0000021fcb03e5f0: ff49 ba88 | 5541 2320 | 0200 004c | 8954 2408 | 48c7 0424 | ffff ffff 

  0x0000021fcb03e608: ;   {runtime_call counter_overflow Runtime1 stub}
  0x0000021fcb03e608: e8f3 3817 

  0x0000021fcb03e60c: ; ImmutableOopMap {[176]=Oop [208]=Oop [216]=Oop [224]=Oop [232]=Oop [256]=Oop [288]=Oop }
                      ;*synchronization entry
                      ; - kotlin.jvm.internal.Intrinsics::throwParameterIsNullNPE@-1 (line 140)
                      ; - kotlin.jvm.internal.Intrinsics::checkNotNullParameter@5 (line 131)
                      ; - kotlin.Result$Failure::<init>@3
                      ; - kotlin.ResultKt::createFailure@11 (line 122)
                      ; - kotlinx.coroutines.DispatchedTask::run@273 (line 98)
  0x0000021fcb03e60c: 07e9 7ee4 

  0x0000021fcb03e610: ;   {metadata(nullptr)}
  0x0000021fcb03e610: ffff 48ba | 0000 0000 | 0000 0000 | b800 0f05 

  0x0000021fcb03e620: ;   {runtime_call load_klass_patching Runtime1 stub}
  0x0000021fcb03e620: 0ae8 5a28 

  0x0000021fcb03e624: ; ImmutableOopMap {[176]=Oop [208]=Oop [216]=Oop [224]=Oop [232]=Oop [256]=Oop [288]=Oop }
                      ;*new {reexecute=1 rethrow=0 return_oop=0}
                      ; - (reexecute) kotlin.jvm.internal.Intrinsics::throwParameterIsNullNPE@0 (line 140)
                      ; - kotlin.jvm.internal.Intrinsics::checkNotNullParameter@5 (line 131)
                      ; - kotlin.Result$Failure::<init>@3
                      ; - kotlin.ResultKt::createFailure@11 (line 122)
                      ; - kotlinx.coroutines.DispatchedTask::run@273 (line 98)
  0x0000021fcb03e624: 1707 e965 | e4ff ff48 

  0x0000021fcb03e62c: ;   {runtime_call fast_new_instance Runtime1 stub}
  0x0000021fcb03e62c: 8bd2 e8cd 

  0x0000021fcb03e630: ; ImmutableOopMap {[176]=Oop [208]=Oop [216]=Oop [224]=Oop [232]=Oop [256]=Oop [288]=Oop }
                      ;*new {reexecute=0 rethrow=0 return_oop=0}
                      ; - kotlin.jvm.internal.Intrinsics::throwParameterIsNullNPE@0 (line 140)
                      ; - kotlin.jvm.internal.Intrinsics::checkNotNullParameter@5 (line 131)
                      ; - kotlin.Result$Failure::<init>@3
                      ; - kotlin.ResultKt::createFailure@11 (line 122)
                      ; - kotlinx.coroutines.DispatchedTask::run@273 (line 98)
  0x0000021fcb03e630: e316 07e9 | b4e4 ffff 

  0x0000021fcb03e638: ;   {metadata({method} {0x00000220234164f8} 'sanitizeStackTrace' '(Ljava/lang/Throwable;)Ljava/lang/Throwable;' in 'kotlin/jvm/internal/Intrinsics')}
  0x0000021fcb03e638: 49ba f064 | 4123 2002 | 0000 4c89 | 5424 0848 | c704 24ff 

  0x0000021fcb03e64c: ;   {runtime_call counter_overflow Runtime1 stub}
  0x0000021fcb03e64c: ffff ffe8 

  0x0000021fcb03e650: ; ImmutableOopMap {[176]=Oop [208]=Oop [216]=Oop [224]=Oop [232]=Oop [256]=Oop [280]=Oop [288]=Oop }
                      ;*synchronization entry
                      ; - kotlin.jvm.internal.Intrinsics::sanitizeStackTrace@-1 (line 253)
                      ; - kotlin.jvm.internal.Intrinsics::throwParameterIsNullNPE@11 (line 140)
                      ; - kotlin.jvm.internal.Intrinsics::checkNotNullParameter@5 (line 131)
                      ; - kotlin.Result$Failure::<init>@3
                      ; - kotlin.ResultKt::createFailure@11 (line 122)
                      ; - kotlinx.coroutines.DispatchedTask::run@273 (line 98)
  0x0000021fcb03e650: ac38 1707 | e93c e5ff 

  0x0000021fcb03e658: ;   {metadata({method} {0x0000021fe246b368} 'getName' '()Ljava/lang/String;' in 'java/lang/Class')}
  0x0000021fcb03e658: ff49 ba60 | b346 e21f | 0200 004c | 8954 2408 | 48c7 0424 | ffff ffff 

  0x0000021fcb03e670: ;   {runtime_call counter_overflow Runtime1 stub}
  0x0000021fcb03e670: e88b 3817 

  0x0000021fcb03e674: ; ImmutableOopMap {rdx=Oop [176]=Oop [208]=Oop [216]=Oop [224]=Oop [232]=Oop [256]=Oop [280]=Oop [288]=Oop }
                      ;*synchronization entry
                      ; - java.lang.Class::getName@-1 (line 949)
                      ; - kotlin.jvm.internal.Intrinsics::sanitizeStackTrace@3 (line 253)
                      ; - kotlin.jvm.internal.Intrinsics::throwParameterIsNullNPE@11 (line 140)
                      ; - kotlin.jvm.internal.Intrinsics::checkNotNullParameter@5 (line 131)
                      ; - kotlin.Result$Failure::<init>@3
                      ; - kotlin.ResultKt::createFailure@11 (line 122)
                      ; - kotlinx.coroutines.DispatchedTask::run@273 (line 98)
  0x0000021fcb03e674: 07e9 61e5 

  0x0000021fcb03e678: ;   {runtime_call throw_null_pointer_exception Runtime1 stub}
  0x0000021fcb03e678: ffff e881 

  0x0000021fcb03e67c: ; ImmutableOopMap {[176]=Oop [208]=Oop [216]=Oop [224]=Oop [232]=Oop [256]=Oop [280]=Oop [288]=Oop }
                      ;*getfield name {reexecute=1 rethrow=0 return_oop=0}
                      ; - (reexecute) java.lang.Class::getName@1 (line 949)
                      ; - kotlin.jvm.internal.Intrinsics::sanitizeStackTrace@3 (line 253)
                      ; - kotlin.jvm.internal.Intrinsics::throwParameterIsNullNPE@11 (line 140)
                      ; - kotlin.jvm.internal.Intrinsics::checkNotNullParameter@5 (line 131)
                      ; - kotlin.Result$Failure::<init>@3
                      ; - kotlin.ResultKt::createFailure@11 (line 122)
                      ; - kotlinx.coroutines.DispatchedTask::run@273 (line 98)
                      ;   {metadata({method} {0x0000021fe2476650} '<init>' '()V' in 'java/lang/Object')}
  0x0000021fcb03e67c: da16 0749 | ba48 6647 | e21f 0200 | 004c 8954 | 2408 48c7 | 0424 ffff 

  0x0000021fcb03e694: ;   {runtime_call counter_overflow Runtime1 stub}
  0x0000021fcb03e694: ffff e865 

  0x0000021fcb03e698: ; ImmutableOopMap {rax=Oop rdi=Oop [176]=Oop [208]=Oop [216]=Oop [224]=Oop [232]=Oop [256]=Oop [288]=Oop }
                      ;*synchronization entry
                      ; - java.lang.Object::<init>@-1 (line 45)
                      ; - kotlin.Result$Failure::<init>@7 (line 105)
                      ; - kotlin.ResultKt::createFailure@11 (line 122)
                      ; - kotlinx.coroutines.DispatchedTask::run@273 (line 98)
  0x0000021fcb03e698: 3817 07e9 | 0de6 ffff | 448b 400c | 49c1 e003 | 4983 f800 | 0f84 09e6 | ffff 4c89 

  0x0000021fcb03e6b4: ;   {runtime_call g1_pre_barrier_slow}
  0x0000021fcb03e6b4: 0424 e845 | 3e17 07e9 | fbe5 ffff | 4883 ff00 | 0f84 10e6 | ffff 4889 

  0x0000021fcb03e6cc: ;   {runtime_call g1_post_barrier_slow}
  0x0000021fcb03e6cc: 0424 e82d | 4117 07e9 | 02e6 ffff 

  0x0000021fcb03e6d8: ;   {metadata({method} {0x000002202350cf08} 'constructor-impl' '(Ljava/lang/Object;)Ljava/lang/Object;' in 'kotlin/Result')}
  0x0000021fcb03e6d8: 49ba 00cf | 5023 2002 | 0000 4c89 | 5424 0848 | c704 24ff 

  0x0000021fcb03e6ec: ;   {runtime_call counter_overflow Runtime1 stub}
  0x0000021fcb03e6ec: ffff ffe8 

  0x0000021fcb03e6f0: ; ImmutableOopMap {rax=Oop [176]=Oop [208]=Oop [216]=Oop [224]=Oop [232]=Oop [288]=Oop }
                      ;*synchronization entry
                      ; - kotlin.Result::constructor-impl@-1
                      ; - kotlinx.coroutines.DispatchedTask::run@276 (line 98)
  0x0000021fcb03e6f0: 0c38 1707 | e91c e6ff 

  0x0000021fcb03e6f8: ;   {metadata({method} {0x000002202350cf08} 'constructor-impl' '(Ljava/lang/Object;)Ljava/lang/Object;' in 'kotlin/Result')}
  0x0000021fcb03e6f8: ff49 ba00 | cf50 2320 | 0200 004c | 8954 2408 | 48c7 0424 | ffff ffff 

  0x0000021fcb03e710: ;   {runtime_call counter_overflow Runtime1 stub}
  0x0000021fcb03e710: e8eb 3717 

  0x0000021fcb03e714: ; ImmutableOopMap {rax=Oop [176]=Oop [208]=Oop [216]=Oop [224]=Oop [232]=Oop }
                      ;*synchronization entry
                      ; - kotlin.Result::constructor-impl@-1
                      ; - kotlinx.coroutines.DispatchedTask::run@298 (line 100)
  0x0000021fcb03e714: 07e9 cde7 

  0x0000021fcb03e718: ;   {runtime_call throw_incompatible_class_change_error Runtime1 stub}
  0x0000021fcb03e718: ffff e8e1 

  0x0000021fcb03e71c: ; ImmutableOopMap {rsi=Oop [176]=Oop [208]=Oop [216]=Oop [224]=Oop [232]=Oop [248]=Oop }
                      ;*invokeinterface getCancellationException {reexecute=0 rethrow=0 return_oop=0}
                      ; - kotlinx.coroutines.DispatchedTask::run@178 (line 93)
                      ;   {metadata({method} {0x00000220234de568} 'getRECOVER_STACK_TRACES' '()Z' in 'kotlinx/coroutines/DebugKt')}
  0x0000021fcb03e71c: 0417 0749 | ba60 e54d | 2320 0200 | 004c 8954 | 2408 48c7 | 0424 ffff 

  0x0000021fcb03e734: ;   {runtime_call counter_overflow Runtime1 stub}
  0x0000021fcb03e734: ffff e8c5 

  0x0000021fcb03e738: ; ImmutableOopMap {[176]=Oop [208]=Oop [216]=Oop [224]=Oop [232]=Oop [296]=Oop }
                      ;*synchronization entry
                      ; - kotlinx.coroutines.DebugKt::getRECOVER_STACK_TRACES@-1 (line 77)
                      ; - kotlinx.coroutines.DispatchedTask::run@211 (line 233)
  0x0000021fcb03e738: 3717 07e9 | 55ea ffff 

  0x0000021fcb03e740: ;   {metadata({method} {0x0000022023521030} 'createFailure' '(Ljava/lang/Throwable;)Ljava/lang/Object;' in 'kotlin/ResultKt')}
  0x0000021fcb03e740: 49ba 2810 | 5223 2002 | 0000 4c89 | 5424 0848 | c704 24ff 

  0x0000021fcb03e754: ;   {runtime_call counter_overflow Runtime1 stub}
  0x0000021fcb03e754: ffff ffe8 

  0x0000021fcb03e758: ; ImmutableOopMap {rax=Oop [176]=Oop [208]=Oop [216]=Oop [224]=Oop [232]=Oop [296]=Oop }
                      ;*synchronization entry
                      ; - kotlin.ResultKt::createFailure@-1
                      ; - kotlinx.coroutines.DispatchedTask::run@246 (line 232)
  0x0000021fcb03e758: a437 1707 | e995 eaff 

  0x0000021fcb03e760: ;   {metadata({method} {0x0000022023415410} 'checkNotNullParameter' '(Ljava/lang/Object;Ljava/lang/String;)V' in 'kotlin/jvm/internal/Intrinsics')}
  0x0000021fcb03e760: ff49 ba08 | 5441 2320 | 0200 004c | 8954 2408 | 48c7 0424 | ffff ffff 

  0x0000021fcb03e778: ;   {runtime_call counter_overflow Runtime1 stub}
  0x0000021fcb03e778: e883 3717 

  0x0000021fcb03e77c: ; ImmutableOopMap {rax=Oop [176]=Oop [208]=Oop [216]=Oop [224]=Oop [232]=Oop [296]=Oop }
                      ;*synchronization entry
                      ; - kotlin.jvm.internal.Intrinsics::checkNotNullParameter@-1 (line 130)
                      ; - kotlin.ResultKt::createFailure@3
                      ; - kotlinx.coroutines.DispatchedTask::run@246 (line 232)
  0x0000021fcb03e77c: 07e9 adea 

  0x0000021fcb03e780: ;   {metadata({method} {0x0000022023415590} 'throwParameterIsNullNPE' '(Ljava/lang/String;)V' in 'kotlin/jvm/internal/Intrinsics')}
  0x0000021fcb03e780: ffff 49ba | 8855 4123 | 2002 0000 | 4c89 5424 | 0848 c704 | 24ff ffff 

  0x0000021fcb03e798: ;   {runtime_call counter_overflow Runtime1 stub}
  0x0000021fcb03e798: ffe8 6237 

  0x0000021fcb03e79c: ; ImmutableOopMap {[176]=Oop [208]=Oop [216]=Oop [224]=Oop [232]=Oop [296]=Oop }
                      ;*synchronization entry
                      ; - kotlin.jvm.internal.Intrinsics::throwParameterIsNullNPE@-1 (line 140)
                      ; - kotlin.jvm.internal.Intrinsics::checkNotNullParameter@5 (line 131)
                      ; - kotlin.ResultKt::createFailure@3
                      ; - kotlinx.coroutines.DispatchedTask::run@246 (line 232)
  0x0000021fcb03e79c: 1707 e9f4 

  0x0000021fcb03e7a0: ;   {metadata(nullptr)}
  0x0000021fcb03e7a0: eaff ff48 | ba00 0000 | 0000 0000 | 00b8 000f 

  0x0000021fcb03e7b0: ;   {runtime_call load_klass_patching Runtime1 stub}
  0x0000021fcb03e7b0: 050a e8c9 

  0x0000021fcb03e7b4: ; ImmutableOopMap {[176]=Oop [208]=Oop [216]=Oop [224]=Oop [232]=Oop [296]=Oop }
                      ;*new {reexecute=1 rethrow=0 return_oop=0}
                      ; - (reexecute) kotlin.jvm.internal.Intrinsics::throwParameterIsNullNPE@0 (line 140)
                      ; - kotlin.jvm.internal.Intrinsics::checkNotNullParameter@5 (line 131)
                      ; - kotlin.ResultKt::createFailure@3
                      ; - kotlinx.coroutines.DispatchedTask::run@246 (line 232)
  0x0000021fcb03e7b4: 2617 07e9 | dcea ffff 

  0x0000021fcb03e7bc: ;   {runtime_call fast_new_instance Runtime1 stub}
  0x0000021fcb03e7bc: 488b d2e8 

  0x0000021fcb03e7c0: ; ImmutableOopMap {[176]=Oop [208]=Oop [216]=Oop [224]=Oop [232]=Oop [296]=Oop }
                      ;*new {reexecute=0 rethrow=0 return_oop=0}
                      ; - kotlin.jvm.internal.Intrinsics::throwParameterIsNullNPE@0 (line 140)
                      ; - kotlin.jvm.internal.Intrinsics::checkNotNullParameter@5 (line 131)
                      ; - kotlin.ResultKt::createFailure@3
                      ; - kotlinx.coroutines.DispatchedTask::run@246 (line 232)
  0x0000021fcb03e7c0: 3ce2 1607 | e92b ebff 

  0x0000021fcb03e7c8: ;   {metadata({method} {0x00000220234164f8} 'sanitizeStackTrace' '(Ljava/lang/Throwable;)Ljava/lang/Throwable;' in 'kotlin/jvm/internal/Intrinsics')}
  0x0000021fcb03e7c8: ff49 baf0 | 6441 2320 | 0200 004c | 8954 2408 | 48c7 0424 | ffff ffff 

  0x0000021fcb03e7e0: ;   {runtime_call counter_overflow Runtime1 stub}
  0x0000021fcb03e7e0: e81b 3717 

  0x0000021fcb03e7e4: ; ImmutableOopMap {[176]=Oop [208]=Oop [216]=Oop [224]=Oop [232]=Oop [296]=Oop [304]=Oop }
                      ;*synchronization entry
                      ; - kotlin.jvm.internal.Intrinsics::sanitizeStackTrace@-1 (line 253)
                      ; - kotlin.jvm.internal.Intrinsics::throwParameterIsNullNPE@11 (line 140)
                      ; - kotlin.jvm.internal.Intrinsics::checkNotNullParameter@5 (line 131)
                      ; - kotlin.ResultKt::createFailure@3
                      ; - kotlinx.coroutines.DispatchedTask::run@246 (line 232)
  0x0000021fcb03e7e4: 07e9 b3eb 

  0x0000021fcb03e7e8: ;   {metadata({method} {0x0000021fe246b368} 'getName' '()Ljava/lang/String;' in 'java/lang/Class')}
  0x0000021fcb03e7e8: ffff 49ba | 60b3 46e2 | 1f02 0000 | 4c89 5424 | 0848 c704 | 24ff ffff 

  0x0000021fcb03e800: ;   {runtime_call counter_overflow Runtime1 stub}
  0x0000021fcb03e800: ffe8 fa36 

  0x0000021fcb03e804: ; ImmutableOopMap {rdx=Oop [176]=Oop [208]=Oop [216]=Oop [224]=Oop [232]=Oop [296]=Oop [304]=Oop }
                      ;*synchronization entry
                      ; - java.lang.Class::getName@-1 (line 949)
                      ; - kotlin.jvm.internal.Intrinsics::sanitizeStackTrace@3 (line 253)
                      ; - kotlin.jvm.internal.Intrinsics::throwParameterIsNullNPE@11 (line 140)
                      ; - kotlin.jvm.internal.Intrinsics::checkNotNullParameter@5 (line 131)
                      ; - kotlin.ResultKt::createFailure@3
                      ; - kotlinx.coroutines.DispatchedTask::run@246 (line 232)
  0x0000021fcb03e804: 1707 e9d8 

  0x0000021fcb03e808: ;   {runtime_call throw_null_pointer_exception Runtime1 stub}
  0x0000021fcb03e808: ebff ffe8 

  0x0000021fcb03e80c: ; ImmutableOopMap {[176]=Oop [208]=Oop [216]=Oop [224]=Oop [232]=Oop [296]=Oop [304]=Oop }
                      ;*getfield name {reexecute=1 rethrow=0 return_oop=0}
                      ; - (reexecute) java.lang.Class::getName@1 (line 949)
                      ; - kotlin.jvm.internal.Intrinsics::sanitizeStackTrace@3 (line 253)
                      ; - kotlin.jvm.internal.Intrinsics::throwParameterIsNullNPE@11 (line 140)
                      ; - kotlin.jvm.internal.Intrinsics::checkNotNullParameter@5 (line 131)
                      ; - kotlin.ResultKt::createFailure@3
                      ; - kotlinx.coroutines.DispatchedTask::run@246 (line 232)
  0x0000021fcb03e80c: f0d8 1607 

  0x0000021fcb03e810: ;   {runtime_call fast_new_instance Runtime1 stub}
  0x0000021fcb03e810: 488b d2e8 

  0x0000021fcb03e814: ; ImmutableOopMap {rbx=Oop [176]=Oop [208]=Oop [216]=Oop [224]=Oop [232]=Oop [296]=Oop }
                      ;*new {reexecute=0 rethrow=0 return_oop=0}
                      ; - kotlin.ResultKt::createFailure@6 (line 122)
                      ; - kotlinx.coroutines.DispatchedTask::run@246 (line 232)
  0x0000021fcb03e814: e8e1 1607 | e9a6 ecff 

  0x0000021fcb03e81c: ;   {metadata({method} {0x000002202350ee40} '<init>' '(Ljava/lang/Throwable;)V' in 'kotlin/Result$Failure')}
  0x0000021fcb03e81c: ff49 ba38 | ee50 2320 | 0200 004c | 8954 2408 | 48c7 0424 | ffff ffff 

  0x0000021fcb03e834: ;   {runtime_call counter_overflow Runtime1 stub}
  0x0000021fcb03e834: e8c7 3617 

  0x0000021fcb03e838: ; ImmutableOopMap {rbx=Oop rax=Oop [176]=Oop [208]=Oop [216]=Oop [224]=Oop [232]=Oop [296]=Oop [320]=Oop }
                      ;*synchronization entry
                      ; - kotlin.Result$Failure::<init>@-1
                      ; - kotlin.ResultKt::createFailure@11 (line 122)
                      ; - kotlinx.coroutines.DispatchedTask::run@246 (line 232)
  0x0000021fcb03e838: 07e9 c9ec 

  0x0000021fcb03e83c: ;   {metadata({method} {0x0000022023415410} 'checkNotNullParameter' '(Ljava/lang/Object;Ljava/lang/String;)V' in 'kotlin/jvm/internal/Intrinsics')}
  0x0000021fcb03e83c: ffff 49ba | 0854 4123 | 2002 0000 | 4c89 5424 | 0848 c704 | 24ff ffff 

  0x0000021fcb03e854: ;   {runtime_call counter_overflow Runtime1 stub}
  0x0000021fcb03e854: ffe8 a636 

  0x0000021fcb03e858: ; ImmutableOopMap {rbx=Oop rax=Oop [176]=Oop [208]=Oop [216]=Oop [224]=Oop [232]=Oop [296]=Oop [320]=Oop }
                      ;*synchronization entry
                      ; - kotlin.jvm.internal.Intrinsics::checkNotNullParameter@-1 (line 130)
                      ; - kotlin.Result$Failure::<init>@3
                      ; - kotlin.ResultKt::createFailure@11 (line 122)
                      ; - kotlinx.coroutines.DispatchedTask::run@246 (line 232)
  0x0000021fcb03e858: 1707 e9e1 

  0x0000021fcb03e85c: ;   {metadata({method} {0x0000022023415590} 'throwParameterIsNullNPE' '(Ljava/lang/String;)V' in 'kotlin/jvm/internal/Intrinsics')}
  0x0000021fcb03e85c: ecff ff49 | ba88 5541 | 2320 0200 | 004c 8954 | 2408 48c7 | 0424 ffff 

  0x0000021fcb03e874: ;   {runtime_call counter_overflow Runtime1 stub}
  0x0000021fcb03e874: ffff e885 

  0x0000021fcb03e878: ; ImmutableOopMap {[176]=Oop [208]=Oop [216]=Oop [224]=Oop [232]=Oop [296]=Oop [320]=Oop }
                      ;*synchronization entry
                      ; - kotlin.jvm.internal.Intrinsics::throwParameterIsNullNPE@-1 (line 140)
                      ; - kotlin.jvm.internal.Intrinsics::checkNotNullParameter@5 (line 131)
                      ; - kotlin.Result$Failure::<init>@3
                      ; - kotlin.ResultKt::createFailure@11 (line 122)
                      ; - kotlinx.coroutines.DispatchedTask::run@246 (line 232)
  0x0000021fcb03e878: 3617 07e9 | 28ed ffff 

  0x0000021fcb03e880: ;   {metadata(nullptr)}
  0x0000021fcb03e880: 48ba 0000 | 0000 0000 | 0000 b800 

  0x0000021fcb03e88c: ;   {runtime_call load_klass_patching Runtime1 stub}
  0x0000021fcb03e88c: 0f05 0ae8 

  0x0000021fcb03e890: ; ImmutableOopMap {[176]=Oop [208]=Oop [216]=Oop [224]=Oop [232]=Oop [296]=Oop [320]=Oop }
                      ;*new {reexecute=1 rethrow=0 return_oop=0}
                      ; - (reexecute) kotlin.jvm.internal.Intrinsics::throwParameterIsNullNPE@0 (line 140)
                      ; - kotlin.jvm.internal.Intrinsics::checkNotNullParameter@5 (line 131)
                      ; - kotlin.Result$Failure::<init>@3
                      ; - kotlin.ResultKt::createFailure@11 (line 122)
                      ; - kotlinx.coroutines.DispatchedTask::run@246 (line 232)
  0x0000021fcb03e890: ec25 1707 | e90f edff | ff48 8bd2 

  0x0000021fcb03e89c: ;   {runtime_call fast_new_instance Runtime1 stub}
  0x0000021fcb03e89c: e85f e116 

  0x0000021fcb03e8a0: ; ImmutableOopMap {[176]=Oop [208]=Oop [216]=Oop [224]=Oop [232]=Oop [296]=Oop [320]=Oop }
                      ;*new {reexecute=0 rethrow=0 return_oop=0}
                      ; - kotlin.jvm.internal.Intrinsics::throwParameterIsNullNPE@0 (line 140)
                      ; - kotlin.jvm.internal.Intrinsics::checkNotNullParameter@5 (line 131)
                      ; - kotlin.Result$Failure::<init>@3
                      ; - kotlin.ResultKt::createFailure@11 (line 122)
                      ; - kotlinx.coroutines.DispatchedTask::run@246 (line 232)
  0x0000021fcb03e8a0: 07e9 5eed 

  0x0000021fcb03e8a4: ;   {metadata({method} {0x00000220234164f8} 'sanitizeStackTrace' '(Ljava/lang/Throwable;)Ljava/lang/Throwable;' in 'kotlin/jvm/internal/Intrinsics')}
  0x0000021fcb03e8a4: ffff 49ba | f064 4123 | 2002 0000 | 4c89 5424 | 0848 c704 | 24ff ffff 

  0x0000021fcb03e8bc: ;   {runtime_call counter_overflow Runtime1 stub}
  0x0000021fcb03e8bc: ffe8 3e36 

  0x0000021fcb03e8c0: ; ImmutableOopMap {[176]=Oop [208]=Oop [216]=Oop [224]=Oop [232]=Oop [296]=Oop [312]=Oop [320]=Oop }
                      ;*synchronization entry
                      ; - kotlin.jvm.internal.Intrinsics::sanitizeStackTrace@-1 (line 253)
                      ; - kotlin.jvm.internal.Intrinsics::throwParameterIsNullNPE@11 (line 140)
                      ; - kotlin.jvm.internal.Intrinsics::checkNotNullParameter@5 (line 131)
                      ; - kotlin.Result$Failure::<init>@3
                      ; - kotlin.ResultKt::createFailure@11 (line 122)
                      ; - kotlinx.coroutines.DispatchedTask::run@246 (line 232)
  0x0000021fcb03e8c0: 1707 e9e6 

  0x0000021fcb03e8c4: ;   {metadata({method} {0x0000021fe246b368} 'getName' '()Ljava/lang/String;' in 'java/lang/Class')}
  0x0000021fcb03e8c4: edff ff49 | ba60 b346 | e21f 0200 | 004c 8954 | 2408 48c7 | 0424 ffff 

  0x0000021fcb03e8dc: ;   {runtime_call counter_overflow Runtime1 stub}
  0x0000021fcb03e8dc: ffff e81d 

  0x0000021fcb03e8e0: ; ImmutableOopMap {rdx=Oop [176]=Oop [208]=Oop [216]=Oop [224]=Oop [232]=Oop [296]=Oop [312]=Oop [320]=Oop }
                      ;*synchronization entry
                      ; - java.lang.Class::getName@-1 (line 949)
                      ; - kotlin.jvm.internal.Intrinsics::sanitizeStackTrace@3 (line 253)
                      ; - kotlin.jvm.internal.Intrinsics::throwParameterIsNullNPE@11 (line 140)
                      ; - kotlin.jvm.internal.Intrinsics::checkNotNullParameter@5 (line 131)
                      ; - kotlin.Result$Failure::<init>@3
                      ; - kotlin.ResultKt::createFailure@11 (line 122)
                      ; - kotlinx.coroutines.DispatchedTask::run@246 (line 232)
  0x0000021fcb03e8e0: 3617 07e9 | 0bee ffff 

  0x0000021fcb03e8e8: ;   {runtime_call throw_null_pointer_exception Runtime1 stub}
  0x0000021fcb03e8e8: e813 d816 

  0x0000021fcb03e8ec: ; ImmutableOopMap {[176]=Oop [208]=Oop [216]=Oop [224]=Oop [232]=Oop [296]=Oop [312]=Oop [320]=Oop }
                      ;*getfield name {reexecute=1 rethrow=0 return_oop=0}
                      ; - (reexecute) java.lang.Class::getName@1 (line 949)
                      ; - kotlin.jvm.internal.Intrinsics::sanitizeStackTrace@3 (line 253)
                      ; - kotlin.jvm.internal.Intrinsics::throwParameterIsNullNPE@11 (line 140)
                      ; - kotlin.jvm.internal.Intrinsics::checkNotNullParameter@5 (line 131)
                      ; - kotlin.Result$Failure::<init>@3
                      ; - kotlin.ResultKt::createFailure@11 (line 122)
                      ; - kotlinx.coroutines.DispatchedTask::run@246 (line 232)
                      ;   {metadata({method} {0x0000021fe2476650} '<init>' '()V' in 'java/lang/Object')}
  0x0000021fcb03e8ec: 0749 ba48 | 6647 e21f | 0200 004c | 8954 2408 | 48c7 0424 | ffff ffff 

  0x0000021fcb03e904: ;   {runtime_call counter_overflow Runtime1 stub}
  0x0000021fcb03e904: e8f7 3517 

  0x0000021fcb03e908: ; ImmutableOopMap {rdi=Oop rax=Oop [176]=Oop [208]=Oop [216]=Oop [224]=Oop [232]=Oop [296]=Oop [320]=Oop }
                      ;*synchronization entry
                      ; - java.lang.Object::<init>@-1 (line 45)
                      ; - kotlin.Result$Failure::<init>@7 (line 105)
                      ; - kotlin.ResultKt::createFailure@11 (line 122)
                      ; - kotlinx.coroutines.DispatchedTask::run@246 (line 232)
  0x0000021fcb03e908: 07e9 b7ee | ffff 448b | 400c 49c1 | e003 4983 | f800 0f84 | b3ee ffff | 4c89 0424 

  0x0000021fcb03e924: ;   {runtime_call g1_pre_barrier_slow}
  0x0000021fcb03e924: e8d7 3b17 | 07e9 a5ee | ffff 4883 | ff00 0f84 | baee ffff | 4889 0424 

  0x0000021fcb03e93c: ;   {runtime_call g1_post_barrier_slow}
  0x0000021fcb03e93c: e8bf 3e17 | 07e9 acee 

  0x0000021fcb03e944: ;   {metadata({method} {0x000002202350cf08} 'constructor-impl' '(Ljava/lang/Object;)Ljava/lang/Object;' in 'kotlin/Result')}
  0x0000021fcb03e944: ffff 49ba | 00cf 5023 | 2002 0000 | 4c89 5424 | 0848 c704 | 24ff ffff 

  0x0000021fcb03e95c: ;   {runtime_call counter_overflow Runtime1 stub}
  0x0000021fcb03e95c: ffe8 9e35 

  0x0000021fcb03e960: ; ImmutableOopMap {rax=Oop [176]=Oop [208]=Oop [216]=Oop [224]=Oop [232]=Oop [320]=Oop }
                      ;*synchronization entry
                      ; - kotlin.Result::constructor-impl@-1
                      ; - kotlinx.coroutines.DispatchedTask::run@249 (line 232)
  0x0000021fcb03e960: 1707 e9c6 

  0x0000021fcb03e964: ;   {runtime_call throw_null_pointer_exception Runtime1 stub}
  0x0000021fcb03e964: eeff ffe8 

  0x0000021fcb03e968: ; ImmutableOopMap {rax=Oop [176]=Oop [216]=Oop [224]=Oop }
                      ;*invokevirtual clearThreadContext {reexecute=0 rethrow=0 return_oop=0}
                      ; - kotlinx.coroutines.DispatchedTask::run@319 (line 236)
  0x0000021fcb03e968: 94d7 1607 

  0x0000021fcb03e96c: ;   {internal_word}
  0x0000021fcb03e96c: 49ba d4d9 | 03cb 1f02 | 0000 4d89 | 9760 0400 

  0x0000021fcb03e97c: ;   {runtime_call SafepointBlob}
  0x0000021fcb03e97c: 00e9 fe6a | 0b07 4889 

  0x0000021fcb03e984: ;   {runtime_call throw_class_cast_exception Runtime1 stub}
  0x0000021fcb03e984: 0424 e875 

  0x0000021fcb03e988: ; ImmutableOopMap {r8=Oop [176]=Oop [208]=Oop [216]=Oop [224]=Oop [232]=Oop [296]=Oop [320]=Oop }
                      ;*checkcast {reexecute=0 rethrow=0 return_oop=0}
                      ; - kotlin.jvm.internal.Intrinsics::throwParameterIsNullNPE@14 (line 140)
                      ; - kotlin.jvm.internal.Intrinsics::checkNotNullParameter@5 (line 131)
                      ; - kotlin.Result$Failure::<init>@3
                      ; - kotlin.ResultKt::createFailure@11 (line 122)
                      ; - kotlinx.coroutines.DispatchedTask::run@246 (line 232)
                      ;   {runtime_call throw_null_pointer_exception Runtime1 stub}
  0x0000021fcb03e988: ff16 07e8 

  0x0000021fcb03e98c: ; ImmutableOopMap {r8=Oop rax=Oop [176]=Oop [208]=Oop [216]=Oop [224]=Oop [232]=Oop [296]=Oop [320]=Oop }
                      ;*athrow {reexecute=1 rethrow=0 return_oop=0}
                      ; - (reexecute) kotlin.jvm.internal.Intrinsics::throwParameterIsNullNPE@17 (line 140)
                      ; - kotlin.jvm.internal.Intrinsics::checkNotNullParameter@5 (line 131)
                      ; - kotlin.Result$Failure::<init>@3
                      ; - kotlin.ResultKt::createFailure@11 (line 122)
                      ; - kotlinx.coroutines.DispatchedTask::run@246 (line 232)
  0x0000021fcb03e98c: 70d7 1607 | 4889 0424 

  0x0000021fcb03e994: ;   {runtime_call throw_class_cast_exception Runtime1 stub}
  0x0000021fcb03e994: e867 ff16 

  0x0000021fcb03e998: ; ImmutableOopMap {r8=Oop [176]=Oop [208]=Oop [216]=Oop [224]=Oop [232]=Oop [296]=Oop }
                      ;*checkcast {reexecute=0 rethrow=0 return_oop=0}
                      ; - kotlin.jvm.internal.Intrinsics::throwParameterIsNullNPE@14 (line 140)
                      ; - kotlin.jvm.internal.Intrinsics::checkNotNullParameter@5 (line 131)
                      ; - kotlin.ResultKt::createFailure@3
                      ; - kotlinx.coroutines.DispatchedTask::run@246 (line 232)
                      ;   {runtime_call throw_null_pointer_exception Runtime1 stub}
  0x0000021fcb03e998: 07e8 62d7 

  0x0000021fcb03e99c: ; ImmutableOopMap {r8=Oop rax=Oop [176]=Oop [208]=Oop [216]=Oop [224]=Oop [232]=Oop [296]=Oop }
                      ;*athrow {reexecute=1 rethrow=0 return_oop=0}
                      ; - (reexecute) kotlin.jvm.internal.Intrinsics::throwParameterIsNullNPE@17 (line 140)
                      ; - kotlin.jvm.internal.Intrinsics::checkNotNullParameter@5 (line 131)
                      ; - kotlin.ResultKt::createFailure@3
                      ; - kotlinx.coroutines.DispatchedTask::run@246 (line 232)
  0x0000021fcb03e99c: 1607 4889 

  0x0000021fcb03e9a0: ;   {runtime_call throw_class_cast_exception Runtime1 stub}
  0x0000021fcb03e9a0: 0424 e859 

  0x0000021fcb03e9a4: ; ImmutableOopMap {r8=Oop [176]=Oop [208]=Oop [216]=Oop [224]=Oop [232]=Oop [256]=Oop [288]=Oop }
                      ;*checkcast {reexecute=0 rethrow=0 return_oop=0}
                      ; - kotlin.jvm.internal.Intrinsics::throwParameterIsNullNPE@14 (line 140)
                      ; - kotlin.jvm.internal.Intrinsics::checkNotNullParameter@5 (line 131)
                      ; - kotlin.Result$Failure::<init>@3
                      ; - kotlin.ResultKt::createFailure@11 (line 122)
                      ; - kotlinx.coroutines.DispatchedTask::run@273 (line 98)
                      ;   {runtime_call throw_null_pointer_exception Runtime1 stub}
  0x0000021fcb03e9a4: ff16 07e8 

  0x0000021fcb03e9a8: ; ImmutableOopMap {r8=Oop rax=Oop [176]=Oop [208]=Oop [216]=Oop [224]=Oop [232]=Oop [256]=Oop [288]=Oop }
                      ;*athrow {reexecute=1 rethrow=0 return_oop=0}
                      ; - (reexecute) kotlin.jvm.internal.Intrinsics::throwParameterIsNullNPE@17 (line 140)
                      ; - kotlin.jvm.internal.Intrinsics::checkNotNullParameter@5 (line 131)
                      ; - kotlin.Result$Failure::<init>@3
                      ; - kotlin.ResultKt::createFailure@11 (line 122)
                      ; - kotlinx.coroutines.DispatchedTask::run@273 (line 98)
  0x0000021fcb03e9a8: 54d7 1607 | 4889 0424 

  0x0000021fcb03e9b0: ;   {runtime_call throw_class_cast_exception Runtime1 stub}
  0x0000021fcb03e9b0: e84b ff16 

  0x0000021fcb03e9b4: ; ImmutableOopMap {rdi=Oop rsi=Oop [176]=Oop [216]=Oop [224]=Oop [232]=Oop [256]=Oop }
                      ;*checkcast {reexecute=0 rethrow=0 return_oop=0}
                      ; - kotlin.jvm.internal.Intrinsics::throwParameterIsNullNPE@14 (line 140)
                      ; - kotlin.jvm.internal.Intrinsics::checkNotNullParameter@5 (line 131)
                      ; - kotlin.ResultKt::createFailure@3
                      ; - kotlinx.coroutines.DispatchedTask::run@273 (line 98)
                      ;   {runtime_call throw_null_pointer_exception Runtime1 stub}
  0x0000021fcb03e9b4: 07e8 46d7 

  0x0000021fcb03e9b8: ; ImmutableOopMap {rdi=Oop rsi=Oop rax=Oop [176]=Oop [216]=Oop [224]=Oop [232]=Oop [256]=Oop }
                      ;*athrow {reexecute=1 rethrow=0 return_oop=0}
                      ; - (reexecute) kotlin.jvm.internal.Intrinsics::throwParameterIsNullNPE@17 (line 140)
                      ; - kotlin.jvm.internal.Intrinsics::checkNotNullParameter@5 (line 131)
                      ; - kotlin.ResultKt::createFailure@3
                      ; - kotlinx.coroutines.DispatchedTask::run@273 (line 98)
                      ;   {runtime_call throw_null_pointer_exception Runtime1 stub}
  0x0000021fcb03e9b8: 1607 e841 

  0x0000021fcb03e9bc: ; ImmutableOopMap {rdx=Oop [176]=Oop [216]=Oop [224]=Oop [328]=Oop }
                      ;*invokevirtual clearThreadContext {reexecute=0 rethrow=0 return_oop=0}
                      ; - kotlinx.coroutines.DispatchedTask::run@344 (line 236)
  0x0000021fcb03e9bc: d716 0748 

  0x0000021fcb03e9c0: ;   {runtime_call throw_class_cast_exception Runtime1 stub}
  0x0000021fcb03e9c0: 8904 24e8 

  0x0000021fcb03e9c4: ; ImmutableOopMap {r8=Oop [176]=Oop [184]=Oop }
                      ;*checkcast {reexecute=0 rethrow=0 return_oop=0}
                      ; - kotlin.jvm.internal.Intrinsics::throwJavaNpe@11 (line 50)
                      ; - kotlin.jvm.internal.Intrinsics::checkNotNull@5 (line 31)
                      ; - kotlinx.coroutines.DispatchedTask::run@40 (line 80)
  0x0000021fcb03e9c4: 38ff 1607 

  0x0000021fcb03e9c8: ;   {runtime_call throw_null_pointer_exception Runtime1 stub}
  0x0000021fcb03e9c8: e833 d716 

  0x0000021fcb03e9cc: ; ImmutableOopMap {r8=Oop rax=Oop [176]=Oop [184]=Oop }
                      ;*athrow {reexecute=1 rethrow=0 return_oop=0}
                      ; - (reexecute) kotlin.jvm.internal.Intrinsics::throwJavaNpe@14 (line 50)
                      ; - kotlin.jvm.internal.Intrinsics::checkNotNull@5 (line 31)
                      ; - kotlinx.coroutines.DispatchedTask::run@40 (line 80)
                      ;   {internal_word}
  0x0000021fcb03e9cc: 0749 ba0c | e103 cb1f | 0200 004d | 8997 6004 

  0x0000021fcb03e9dc: ;   {runtime_call SafepointBlob}
  0x0000021fcb03e9dc: 0000 e99d 

  0x0000021fcb03e9e0: ;   {runtime_call throw_null_pointer_exception Runtime1 stub}
  0x0000021fcb03e9e0: 6a0b 07e8 

  0x0000021fcb03e9e4: ; ImmutableOopMap {rax=Oop [336]=Oop }
                      ;*invokeinterface getContext {reexecute=0 rethrow=0 return_oop=0}
                      ; - kotlinx.coroutines.DispatchedTask::run@365 (line 105)
  0x0000021fcb03e9e4: 18d7 1607 

  0x0000021fcb03e9e8: ;   {internal_word}
  0x0000021fcb03e9e8: 49ba 8ce3 | 03cb 1f02 | 0000 4d89 | 9760 0400 

  0x0000021fcb03e9f8: ;   {runtime_call SafepointBlob}
  0x0000021fcb03e9f8: 00e9 826a | 0b07 498b | 87f8 0400 | 0049 c787 | f804 0000 | 0000 0000 | 49c7 8700 | 0500 0000 
  0x0000021fcb03ea18: 0000 0048 | 81c4 7001 

  0x0000021fcb03ea20: ;   {runtime_call unwind_exception Runtime1 stub}
  0x0000021fcb03ea20: 0000 5de9 | d8bb 1607 
[Stub Code]
  0x0000021fcb03ea28: ;   {no_reloc}
  0x0000021fcb03ea28: 0f1f 4400 

  0x0000021fcb03ea2c: ;   {static_stub}
  0x0000021fcb03ea2c: 0048 bb00 | 0000 0000 

  0x0000021fcb03ea34: ;   {runtime_call nmethod}
  0x0000021fcb03ea34: 0000 00e9 | fbff ffff 

  0x0000021fcb03ea3c: ;   {static_stub}
  0x0000021fcb03ea3c: 9048 bb00 | 0000 0000 

  0x0000021fcb03ea44: ;   {runtime_call nmethod}
  0x0000021fcb03ea44: 0000 00e9 | fbff ffff 

  0x0000021fcb03ea4c: ;   {static_stub}
  0x0000021fcb03ea4c: 9048 bb00 | 0000 0000 

  0x0000021fcb03ea54: ;   {runtime_call nmethod}
  0x0000021fcb03ea54: 0000 00e9 | fbff ffff 

  0x0000021fcb03ea5c: ;   {static_stub}
  0x0000021fcb03ea5c: 9048 bb00 | 0000 0000 

  0x0000021fcb03ea64: ;   {runtime_call nmethod}
  0x0000021fcb03ea64: 0000 00e9 | fbff ffff 

  0x0000021fcb03ea6c: ;   {static_stub}
  0x0000021fcb03ea6c: 9048 bb00 | 0000 0000 

  0x0000021fcb03ea74: ;   {runtime_call nmethod}
  0x0000021fcb03ea74: 0000 00e9 | fbff ffff 

  0x0000021fcb03ea7c: ;   {static_stub}
  0x0000021fcb03ea7c: 9048 bb00 | 0000 0000 

  0x0000021fcb03ea84: ;   {runtime_call nmethod}
  0x0000021fcb03ea84: 0000 00e9 | fbff ffff 

  0x0000021fcb03ea8c: ;   {static_stub}
  0x0000021fcb03ea8c: 9048 bb00 | 0000 0000 

  0x0000021fcb03ea94: ;   {runtime_call nmethod}
  0x0000021fcb03ea94: 0000 00e9 | fbff ffff 

  0x0000021fcb03ea9c: ;   {static_stub}
  0x0000021fcb03ea9c: 9048 bb00 | 0000 0000 

  0x0000021fcb03eaa4: ;   {runtime_call nmethod}
  0x0000021fcb03eaa4: 0000 00e9 | fbff ffff 

  0x0000021fcb03eaac: ;   {static_stub}
  0x0000021fcb03eaac: 9048 bb00 | 0000 0000 

  0x0000021fcb03eab4: ;   {runtime_call nmethod}
  0x0000021fcb03eab4: 0000 00e9 | fbff ffff 

  0x0000021fcb03eabc: ;   {static_stub}
  0x0000021fcb03eabc: 9048 bb00 | 0000 0000 

  0x0000021fcb03eac4: ;   {runtime_call nmethod}
  0x0000021fcb03eac4: 0000 00e9 | fbff ffff 

  0x0000021fcb03eacc: ;   {static_stub}
  0x0000021fcb03eacc: 9048 bbb0 | d84e 2320 

  0x0000021fcb03ead4: ;   {runtime_call I2C/C2I adapters}
  0x0000021fcb03ead4: 0200 00e9 | 8749 0b07 

  0x0000021fcb03eadc: ;   {static_stub}
  0x0000021fcb03eadc: 9048 bb00 | 0000 0000 

  0x0000021fcb03eae4: ;   {runtime_call nmethod}
  0x0000021fcb03eae4: 0000 00e9 | fbff ffff 

  0x0000021fcb03eaec: ;   {static_stub}
  0x0000021fcb03eaec: 9048 bb00 | 0000 0000 

  0x0000021fcb03eaf4: ;   {runtime_call nmethod}
  0x0000021fcb03eaf4: 0000 00e9 | fbff ffff 

  0x0000021fcb03eafc: ;   {static_stub}
  0x0000021fcb03eafc: 9048 bb00 | 0000 0000 

  0x0000021fcb03eb04: ;   {runtime_call nmethod}
  0x0000021fcb03eb04: 0000 00e9 | fbff ffff 

  0x0000021fcb03eb0c: ;   {static_stub}
  0x0000021fcb03eb0c: 9048 bb00 | 0000 0000 

  0x0000021fcb03eb14: ;   {runtime_call nmethod}
  0x0000021fcb03eb14: 0000 00e9 | fbff ffff 

  0x0000021fcb03eb1c: ;   {static_stub}
  0x0000021fcb03eb1c: 9048 bb00 | 0000 0000 

  0x0000021fcb03eb24: ;   {runtime_call nmethod}
  0x0000021fcb03eb24: 0000 00e9 | fbff ffff 

  0x0000021fcb03eb2c: ;   {static_stub}
  0x0000021fcb03eb2c: 9048 bb00 | 0000 0000 

  0x0000021fcb03eb34: ;   {runtime_call nmethod}
  0x0000021fcb03eb34: 0000 00e9 | fbff ffff 

  0x0000021fcb03eb3c: ;   {static_stub}
  0x0000021fcb03eb3c: 48bb 0000 | 0000 0000 

  0x0000021fcb03eb44: ;   {runtime_call nmethod}
  0x0000021fcb03eb44: 0000 e9fb 

  0x0000021fcb03eb48: ;   {static_stub}
  0x0000021fcb03eb48: ffff ff48 | bb00 0000 | 0000 0000 

  0x0000021fcb03eb54: ;   {runtime_call nmethod}
  0x0000021fcb03eb54: 00e9 fbff 

  0x0000021fcb03eb58: ;   {static_stub}
  0x0000021fcb03eb58: ffff 48bb | 0000 0000 | 0000 0000 

  0x0000021fcb03eb64: ;   {runtime_call nmethod}
  0x0000021fcb03eb64: e9fb ffff 

  0x0000021fcb03eb68: ;   {static_stub}
  0x0000021fcb03eb68: ff48 bb00 | 0000 0000 

  0x0000021fcb03eb70: ;   {runtime_call nmethod}
  0x0000021fcb03eb70: 0000 00e9 | fbff ffff 

  0x0000021fcb03eb78: ;   {static_stub}
  0x0000021fcb03eb78: 48bb 0000 | 0000 0000 

  0x0000021fcb03eb80: ;   {runtime_call nmethod}
  0x0000021fcb03eb80: 0000 e9fb 

  0x0000021fcb03eb84: ;   {static_stub}
  0x0000021fcb03eb84: ffff ff48 | bb00 0000 | 0000 0000 

  0x0000021fcb03eb90: ;   {runtime_call nmethod}
  0x0000021fcb03eb90: 00e9 fbff 

  0x0000021fcb03eb94: ;   {static_stub}
  0x0000021fcb03eb94: ffff 48bb | 0000 0000 | 0000 0000 

  0x0000021fcb03eba0: ;   {runtime_call nmethod}
  0x0000021fcb03eba0: e9fb ffff 

  0x0000021fcb03eba4: ;   {static_stub}
  0x0000021fcb03eba4: ff48 bb00 | 0000 0000 

  0x0000021fcb03ebac: ;   {runtime_call nmethod}
  0x0000021fcb03ebac: 0000 00e9 | fbff ffff 

  0x0000021fcb03ebb4: ;   {static_stub}
  0x0000021fcb03ebb4: 48bb 0000 | 0000 0000 

  0x0000021fcb03ebbc: ;   {runtime_call nmethod}
  0x0000021fcb03ebbc: 0000 e9fb 

  0x0000021fcb03ebc0: ;   {runtime_call handle_exception_from_callee Runtime1 stub}
  0x0000021fcb03ebc0: ffff ffe8 | 38f7 1607 

  0x0000021fcb03ebc8: ;   {external_word}
  0x0000021fcb03ebc8: 48b9 789b | e171 f97f | 0000 4883 

  0x0000021fcb03ebd4: ;   {runtime_call}
  0x0000021fcb03ebd4: e4f0 48b8 | d0e6 a371 | f97f 0000 

  0x0000021fcb03ebe0: ;   {section_word}
  0x0000021fcb03ebe0: ffd0 f449 | bae3 eb03 | cb1f 0200 

  0x0000021fcb03ebec: ;   {runtime_call DeoptimizationBlob}
  0x0000021fcb03ebec: 0041 52e9 | 2c5b 0b07 | f4f4 f4f4 
[/MachCode]


---------------  P R O C E S S  ---------------

Threads class SMR info:
_java_thread_list=0x000002202f7f7c80, length=23, elements={
0x0000021fc00e0d60, 0x0000021fe0fec410, 0x0000021fe0fed2d0, 0x0000021fe0ff1a10,
0x0000021fe0ff2460, 0x0000021fe0ff3060, 0x0000021fe0ff4400, 0x0000021fe0ff5db0,
0x0000021fe0ff6970, 0x0000021fe117dd10, 0x0000021fe1174300, 0x000002202752c650,
0x00000220277aada0, 0x000002202724fee0, 0x0000022027250ce0, 0x0000022027790e00,
0x0000021fe15f1b30, 0x0000021fe15f21c0, 0x0000021fe15f0780, 0x0000021fe15ef3d0,
0x000002202feed760, 0x0000021fe190c7d0, 0x0000021fe1909350
}

Java Threads: ( => current thread )
  0x0000021fc00e0d60 JavaThread "main"                              [_thread_blocked, id=12884, stack(0x0000007602c00000,0x0000007602d00000) (1024K)]
  0x0000021fe0fec410 JavaThread "Reference Handler"          daemon [_thread_blocked, id=3376, stack(0x0000007603400000,0x0000007603500000) (1024K)]
  0x0000021fe0fed2d0 JavaThread "Finalizer"                  daemon [_thread_blocked, id=2960, stack(0x0000007603500000,0x0000007603600000) (1024K)]
  0x0000021fe0ff1a10 JavaThread "Signal Dispatcher"          daemon [_thread_blocked, id=8988, stack(0x0000007603600000,0x0000007603700000) (1024K)]
  0x0000021fe0ff2460 JavaThread "Attach Listener"            daemon [_thread_blocked, id=7132, stack(0x0000007603700000,0x0000007603800000) (1024K)]
  0x0000021fe0ff3060 JavaThread "Service Thread"             daemon [_thread_blocked, id=3756, stack(0x0000007603800000,0x0000007603900000) (1024K)]
  0x0000021fe0ff4400 JavaThread "Monitor Deflation Thread"   daemon [_thread_blocked, id=2192, stack(0x0000007603900000,0x0000007603a00000) (1024K)]
  0x0000021fe0ff5db0 JavaThread "C2 CompilerThread0"         daemon [_thread_blocked, id=6748, stack(0x0000007603a00000,0x0000007603b00000) (1024K)]
  0x0000021fe0ff6970 JavaThread "C1 CompilerThread0"         daemon [_thread_blocked, id=1720, stack(0x0000007603b00000,0x0000007603c00000) (1024K)]
  0x0000021fe117dd10 JavaThread "Notification Thread"        daemon [_thread_blocked, id=1248, stack(0x0000007603c00000,0x0000007603d00000) (1024K)]
  0x0000021fe1174300 JavaThread "Common-Cleaner"             daemon [_thread_blocked, id=6576, stack(0x0000007603d00000,0x0000007603e00000) (1024K)]
  0x000002202752c650 JavaThread "Java2D Disposer"            daemon [_thread_blocked, id=396, stack(0x0000007604200000,0x0000007604300000) (1024K)]
  0x00000220277aada0 JavaThread "DefaultDispatcher-worker-1" daemon [_thread_blocked, id=8576, stack(0x0000007604500000,0x0000007604600000) (1024K)]
=>0x000002202724fee0 JavaThread "DefaultDispatcher-worker-2" daemon [_thread_in_native, id=8944, stack(0x0000007604600000,0x0000007604700000) (1024K)]
  0x0000022027250ce0 JavaThread "DefaultDispatcher-worker-3" daemon [_thread_blocked, id=10748, stack(0x0000007604700000,0x0000007604800000) (1024K)]
  0x0000022027790e00 JavaThread "Reference Cleaner"          daemon [_thread_blocked, id=8244, stack(0x0000007604800000,0x0000007604900000) (1024K)]
  0x0000021fe15f1b30 JavaThread "kotlinx.coroutines.DefaultExecutor" daemon [_thread_blocked, id=4932, stack(0x0000007604900000,0x0000007604a00000) (1024K)]
  0x0000021fe15f21c0 JavaThread "TimerQueue"                 daemon [_thread_blocked, id=7420, stack(0x0000007603e00000,0x0000007603f00000) (1024K)]
  0x0000021fe15f0780 JavaThread "JavaCPP Deallocator"        daemon [_thread_blocked, id=13836, stack(0x0000007605400000,0x0000007605500000) (1024K)]
  0x0000021fe15ef3d0 JavaThread "DefaultDispatcher-worker-4" daemon [_thread_in_native, id=10116, stack(0x0000007605500000,0x0000007605600000) (1024K)]
  0x000002202feed760 JavaThread "pool-1-thread-1"            daemon [_thread_blocked, id=6952, stack(0x0000007605700000,0x0000007605800000) (1024K)]
  0x0000021fe190c7d0 JavaThread "pool-1-thread-2"            daemon [_thread_blocked, id=1320, stack(0x0000007606600000,0x0000007606700000) (1024K)]
  0x0000021fe1909350 JavaThread "DefaultDispatcher-worker-5" daemon [_thread_blocked, id=13900, stack(0x0000007606700000,0x0000007606800000) (1024K)]
Total: 23

Other Threads:
  0x0000021fe0fccdc0 VMThread "VM Thread"                           [id=1752, stack(0x0000007603300000,0x0000007603400000) (1024K)]
  0x0000021fe0fba290 WatcherThread "VM Periodic Task Thread"        [id=10576, stack(0x0000007603200000,0x0000007603300000) (1024K)]
  0x0000021fc24a0100 WorkerThread "GC Thread#0"                     [id=11524, stack(0x0000007602d00000,0x0000007602e00000) (1024K)]
  0x0000021fe19318e0 WorkerThread "GC Thread#1"                     [id=2324, stack(0x0000007603f00000,0x0000007604000000) (1024K)]
  0x0000021fe16afcb0 WorkerThread "GC Thread#2"                     [id=6872, stack(0x0000007604000000,0x0000007604100000) (1024K)]
  0x0000021fe16b0050 WorkerThread "GC Thread#3"                     [id=7928, stack(0x0000007604100000,0x0000007604200000) (1024K)]
  0x0000021fc24b0f70 ConcurrentGCThread "G1 Main Marker"            [id=14332, stack(0x0000007602e00000,0x0000007602f00000) (1024K)]
  0x0000021fc24b1c20 WorkerThread "G1 Conc#0"                       [id=12132, stack(0x0000007602f00000,0x0000007603000000) (1024K)]
  0x0000021fc250e9c0 ConcurrentGCThread "G1 Refine#0"               [id=8548, stack(0x0000007603000000,0x0000007603100000) (1024K)]
  0x0000021fe0e7c910 ConcurrentGCThread "G1 Service"                [id=9868, stack(0x0000007603100000,0x0000007603200000) (1024K)]
Total: 10

Threads with active compile tasks:
Total: 0

VM state: not at safepoint (normal execution)

VM Mutex/Monitor currently owned by a thread: None

Heap address: 0x0000000701600000, size: 4074 MB, Compressed Oops mode: Zero based, Oop shift amount: 3

CDS archive(s) mapped at: [0x0000021fe2000000-0x0000021fe2c80000-0x0000021fe2c80000), size 13107200, SharedBaseAddress: 0x0000021fe2000000, ArchiveRelocationMode: 1.
Compressed class space mapped at: 0x0000021fe3000000-0x0000022023000000, reserved size: 1073741824
Narrow klass base: 0x0000021fe2000000, Narrow klass shift: 0, Narrow klass range: 0x100000000

GC Precious Log:
 CardTable entry size: 512
 Card Set container configuration: InlinePtr #cards 4 size 8 Array Of Cards #cards 16 size 48 Howl #buckets 8 coarsen threshold 3686 Howl Bitmap #cards 512 size 80 coarsen threshold 460 Card regions per heap region 1 cards per card region 4096
 CPUs: 4 total, 4 available
 Memory: 16291M
 Large Page Support: Disabled
 NUMA Support: Disabled
 Compressed Oops: Enabled (Zero based)
 Heap Region Size: 2M
 Heap Min Capacity: 8M
 Heap Initial Capacity: 256M
 Heap Max Capacity: 4074M
 Pre-touch: Disabled
 Parallel Workers: 4
 Concurrent Workers: 1
 Concurrent Refinement Workers: 4
 Periodic GC: Disabled

Heap:
 garbage-first heap   total 126976K, used 54184K [0x0000000701600000, 0x0000000800000000)
  region size 2048K, 7 young (14336K), 1 survivors (2048K)
 Metaspace       used 38030K, committed 38656K, reserved 1114112K
  class space    used 3362K, committed 3648K, reserved 1048576K

Heap Regions: E=young(eden), S=young(survivor), O=old, HS=humongous(starts), HC=humongous(continues), CS=collection set, F=free, TAMS=top-at-mark-start, PB=parsable bottom
|   0|0x0000000701600000, 0x0000000701800000, 0x0000000701800000|100%| O|  |TAMS 0x0000000701600000| PB 0x0000000701600000| Untracked 
|   1|0x0000000701800000, 0x0000000701a00000, 0x0000000701a00000|100%| O|  |TAMS 0x0000000701800000| PB 0x0000000701800000| Untracked 
|   2|0x0000000701a00000, 0x0000000701c00000, 0x0000000701c00000|100%| O|  |TAMS 0x0000000701a00000| PB 0x0000000701a00000| Untracked 
|   3|0x0000000701c00000, 0x0000000701e00000, 0x0000000701e00000|100%|HS|  |TAMS 0x0000000701c00000| PB 0x0000000701c00000| Complete 
|   4|0x0000000701e00000, 0x0000000702000000, 0x0000000702000000|100%|HS|  |TAMS 0x0000000701e00000| PB 0x0000000701e00000| Complete 
|   5|0x0000000702000000, 0x0000000702200000, 0x0000000702200000|100%|HS|  |TAMS 0x0000000702000000| PB 0x0000000702000000| Complete 
|   6|0x0000000702200000, 0x0000000702400000, 0x0000000702400000|100%|HS|  |TAMS 0x0000000702200000| PB 0x0000000702200000| Complete 
|   7|0x0000000702400000, 0x0000000702600000, 0x0000000702600000|100%|HS|  |TAMS 0x0000000702400000| PB 0x0000000702400000| Complete 
|   8|0x0000000702600000, 0x0000000702800000, 0x0000000702800000|100%|HS|  |TAMS 0x0000000702600000| PB 0x0000000702600000| Complete 
|   9|0x0000000702800000, 0x0000000702a00000, 0x0000000702a00000|100%|HS|  |TAMS 0x0000000702800000| PB 0x0000000702800000| Complete 
|  10|0x0000000702a00000, 0x0000000702a00000, 0x0000000702c00000|  0%| F|  |TAMS 0x0000000702a00000| PB 0x0000000702a00000| Untracked 
|  11|0x0000000702c00000, 0x0000000702c00000, 0x0000000702e00000|  0%| F|  |TAMS 0x0000000702c00000| PB 0x0000000702c00000| Untracked 
|  12|0x0000000702e00000, 0x0000000702e00000, 0x0000000703000000|  0%| F|  |TAMS 0x0000000702e00000| PB 0x0000000702e00000| Untracked 
|  13|0x0000000703000000, 0x0000000703200000, 0x0000000703200000|100%|HS|  |TAMS 0x0000000703000000| PB 0x0000000703000000| Complete 
|  14|0x0000000703200000, 0x0000000703400000, 0x0000000703400000|100%|HS|  |TAMS 0x0000000703200000| PB 0x0000000703200000| Complete 
|  15|0x0000000703400000, 0x0000000703400000, 0x0000000703600000|  0%| F|  |TAMS 0x0000000703400000| PB 0x0000000703400000| Untracked 
|  16|0x0000000703600000, 0x0000000703800000, 0x0000000703800000|100%|HS|  |TAMS 0x0000000703600000| PB 0x0000000703600000| Complete 
|  17|0x0000000703800000, 0x0000000703a00000, 0x0000000703a00000|100%|HS|  |TAMS 0x0000000703800000| PB 0x0000000703800000| Complete 
|  18|0x0000000703a00000, 0x0000000703c00000, 0x0000000703c00000|100%|HS|  |TAMS 0x0000000703a00000| PB 0x0000000703a00000| Complete 
|  19|0x0000000703c00000, 0x0000000703dff098, 0x0000000703e00000| 99%| O|  |TAMS 0x0000000703c00000| PB 0x0000000703c00000| Untracked 
|  20|0x0000000703e00000, 0x0000000704000000, 0x0000000704000000|100%|HS|  |TAMS 0x0000000703e00000| PB 0x0000000703e00000| Complete 
|  21|0x0000000704000000, 0x0000000704000000, 0x0000000704200000|  0%| F|  |TAMS 0x0000000704000000| PB 0x0000000704000000| Untracked 
|  22|0x0000000704200000, 0x0000000704400000, 0x0000000704400000|100%|HS|  |TAMS 0x0000000704200000| PB 0x0000000704200000| Complete 
|  23|0x0000000704400000, 0x0000000704600000, 0x0000000704600000|100%|HS|  |TAMS 0x0000000704400000| PB 0x0000000704400000| Complete 
|  24|0x0000000704600000, 0x0000000704600000, 0x0000000704800000|  0%| F|  |TAMS 0x0000000704600000| PB 0x0000000704600000| Untracked 
|  25|0x0000000704800000, 0x0000000704800000, 0x0000000704a00000|  0%| F|  |TAMS 0x0000000704800000| PB 0x0000000704800000| Untracked 
|  26|0x0000000704a00000, 0x0000000704a00000, 0x0000000704c00000|  0%| F|  |TAMS 0x0000000704a00000| PB 0x0000000704a00000| Untracked 
|  27|0x0000000704c00000, 0x0000000704c00000, 0x0000000704e00000|  0%| F|  |TAMS 0x0000000704c00000| PB 0x0000000704c00000| Untracked 
|  28|0x0000000704e00000, 0x0000000704e00000, 0x0000000705000000|  0%| F|  |TAMS 0x0000000704e00000| PB 0x0000000704e00000| Untracked 
|  29|0x0000000705000000, 0x0000000705000000, 0x0000000705200000|  0%| F|  |TAMS 0x0000000705000000| PB 0x0000000705000000| Untracked 
|  30|0x0000000705200000, 0x0000000705200000, 0x0000000705400000|  0%| F|  |TAMS 0x0000000705200000| PB 0x0000000705200000| Untracked 
|  31|0x0000000705400000, 0x0000000705400000, 0x0000000705600000|  0%| F|  |TAMS 0x0000000705400000| PB 0x0000000705400000| Untracked 
|  32|0x0000000705600000, 0x0000000705600000, 0x0000000705800000|  0%| F|  |TAMS 0x0000000705600000| PB 0x0000000705600000| Untracked 
|  33|0x0000000705800000, 0x0000000705800000, 0x0000000705a00000|  0%| F|  |TAMS 0x0000000705800000| PB 0x0000000705800000| Untracked 
|  34|0x0000000705a00000, 0x0000000705a00000, 0x0000000705c00000|  0%| F|  |TAMS 0x0000000705a00000| PB 0x0000000705a00000| Untracked 
|  35|0x0000000705c00000, 0x0000000705c00000, 0x0000000705e00000|  0%| F|  |TAMS 0x0000000705c00000| PB 0x0000000705c00000| Untracked 
|  36|0x0000000705e00000, 0x0000000705e00000, 0x0000000706000000|  0%| F|  |TAMS 0x0000000705e00000| PB 0x0000000705e00000| Untracked 
|  37|0x0000000706000000, 0x0000000706000000, 0x0000000706200000|  0%| F|  |TAMS 0x0000000706000000| PB 0x0000000706000000| Untracked 
|  38|0x0000000706200000, 0x0000000706200000, 0x0000000706400000|  0%| F|  |TAMS 0x0000000706200000| PB 0x0000000706200000| Untracked 
|  39|0x0000000706400000, 0x0000000706400000, 0x0000000706600000|  0%| F|  |TAMS 0x0000000706400000| PB 0x0000000706400000| Untracked 
|  40|0x0000000706600000, 0x0000000706600000, 0x0000000706800000|  0%| F|  |TAMS 0x0000000706600000| PB 0x0000000706600000| Untracked 
|  41|0x0000000706800000, 0x0000000706800000, 0x0000000706a00000|  0%| F|  |TAMS 0x0000000706800000| PB 0x0000000706800000| Untracked 
|  42|0x0000000706a00000, 0x0000000706a00000, 0x0000000706c00000|  0%| F|  |TAMS 0x0000000706a00000| PB 0x0000000706a00000| Untracked 
|  43|0x0000000706c00000, 0x0000000706c00000, 0x0000000706e00000|  0%| F|  |TAMS 0x0000000706c00000| PB 0x0000000706c00000| Untracked 
|  44|0x0000000706e00000, 0x0000000706e00000, 0x0000000707000000|  0%| F|  |TAMS 0x0000000706e00000| PB 0x0000000706e00000| Untracked 
|  45|0x0000000707000000, 0x0000000707000000, 0x0000000707200000|  0%| F|  |TAMS 0x0000000707000000| PB 0x0000000707000000| Untracked 
|  46|0x0000000707200000, 0x0000000707200000, 0x0000000707400000|  0%| F|  |TAMS 0x0000000707200000| PB 0x0000000707200000| Untracked 
|  47|0x0000000707400000, 0x0000000707400000, 0x0000000707600000|  0%| F|  |TAMS 0x0000000707400000| PB 0x0000000707400000| Untracked 
|  48|0x0000000707600000, 0x0000000707600000, 0x0000000707800000|  0%| F|  |TAMS 0x0000000707600000| PB 0x0000000707600000| Untracked 
|  49|0x0000000707800000, 0x00000007078eb260, 0x0000000707a00000| 45%| S|CS|TAMS 0x0000000707800000| PB 0x0000000707800000| Complete 
|  50|0x0000000707a00000, 0x0000000707a00000, 0x0000000707c00000|  0%| F|  |TAMS 0x0000000707a00000| PB 0x0000000707a00000| Untracked 
|  51|0x0000000707c00000, 0x0000000707c00000, 0x0000000707e00000|  0%| F|  |TAMS 0x0000000707c00000| PB 0x0000000707c00000| Untracked 
|  52|0x0000000707e00000, 0x0000000707e00000, 0x0000000708000000|  0%| F|  |TAMS 0x0000000707e00000| PB 0x0000000707e00000| Untracked 
|  53|0x0000000708000000, 0x0000000708000000, 0x0000000708200000|  0%| F|  |TAMS 0x0000000708000000| PB 0x0000000708000000| Untracked 
|  54|0x0000000708200000, 0x00000007082fae68, 0x0000000708400000| 49%| E|  |TAMS 0x0000000708200000| PB 0x0000000708200000| Complete 
|  55|0x0000000708400000, 0x0000000708600000, 0x0000000708600000|100%| E|CS|TAMS 0x0000000708400000| PB 0x0000000708400000| Complete 
|  56|0x0000000708600000, 0x0000000708800000, 0x0000000708800000|100%| E|CS|TAMS 0x0000000708600000| PB 0x0000000708600000| Complete 
|  64|0x0000000709600000, 0x0000000709800000, 0x0000000709800000|100%| E|CS|TAMS 0x0000000709600000| PB 0x0000000709600000| Complete 
|  65|0x0000000709800000, 0x0000000709a00000, 0x0000000709a00000|100%| E|CS|TAMS 0x0000000709800000| PB 0x0000000709800000| Complete 
| 127|0x0000000711400000, 0x0000000711600000, 0x0000000711600000|100%| E|CS|TAMS 0x0000000711400000| PB 0x0000000711400000| Complete 
|2035|0x00000007ffc00000, 0x00000007ffe00000, 0x00000007ffe00000|100%| O|  |TAMS 0x00000007ffc00000| PB 0x00000007ffc00000| Untracked 
|2036|0x00000007ffe00000, 0x0000000800000000, 0x0000000800000000|100%| O|  |TAMS 0x00000007ffe00000| PB 0x00000007ffe00000| Untracked 

Card table byte_map: [0x0000021fda370000,0x0000021fdab70000] _byte_map_base: 0x0000021fd6b65000

Marking Bits: (CMBitMap*) 0x0000021fc24a0800
 Bits: [0x0000021fdab70000, 0x0000021fdeb18000)

Polling page: 0x0000021fc1c10000

Metaspace:

Usage:
  Non-class:     33.85 MB used.
      Class:      3.28 MB used.
       Both:     37.14 MB used.

Virtual space:
  Non-class space:       64.00 MB reserved,      34.19 MB ( 53%) committed,  1 nodes.
      Class space:        1.00 GB reserved,       3.56 MB ( <1%) committed,  1 nodes.
             Both:        1.06 GB reserved,      37.75 MB (  3%) committed. 

Chunk freelists:
   Non-Class:  13.45 MB
       Class:  12.48 MB
        Both:  25.93 MB

MaxMetaspaceSize: unlimited
CompressedClassSpaceSize: 1.00 GB
Initial GC threshold: 21.00 MB
Current GC threshold: 58.69 MB
CDS: on
 - commit_granule_bytes: 65536.
 - commit_granule_words: 8192.
 - virtual_space_node_default_size: 8388608.
 - enlarge_chunks_in_place: 1.
 - use_allocation_guard: 0.


Internal statistics:

num_allocs_failed_limit: 6.
num_arena_births: 916.
num_arena_deaths: 0.
num_vsnodes_births: 2.
num_vsnodes_deaths: 0.
num_space_committed: 602.
num_space_uncommitted: 0.
num_chunks_returned_to_freelist: 6.
num_chunks_taken_from_freelist: 2197.
num_chunk_merges: 6.
num_chunk_splits: 1537.
num_chunks_enlarged: 1067.
num_inconsistent_stats: 0.

CodeHeap 'non-profiled nmethods': size=120000Kb used=5725Kb max_used=5725Kb free=114274Kb
 bounds [0x0000021fd2640000, 0x0000021fd2be0000, 0x0000021fd9b70000]
CodeHeap 'profiled nmethods': size=120000Kb used=13035Kb max_used=13035Kb free=106964Kb
 bounds [0x0000021fcab70000, 0x0000021fcb830000, 0x0000021fd20a0000]
CodeHeap 'non-nmethods': size=5760Kb used=3072Kb max_used=3670Kb free=2687Kb
 bounds [0x0000021fd20a0000, 0x0000021fd24c0000, 0x0000021fd2640000]
CodeCache: size=245760Kb, used=21832Kb, max_used=22430Kb, free=223925Kb
 total_blobs=8212, nmethods=6156, adapters=1960, full_count=0
Compilation: enabled, stopped_count=0, restarted_count=0

Compilation events (20 events):
Event: 86.444 Thread 0x0000021fe0ff6970 nmethod 6330 0x0000021fcb828610 code [0x0000021fcb8287c0, 0x0000021fcb828928]
Event: 86.444 Thread 0x0000021fe0ff6970 6331       3       androidx.compose.ui.input.pointer.PointerEventType::access$getEnter$cp (4 bytes)
Event: 86.444 Thread 0x0000021fe0ff6970 nmethod 6331 0x0000021fcb828a10 code [0x0000021fcb828ba0, 0x0000021fcb828c90]
Event: 87.015 Thread 0x0000021fe0ff5db0 nmethod 6326 0x0000021fd2bcb410 code [0x0000021fd2bcbbe0, 0x0000021fd2bd11e0]
Event: 87.205 Thread 0x0000021fe0ff6970 6332       3       java.awt.Component::isLightweight (8 bytes)
Event: 87.205 Thread 0x0000021fe0ff6970 nmethod 6332 0x0000021fcb828d10 code [0x0000021fcb828ec0, 0x0000021fcb8290e8]
Event: 87.210 Thread 0x0000021fe0ff5db0 6333       4       androidx.compose.runtime.SlotWriter::dataIndexToDataAddress (21 bytes)
Event: 87.210 Thread 0x0000021fe0ff6970 6334       3       androidx.compose.runtime.internal.RememberEventDispatcher::recordLeaving (10 bytes)
Event: 87.210 Thread 0x0000021fe0ff6970 nmethod 6334 0x0000021fcb829190 code [0x0000021fcb829340, 0x0000021fcb829488]
Event: 87.210 Thread 0x0000021fe0ff5db0 nmethod 6333 0x0000021fd2bd6790 code [0x0000021fd2bd6920, 0x0000021fd2bd69c0]
Event: 87.210 Thread 0x0000021fe0ff5db0 6335       4       androidx.compose.runtime.SlotWriter::parent (25 bytes)
Event: 87.211 Thread 0x0000021fe0ff6970 6336       3       kotlinx.coroutines.JobSupport$Finishing::get_rootCause$volatile$FU (4 bytes)
Event: 87.211 Thread 0x0000021fe0ff6970 nmethod 6336 0x0000021fcb829590 code [0x0000021fcb829720, 0x0000021fcb829818]
Event: 87.211 Thread 0x0000021fe0ff6970 6337       3       kotlinx.coroutines.JobSupport$Finishing::getRootCause (11 bytes)
Event: 87.211 Thread 0x0000021fe0ff6970 nmethod 6337 0x0000021fcb829890 code [0x0000021fcb829a60, 0x0000021fcb829e90]
Event: 87.212 Thread 0x0000021fe0ff5db0 nmethod 6335 0x0000021fd2bd6a90 code [0x0000021fd2bd6c20, 0x0000021fd2bd6d60]
Event: 87.213 Thread 0x0000021fe0ff6970 6338       3       java.awt.EventQueue::eventToCacheIndex (80 bytes)
Event: 87.213 Thread 0x0000021fe0ff6970 nmethod 6338 0x0000021fcb82a010 code [0x0000021fcb82a200, 0x0000021fcb82a7a8]
Event: 87.213 Thread 0x0000021fe0ff6970 6339       1       androidx.compose.ui.node.MeasurePassDelegate::isPlacedByParent (5 bytes)
Event: 87.213 Thread 0x0000021fe0ff6970 nmethod 6339 0x0000021fd2bd6e90 code [0x0000021fd2bd7020, 0x0000021fd2bd70f0]

GC Heap History (20 events):
Event: 84.832 GC heap before
{Heap before GC invocations=200 (full 0):
 garbage-first heap   total 126976K, used 71746K [0x0000000701600000, 0x0000000800000000)
  region size 2048K, 10 young (20480K), 1 survivors (2048K)
 Metaspace       used 37872K, committed 38592K, reserved 1114112K
  class space    used 3343K, committed 3648K, reserved 1048576K
}
Event: 84.834 GC heap after
{Heap after GC invocations=201 (full 0):
 garbage-first heap   total 126976K, used 37826K [0x0000000701600000, 0x0000000800000000)
  region size 2048K, 1 young (2048K), 1 survivors (2048K)
 Metaspace       used 37872K, committed 38592K, reserved 1114112K
  class space    used 3343K, committed 3648K, reserved 1048576K
}
Event: 85.288 GC heap before
{Heap before GC invocations=201 (full 0):
 garbage-first heap   total 126976K, used 84930K [0x0000000701600000, 0x0000000800000000)
  region size 2048K, 16 young (32768K), 1 survivors (2048K)
 Metaspace       used 37889K, committed 38592K, reserved 1114112K
  class space    used 3343K, committed 3648K, reserved 1048576K
}
Event: 85.289 GC heap after
{Heap after GC invocations=202 (full 0):
 garbage-first heap   total 126976K, used 34848K [0x0000000701600000, 0x0000000800000000)
  region size 2048K, 1 young (2048K), 1 survivors (2048K)
 Metaspace       used 37889K, committed 38592K, reserved 1114112K
  class space    used 3343K, committed 3648K, reserved 1048576K
}
Event: 85.539 GC heap before
{Heap before GC invocations=202 (full 0):
 garbage-first heap   total 126976K, used 79904K [0x0000000701600000, 0x0000000800000000)
  region size 2048K, 13 young (26624K), 1 survivors (2048K)
 Metaspace       used 37889K, committed 38592K, reserved 1114112K
  class space    used 3343K, committed 3648K, reserved 1048576K
}
Event: 85.540 GC heap after
{Heap after GC invocations=203 (full 0):
 garbage-first heap   total 126976K, used 34840K [0x0000000701600000, 0x0000000800000000)
  region size 2048K, 1 young (2048K), 1 survivors (2048K)
 Metaspace       used 37889K, committed 38592K, reserved 1114112K
  class space    used 3343K, committed 3648K, reserved 1048576K
}
Event: 85.622 GC heap before
{Heap before GC invocations=203 (full 0):
 garbage-first heap   total 126976K, used 67608K [0x0000000701600000, 0x0000000800000000)
  region size 2048K, 8 young (16384K), 1 survivors (2048K)
 Metaspace       used 37889K, committed 38592K, reserved 1114112K
  class space    used 3343K, committed 3648K, reserved 1048576K
}
Event: 85.623 GC heap after
{Heap after GC invocations=204 (full 0):
 garbage-first heap   total 126976K, used 34839K [0x0000000701600000, 0x0000000800000000)
  region size 2048K, 1 young (2048K), 1 survivors (2048K)
 Metaspace       used 37889K, committed 38592K, reserved 1114112K
  class space    used 3343K, committed 3648K, reserved 1048576K
}
Event: 85.819 GC heap before
{Heap before GC invocations=204 (full 0):
 garbage-first heap   total 126976K, used 71703K [0x0000000701600000, 0x0000000800000000)
  region size 2048K, 10 young (20480K), 1 survivors (2048K)
 Metaspace       used 37889K, committed 38592K, reserved 1114112K
  class space    used 3343K, committed 3648K, reserved 1048576K
}
Event: 85.820 GC heap after
{Heap after GC invocations=205 (full 0):
 garbage-first heap   total 126976K, used 37790K [0x0000000701600000, 0x0000000800000000)
  region size 2048K, 1 young (2048K), 1 survivors (2048K)
 Metaspace       used 37889K, committed 38592K, reserved 1114112K
  class space    used 3343K, committed 3648K, reserved 1048576K
}
Event: 85.938 GC heap before
{Heap before GC invocations=205 (full 0):
 garbage-first heap   total 126976K, used 62366K [0x0000000701600000, 0x0000000800000000)
  region size 2048K, 4 young (8192K), 1 survivors (2048K)
 Metaspace       used 37889K, committed 38592K, reserved 1114112K
  class space    used 3343K, committed 3648K, reserved 1048576K
}
Event: 85.939 GC heap after
{Heap after GC invocations=206 (full 0):
 garbage-first heap   total 126976K, used 34842K [0x0000000701600000, 0x0000000800000000)
  region size 2048K, 1 young (2048K), 1 survivors (2048K)
 Metaspace       used 37889K, committed 38592K, reserved 1114112K
  class space    used 3343K, committed 3648K, reserved 1048576K
}
Event: 86.193 GC heap before
{Heap before GC invocations=206 (full 0):
 garbage-first heap   total 126976K, used 79898K [0x0000000701600000, 0x0000000800000000)
  region size 2048K, 16 young (32768K), 1 survivors (2048K)
 Metaspace       used 37903K, committed 38592K, reserved 1114112K
  class space    used 3343K, committed 3648K, reserved 1048576K
}
Event: 86.194 GC heap after
{Heap after GC invocations=207 (full 0):
 garbage-first heap   total 126976K, used 34847K [0x0000000701600000, 0x0000000800000000)
  region size 2048K, 1 young (2048K), 1 survivors (2048K)
 Metaspace       used 37903K, committed 38592K, reserved 1114112K
  class space    used 3343K, committed 3648K, reserved 1048576K
}
Event: 86.630 GC heap before
{Heap before GC invocations=207 (full 0):
 garbage-first heap   total 126976K, used 77855K [0x0000000701600000, 0x0000000800000000)
  region size 2048K, 12 young (24576K), 1 survivors (2048K)
 Metaspace       used 37967K, committed 38656K, reserved 1114112K
  class space    used 3348K, committed 3648K, reserved 1048576K
}
Event: 86.646 GC heap after
{Heap after GC invocations=208 (full 0):
 garbage-first heap   total 126976K, used 34853K [0x0000000701600000, 0x0000000800000000)
  region size 2048K, 1 young (2048K), 1 survivors (2048K)
 Metaspace       used 37967K, committed 38656K, reserved 1114112K
  class space    used 3348K, committed 3648K, reserved 1048576K
}
Event: 86.949 GC heap before
{Heap before GC invocations=208 (full 0):
 garbage-first heap   total 126976K, used 71717K [0x0000000701600000, 0x0000000800000000)
  region size 2048K, 10 young (20480K), 1 survivors (2048K)
 Metaspace       used 37967K, committed 38656K, reserved 1114112K
  class space    used 3348K, committed 3648K, reserved 1048576K
}
Event: 86.950 GC heap after
{Heap after GC invocations=209 (full 0):
 garbage-first heap   total 126976K, used 50083K [0x0000000701600000, 0x0000000800000000)
  region size 2048K, 1 young (2048K), 1 survivors (2048K)
 Metaspace       used 37967K, committed 38656K, reserved 1114112K
  class space    used 3348K, committed 3648K, reserved 1048576K
}
Event: 87.049 GC heap before
{Heap before GC invocations=209 (full 0):
 garbage-first heap   total 126976K, used 72611K [0x0000000701600000, 0x0000000800000000)
  region size 2048K, 10 young (20480K), 1 survivors (2048K)
 Metaspace       used 37967K, committed 38656K, reserved 1114112K
  class space    used 3348K, committed 3648K, reserved 1048576K
}
Event: 87.050 GC heap after
{Heap after GC invocations=210 (full 0):
 garbage-first heap   total 126976K, used 37800K [0x0000000701600000, 0x0000000800000000)
  region size 2048K, 1 young (2048K), 1 survivors (2048K)
 Metaspace       used 37967K, committed 38656K, reserved 1114112K
  class space    used 3348K, committed 3648K, reserved 1048576K
}

Dll operation events (20 events):
Event: 3.222 Loaded shared library C:\Users\Welcome\.javacpp\cache\javacpp-1.5.9-windows-x86_64.jar\org\bytedeco\javacpp\windows-x86_64\ucrtbase.dll
Event: 3.229 Loaded shared library C:\Users\Welcome\.javacpp\cache\javacpp-1.5.9-windows-x86_64.jar\org\bytedeco\javacpp\windows-x86_64\vcruntime140.dll
Event: 3.235 Loaded shared library C:\Users\Welcome\.javacpp\cache\javacpp-1.5.9-windows-x86_64.jar\org\bytedeco\javacpp\windows-x86_64\vcruntime140_1.dll
Event: 3.242 Loaded shared library C:\Users\Welcome\.javacpp\cache\javacpp-1.5.9-windows-x86_64.jar\org\bytedeco\javacpp\windows-x86_64\msvcp140.dll
Event: 3.250 Loaded shared library C:\Users\Welcome\.javacpp\cache\javacpp-1.5.9-windows-x86_64.jar\org\bytedeco\javacpp\windows-x86_64\msvcp140_1.dll
Event: 3.258 Loaded shared library C:\Users\Welcome\.javacpp\cache\javacpp-1.5.9-windows-x86_64.jar\org\bytedeco\javacpp\windows-x86_64\concrt140.dll
Event: 3.264 Loaded shared library C:\Users\Welcome\.javacpp\cache\javacpp-1.5.9-windows-x86_64.jar\org\bytedeco\javacpp\windows-x86_64\vcomp140.dll
Event: 3.271 Loaded shared library C:\Users\Welcome\.javacpp\cache\javacpp-1.5.9-windows-x86_64.jar\org\bytedeco\javacpp\windows-x86_64\jnijavacpp.dll
Event: 3.398 Loaded shared library C:\Users\Welcome\.javacpp\cache\openblas-0.3.23-1.5.9-windows-x86_64.jar\org\bytedeco\openblas\windows-x86_64\libopenblas_nolapack.dll
Event: 3.481 Loaded shared library C:\Users\Welcome\.javacpp\cache\openblas-0.3.23-1.5.9-windows-x86_64.jar\org\bytedeco\openblas\windows-x86_64\jniopenblas_nolapack.dll
Event: 3.607 Loaded shared library C:\Users\Welcome\.javacpp\cache\openblas-0.3.23-1.5.9-windows-x86_64.jar\org\bytedeco\openblas\windows-x86_64\libopenblas.dll
Event: 3.647 Loaded shared library C:\Users\Welcome\.javacpp\cache\openblas-0.3.23-1.5.9-windows-x86_64.jar\org\bytedeco\openblas\windows-x86_64\jniopenblas.dll
Event: 4.102 Loaded shared library C:\Users\Welcome\.javacpp\cache\opencv-4.7.0-1.5.9-windows-x86_64.jar\org\bytedeco\opencv\windows-x86_64\opencv_core470.dll
Event: 4.131 Loaded shared library C:\Users\Welcome\.javacpp\cache\opencv-4.7.0-1.5.9-windows-x86_64.jar\org\bytedeco\opencv\windows-x86_64\opencv_imgproc470.dll
Event: 4.157 Loaded shared library C:\Users\Welcome\.javacpp\cache\opencv-4.7.0-1.5.9-windows-x86_64.jar\org\bytedeco\opencv\windows-x86_64\jniopencv_core.dll
Event: 4.301 Loaded shared library C:\Users\Welcome\.javacpp\cache\opencv-4.7.0-1.5.9-windows-x86_64.jar\org\bytedeco\opencv\windows-x86_64\jniopencv_imgproc.dll
Event: 4.332 Loaded shared library C:\Users\Welcome\.javacpp\cache\opencv-4.7.0-1.5.9-windows-x86_64.jar\org\bytedeco\opencv\windows-x86_64\opencv_imgcodecs470.dll
Event: 4.338 Loaded shared library C:\Users\Welcome\.javacpp\cache\opencv-4.7.0-1.5.9-windows-x86_64.jar\org\bytedeco\opencv\windows-x86_64\jniopencv_imgcodecs.dll
Event: 4.379 Loaded shared library C:\Users\Welcome\.javacpp\cache\opencv-4.7.0-1.5.9-windows-x86_64.jar\org\bytedeco\opencv\windows-x86_64\opencv_videoio470.dll
Event: 4.386 Loaded shared library C:\Users\Welcome\.javacpp\cache\opencv-4.7.0-1.5.9-windows-x86_64.jar\org\bytedeco\opencv\windows-x86_64\jniopencv_videoio.dll

Deoptimization events (20 events):
Event: 87.207 Thread 0x0000021fe15f14a0 Uncommon trap: trap_request=0xffffff45 fr.pc=0x0000021fd2959eac relative=0x000000000000548c
Event: 87.207 Thread 0x0000021fe15f14a0 Uncommon trap: reason=unstable_if action=reinterpret pc=0x0000021fd2959eac method=java.awt.EventQueue.getPriority(Ljava/awt/AWTEvent;)I @ 71 c2
Event: 87.207 Thread 0x0000021fe15f14a0 DEOPT PACKING pc=0x0000021fd2959eac sp=0x0000007604afdf60
Event: 87.207 Thread 0x0000021fe15f14a0 DEOPT UNPACKING pc=0x0000021fd20f4422 sp=0x0000007604afde50 mode 2
Event: 87.207 Thread 0x0000021fe15f14a0 Uncommon trap: trap_request=0xffffffde fr.pc=0x0000021fd2a23f2c relative=0x000000000000328c
Event: 87.207 Thread 0x0000021fe15f14a0 Uncommon trap: reason=class_check action=maybe_recompile pc=0x0000021fd2a23f2c method=java.awt.EventQueue.coalesceEvent(Ljava/awt/AWTEvent;I)Z @ 32 c2
Event: 87.207 Thread 0x0000021fe15f14a0 DEOPT PACKING pc=0x0000021fd2a23f2c sp=0x0000007604afde20
Event: 87.207 Thread 0x0000021fe15f14a0 DEOPT UNPACKING pc=0x0000021fd20f4422 sp=0x0000007604afddd8 mode 2
Event: 87.207 Thread 0x0000021fe15f14a0 Uncommon trap: trap_request=0xffffff45 fr.pc=0x0000021fd2928c3c relative=0x000000000000009c
Event: 87.207 Thread 0x0000021fe15f14a0 Uncommon trap: reason=unstable_if action=reinterpret pc=0x0000021fd2928c3c method=java.awt.EventQueue.eventToCacheIndex(Ljava/awt/AWTEvent;)I @ 4 c2
Event: 87.207 Thread 0x0000021fe15f14a0 DEOPT PACKING pc=0x0000021fd2928c3c sp=0x0000007604afdd50
Event: 87.207 Thread 0x0000021fe15f14a0 DEOPT UNPACKING pc=0x0000021fd20f4422 sp=0x0000007604afdcf0 mode 2
Event: 87.207 Thread 0x0000021fe15f14a0 Uncommon trap: trap_request=0xffffff45 fr.pc=0x0000021fd2b0d78c relative=0x00000000000003ec
Event: 87.207 Thread 0x0000021fe15f14a0 Uncommon trap: reason=unstable_if action=reinterpret pc=0x0000021fd2b0d78c method=java.awt.EventQueue.getPriority(Ljava/awt/AWTEvent;)I @ 4 c2
Event: 87.207 Thread 0x0000021fe15f14a0 DEOPT PACKING pc=0x0000021fd2b0d78c sp=0x0000007604afdf10
Event: 87.207 Thread 0x0000021fe15f14a0 DEOPT UNPACKING pc=0x0000021fd20f4422 sp=0x0000007604afde50 mode 2
Event: 87.207 Thread 0x0000021fe15f14a0 Uncommon trap: trap_request=0xffffff45 fr.pc=0x0000021fd2a2312c relative=0x000000000000248c
Event: 87.207 Thread 0x0000021fe15f14a0 Uncommon trap: reason=unstable_if action=reinterpret pc=0x0000021fd2a2312c method=java.awt.EventQueue.eventToCacheIndex(Ljava/awt/AWTEvent;)I @ 71 c2
Event: 87.207 Thread 0x0000021fe15f14a0 DEOPT PACKING pc=0x0000021fd2a2312c sp=0x0000007604afde10
Event: 87.207 Thread 0x0000021fe15f14a0 DEOPT UNPACKING pc=0x0000021fd20f4422 sp=0x0000007604afdd60 mode 2

Classes loaded (20 events):
Event: 10.531 Loading class sun/util/resources/LocaleData$CommonResourceBundleProvider
Event: 10.531 Loading class sun/util/resources/LocaleData$LocaleDataResourceBundleProvider
Event: 10.531 Loading class java/util/spi/ResourceBundleProvider
Event: 10.531 Loading class java/util/spi/ResourceBundleProvider done
Event: 10.531 Loading class sun/util/resources/LocaleData$LocaleDataResourceBundleProvider done
Event: 10.531 Loading class sun/util/resources/LocaleData$CommonResourceBundleProvider done
Event: 10.532 Loading class java/util/ArrayList$SubList$1
Event: 10.532 Loading class java/util/ArrayList$SubList$1 done
Event: 10.532 Loading class sun/text/resources/cldr/FormatData_en
Event: 10.532 Loading class sun/text/resources/cldr/FormatData_en done
Event: 10.533 Loading class sun/util/resources/Bundles$2
Event: 10.533 Loading class sun/util/resources/Bundles$2 done
Event: 48.738 Loading class java/lang/foreign/MemorySegment
Event: 48.738 Loading class java/lang/foreign/MemorySegment done
Event: 70.924 Loading class java/security/DomainCombiner
Event: 70.924 Loading class java/security/DomainCombiner done
Event: 87.206 Loading class java/awt/KeyboardFocusManager$2
Event: 87.206 Loading class java/awt/KeyboardFocusManager$2 done
Event: 87.206 Loading class sun/awt/SunToolkit$1
Event: 87.207 Loading class sun/awt/SunToolkit$1 done

Classes unloaded (0 events):
No events

Classes redefined (0 events):
No events

Internal exceptions (20 events):
Event: 8.334 Thread 0x0000021fe15f14a0 Exception <a 'java/lang/NoSuchMethodError'{0x00000007076a06c8}: 'long java.lang.invoke.DirectMethodHandle$Holder.invokeStatic(java.lang.Object, java.lang.Object)'> (0x00000007076a06c8) 
thrown [s\src\hotspot\share\interpreter\linkResolver.cpp, line 773]
Event: 8.349 Thread 0x0000021fe15f14a0 Exception <a 'java/lang/NoSuchMethodError'{0x000000070773ea48}: 'java.lang.Object java.lang.invoke.DirectMethodHandle$Holder.newInvokeSpecial(java.lang.Object, java.lang.Object, java.lang.Object, java.lang.Object, java.lang.Object, java.lang.Object, int)'> (0x000000070773ea48) 
thrown [s\src\hotspot\share\interpreter\linkResolver.cpp, line 773]
Event: 8.349 Thread 0x0000021fe15f14a0 Exception <a 'java/lang/NoSuchMethodError'{0x00000007077432c0}: 'java.lang.Object java.lang.invoke.DirectMethodHandle$Holder.invokeSpecial(java.lang.Object, java.lang.Object, java.lang.Object, java.lang.Object, java.lang.Object, java.lang.Object, java.lang.Object, int)'> (0x00000007077432c0) 
thrown [s\src\hotspot\share\interpreter\linkResolver.cpp, line 773]
Event: 8.353 Thread 0x0000021fe15f14a0 Exception <a 'java/lang/NoSuchMethodError'{0x0000000707763db8}: 'java.lang.Object java.lang.invoke.DirectMethodHandle$Holder.newInvokeSpecial(java.lang.Object, int, java.lang.Object, java.lang.Object, java.lang.Object, java.lang.Object)'> (0x0000000707763db8) 
thrown [s\src\hotspot\share\interpreter\linkResolver.cpp, line 773]
Event: 8.407 Thread 0x0000021fe15f14a0 Exception <a 'java/lang/NoSuchMethodError'{0x0000000710c150e8}: 'java.lang.Object java.lang.invoke.DirectMethodHandle$Holder.newInvokeSpecial(java.lang.Object, java.lang.Object, float)'> (0x0000000710c150e8) 
thrown [s\src\hotspot\share\interpreter\linkResolver.cpp, line 773]
Event: 8.424 Thread 0x0000021fe15f14a0 Exception <a 'java/lang/NoSuchMethodError'{0x0000000710c6fde8}: 'java.lang.Object java.lang.invoke.DirectMethodHandle$Holder.invokeStatic(java.lang.Object, java.lang.Object, int, java.lang.Object, java.lang.Object)'> (0x0000000710c6fde8) 
thrown [s\src\hotspot\share\interpreter\linkResolver.cpp, line 773]
Event: 8.425 Thread 0x0000021fe15f14a0 Exception <a 'java/lang/NoSuchMethodError'{0x0000000710c77360}: 'java.lang.Object java.lang.invoke.DirectMethodHandle$Holder.newInvokeSpecial(java.lang.Object, java.lang.Object, int, java.lang.Object)'> (0x0000000710c77360) 
thrown [s\src\hotspot\share\interpreter\linkResolver.cpp, line 773]
Event: 8.425 Thread 0x0000021fe15f14a0 Exception <a 'java/lang/NoSuchMethodError'{0x0000000710c7b7d0}: 'java.lang.Object java.lang.invoke.DirectMethodHandle$Holder.invokeSpecial(java.lang.Object, java.lang.Object, java.lang.Object, int, java.lang.Object)'> (0x0000000710c7b7d0) 
thrown [s\src\hotspot\share\interpreter\linkResolver.cpp, line 773]
Event: 8.426 Thread 0x0000021fe15f14a0 Exception <a 'java/lang/NoSuchMethodError'{0x0000000710c7f4a8}: 'java.lang.Object java.lang.invoke.Invokers$Holder.linkToTargetMethod(java.lang.Object, int, java.lang.Object, java.lang.Object)'> (0x0000000710c7f4a8) 
thrown [s\src\hotspot\share\interpreter\linkResolver.cpp, line 773]
Event: 8.429 Thread 0x0000021fe15f14a0 Exception <a 'java/lang/NoSuchMethodError'{0x0000000710c92050}: 'java.lang.Object java.lang.invoke.DirectMethodHandle$Holder.invokeStatic(java.lang.Object, java.lang.Object, long, java.lang.Object)'> (0x0000000710c92050) 
thrown [s\src\hotspot\share\interpreter\linkResolver.cpp, line 773]
Event: 8.430 Thread 0x0000021fe15f14a0 Exception <a 'java/lang/NoSuchMethodError'{0x0000000710ca6398}: 'java.lang.Object java.lang.invoke.DirectMethodHandle$Holder.newInvokeSpecial(java.lang.Object, java.lang.Object, long)'> (0x0000000710ca6398) 
thrown [s\src\hotspot\share\interpreter\linkResolver.cpp, line 773]
Event: 8.430 Thread 0x0000021fe15f14a0 Exception <a 'java/lang/NoSuchMethodError'{0x0000000710ca9e30}: 'java.lang.Object java.lang.invoke.Invokers$Holder.linkToTargetMethod(java.lang.Object, long, java.lang.Object)'> (0x0000000710ca9e30) 
thrown [s\src\hotspot\share\interpreter\linkResolver.cpp, line 773]
Event: 10.352 Thread 0x000002202724fee0 Exception <a 'java/lang/NoSuchMethodError'{0x00000007045c34e0}: 'java.lang.Object java.lang.invoke.Invokers$Holder.linkToTargetMethod(int, float, float, float, float, float, int, java.lang.Object)'> (0x00000007045c34e0) 
thrown [s\src\hotspot\share\interpreter\linkResolver.cpp, line 773]
Event: 10.377 Thread 0x0000021fe15ef3d0 Exception <a 'java/lang/NoSuchMethodError'{0x0000000703e688c8}: 'long java.lang.invoke.DirectMethodHandle$Holder.invokeSpecial(java.lang.Object, java.lang.Object, java.lang.Object, java.lang.Object, int, int)'> (0x0000000703e688c8) 
thrown [s\src\hotspot\share\interpreter\linkResolver.cpp, line 773]
Event: 10.448 Thread 0x0000021fe15ef3d0 Exception <a 'java/lang/NoSuchMethodError'{0x00000007035168a0}: 'java.lang.Object java.lang.invoke.DirectMethodHandle$Holder.invokeSpecial(java.lang.Object, java.lang.Object, int, float)'> (0x00000007035168a0) 
thrown [s\src\hotspot\share\interpreter\linkResolver.cpp, line 773]
Event: 10.451 Thread 0x0000021fe15ef3d0 Exception <a 'java/lang/NoSuchMethodError'{0x0000000703531b68}: 'java.lang.Object java.lang.invoke.DirectMethodHandle$Holder.invokeSpecial(java.lang.Object, java.lang.Object, java.lang.Object, java.lang.Object, double)'> (0x0000000703531b68) 
thrown [s\src\hotspot\share\interpreter\linkResolver.cpp, line 773]
Event: 10.451 Thread 0x0000021fe15ef3d0 Exception <a 'java/lang/NoSuchMethodError'{0x00000007035354c8}: 'java.lang.Object java.lang.invoke.Invokers$Holder.linkToTargetMethod(java.lang.Object, java.lang.Object, double, java.lang.Object)'> (0x00000007035354c8) 
thrown [s\src\hotspot\share\interpreter\linkResolver.cpp, line 773]
Event: 37.796 Thread 0x0000021fe15ef3d0 Exception <a 'java/lang/NoSuchMethodError'{0x00000007073d6eb0}: 'java.lang.Object java.lang.invoke.Invokers$Holder.linkToTargetMethod(java.lang.Object, float, float, float, float, java.lang.Object)'> (0x00000007073d6eb0) 
thrown [s\src\hotspot\share\interpreter\linkResolver.cpp, line 773]
Event: 37.951 Thread 0x0000021fe15f14a0 Exception <a 'java/lang/NoSuchMethodError'{0x00000007098b9130}: 'java.lang.Object java.lang.invoke.DirectMethodHandle$Holder.invokeSpecial(java.lang.Object, java.lang.Object, int, int, java.lang.Object)'> (0x00000007098b9130) 
thrown [s\src\hotspot\share\interpreter\linkResolver.cpp, line 773]
Event: 87.206 Thread 0x0000021fe15f14a0 Implicit null exception at 0x0000021fd2b11c21 to 0x0000021fd2b12e20

ZGC Phase Switch (0 events):
No events

VM Operations (20 events):
Event: 84.832 Executing VM operation: G1TryInitiateConcMark (G1 Humongous Allocation)
Event: 84.834 Executing VM operation: G1TryInitiateConcMark (G1 Humongous Allocation) done
Event: 85.288 Executing VM operation: G1TryInitiateConcMark (G1 Humongous Allocation)
Event: 85.289 Executing VM operation: G1TryInitiateConcMark (G1 Humongous Allocation) done
Event: 85.539 Executing VM operation: G1TryInitiateConcMark (G1 Humongous Allocation)
Event: 85.540 Executing VM operation: G1TryInitiateConcMark (G1 Humongous Allocation) done
Event: 85.622 Executing VM operation: G1TryInitiateConcMark (G1 Humongous Allocation)
Event: 85.623 Executing VM operation: G1TryInitiateConcMark (G1 Humongous Allocation) done
Event: 85.819 Executing VM operation: G1TryInitiateConcMark (G1 Humongous Allocation)
Event: 85.820 Executing VM operation: G1TryInitiateConcMark (G1 Humongous Allocation) done
Event: 85.938 Executing VM operation: G1TryInitiateConcMark (G1 Humongous Allocation)
Event: 85.939 Executing VM operation: G1TryInitiateConcMark (G1 Humongous Allocation) done
Event: 86.193 Executing VM operation: G1TryInitiateConcMark (G1 Humongous Allocation)
Event: 86.194 Executing VM operation: G1TryInitiateConcMark (G1 Humongous Allocation) done
Event: 86.629 Executing VM operation: G1TryInitiateConcMark (G1 Humongous Allocation)
Event: 86.647 Executing VM operation: G1TryInitiateConcMark (G1 Humongous Allocation) done
Event: 86.948 Executing VM operation: G1TryInitiateConcMark (G1 Humongous Allocation)
Event: 86.950 Executing VM operation: G1TryInitiateConcMark (G1 Humongous Allocation) done
Event: 87.049 Executing VM operation: G1TryInitiateConcMark (G1 Humongous Allocation)
Event: 87.050 Executing VM operation: G1TryInitiateConcMark (G1 Humongous Allocation) done

Memory protections (0 events):
No events

Nmethod flushes (20 events):
Event: 10.176 Thread 0x0000021fe0fccdc0 flushing  nmethod 0x0000021fcaba6c10
Event: 10.176 Thread 0x0000021fe0fccdc0 flushing  nmethod 0x0000021fcaba9e90
Event: 10.176 Thread 0x0000021fe0fccdc0 flushing  nmethod 0x0000021fcabaa390
Event: 10.176 Thread 0x0000021fe0fccdc0 flushing  nmethod 0x0000021fcabbdb10
Event: 10.176 Thread 0x0000021fe0fccdc0 flushing  nmethod 0x0000021fcabbe390
Event: 10.176 Thread 0x0000021fe0fccdc0 flushing  nmethod 0x0000021fcabbeb90
Event: 10.176 Thread 0x0000021fe0fccdc0 flushing  nmethod 0x0000021fcabbf390
Event: 10.176 Thread 0x0000021fe0fccdc0 flushing  nmethod 0x0000021fcabbfa90
Event: 10.176 Thread 0x0000021fe0fccdc0 flushing  nmethod 0x0000021fcabc1590
Event: 10.176 Thread 0x0000021fe0fccdc0 flushing  nmethod 0x0000021fcabc1d10
Event: 10.176 Thread 0x0000021fe0fccdc0 flushing  nmethod 0x0000021fcabc2510
Event: 10.176 Thread 0x0000021fe0fccdc0 flushing  nmethod 0x0000021fcabc3910
Event: 10.176 Thread 0x0000021fe0fccdc0 flushing  nmethod 0x0000021fcabc4510
Event: 10.176 Thread 0x0000021fe0fccdc0 flushing  nmethod 0x0000021fcac53210
Event: 10.176 Thread 0x0000021fe0fccdc0 flushing  nmethod 0x0000021fcac58410
Event: 10.176 Thread 0x0000021fe0fccdc0 flushing  nmethod 0x0000021fcacf1c90
Event: 10.176 Thread 0x0000021fe0fccdc0 flushing  nmethod 0x0000021fcadcfb90
Event: 10.176 Thread 0x0000021fe0fccdc0 flushing  nmethod 0x0000021fcadf5210
Event: 10.176 Thread 0x0000021fe0fccdc0 flushing  nmethod 0x0000021fcadf9710
Event: 10.176 Thread 0x0000021fe0fccdc0 flushing  nmethod 0x0000021fcadf9b90

Events (20 events):
Event: 58.814 Thread 0x0000021f83808920 Thread exited: 0x0000021f83808920
Event: 60.372 Thread 0x0000021fe0ff6970 Thread added: 0x0000021fe13f5c50
Event: 60.618 Thread 0x00000220277aada0 Thread added: 0x0000021fe1909350
Event: 61.661 Thread 0x0000021fe13f5c50 Thread exited: 0x0000021fe13f5c50
Event: 62.966 Thread 0x0000021fe0ff6970 Thread added: 0x0000021fe13f6320
Event: 63.296 Thread 0x0000021fe13f6320 Thread exited: 0x0000021fe13f6320
Event: 63.692 Thread 0x0000021fe0ff6970 Thread added: 0x0000021fe13f5c50
Event: 65.488 Thread 0x0000021fe13f5c50 Thread exited: 0x0000021fe13f5c50
Event: 67.888 Thread 0x0000021fe0ff6970 Thread added: 0x0000021fe13f1830
Event: 69.527 Thread 0x0000021fe13f1830 Thread exited: 0x0000021fe13f1830
Event: 70.395 Thread 0x0000021fe0ff6970 Thread added: 0x0000021fe13f47e0
Event: 71.035 Thread 0x0000021fe13f47e0 Thread exited: 0x0000021fe13f47e0
Event: 71.767 Thread 0x0000021fe0ff6970 Thread added: 0x0000021fe13efcf0
Event: 72.994 Thread 0x0000021fe13efcf0 Thread exited: 0x0000021fe13efcf0
Event: 73.581 Thread 0x0000021fe0ff6970 Thread added: 0x0000021fe13f1160
Event: 76.205 Thread 0x0000021fe13f1160 Thread exited: 0x0000021fe13f1160
Event: 79.940 Thread 0x0000021fe0ff6970 Thread added: 0x0000021fe13f6320
Event: 81.407 Thread 0x0000021fe13f6320 Thread exited: 0x0000021fe13f6320
Event: 84.071 Thread 0x0000021fe0ff6970 Thread added: 0x0000021fe13f69f0
Event: 84.260 Thread 0x0000021fe13f69f0 Thread exited: 0x0000021fe13f69f0


Dynamic libraries:
0x00007ff6266c0000 - 0x00007ff6266ce000 	C:\Program Files\BellSoft\LibericaJDK-21\bin\java.exe
0x00007ff9f6840000 - 0x00007ff9f6a49000 	C:\Windows\SYSTEM32\ntdll.dll
0x00007ff9f6000000 - 0x00007ff9f60bd000 	C:\Windows\System32\KERNEL32.DLL
0x00007ff9f3ff0000 - 0x00007ff9f4374000 	C:\Windows\System32\KERNELBASE.dll
0x00007ff9f44d0000 - 0x00007ff9f45e1000 	C:\Windows\System32\ucrtbase.dll
0x00007ff9bf7e0000 - 0x00007ff9bf7fb000 	C:\Program Files\BellSoft\LibericaJDK-21\bin\VCRUNTIME140.dll
0x00007ff9efbf0000 - 0x00007ff9efc08000 	C:\Program Files\BellSoft\LibericaJDK-21\bin\jli.dll
0x00007ff9f5230000 - 0x00007ff9f53dd000 	C:\Windows\System32\USER32.dll
0x00007ff9dfcc0000 - 0x00007ff9dff65000 	C:\Windows\WinSxS\amd64_microsoft.windows.common-controls_6595b64144ccf1df_6.0.22000.120_none_9d947278b86cc467\COMCTL32.dll
0x00007ff9f44a0000 - 0x00007ff9f44c6000 	C:\Windows\System32\win32u.dll
0x00007ff9f5180000 - 0x00007ff9f5223000 	C:\Windows\System32\msvcrt.dll
0x00007ff9f5fd0000 - 0x00007ff9f5ffa000 	C:\Windows\System32\GDI32.dll
0x00007ff9f4380000 - 0x00007ff9f449e000 	C:\Windows\System32\gdi32full.dll
0x00007ff9f45f0000 - 0x00007ff9f468d000 	C:\Windows\System32\msvcp_win.dll
0x00007ff9f5f90000 - 0x00007ff9f5fc1000 	C:\Windows\System32\IMM32.DLL
0x00007ff9e7580000 - 0x00007ff9e758c000 	C:\Program Files\BellSoft\LibericaJDK-21\bin\vcruntime140_1.dll
0x00007ff9721d0000 - 0x00007ff97225e000 	C:\Program Files\BellSoft\LibericaJDK-21\bin\msvcp140.dll
0x00007ff971410000 - 0x00007ff9721c3000 	C:\Program Files\BellSoft\LibericaJDK-21\bin\server\jvm.dll
0x00007ff9f5cc0000 - 0x00007ff9f5d6e000 	C:\Windows\System32\ADVAPI32.dll
0x00007ff9f5c20000 - 0x00007ff9f5cbe000 	C:\Windows\System32\sechost.dll
0x00007ff9f4900000 - 0x00007ff9f4a21000 	C:\Windows\System32\RPCRT4.dll
0x00007ff9f4770000 - 0x00007ff9f47df000 	C:\Windows\System32\WS2_32.dll
0x00007ff9f3a00000 - 0x00007ff9f3a4d000 	C:\Windows\SYSTEM32\POWRPROF.dll
0x00007ff9cd7b0000 - 0x00007ff9cd7e3000 	C:\Windows\SYSTEM32\WINMM.dll
0x00007ff9ecd80000 - 0x00007ff9ecd8a000 	C:\Windows\SYSTEM32\VERSION.dll
0x00007ff9f39e0000 - 0x00007ff9f39f3000 	C:\Windows\SYSTEM32\UMPDC.dll
0x00007ff9f2d00000 - 0x00007ff9f2d18000 	C:\Windows\SYSTEM32\kernel.appcore.dll
0x00007ff9c61e0000 - 0x00007ff9c61ea000 	C:\Program Files\BellSoft\LibericaJDK-21\bin\jimage.dll
0x00007ff9dfa90000 - 0x00007ff9dfcb1000 	C:\Windows\SYSTEM32\DBGHELP.DLL
0x00007ff9e00c0000 - 0x00007ff9e00f1000 	C:\Windows\SYSTEM32\dbgcore.DLL
0x00007ff9f3f70000 - 0x00007ff9f3fef000 	C:\Windows\System32\bcryptPrimitives.dll
0x00007ff9bf7c0000 - 0x00007ff9bf7df000 	C:\Program Files\BellSoft\LibericaJDK-21\bin\java.dll
0x00007ff9f53e0000 - 0x00007ff9f5ba5000 	C:\Windows\System32\SHELL32.dll
0x00007ff9f1d60000 - 0x00007ff9f25c2000 	C:\Windows\SYSTEM32\windows.storage.dll
0x00007ff9f4ae0000 - 0x00007ff9f4e56000 	C:\Windows\System32\combase.dll
0x00007ff9f1bf0000 - 0x00007ff9f1d57000 	C:\Windows\SYSTEM32\wintypes.dll
0x00007ff9f6290000 - 0x00007ff9f637a000 	C:\Windows\System32\SHCORE.dll
0x00007ff9f4710000 - 0x00007ff9f476d000 	C:\Windows\System32\shlwapi.dll
0x00007ff9f3c00000 - 0x00007ff9f3c25000 	C:\Windows\SYSTEM32\profapi.dll
0x00007ff971150000 - 0x00007ff971227000 	C:\Program Files\BellSoft\LibericaJDK-21\bin\jsvml.dll
0x00007ff9860c0000 - 0x00007ff9860d0000 	C:\Program Files\BellSoft\LibericaJDK-21\bin\net.dll
0x00007ff9ee6a0000 - 0x00007ff9ee7b4000 	C:\Windows\SYSTEM32\WINHTTP.dll
0x00007ff9f31a0000 - 0x00007ff9f3207000 	C:\Windows\system32\mswsock.dll
0x00007ff97f2f0000 - 0x00007ff97f306000 	C:\Program Files\BellSoft\LibericaJDK-21\bin\nio.dll
0x00007ff97f2d0000 - 0x00007ff97f2e8000 	C:\Program Files\BellSoft\LibericaJDK-21\bin\zip.dll
0x00007ff984a80000 - 0x00007ff98569f000 	C:\Users\Welcome\.skiko\64f176e39f60453df1ebf3b490935ff01e2e8db2dfc6217e7f91aacb376d7385\skiko-windows-x64.dll
0x00007ff9f4fe0000 - 0x00007ff9f517a000 	C:\Windows\System32\ole32.dll
0x00007ff9f18f0000 - 0x00007ff9f191f000 	C:\Windows\SYSTEM32\dwmapi.dll
0x00007ff9f0230000 - 0x00007ff9f0327000 	C:\Windows\SYSTEM32\PROPSYS.dll
0x00007ff9e36a0000 - 0x00007ff9e382e000 	C:\Program Files\BellSoft\LibericaJDK-21\bin\awt.dll
0x00007ff9f4f00000 - 0x00007ff9f4fd6000 	C:\Windows\System32\OLEAUT32.dll
0x00007ff9f11d0000 - 0x00007ff9f1262000 	C:\Windows\SYSTEM32\apphelp.dll
0x00007ff9f1380000 - 0x00007ff9f142c000 	C:\Windows\system32\uxtheme.dll
0x00007ff9f5d70000 - 0x00007ff9f5e8d000 	C:\Windows\System32\MSCTF.dll
0x00007ff9cace0000 - 0x00007ff9cade1000 	C:\Windows\system32\opengl32.dll
0x00007ff9cac70000 - 0x00007ff9cac9d000 	C:\Windows\SYSTEM32\GLU32.dll
0x00007ff9f1480000 - 0x00007ff9f14b8000 	C:\Windows\SYSTEM32\dxcore.dll
0x00007ff9e3e70000 - 0x00007ff9e3ef7000 	C:\Program Files\BellSoft\LibericaJDK-21\bin\freetype.dll
0x00007ff9e35a0000 - 0x00007ff9e3691000 	C:\Program Files\BellSoft\LibericaJDK-21\bin\fontmanager.dll
0x00007ff9d9380000 - 0x00007ff9d95df000 	C:\Windows\SYSTEM32\dwrite.dll
0x00007ff9f4a30000 - 0x00007ff9f4adf000 	C:\Windows\System32\clbcatq.dll
0x00007ff9ed9e0000 - 0x00007ff9edb8e000 	C:\Windows\SYSTEM32\WindowsCodecs.dll
0x00007ff9c9ca0000 - 0x00007ff9c9cfd000 	C:\Windows\system32\dataexchange.dll
0x00007ff9ecab0000 - 0x00007ff9ecd15000 	C:\Windows\system32\twinapi.appcore.dll
0x00007ff9efba0000 - 0x00007ff9efba7000 	C:\Program Files\BellSoft\LibericaJDK-21\bin\jawt.dll
0x00007ff9f14c0000 - 0x00007ff9f15b3000 	C:\Windows\SYSTEM32\Dxgi.dll
0x00007ff9ef660000 - 0x00007ff9ef6a4000 	C:\Windows\SYSTEM32\directxdatabasehelper.dll
0x00007ff9f2d20000 - 0x00007ff9f2d54000 	C:\Windows\SYSTEM32\ntmarta.dll
0x00007ff9efb70000 - 0x00007ff9efb98000 	C:\Windows\SYSTEM32\D3D12.dll
0x00007ff9d5cc0000 - 0x00007ff9d5ec5000 	C:\Windows\SYSTEM32\D3D12Core.dll
0x00007ff9f3950000 - 0x00007ff9f399c000 	C:\Windows\SYSTEM32\cfgmgr32.dll
0x00007ff9f3620000 - 0x00007ff9f3647000 	C:\Windows\SYSTEM32\bcrypt.dll
0x00007ff9e7a30000 - 0x00007ff9eb1c4000 	C:\Windows\System32\DriverStore\FileRepository\iigd_dch.inf_amd64_51f685305808e3a5\igc64.dll
0x00007ff9f3cd0000 - 0x00007ff9f3e32000 	C:\Windows\System32\CRYPT32.dll
0x00007ff9e3570000 - 0x00007ff9e359d000 	C:\Windows\SYSTEM32\D3DSCache.dll
0x00007ff9f3240000 - 0x00007ff9f326c000 	C:\Windows\SYSTEM32\USERENV.dll
0x00007ff9f3470000 - 0x00007ff9f3488000 	C:\Windows\SYSTEM32\CRYPTSP.dll
0x00007ff9f2c60000 - 0x00007ff9f2c95000 	C:\Windows\system32\rsaenh.dll
0x00007ff9f3390000 - 0x00007ff9f339c000 	C:\Windows\SYSTEM32\CRYPTBASE.dll
0x00007ff9f2810000 - 0x00007ff9f283d000 	C:\Windows\SYSTEM32\IPHLPAPI.DLL
0x00007ff9f4ef0000 - 0x00007ff9f4ef9000 	C:\Windows\System32\NSI.dll
0x00007ff974a80000 - 0x00007ff97553e000 	C:\Users\Welcome\AppData\Local\Temp\onnxruntime-java11868639021829662960\onnxruntime.dll
0x00007ff9efb30000 - 0x00007ff9efb39000 	C:\Windows\SYSTEM32\MSVCP140_1.dll
0x00007ff9efa70000 - 0x00007ff9efa87000 	C:\Users\Welcome\AppData\Local\Temp\onnxruntime-java11868639021829662960\onnxruntime4j_jni.dll
0x000002202c8c0000 - 0x000002202c8c4000 	C:\Users\Welcome\.javacpp\cache\javacpp-1.5.9-windows-x86_64.jar\org\bytedeco\javacpp\windows-x86_64\api-ms-win-crt-locale-l1-1-0.dll
0x000002202c8d0000 - 0x000002202c8d5000 	C:\Users\Welcome\.javacpp\cache\javacpp-1.5.9-windows-x86_64.jar\org\bytedeco\javacpp\windows-x86_64\api-ms-win-crt-string-l1-1-0.dll
0x000002202c8e0000 - 0x000002202c8e5000 	C:\Users\Welcome\.javacpp\cache\javacpp-1.5.9-windows-x86_64.jar\org\bytedeco\javacpp\windows-x86_64\api-ms-win-crt-stdio-l1-1-0.dll
0x000002202c8f0000 - 0x000002202c8f6000 	C:\Users\Welcome\.javacpp\cache\javacpp-1.5.9-windows-x86_64.jar\org\bytedeco\javacpp\windows-x86_64\api-ms-win-crt-math-l1-1-0.dll
0x0000022027fd0000 - 0x0000022027fd4000 	C:\Users\Welcome\.javacpp\cache\javacpp-1.5.9-windows-x86_64.jar\org\bytedeco\javacpp\windows-x86_64\api-ms-win-crt-heap-l1-1-0.dll
0x00000220280d0000 - 0x00000220280d5000 	C:\Users\Welcome\.javacpp\cache\javacpp-1.5.9-windows-x86_64.jar\org\bytedeco\javacpp\windows-x86_64\api-ms-win-crt-runtime-l1-1-0.dll
0x00000220280e0000 - 0x00000220280e5000 	C:\Users\Welcome\.javacpp\cache\javacpp-1.5.9-windows-x86_64.jar\org\bytedeco\javacpp\windows-x86_64\api-ms-win-crt-convert-l1-1-0.dll
0x00000220284a0000 - 0x00000220284a4000 	C:\Users\Welcome\.javacpp\cache\javacpp-1.5.9-windows-x86_64.jar\org\bytedeco\javacpp\windows-x86_64\api-ms-win-crt-environment-l1-1-0.dll
0x00000220284b0000 - 0x00000220284b4000 	C:\Users\Welcome\.javacpp\cache\javacpp-1.5.9-windows-x86_64.jar\org\bytedeco\javacpp\windows-x86_64\api-ms-win-crt-time-l1-1-0.dll
0x00000220284c0000 - 0x00000220284c4000 	C:\Users\Welcome\.javacpp\cache\javacpp-1.5.9-windows-x86_64.jar\org\bytedeco\javacpp\windows-x86_64\api-ms-win-crt-filesystem-l1-1-0.dll
0x00000220284d0000 - 0x00000220284d4000 	C:\Users\Welcome\.javacpp\cache\javacpp-1.5.9-windows-x86_64.jar\org\bytedeco\javacpp\windows-x86_64\api-ms-win-crt-utility-l1-1-0.dll
0x00000220284e0000 - 0x00000220284e6000 	C:\Users\Welcome\.javacpp\cache\javacpp-1.5.9-windows-x86_64.jar\org\bytedeco\javacpp\windows-x86_64\api-ms-win-crt-multibyte-l1-1-0.dll
0x00000220285e0000 - 0x00000220285e4000 	C:\Users\Welcome\.javacpp\cache\javacpp-1.5.9-windows-x86_64.jar\org\bytedeco\javacpp\windows-x86_64\api-ms-win-crt-conio-l1-1-0.dll
0x00000220285f0000 - 0x0000022028601000 	C:\Users\Welcome\.javacpp\cache\javacpp-1.5.9-windows-x86_64.jar\org\bytedeco\javacpp\windows-x86_64\api-ms-win-crt-private-l1-1-0.dll
0x0000022028610000 - 0x0000022028614000 	C:\Users\Welcome\.javacpp\cache\javacpp-1.5.9-windows-x86_64.jar\org\bytedeco\javacpp\windows-x86_64\api-ms-win-crt-process-l1-1-0.dll
0x0000022028620000 - 0x0000022028624000 	C:\Users\Welcome\.javacpp\cache\javacpp-1.5.9-windows-x86_64.jar\org\bytedeco\javacpp\windows-x86_64\api-ms-win-core-console-l1-2-0.dll
0x0000022028630000 - 0x0000022028634000 	C:\Users\Welcome\.javacpp\cache\javacpp-1.5.9-windows-x86_64.jar\org\bytedeco\javacpp\windows-x86_64\api-ms-win-core-string-l1-1-0.dll
0x0000022028640000 - 0x0000022028644000 	C:\Users\Welcome\.javacpp\cache\javacpp-1.5.9-windows-x86_64.jar\org\bytedeco\javacpp\windows-x86_64\api-ms-win-core-errorhandling-l1-1-0.dll
0x0000022028650000 - 0x0000022028654000 	C:\Users\Welcome\.javacpp\cache\javacpp-1.5.9-windows-x86_64.jar\org\bytedeco\javacpp\windows-x86_64\api-ms-win-core-timezone-l1-1-0.dll
0x0000022028660000 - 0x0000022028665000 	C:\Users\Welcome\.javacpp\cache\javacpp-1.5.9-windows-x86_64.jar\org\bytedeco\javacpp\windows-x86_64\api-ms-win-core-file-l1-1-0.dll
0x0000022028670000 - 0x0000022028674000 	C:\Users\Welcome\.javacpp\cache\javacpp-1.5.9-windows-x86_64.jar\org\bytedeco\javacpp\windows-x86_64\api-ms-win-core-namedpipe-l1-1-0.dll
0x0000022028680000 - 0x0000022028684000 	C:\Users\Welcome\.javacpp\cache\javacpp-1.5.9-windows-x86_64.jar\org\bytedeco\javacpp\windows-x86_64\api-ms-win-core-handle-l1-1-0.dll
0x0000022028690000 - 0x0000022028694000 	C:\Users\Welcome\.javacpp\cache\javacpp-1.5.9-windows-x86_64.jar\org\bytedeco\javacpp\windows-x86_64\api-ms-win-core-file-l2-1-0.dll
0x00000220286a0000 - 0x00000220286a4000 	C:\Users\Welcome\.javacpp\cache\javacpp-1.5.9-windows-x86_64.jar\org\bytedeco\javacpp\windows-x86_64\api-ms-win-core-heap-l1-1-0.dll
0x00000220286b0000 - 0x00000220286b4000 	C:\Users\Welcome\.javacpp\cache\javacpp-1.5.9-windows-x86_64.jar\org\bytedeco\javacpp\windows-x86_64\api-ms-win-core-libraryloader-l1-1-0.dll
0x00007ff9ef150000 - 0x00007ff9ef369000 	C:\Windows\SYSTEM32\dcomp.dll
0x00000220286d0000 - 0x00000220286d4000 	C:\Users\Welcome\.javacpp\cache\javacpp-1.5.9-windows-x86_64.jar\org\bytedeco\javacpp\windows-x86_64\api-ms-win-core-synch-l1-1-0.dll
0x00000220286e0000 - 0x00000220286e4000 	C:\Users\Welcome\.javacpp\cache\javacpp-1.5.9-windows-x86_64.jar\org\bytedeco\javacpp\windows-x86_64\api-ms-win-core-processthreads-l1-1-0.dll
0x00000220286f0000 - 0x00000220286f4000 	C:\Users\Welcome\.javacpp\cache\javacpp-1.5.9-windows-x86_64.jar\org\bytedeco\javacpp\windows-x86_64\api-ms-win-core-processenvironment-l1-1-0.dll
0x0000022028700000 - 0x0000022028704000 	C:\Users\Welcome\.javacpp\cache\javacpp-1.5.9-windows-x86_64.jar\org\bytedeco\javacpp\windows-x86_64\api-ms-win-core-datetime-l1-1-0.dll
0x00007ff9f0500000 - 0x00007ff9f0966000 	C:\Windows\SYSTEM32\d3dcompiler_47.dll
0x0000022028710000 - 0x0000022028714000 	C:\Users\Welcome\.javacpp\cache\javacpp-1.5.9-windows-x86_64.jar\org\bytedeco\javacpp\windows-x86_64\api-ms-win-core-localization-l1-2-0.dll
0x0000022028720000 - 0x0000022028724000 	C:\Users\Welcome\.javacpp\cache\javacpp-1.5.9-windows-x86_64.jar\org\bytedeco\javacpp\windows-x86_64\api-ms-win-core-sysinfo-l1-1-0.dll
0x0000022028730000 - 0x0000022028734000 	C:\Users\Welcome\.javacpp\cache\javacpp-1.5.9-windows-x86_64.jar\org\bytedeco\javacpp\windows-x86_64\api-ms-win-core-synch-l1-2-0.dll
0x0000022028740000 - 0x0000022028744000 	C:\Users\Welcome\.javacpp\cache\javacpp-1.5.9-windows-x86_64.jar\org\bytedeco\javacpp\windows-x86_64\api-ms-win-core-console-l1-1-0.dll
0x0000022028750000 - 0x0000022028754000 	C:\Users\Welcome\.javacpp\cache\javacpp-1.5.9-windows-x86_64.jar\org\bytedeco\javacpp\windows-x86_64\api-ms-win-core-debug-l1-1-0.dll
0x0000022028760000 - 0x0000022028764000 	C:\Users\Welcome\.javacpp\cache\javacpp-1.5.9-windows-x86_64.jar\org\bytedeco\javacpp\windows-x86_64\api-ms-win-core-rtlsupport-l1-1-0.dll
0x0000022028770000 - 0x0000022028774000 	C:\Users\Welcome\.javacpp\cache\javacpp-1.5.9-windows-x86_64.jar\org\bytedeco\javacpp\windows-x86_64\api-ms-win-core-processthreads-l1-1-1.dll
0x0000022028780000 - 0x0000022028784000 	C:\Users\Welcome\.javacpp\cache\javacpp-1.5.9-windows-x86_64.jar\org\bytedeco\javacpp\windows-x86_64\api-ms-win-core-file-l1-2-0.dll
0x0000022028790000 - 0x0000022028794000 	C:\Users\Welcome\.javacpp\cache\javacpp-1.5.9-windows-x86_64.jar\org\bytedeco\javacpp\windows-x86_64\api-ms-win-core-profile-l1-1-0.dll
0x00000220287a0000 - 0x00000220287a4000 	C:\Users\Welcome\.javacpp\cache\javacpp-1.5.9-windows-x86_64.jar\org\bytedeco\javacpp\windows-x86_64\api-ms-win-core-memory-l1-1-0.dll
0x00000220287b0000 - 0x00000220287b4000 	C:\Users\Welcome\.javacpp\cache\javacpp-1.5.9-windows-x86_64.jar\org\bytedeco\javacpp\windows-x86_64\api-ms-win-core-util-l1-1-0.dll
0x000002202d100000 - 0x000002202d104000 	C:\Users\Welcome\.javacpp\cache\javacpp-1.5.9-windows-x86_64.jar\org\bytedeco\javacpp\windows-x86_64\api-ms-win-core-interlocked-l1-1-0.dll
0x00007ff9e0250000 - 0x00007ff9e0361000 	C:\Users\Welcome\.javacpp\cache\javacpp-1.5.9-windows-x86_64.jar\org\bytedeco\javacpp\windows-x86_64\ucrtbase.dll

JVMTI agents: none

dbghelp: loaded successfully - version: 4.0.5 - missing functions: none
symbol engine: initialized successfully - sym options: 0x614 - pdb path: .;C:\Program Files\BellSoft\LibericaJDK-21\bin;C:\Windows\SYSTEM32;C:\Windows\WinSxS\amd64_microsoft.windows.common-controls_6595b64144ccf1df_6.0.22000.120_none_9d947278b86cc467;C:\Program Files\BellSoft\LibericaJDK-21\bin\server;C:\Users\Welcome\.skiko\64f176e39f60453df1ebf3b490935ff01e2e8db2dfc6217e7f91aacb376d7385;C:\Windows\System32\DriverStore\FileRepository\iigd_dch.inf_amd64_51f685305808e3a5;C:\Users\Welcome\AppData\Local\Temp\onnxruntime-java11868639021829662960;C:\Users\Welcome\.javacpp\cache\javacpp-1.5.9-windows-x86_64.jar\org\bytedeco\javacpp\windows-x86_64;C:\Users\Welcome\.javacpp\cache\openblas-0.3.23-1.5.9-windows-x86_64.jar\org\bytedeco\openblas\windows-x86_64;C:\Users\Welcome\.javacpp\cache\opencv-4.7.0-1.5.9-windows-x86_64.jar\org\bytedeco\opencv\windows-x86_64;C:\Windows\WinSxS\amd64_microsoft.windows.gdiplus_6595b64144ccf1df_1.1.22000.2003_none_4c4fc4c1c574dc79

VM Arguments:
jvm_args: -Dcompose.application.configure.swing.globals=true -Dcompose.application.resources.dir=C:\Users\Welcome\IdeaProjects\orais- v1\composeApp\build\compose\tmp\prepareAppResources -Dfile.encoding=UTF-8 -Duser.country=IN -Duser.language=en -Duser.variant 
java_command: com.ram.orai.orais.MainKt
java_class_path (initial): C:\Users\Welcome\.gradle\.tmp\gradle-javaexec-classpath7070394737785857763.jar
Launcher Type: SUN_STANDARD

[Global flags]
     intx CICompilerCount                          = 3                                         {product} {ergonomic}
     uint ConcGCThreads                            = 1                                         {product} {ergonomic}
     uint G1ConcRefinementThreads                  = 4                                         {product} {ergonomic}
   size_t G1HeapRegionSize                         = 2097152                                   {product} {ergonomic}
    uintx GCDrainStackTargetSize                   = 64                                        {product} {ergonomic}
   size_t InitialHeapSize                          = 268435456                                 {product} {ergonomic}
   size_t MarkStackSize                            = 4194304                                   {product} {ergonomic}
   size_t MaxHeapSize                              = 4271898624                                {product} {ergonomic}
   size_t MaxNewSize                               = 2562719744                                {product} {ergonomic}
   size_t MinHeapDeltaBytes                        = 2097152                                   {product} {ergonomic}
   size_t MinHeapSize                              = 8388608                                   {product} {ergonomic}
    uintx NonNMethodCodeHeapSize                   = 5832780                                {pd product} {ergonomic}
    uintx NonProfiledCodeHeapSize                  = 122912730                              {pd product} {ergonomic}
    uintx ProfiledCodeHeapSize                     = 122912730                              {pd product} {ergonomic}
    uintx ReservedCodeCacheSize                    = 251658240                              {pd product} {ergonomic}
     bool SegmentedCodeCache                       = true                                      {product} {ergonomic}
   size_t SoftMaxHeapSize                          = 4271898624                             {manageable} {ergonomic}
     bool UseCompressedOops                        = true                           {product lp64_product} {ergonomic}
     bool UseG1GC                                  = true                                      {product} {ergonomic}
     bool UseLargePagesIndividualAllocation        = false                                  {pd product} {ergonomic}

Logging:
Log output configuration:
 #0: stdout all=warning uptime,level,tags foldmultilines=false
 #1: stderr all=off uptime,level,tags foldmultilines=false

Release file:
IMPLEMENTOR="BellSoft" 
JAVA_RUNTIME_VERSION="21.0.9+15-LTS" 
JAVA_VERSION="21.0.9" 
JAVA_VERSION_DATE="2025-10-21" 
LIBC="default" 
MODULES="java.base java.compiler java.datatransfer java.xml java.prefs java.desktop java.instrument java.logging java.management java.security.sasl java.naming java.rmi java.management.rmi java.net.http java.scripting java.security.jgss java.transaction.xa java.sql java.sql.rowset java.xml.crypto java.se java.smartcardio jdk.accessibility jdk.internal.jvmstat jdk.attach jdk.charsets jdk.internal.opt jdk.zipfs jdk.compiler jdk.crypto.ec jdk.crypto.cryptoki jdk.crypto.mscapi jdk.dynalink jdk.internal.ed jdk.editpad jdk.hotspot.agent jdk.httpserver jdk.incubator.vector jdk.internal.le jdk.internal.vm.ci jdk.internal.vm.compiler jdk.internal.vm.compiler.management jdk.jartool jdk.javadoc jdk.jcmd jdk.management jdk.management.agent jdk.jconsole jdk.jdeps jdk.jdwp.agent jdk.jdi jdk.jfr jdk.jlink jdk.jpackage jdk.jshell jdk.jsobject jdk.jstatd jdk.localedata jdk.management.jfr jdk.naming.dns jdk.naming.rmi jdk.net jdk.nio.mapmode jdk.random jdk.sctp jdk.security.auth jdk.security.jgss jdk.unsupported jdk.unsupported.desktop jdk.xml.dom" 
OS_ARCH="x86_64" 
OS_NAME="Windows" 
SOURCE=".:git:b00e41d2b14a+" 

Environment Variables:
JAVA_HOME=C:\Program Files\BellSoft\LibericaJDK-21\
PATH=C:\Program Files\PowerShell\7-preview;C:\Program Files\BellSoft\LibericaJDK-21\bin\;C:\Windows\system32;C:\Windows;C:\Windows\System32\Wbem;C:\Windows\System32\WindowsPowerShell\v1.0\;C:\Windows\System32\OpenSSH\;C:\Program Files\Git\cmd;C:\Program Files\BellSoft\LibericaJDK-21\\bin;C:\Program Files\GitHub CLI\;C:\Program Files\nodejs\;C:\Program Files\cursor\resources\app\bin;C:\Program Files\PowerShell\7-preview\preview;C:\Program Files (x86)\Windows Kits\10\Windows Performance Toolkit\;C:\ProgramData\chocolatey\bin;C:\Users\Welcome\AppData\Local\Programs\Python\Launcher\;C:\Users\Welcome\AppData\Local\Microsoft\WindowsApps;C:\Users\Welcome\AppData\Local\Programs\Windsurf\bin;C:\Users\Welcome\AppData\Local\Programs\Ollama;C:\Users\Welcome\flutter\bin;C:\Users\Welcome\AppData\Roaming\npm;C:\Users\Welcome\AppData\Local\Programs\Microsoft VS Code\bin;C:\Users\Welcome\AppData\Local\Programs\MiKTeX\miktex\bin\x64\;C:\Users\Welcome\AppData\Local\Pandoc\;C:\Users\Welcome\AppData\Local\Google\Cloud SDK\google-cloud-sdk\bin;C:\Users\Welcome\AppData\Local\GitHubDesktop\bin
USERNAME=Welcome
LANG=en_US.UTF-8
OS=Windows_NT
PROCESSOR_IDENTIFIER=Intel64 Family 6 Model 94 Stepping 3, GenuineIntel
TMP=C:\Users\Welcome\AppData\Local\Temp
TEMP=C:\Users\Welcome\AppData\Local\Temp




Periodic native trim disabled

---------------  S Y S T E M  ---------------

OS:
 Windows 11 , 64 bit Build 22000 (10.0.22000.2538)
OS uptime: 0 days 1:15 hours
Hyper-V role detected

CPU: total 4 (initial active 4) (4 cores per cpu, 1 threads per core) family 6 model 94 stepping 3 microcode 0xd6, cx8, cmov, fxsr, mmx, 3dnowpref, sse, sse2, sse3, ssse3, sse4.1, sse4.2, popcnt, lzcnt, tsc, tscinvbit, avx, avx2, aes, erms, clmul, bmi1, bmi2, rtm, adx, fma, vzeroupper, clflush, clflushopt, hv, rdtscp, f16c
Processor Information for the first 4 processors :
  Max Mhz: 3312, Current Mhz: 3312, Mhz Limit: 3312

Memory: 4k page, system-wide physical 16291M (7435M free)
TotalPageFile size 23971M (AvailPageFile size 12517M)
current process WorkingSet (physical memory assigned to process): 650M, peak: 1153M
current process commit charge ("private bytes"): 1551M, peak: 2062M

vm_info: OpenJDK 64-Bit Server VM (21.0.9+15-LTS) for windows-amd64 JRE (21.0.9+15-LTS), built on 2025-11-18T05:03:52Z by "hudson" with MS VC++ 17.1 (VS2022)

END.
