#
# A fatal error has been detected by the Java Runtime Environment:
#
#  EXCEPTION_ACCESS_VIOLATION (0xc0000005) at pc=0x00007ff9750a735f, pid=11332, tid=12032
#
# JRE version: OpenJDK Runtime Environment (21.0.9+15) (build 21.0.9+15-LTS)
# Java VM: OpenJDK 64-Bit Server VM (21.0.9+15-LTS, mixed mode, sharing, tiered, compressed oops, compressed class ptrs, g1 gc, windows-amd64)
# Problematic frame:
# C  [onnxruntime.dll+0x62735f]
#
# No core dump will be written. Minidumps are not enabled by default on client versions of Windows
#
# If you would like to submit a bug report, please visit:
#   https://bell-sw.com/support
# The crash happened outside the Java Virtual Machine in native code.
# See problematic frame for where to report the bug.
#

---------------  S U M M A R Y ------------

Command Line: -Dcompose.application.configure.swing.globals=true -Dcompose.application.resources.dir=C:\Users\Welcome\IdeaProjects\orais- v1\composeApp\build\compose\tmp\prepareAppResources -Dfile.encoding=UTF-8 -Duser.country=IN -Duser.language=en -Duser.variant com.ram.orai.orais.MainKt

Host: Intel(R) Core(TM) i5-6600 CPU @ 3.30GHz, 4 cores, 15G,  Windows 11 , 64 bit Build 22000 (10.0.22000.2538)
Time: Sun Jan  4 13:09:16 2026 India Standard Time elapsed time: 61.711877 seconds (0d 0h 1m 1s)

---------------  T H R E A D  ---------------

Current thread (0x000001de4b3db220):  JavaThread "DefaultDispatcher-worker-4" daemon [_thread_in_native, id=12032, stack(0x0000008006f00000,0x0000008007000000) (1024K)]

Stack: [0x0000008006f00000,0x0000008007000000],  sp=0x0000008006ffc5d0,  free space=1009k
Native frames: (J=compiled Java code, j=interpreted, Vv=VM code, C=native code)
C  [onnxruntime.dll+0x62735f]

Java frames: (J=compiled Java code, j=interpreted, Vv=VM code)
j  ai.onnxruntime.OrtSession.run(JJJ[Ljava/lang/String;[JJ[Ljava/lang/String;J[Lai/onnxruntime/OnnxValue;[JJ)[Z+0
j  ai.onnxruntime.OrtSession.run(Ljava/util/Map;Ljava/util/Set;Ljava/util/Map;Lai/onnxruntime/OrtSession$RunOptions;)Lai/onnxruntime/OrtSession$Result;+722
j  ai.onnxruntime.OrtSession.run(Ljava/util/Map;Ljava/util/Set;)Lai/onnxruntime/OrtSession$Result;+7
j  ai.onnxruntime.OrtSession.run(Ljava/util/Map;)Lai/onnxruntime/OrtSession$Result;+6
j  com.ram.orai.orais.FaceDetector.detectFaces(Lcom/ram/orai/orais/ImageData;Lkotlin/jvm/functions/Function1;Lkotlin/jvm/functions/Function1;)V+116
j  com.ram.orai.orais.ComposableSingletons$AppKt$lambda$-1564548354$1$3$1$1$1$1.emit(Lcom/ram/orai/orais/CameraFrame;Lkotlin/coroutines/Continuation;)Ljava/lang/Object;+1293
j  com.ram.orai.orais.ComposableSingletons$AppKt$lambda$-1564548354$1$3$1$1$1$1.emit(Ljava/lang/Object;Lkotlin/coroutines/Continuation;)Ljava/lang/Object;+6
j  kotlinx.coroutines.flow.FlowKt__DelayKt$sample$2$1$2.invokeSuspend(Ljava/lang/Object;)Ljava/lang/Object;+91
j  kotlinx.coroutines.flow.FlowKt__DelayKt$sample$2$1$2.invoke(Lkotlin/Unit;Lkotlin/coroutines/Continuation;)Ljava/lang/Object;+12
j  kotlinx.coroutines.flow.FlowKt__DelayKt$sample$2$1$2.invoke(Ljava/lang/Object;Ljava/lang/Object;)Ljava/lang/Object;+9
j  kotlinx.coroutines.selects.SelectImplementation$ClauseData.invokeBlock(Ljava/lang/Object;Lkotlin/coroutines/Continuation;)Ljava/lang/Object;+54
j  kotlinx.coroutines.selects.SelectImplementation.complete(Lkotlin/coroutines/Continuation;)Ljava/lang/Object;+68
j  kotlinx.coroutines.selects.SelectImplementation.doSelect$suspendImpl(Lkotlinx/coroutines/selects/SelectImplementation;Lkotlin/coroutines/Continuation;)Ljava/lang/Object;+9
j  kotlinx.coroutines.selects.SelectImplementation.doSelect(Lkotlin/coroutines/Continuation;)Ljava/lang/Object;+2
j  kotlinx.coroutines.flow.FlowKt__DelayKt$sample$2.invokeSuspend(Ljava/lang/Object;)Ljava/lang/Object;+227
J 2676 c1 kotlin.coroutines.jvm.internal.BaseContinuationImpl.resumeWith(Ljava/lang/Object;)V (124 bytes) @ 0x000001de6723ff64 [0x000001de6723fb40+0x0000000000000424]
J 2611 c1 kotlinx.coroutines.DispatchedTask.run()V (387 bytes) @ 0x000001de6721d69c [0x000001de6721c0a0+0x00000000000015fc]
j  kotlinx.coroutines.scheduling.CoroutineScheduler.runSafely(Lkotlinx/coroutines/scheduling/Task;)V+2
j  kotlinx.coroutines.scheduling.CoroutineScheduler$Worker.executeTask(Lkotlinx/coroutines/scheduling/Task;)V+164
j  kotlinx.coroutines.scheduling.CoroutineScheduler$Worker.runWorker()V+44
j  kotlinx.coroutines.scheduling.CoroutineScheduler$Worker.run()V+1
v  ~StubRoutines::call_stub 0x000001de6e27100d

siginfo: EXCEPTION_ACCESS_VIOLATION (0xc0000005), reading address 0x0000000000001e00


Registers:
RAX=0x000001de4b6105c0, RBX=0x0000000000000140, RCX=0x000001de4b610230, RDX=0x0000000000000000
RSP=0x0000008006ffc5d0, RBP=0x0000008006ffd080, RSI=0x0000000000000000, RDI=0x0000008006ffcd60
R8 =0x00000000000003c0, R9 =0x000001de481dcf48, R10=0x0000000000000001, R11=0x0000008006ffc750
R12=0x000001de7d2cf720, R13=0x0000000000000000, R14=0x0000008006ffd128, R15=0x000001de4b6105c0
RIP=0x00007ff9750a735f, EFLAGS=0x0000000000010202

XMM[0]=0xbf025e09bfb3561f 0xbd1a8d803d58bad2
XMM[1]=0x3ea58e10be3e6a50 0xbf2e95c5bf3eca6e
XMM[2]=0xbdbc8e00bf26f643 0xc016940b3f923f67
XMM[3]=0xbf99db10be2cc81c 0x3ef9f4b43da5c0b0
XMM[4]=0x3e5550a5bf90e48d 0xbf50e1563e293c3a
XMM[5]=0xbc204cc0bf18b77e 0xbeaacd9a3d01a880
XMM[6]=0x0000000000000000 0x000000003e7e530d
XMM[7]=0x0000000000000000 0x000000003e3035cc
XMM[8]=0x0000000000000000 0x000000003f149495
XMM[9]=0x0000000000000000 0x000000003f73fb3b
XMM[10]=0x0000000000000000 0x0000000043247720
XMM[11]=0x0000000000000000 0x0000000034900000
XMM[12]=0x0000000000000000 0x000000003e839280
XMM[13]=0x0000000000000000 0x000000004320e8eb
XMM[14]=0x0000000000000000 0x0000000042ed6b51
XMM[15]=0x0000000000000000 0x0000000044184b96
  MXCSR=0x00001fa0


Register to memory mapping:

RAX=0x000001de4b6105c0 points into unknown readable memory: 0x00007ff97538ccb0 | b0 cc 38 75 f9 7f 00 00
RBX=0x0000000000000140 is an unknown value
RCX=0x000001de4b610230 points into unknown readable memory: 0x000001de7d7520d0 | d0 20 75 7d de 01 00 00
RDX=0x0 is null
RSP=0x0000008006ffc5d0 is pointing into the stack for thread: 0x000001de4b3db220
RBP=0x0000008006ffd080 is pointing into the stack for thread: 0x000001de4b3db220
RSI=0x0 is null
RDI=0x0000008006ffcd60 is pointing into the stack for thread: 0x000001de4b3db220
R8 =0x00000000000003c0 is an unknown value
R9 =0x000001de481dcf48 is an unknown value
R10=0x0000000000000001 is an unknown value
R11=0x0000008006ffc750 is pointing into the stack for thread: 0x000001de4b3db220
R12=0x000001de7d2cf720 points into unknown readable memory: 0x000001de7ee98cf0 | f0 8c e9 7e de 01 00 00
R13=0x0 is null
R14=0x0000008006ffd128 is pointing into the stack for thread: 0x000001de4b3db220
R15=0x000001de4b6105c0 points into unknown readable memory: 0x00007ff97538ccb0 | b0 cc 38 75 f9 7f 00 00

Top of Stack: (sp=0x0000008006ffc5d0)
0x0000008006ffc5d0:   0000000000000000 0000000000000000
0x0000008006ffc5e0:   0000000000000004 0000000000000001
0x0000008006ffc5f0:   0000000000000001 0000000000000000
0x0000008006ffc600:   0000000000000000 0000000000000000
0x0000008006ffc610:   0000000000000000 0000000000000008
0x0000008006ffc620:   0000000000000001 0000000000000100
0x0000008006ffc630:   0000000000000028 0000000000000028
0x0000008006ffc640:   000001de573db080 000001de56d9b080
0x0000008006ffc650:   0000000000000004 0000008006ffc660
0x0000008006ffc660:   0000000000000001 0000000000000100
0x0000008006ffc670:   0000000000000028 0000000000000028
0x0000008006ffc680:   0000000000000000 0000000000000000
0x0000008006ffc690:   0000000000000008 0000000000000001
0x0000008006ffc6a0:   0000000000000001 0000000000000001
0x0000008006ffc6b0:   0000000000000001 0000000000000000
0x0000008006ffc6c0:   0000000000000000 0000000000000000
0x0000008006ffc6d0:   0000000000000000 0000000000000000
0x0000008006ffc6e0:   0000000000000000 0000008006ffc690
0x0000008006ffc6f0:   0000000000000002 0000008006ffc700
0x0000008006ffc700:   0000000000000050 0000000000000050
0x0000008006ffc710:   0000000000000000 0000000000000000
0x0000008006ffc720:   0000000000000000 0000000000000000
0x0000008006ffc730:   00008f9779506075 0000000000000000
0x0000008006ffc740:   000000003e7e530d 0000000000000000
0x0000008006ffc750:   0000000000000140 0000008006ffd128
0x0000008006ffc760:   0000008006ffcd60 0000000000000000
0x0000008006ffc770:   0000008006ffd080 00007ff97507f49d
0x0000008006ffc780:   0000008006ffca70 000001de4813c610
0x0000008006ffc790:   000001de4813c610 0000008006ffcd60
0x0000008006ffc7a0:   000001de7d2cf720 0000008006ffe1c8
0x0000008006ffc7b0:   0000000000000000 00007ff9f6868d1a
0x0000008006ffc7c0:   000001de4813c610 0000000000000140 

Instructions: (pc=0x00007ff9750a735f)
0x00007ff9750a725f:   cc 48 83 ec 28 48 81 c1 38 01 00 00 e8 b0 fa 9d
0x00007ff9750a726f:   ff 8b 08 85 c9 74 08 f3 90 8b 08 85 c9 75 f8 48
0x00007ff9750a727f:   83 c4 28 c3 cc cc cc cc cc cc cc cc cc cc cc cc
0x00007ff9750a728f:   cc 48 81 c1 40 01 00 00 48 83 39 00 75 0a 48 83
0x00007ff9750a729f:   3a 00 0f 85 89 f5 a2 ff c3 cc cc cc cc cc cc cc
0x00007ff9750a72af:   cc 48 89 5c 24 08 57 48 83 ec 20 48 8b d9 48 81
0x00007ff9750a72bf:   c1 90 01 00 00 e8 f7 3c 9f ff 48 8d 8b 50 01 00
0x00007ff9750a72cf:   00 48 83 39 00 74 05 e8 e5 59 a5 ff 48 8b bb 40
0x00007ff9750a72df:   01 00 00 48 85 ff 74 16 48 8d 4f 08 e8 50 f5 9d
0x00007ff9750a72ef:   ff ba 28 00 00 00 48 8b cf e8 23 90 fa ff 48 8b
0x00007ff9750a72ff:   8b 30 01 00 00 48 85 c9 74 05 e8 12 90 fa ff 48
0x00007ff9750a730f:   8d 4b 08 48 8b 5c 24 30 48 83 c4 20 5f e9 5f e3
0x00007ff9750a731f:   fc ff cc cc cc cc cc cc cc cc cc cc cc cc cc cc
0x00007ff9750a732f:   cc 48 89 5c 24 18 55 56 57 41 56 41 57 48 81 ec
0x00007ff9750a733f:   80 01 00 00 48 8b da 4c 8b f1 48 8b 09 e8 af df
0x00007ff9750a734f:   fa ff 4c 8b f8 4c 8d 04 5b 48 8b 90 c0 00 00 00
0x00007ff9750a735f:   4a 8b 1c c2 4a 8b 6c c2 08 48 3b dd 74 77 0f 1f
0x00007ff9750a736f:   00 48 8b 13 49 8b 86 30 01 00 00 48 8d 0c 90 e8
0x00007ff9750a737f:   9d f9 9d ff b9 ff ff ff ff f0 0f c1 08 83 f9 01
0x00007ff9750a738f:   75 4a 49 8d 4e 08 48 03 d2 4d 8b 87 a8 00 00 00
0x00007ff9750a739f:   45 8b 04 d0 48 8d 94 24 b8 01 00 00 e8 b0 c4 fc
0x00007ff9750a73af:   ff 48 8b 30 48 8b bc 24 b8 01 00 00 48 85 ff 74
0x00007ff9750a73bf:   16 48 8d 4f 08 e8 77 f4 9d ff ba 28 00 00 00 48
0x00007ff9750a73cf:   8b cf e8 4a 8f fa ff 48 85 f6 75 20 48 83 c3 08
0x00007ff9750a73df:   48 3b dd 75 8c 48 8b 9c 24 c0 01 00 00 48 81 c4
0x00007ff9750a73ef:   80 01 00 00 41 5f 41 5e 5f 5e 5d c3 48 8d 4c 24
0x00007ff9750a73ff:   48 e8 9b 58 9f ff 48 8b d8 48 8d 4c 24 30 e8 5e
0x00007ff9750a740f:   3d 0f 00 90 48 89 44 24 20 4c 8d 0d d1 61 33 00
0x00007ff9750a741f:   41 b8 aa 00 00 00 48 8d 15 74 62 33 00 48 8d 8c
0x00007ff9750a742f:   24 20 01 00 00 e8 e7 91 9e ff 90 4c 8b cb 4c 8d
0x00007ff9750a743f:   05 ec 61 33 00 48 8b d0 48 8d 4c 24 70 e8 3f 95
0x00007ff9750a744f:   9e ff 48 8d 15 90 f6 41 00 48 8d 4c 24 70 e8 78 


Stack slot to memory mapping:

stack at sp + 0 slots: 0x0 is null
stack at sp + 1 slots: 0x0 is null
stack at sp + 2 slots: 0x0000000000000004 is an unknown value
stack at sp + 3 slots: 0x0000000000000001 is an unknown value
stack at sp + 4 slots: 0x0000000000000001 is an unknown value
stack at sp + 5 slots: 0x0 is null
stack at sp + 6 slots: 0x0 is null
stack at sp + 7 slots: 0x0 is null


Compiled method (c1) 62428 2676   !   3       kotlin.coroutines.jvm.internal.BaseContinuationImpl::resumeWith (124 bytes)
 total in heap  [0x000001de6723f710,0x000001de67242288] = 11128
 relocation     [0x000001de6723f870,0x000001de6723fb28] = 696
 main code      [0x000001de6723fb40,0x000001de67241778] = 7224
 stub code      [0x000001de67241778,0x000001de67241828] = 176
 oops           [0x000001de67241828,0x000001de67241848] = 32
 metadata       [0x000001de67241848,0x000001de672418b0] = 104
 scopes data    [0x000001de672418b0,0x000001de67241da0] = 1264
 scopes pcs     [0x000001de67241da0,0x000001de67242210] = 1136
 dependencies   [0x000001de67242210,0x000001de67242218] = 8
 handler table  [0x000001de67242218,0x000001de67242230] = 24
 nul chk table  [0x000001de67242230,0x000001de67242288] = 88

[Constant Pool (empty)]

[MachCode]
[Entry Point]
  # {method} {0x000001de414d4c80} 'resumeWith' '(Ljava/lang/Object;)V' in 'kotlin/coroutines/jvm/internal/BaseContinuationImpl'
  # this:     rdx:rdx   = 'kotlin/coroutines/jvm/internal/BaseContinuationImpl'
  # parm0:    r8:r8     = 'java/lang/Object'
  #           [sp+0x120]  (sp of caller)
  0x000001de6723fb40: 448b 5208 | 49bb 0000 | 0000 de01 | 0000 4d03 | d34c 3bd0 

  0x000001de6723fb54: ;   {runtime_call ic_miss_stub}
  0x000001de6723fb54: 0f85 26ec | 0707 660f | 1f44 0000 
[Verified Entry Point]
  0x000001de6723fb60: e91b 7b03 | 07ff ff55 | 4881 ec10 | 0100 0090 | 4181 7f20 | 3900 0000 

  0x000001de6723fb78: ;   {runtime_call StubRoutines (final stubs)}
  0x000001de6723fb78: 7405 e861 

  0x000001de6723fb7c: ;   {metadata(method data for {method} {0x000001de414d4c80} 'resumeWith' '(Ljava/lang/Object;)V' in 'kotlin/coroutines/jvm/internal/BaseContinuationImpl')}
  0x000001de6723fb7c: 6906 0748 | be80 b5db | 42de 0100 | 008b becc | 0000 0083 | c702 89be | cc00 0000 | 81e7 fe07 
  0x000001de6723fb9c: 0000 85ff | 0f84 f916 | 0000 6690 | 4885 d275 

  0x000001de6723fbac: ;   {metadata(method data for {method} {0x000001de414d4c80} 'resumeWith' '(Ljava/lang/Object;)V' in 'kotlin/coroutines/jvm/internal/BaseContinuationImpl')}
  0x000001de6723fbac: 1648 bb80 | b5db 42de | 0100 0080 | 8b09 0100 | 0001 e9e7 

  0x000001de6723fbc0: ;   {metadata('kotlin/coroutines/Continuation')}
  0x000001de6723fbc0: 0000 0048 | b818 2e08 | 01de 0100 | 008b 5a08 | 49ba 0000 | 0000 de01 | 0000 4903 | da48 3b43 
  0x000001de6723fbe0: 200f 841a | 0000 0048 | 3bd8 0f84 | 1100 0000 

  0x000001de6723fbf0: ;   {runtime_call slow_subtype_check Runtime1 stub}
  0x000001de6723fbf0: 5350 e809 | cf13 075b | 5b85 db0f | 848d 0000 

  0x000001de6723fc00: ;   {metadata(method data for {method} {0x000001de414d4c80} 'resumeWith' '(Ljava/lang/Object;)V' in 'kotlin/coroutines/jvm/internal/BaseContinuationImpl')}
  0x000001de6723fc00: 0048 bb80 | b5db 42de | 0100 008b | 4208 49ba | 0000 0000 | de01 0000 | 4903 c248 | 3b83 2001 
  0x000001de6723fc20: 0000 750d | 4883 8328 | 0100 0001 | e979 0000 | 0048 3b83 | 3001 0000 | 750d 4883 | 8338 0100 
  0x000001de6723fc40: 0001 e963 | 0000 0048 | 83bb 2001 | 0000 0075 | 1748 8983 | 2001 0000 | 48c7 8328 | 0100 0001 
  0x000001de6723fc60: 0000 00e9 | 4200 0000 | 4883 bb30 | 0100 0000 | 7517 4889 | 8330 0100 | 0048 c783 | 3801 0000 
  0x000001de6723fc80: 0100 0000 | e921 0000 | 00e9 1c00 

  0x000001de6723fc8c: ;   {metadata(method data for {method} {0x000001de414d4c80} 'resumeWith' '(Ljava/lang/Object;)V' in 'kotlin/coroutines/jvm/internal/BaseContinuationImpl')}
  0x000001de6723fc8c: 0000 48bb | 80b5 db42 | de01 0000 | 4883 ab10 | 0100 0001 | e91b 1600 | 00e9 0000 | 0000 488b 
  0x000001de6723fcac: ;   {metadata(method data for {method} {0x000001de414d4c80} 'resumeWith' '(Ljava/lang/Object;)V' in 'kotlin/coroutines/jvm/internal/BaseContinuationImpl')}
  0x000001de6723fcac: f248 bf80 | b5db 42de | 0100 0048 | 8387 4801 

  0x000001de6723fcbc: ;   {metadata(method data for {method} {0x000001de414fcad0} 'probeCoroutineResumed' '(Lkotlin/coroutines/Continuation;)V' in 'kotlin/coroutines/jvm/internal/DebugProbesKt')}
  0x000001de6723fcbc: 0000 0148 | bf80 aada | 42de 0100 | 008b 9fcc | 0000 0083 | c302 899f | cc00 0000 | 81e3 feff 
  0x000001de6723fcdc: 1f00 85db | 0f84 e315 

  0x000001de6723fce4: ;   {metadata(method data for {method} {0x000001de414fcad0} 'probeCoroutineResumed' '(Lkotlin/coroutines/Continuation;)V' in 'kotlin/coroutines/jvm/internal/DebugProbesKt')}
  0x000001de6723fce4: 0000 48bf | 80aa da42 | de01 0000 | 4883 8710 | 0100 0001 

  0x000001de6723fcf8: ;   {metadata(method data for {method} {0x000001de41415410} 'checkNotNullParameter' '(Ljava/lang/Object;Ljava/lang/String;)V' in 'kotlin/jvm/internal/Intrinsics')}
  0x000001de6723fcf8: 48bf 78c3 | 5b41 de01 | 0000 8b9f | cc00 0000 | 83c3 0289 | 9fcc 0000 | 0081 e3fe | ff1f 0085 
  0x000001de6723fd18: db0f 84cb | 1500 0048 

  0x000001de6723fd20: ;   {metadata(method data for {method} {0x000001de41415410} 'checkNotNullParameter' '(Ljava/lang/Object;Ljava/lang/String;)V' in 'kotlin/jvm/internal/Intrinsics')}
  0x000001de6723fd20: 85f6 48be | 78c3 5b41 | de01 0000 | 48c7 c720 | 0100 0074 | 0748 c7c7 | 1001 0000 | 488b 1c3e 
  0x000001de6723fd40: 488d 5b01 | 4889 1c3e | 0f84 a60d | 0000 4885 

  0x000001de6723fd50: ;   {metadata(method data for {method} {0x000001de414d4c80} 'resumeWith' '(Ljava/lang/Object;)V' in 'kotlin/coroutines/jvm/internal/BaseContinuationImpl')}
  0x000001de6723fd50: d275 1648 | bf80 b5db | 42de 0100 | 0080 8f51 | 0100 0001 | e9cd 0000 

  0x000001de6723fd68: ;   {metadata('kotlin/coroutines/jvm/internal/BaseContinuationImpl')}
  0x000001de6723fd68: 0048 bb18 | 3208 01de | 0100 008b | 7a08 49ba | 0000 0000 | de01 0000 | 4903 fa48 | 3b5f 380f 
  0x000001de6723fd88: 858d 0000 

  0x000001de6723fd8c: ;   {metadata(method data for {method} {0x000001de414d4c80} 'resumeWith' '(Ljava/lang/Object;)V' in 'kotlin/coroutines/jvm/internal/BaseContinuationImpl')}
  0x000001de6723fd8c: 0048 bf80 | b5db 42de | 0100 008b | 5a08 49ba | 0000 0000 | de01 0000 | 4903 da48 | 3b9f 6801 
  0x000001de6723fdac: 0000 750d | 4883 8770 | 0100 0001 | e979 0000 | 0048 3b9f | 7801 0000 | 750d 4883 | 8780 0100 
  0x000001de6723fdcc: 0001 e963 | 0000 0048 | 83bf 6801 | 0000 0075 | 1748 899f | 6801 0000 | 48c7 8770 | 0100 0001 
  0x000001de6723fdec: 0000 00e9 | 4200 0000 | 4883 bf78 | 0100 0000 | 7517 4889 | 9f78 0100 | 0048 c787 | 8001 0000 
  0x000001de6723fe0c: 0100 0000 | e921 0000 | 00e9 1c00 

  0x000001de6723fe18: ;   {metadata(method data for {method} {0x000001de414d4c80} 'resumeWith' '(Ljava/lang/Object;)V' in 'kotlin/coroutines/jvm/internal/BaseContinuationImpl')}
  0x000001de6723fe18: 0000 48bf | 80b5 db42 | de01 0000 | 4883 af58 | 0100 0001 | e9da 1400 | 00e9 0000 | 0000 488b 
  0x000001de6723fe38: f28b 7e0c | 48c1 e703 | 4889 bc24 | b000 0000 

  0x000001de6723fe48: ;   {metadata(method data for {method} {0x000001de414d4c80} 'resumeWith' '(Ljava/lang/Object;)V' in 'kotlin/coroutines/jvm/internal/BaseContinuationImpl')}
  0x000001de6723fe48: 48ba 80b5 | db42 de01 | 0000 4883 | 8290 0100 

  0x000001de6723fe58: ;   {metadata(method data for {method} {0x000001de414143c8} 'checkNotNull' '(Ljava/lang/Object;)V' in 'kotlin/jvm/internal/Intrinsics')}
  0x000001de6723fe58: 0001 48ba | 5875 2f42 | de01 0000 | 8b9a cc00 | 0000 83c3 | 0289 9acc | 0000 0081 | e3fe ff1f 
  0x000001de6723fe78: 0085 db0f | 8498 1400 | 0048 85ff 

  0x000001de6723fe84: ;   {metadata(method data for {method} {0x000001de414143c8} 'checkNotNull' '(Ljava/lang/Object;)V' in 'kotlin/jvm/internal/Intrinsics')}
  0x000001de6723fe84: 48ba 5875 | 2f42 de01 | 0000 48c7 | c320 0100 | 0074 0748 | c7c3 1001 | 0000 488b | 041a 488d 
  0x000001de6723fea4: 4001 4889 | 041a 0f84 | 5c0a 0000 

  0x000001de6723feb0: ;   {metadata(method data for {method} {0x000001de414d4c80} 'resumeWith' '(Ljava/lang/Object;)V' in 'kotlin/coroutines/jvm/internal/BaseContinuationImpl')}
  0x000001de6723feb0: 488b d648 | bb80 b5db | 42de 0100 | 008b 5208 | 49ba 0000 | 0000 de01 | 0000 4903 | d248 3b93 
  0x000001de6723fed0: b001 0000 | 750d 4883 | 83b8 0100 | 0001 e960 | 0000 0048 | 3b93 c001 | 0000 750d | 4883 83c8 
  0x000001de6723fef0: 0100 0001 | e94a 0000 | 0048 83bb | b001 0000 | 0075 1748 | 8993 b001 | 0000 48c7 | 83b8 0100 
  0x000001de6723ff10: 0001 0000 | 00e9 2900 | 0000 4883 | bbc0 0100 | 0000 7517 | 4889 93c0 | 0100 0048 | c783 c801 
  0x000001de6723ff30: 0000 0100 | 0000 e908 | 0000 0048 | 8383 a001 | 0000 0148 | 8bd6 4889 | b424 a800 | 0000 0f1f 
  0x000001de6723ff50: 8000 0000 | 0048 b8ff | ffff ffff 

  0x000001de6723ff5c: ;   {virtual_call}
  0x000001de6723ff5c: ffff ffe8 

  0x000001de6723ff60: ; ImmutableOopMap {[168]=Oop [176]=Oop }
                      ;*invokevirtual invokeSuspend {reexecute=0 rethrow=0 return_oop=0}
                      ; - kotlin.coroutines.jvm.internal.BaseContinuationImpl::resumeWith@40 (line 34)
  0x000001de6723ff60: 2453 1407 

  0x000001de6723ff64: ;   {other}
  0x000001de6723ff64: 0f1f 8400 | 5408 0000 

  0x000001de6723ff6c: ;   {metadata(method data for {method} {0x000001de414d4c80} 'resumeWith' '(Ljava/lang/Object;)V' in 'kotlin/coroutines/jvm/internal/BaseContinuationImpl')}
  0x000001de6723ff6c: 48ba 80b5 | db42 de01 | 0000 4883 | 82d8 0100 

  0x000001de6723ff7c: ;   {metadata(method data for {method} {0x000001de414fab88} 'getCOROUTINE_SUSPENDED' '()Ljava/lang/Object;' in 'kotlin/coroutines/intrinsics/IntrinsicsKt__IntrinsicsKt')}
  0x000001de6723ff7c: 0001 48ba | 20ba 6e42 | de01 0000 | 8bb2 cc00 | 0000 83c6 | 0289 b2cc | 0000 0081 | e6fe ff1f 
  0x000001de6723ff9c: 0085 f60f | 8495 1300 

  0x000001de6723ffa4: ;   {oop(a 'kotlin/coroutines/intrinsics/CoroutineSingletons'{0x00000007ffef1b18})}
  0x000001de6723ffa4: 0049 ba18 | 1bef ff07 | 0000 0049 

  0x000001de6723ffb0: ;   {metadata(method data for {method} {0x000001de414d4c80} 'resumeWith' '(Ljava/lang/Object;)V' in 'kotlin/coroutines/jvm/internal/BaseContinuationImpl')}
  0x000001de6723ffb0: 3bc2 48ba | 80b5 db42 | de01 0000 | 48c7 c6f8 | 0100 0074 | 0748 c7c6 | e801 0000 | 488b 3c32 
  0x000001de6723ffd0: 488d 7f01 | 4889 3c32 | 0f84 140e 

  0x000001de6723ffdc: ;   {metadata(method data for {method} {0x000001de414d4c80} 'resumeWith' '(Ljava/lang/Object;)V' in 'kotlin/coroutines/jvm/internal/BaseContinuationImpl')}
  0x000001de6723ffdc: 0000 48ba | 80b5 db42 | de01 0000 | 4883 8208 | 0200 0001 

  0x000001de6723fff0: ;   {metadata(method data for {method} {0x000001de4150cf08} 'constructor-impl' '(Ljava/lang/Object;)Ljava/lang/Object;' in 'kotlin/Result')}
  0x000001de6723fff0: 48ba 7048 | d042 de01 | 0000 8bb2 | cc00 0000 | 83c6 0289 | b2cc 0000 | 0081 e6fe | ff1f 0085 
  0x000001de67240010: f60f 8444 

  0x000001de67240014: ;   {metadata(method data for {method} {0x000001de414d4c80} 'resumeWith' '(Ljava/lang/Object;)V' in 'kotlin/coroutines/jvm/internal/BaseContinuationImpl')}
  0x000001de67240014: 1300 0048 | ba80 b5db | 42de 0100 | 00ff 8218 | 0200 00e9 | 5002 0000 | 498b 87f8 | 0400 004d 
  0x000001de67240034: 33d2 4d89 | 97f8 0400 | 004d 33d2 | 4d89 9700 

  0x000001de67240044: ;   {metadata(method data for {method} {0x000001de414d4c80} 'resumeWith' '(Ljava/lang/Object;)V' in 'kotlin/coroutines/jvm/internal/BaseContinuationImpl')}
  0x000001de67240044: 0500 0048 | ba80 b5db | 42de 0100 | 0048 8382 | 3002 0000 

  0x000001de67240058: ;   {metadata(method data for {method} {0x000001de415209e8} 'createFailure' '(Ljava/lang/Throwable;)Ljava/lang/Object;' in 'kotlin/ResultKt')}
  0x000001de67240058: 0148 baa8 | 44db 42de | 0100 008b | b2cc 0000 | 0083 c602 | 89b2 cc00 | 0000 81e6 | feff 1f00 
  0x000001de67240078: 85f6 0f84 | fc12 0000 

  0x000001de67240080: ;   {metadata(method data for {method} {0x000001de415209e8} 'createFailure' '(Ljava/lang/Throwable;)Ljava/lang/Object;' in 'kotlin/ResultKt')}
  0x000001de67240080: 48ba a844 | db42 de01 | 0000 4883 | 8210 0100 

  0x000001de67240090: ;   {metadata(method data for {method} {0x000001de41415410} 'checkNotNullParameter' '(Ljava/lang/Object;Ljava/lang/String;)V' in 'kotlin/jvm/internal/Intrinsics')}
  0x000001de67240090: 0001 48ba | 78c3 5b41 | de01 0000 | 8bb2 cc00 | 0000 83c6 | 0289 b2cc | 0000 0081 | e6fe ff1f 
  0x000001de672400b0: 0085 f60f | 84e4 1200 | 0048 85c0 

  0x000001de672400bc: ;   {metadata(method data for {method} {0x000001de41415410} 'checkNotNullParameter' '(Ljava/lang/Object;Ljava/lang/String;)V' in 'kotlin/jvm/internal/Intrinsics')}
  0x000001de672400bc: 48ba 78c3 | 5b41 de01 | 0000 48c7 | c620 0100 | 0074 0748 | c7c6 1001 | 0000 488b | 3c32 488d 
  0x000001de672400dc: 7f01 4889 | 3c32 0f84 | 0406 0000 

  0x000001de672400e8: ;   {metadata('kotlin/Result$Failure')}
  0x000001de672400e8: 48ba 48ea | 0801 de01 | 0000 488b | d849 8b87 | b801 0000 | 488d 7810 | 493b bfc8 | 0100 000f 
  0x000001de67240108: 87b1 1200 | 0049 89bf | b801 0000 | 48c7 0001 | 0000 0048 | 8bca 49ba | 0000 0000 | de01 0000 
  0x000001de67240128: 492b ca89 | 4808 4833 | c989 480c | 4833 c948 

  0x000001de67240138: ;   {metadata(method data for {method} {0x000001de415209e8} 'createFailure' '(Ljava/lang/Throwable;)Ljava/lang/Object;' in 'kotlin/ResultKt')}
  0x000001de67240138: 8bd0 48be | a844 db42 | de01 0000 | 4883 8620 | 0100 0001 

  0x000001de6724014c: ;   {metadata(method data for {method} {0x000001de4150ee40} '<init>' '(Ljava/lang/Throwable;)V' in 'kotlin/Result$Failure')}
  0x000001de6724014c: 48ba 1846 | db42 de01 | 0000 8bb2 | cc00 0000 | 83c6 0289 | b2cc 0000 | 0081 e6fe | ff1f 0085 
  0x000001de6724016c: f60f 8458 

  0x000001de67240170: ;   {metadata(method data for {method} {0x000001de4150ee40} '<init>' '(Ljava/lang/Throwable;)V' in 'kotlin/Result$Failure')}
  0x000001de67240170: 1200 0048 | ba18 46db | 42de 0100 | 0048 8382 | 1001 0000 

  0x000001de67240184: ;   {metadata(method data for {method} {0x000001de41415410} 'checkNotNullParameter' '(Ljava/lang/Object;Ljava/lang/String;)V' in 'kotlin/jvm/internal/Intrinsics')}
  0x000001de67240184: 0148 ba78 | c35b 41de | 0100 008b | b2cc 0000 | 0083 c602 | 89b2 cc00 | 0000 81e6 | feff 1f00 
  0x000001de672401a4: 85f6 0f84 | 4012 0000 

  0x000001de672401ac: ;   {metadata(method data for {method} {0x000001de41415410} 'checkNotNullParameter' '(Ljava/lang/Object;Ljava/lang/String;)V' in 'kotlin/jvm/internal/Intrinsics')}
  0x000001de672401ac: 4885 db48 | ba78 c35b | 41de 0100 | 0048 c7c6 | 2001 0000 | 7407 48c7 | c610 0100 | 0048 8b3c 
  0x000001de672401cc: 3248 8d7f | 0148 893c | 320f 84ec | 0200 0048 

  0x000001de672401dc: ;   {metadata(method data for {method} {0x000001de4150ee40} '<init>' '(Ljava/lang/Throwable;)V' in 'kotlin/Result$Failure')}
  0x000001de672401dc: 8bd0 48be | 1846 db42 | de01 0000 | 4883 8620 | 0100 0001 

  0x000001de672401f0: ;   {metadata(method data for {method} {0x000001de00476650} '<init>' '()V' in 'java/lang/Object')}
  0x000001de672401f0: 48ba 5068 | 0041 de01 | 0000 8bb2 | cc00 0000 | 83c6 0289 | b2cc 0000 | 0081 e6fe | ff1f 0085 
  0x000001de67240210: f60f 84f6 | 1100 0041 | 0fbe 5740 | 85d2 0f85 | 0a12 0000 | 4c8b d349 | c1ea 0344 | 8950 0c48 
  0x000001de67240230: 8bd0 4833 | d348 c1ea | 1548 83fa | 000f 850a 

  0x000001de67240240: ;   {metadata(method data for {method} {0x000001de414d4c80} 'resumeWith' '(Ljava/lang/Object;)V' in 'kotlin/coroutines/jvm/internal/BaseContinuationImpl')}
  0x000001de67240240: 1200 0048 | ba80 b5db | 42de 0100 | 0048 8382 | 4002 0000 

  0x000001de67240254: ;   {metadata(method data for {method} {0x000001de4150cf08} 'constructor-impl' '(Ljava/lang/Object;)Ljava/lang/Object;' in 'kotlin/Result')}
  0x000001de67240254: 0148 ba70 | 48d0 42de | 0100 008b | b2cc 0000 | 0083 c602 | 89b2 cc00 | 0000 81e6 | feff 1f00 
  0x000001de67240274: 85f6 0f84 | e911 0000 | 4889 8424 | b800 0000 | 488b b424 | a800 0000 

  0x000001de6724028c: ;   {metadata(method data for {method} {0x000001de414d4c80} 'resumeWith' '(Ljava/lang/Object;)V' in 'kotlin/coroutines/jvm/internal/BaseContinuationImpl')}
  0x000001de6724028c: 48ba 80b5 | db42 de01 | 0000 8b76 | 0849 ba00 | 0000 00de | 0100 0049 | 03f2 483b | b260 0200 
  0x000001de672402ac: 0075 0d48 | 8382 6802 | 0000 01e9 | 6000 0000 | 483b b270 | 0200 0075 | 0d48 8382 | 7802 0000 
  0x000001de672402cc: 01e9 4a00 | 0000 4883 | ba60 0200 | 0000 7517 | 4889 b260 | 0200 0048 | c782 6802 | 0000 0100 
  0x000001de672402ec: 0000 e929 | 0000 0048 | 83ba 7002 | 0000 0075 | 1748 89b2 | 7002 0000 | 48c7 8278 | 0200 0001 
  0x000001de6724030c: 0000 00e9 | 0800 0000 | 4883 8250 | 0200 0001 | 488b 9424 | a800 0000 | 9048 b8ff | ffff ffff 
  0x000001de6724032c: ;   {virtual_call}
  0x000001de6724032c: ffff ffe8 

  0x000001de67240330: ; ImmutableOopMap {[176]=Oop [184]=Oop }
                      ;*invokevirtual releaseIntercepted {reexecute=0 rethrow=0 return_oop=0}
                      ; - kotlin.coroutines.jvm.internal.BaseContinuationImpl::resumeWith@90 (line 40)
  0x000001de67240330: fc49 1407 

  0x000001de67240334: ;   {other}
  0x000001de67240334: 0f1f 8400 | 240c 0001 | 488b bc24 | b000 0000 | 4885 ff75 

  0x000001de67240348: ;   {metadata(method data for {method} {0x000001de414d4c80} 'resumeWith' '(Ljava/lang/Object;)V' in 'kotlin/coroutines/jvm/internal/BaseContinuationImpl')}
  0x000001de67240348: 1648 b880 | b5db 42de | 0100 0080 | 8881 0200 | 0001 e9cd 

  0x000001de6724035c: ;   {metadata('kotlin/coroutines/jvm/internal/BaseContinuationImpl')}
  0x000001de6724035c: 0000 0048 | b918 3208 | 01de 0100 | 008b 4708 | 49ba 0000 | 0000 de01 | 0000 4903 | c248 3b48 
  0x000001de6724037c: 380f 858d 

  0x000001de67240380: ;   {metadata(method data for {method} {0x000001de414d4c80} 'resumeWith' '(Ljava/lang/Object;)V' in 'kotlin/coroutines/jvm/internal/BaseContinuationImpl')}
  0x000001de67240380: 0000 0048 | b880 b5db | 42de 0100 | 008b 4f08 | 49ba 0000 | 0000 de01 | 0000 4903 | ca48 3b88 
  0x000001de672403a0: 9802 0000 | 750d 4883 | 80a0 0200 | 0001 e97e | 0000 0048 | 3b88 a802 | 0000 750d | 4883 80b0 
  0x000001de672403c0: 0200 0001 | e968 0000 | 0048 83b8 | 9802 0000 | 0075 1748 | 8988 9802 | 0000 48c7 | 80a0 0200 
  0x000001de672403e0: 0001 0000 | 00e9 4700 | 0000 4883 | b8a8 0200 | 0000 7517 | 4889 88a8 | 0200 0048 | c780 b002 
  0x000001de67240400: 0000 0100 | 0000 e926 | 0000 00e9 | 2100 0000 

  0x000001de67240410: ;   {metadata(method data for {method} {0x000001de414d4c80} 'resumeWith' '(Ljava/lang/Object;)V' in 'kotlin/coroutines/jvm/internal/BaseContinuationImpl')}
  0x000001de67240410: 48b8 80b5 | db42 de01 | 0000 4883 | a888 0200 | 0001 e905 | 0000 00e9 | 0500 0000 | 4833 d2eb 
  0x000001de67240430: 0748 c7c2 | 0100 0000 

  0x000001de67240438: ;   {metadata(method data for {method} {0x000001de414d4c80} 'resumeWith' '(Ljava/lang/Object;)V' in 'kotlin/coroutines/jvm/internal/BaseContinuationImpl')}
  0x000001de67240438: 85d2 48ba | 80b5 db42 | de01 0000 | 48c7 c6c0 | 0200 0074 | 0748 c7c6 | d002 0000 | 488b 0432 
  0x000001de67240458: 488d 4001 | 4889 0432 | 0f84 b608 

  0x000001de67240464: ;   {metadata(method data for {method} {0x000001de414d4c80} 'resumeWith' '(Ljava/lang/Object;)V' in 'kotlin/coroutines/jvm/internal/BaseContinuationImpl')}
  0x000001de67240464: 0000 48ba | 80b5 db42 | de01 0000 | ff82 e002 

  0x000001de67240474: ;   {metadata(method data for {method} {0x000001de414d4c80} 'resumeWith' '(Ljava/lang/Object;)V' in 'kotlin/coroutines/jvm/internal/BaseContinuationImpl')}
  0x000001de67240474: 0000 48ba | 80b5 db42 | de01 0000 | 8bb2 d000 | 0000 83c6 | 0289 b2d0 | 0000 0081 | e6fe 3f00 
  0x000001de67240494: 0085 f60f | 84e9 0f00 | 004d 8b97 

  0x000001de672404a0: ; ImmutableOopMap {rdi=Oop [176]=Oop [184]=Oop }
                      ;*goto {reexecute=1 rethrow=0 return_oop=0}
                      ; - (reexecute) kotlin.coroutines.jvm.internal.BaseContinuationImpl::resumeWith@121 (line 30)
  0x000001de672404a0: 5004 0000 

  0x000001de672404a4: ;   {poll}
  0x000001de672404a4: 4185 0248 | ba80 b5db | 42de 0100 | 00ff 8230 | 0300 004c | 8b84 24b8 | 0000 0048 | 8bd7 e9e1 
  0x000001de672404c4: f6ff ff48 | 8984 24c8 | 0000 0048 | 899c 24d0 

  0x000001de672404d4: ;   {metadata(method data for {method} {0x000001de41415410} 'checkNotNullParameter' '(Ljava/lang/Object;Ljava/lang/String;)V' in 'kotlin/jvm/internal/Intrinsics')}
  0x000001de672404d4: 0000 0048 | ba78 c35b | 41de 0100 | 0048 8382 | 3001 0000 

  0x000001de672404e8: ;   {metadata(method data for {method} {0x000001de41415590} 'throwParameterIsNullNPE' '(Ljava/lang/String;)V' in 'kotlin/jvm/internal/Intrinsics')}
  0x000001de672404e8: 0148 ba00 | c55b 41de | 0100 008b | b2cc 0000 | 0083 c602 | 89b2 cc00 | 0000 81e6 | feff 1f00 
  0x000001de67240508: 85f6 0f84 | 970f 0000 

  0x000001de67240510: ;   {no_reloc}
  0x000001de67240510: e9c2 0f00 | 0000 0000 | 0000 498b | 87b8 0100 | 0048 8d78 | 3049 3bbf | c801 0000 | 0f87 af0f 
  0x000001de67240530: 0000 4989 | bfb8 0100 | 0048 c700 | 0100 0000 | 488b ca49 | ba00 0000 | 00de 0100 | 0049 2bca 
  0x000001de67240550: 8948 0848 | 33c9 8948 | 0c48 33c9 | 4889 4810 | 4889 4818 | 4889 4820 | 4889 4828 

  0x000001de6724056c: ;   {metadata(method data for {method} {0x000001de41415590} 'throwParameterIsNullNPE' '(Ljava/lang/String;)V' in 'kotlin/jvm/internal/Intrinsics')}
  0x000001de6724056c: 48ba 00c5 | 5b41 de01 | 0000 4883 | 8210 0100 

  0x000001de6724057c: ;   {oop("exception"{0x0000000701a87b08})}
  0x000001de6724057c: 0001 48ba | 087b a801 | 0700 0000 | 4889 8424 | c000 0000 | 0f1f 8000 

  0x000001de67240594: ;   {static_call}
  0x000001de67240594: 0000 00e8 

  0x000001de67240598: ; ImmutableOopMap {[168]=Oop [176]=Oop [192]=Oop [200]=Oop [208]=Oop }
                      ;*invokestatic createParameterIsNullExceptionMessage {reexecute=0 rethrow=0 return_oop=0}
                      ; - kotlin.jvm.internal.Intrinsics::throwParameterIsNullNPE@5 (line 140)
                      ; - kotlin.jvm.internal.Intrinsics::checkNotNullParameter@5 (line 131)
                      ; - kotlin.Result$Failure::<init>@3
                      ; - kotlin.ResultKt::createFailure@11 (line 122)
                      ; - kotlin.coroutines.jvm.internal.BaseContinuationImpl::resumeWith@76 (line 38)
  0x000001de67240598: e4ea 0707 

  0x000001de6724059c: ;   {other}
  0x000001de6724059c: 0f1f 8400 | 8c0e 0003 | 4c8b 8424 | c000 0000 

  0x000001de672405ac: ;   {metadata(method data for {method} {0x000001de41415590} 'throwParameterIsNullNPE' '(Ljava/lang/String;)V' in 'kotlin/jvm/internal/Intrinsics')}
  0x000001de672405ac: 48ba 00c5 | 5b41 de01 | 0000 4883 | 8220 0100 | 0001 4c8b | c048 8b94 | 24c0 0000 | 0066 0f1f 
  0x000001de672405cc: ;   {optimized virtual_call}
  0x000001de672405cc: 4400 00e8 

  0x000001de672405d0: ; ImmutableOopMap {[168]=Oop [176]=Oop [192]=Oop [200]=Oop [208]=Oop }
                      ;*invokespecial <init> {reexecute=0 rethrow=0 return_oop=0}
                      ; - kotlin.jvm.internal.Intrinsics::throwParameterIsNullNPE@8 (line 140)
                      ; - kotlin.jvm.internal.Intrinsics::checkNotNullParameter@5 (line 131)
                      ; - kotlin.Result$Failure::<init>@3
                      ; - kotlin.ResultKt::createFailure@11 (line 122)
                      ; - kotlin.coroutines.jvm.internal.BaseContinuationImpl::resumeWith@76 (line 38)
  0x000001de672405d0: ace4 0707 

  0x000001de672405d4: ;   {other}
  0x000001de672405d4: 0f1f 8400 | c40e 0004 

  0x000001de672405dc: ;   {metadata(method data for {method} {0x000001de41415590} 'throwParameterIsNullNPE' '(Ljava/lang/String;)V' in 'kotlin/jvm/internal/Intrinsics')}
  0x000001de672405dc: 48ba 00c5 | 5b41 de01 | 0000 4883 | 8230 0100 

  0x000001de672405ec: ;   {metadata(method data for {method} {0x000001de414164f8} 'sanitizeStackTrace' '(Ljava/lang/Throwable;)Ljava/lang/Throwable;' in 'kotlin/jvm/internal/Intrinsics')}
  0x000001de672405ec: 0001 48ba | e0cb 5b41 | de01 0000 | 8bb2 cc00 | 0000 83c6 | 0289 b2cc | 0000 0081 | e6fe ff1f 
  0x000001de6724060c: 0085 f60f | 84d9 0e00 

  0x000001de67240614: ;   {oop(a 'java/lang/Class'{0x0000000701a85f60} = 'kotlin/jvm/internal/Intrinsics')}
  0x000001de67240614: 0048 ba60 | 5fa8 0107 | 0000 0048 

  0x000001de67240620: ;   {metadata(method data for {method} {0x000001de414164f8} 'sanitizeStackTrace' '(Ljava/lang/Throwable;)Ljava/lang/Throwable;' in 'kotlin/jvm/internal/Intrinsics')}
  0x000001de67240620: 8bf2 48bf | e0cb 5b41 | de01 0000 | 4883 8710 | 0100 0001 

  0x000001de67240634: ;   {metadata(method data for {method} {0x000001de0046b368} 'getName' '()Ljava/lang/String;' in 'java/lang/Class')}
  0x000001de67240634: 48be 9078 | 0341 de01 | 0000 8bbe | cc00 0000 | 83c7 0289 | becc 0000 | 0081 e7fe | ff1f 0085 
  0x000001de67240654: ff0f 84b4 | 0e00 008b | 522c 48c1 | e203 4885 

  0x000001de67240664: ;   {metadata(method data for {method} {0x000001de0046b368} 'getName' '()Ljava/lang/String;' in 'java/lang/Class')}
  0x000001de67240664: d248 be90 | 7803 41de | 0100 0048 | c7c7 1001 | 0000 7407 | 48c7 c720 | 0100 0048 | 8b1c 3e48 
  0x000001de67240684: 8d5b 0148 | 891c 3e0f | 8418 0000 

  0x000001de67240690: ;   {metadata(method data for {method} {0x000001de0046b368} 'getName' '()Ljava/lang/String;' in 'java/lang/Class')}
  0x000001de67240690: 0048 be90 | 7803 41de | 0100 00ff | 8630 0100 | 0048 8bf2 | e936 0000 

  0x000001de672406a8: ;   {oop(a 'java/lang/Class'{0x0000000701a85f60} = 'kotlin/jvm/internal/Intrinsics')}
  0x000001de672406a8: 0048 ba60 | 5fa8 0107 | 0000 0048 

  0x000001de672406b4: ;   {metadata(method data for {method} {0x000001de0046b368} 'getName' '()Ljava/lang/String;' in 'java/lang/Class')}
  0x000001de672406b4: 8bf2 48bf | 9078 0341 | de01 0000 | 4883 8748 | 0100 0001 | 0f1f 8000 

  0x000001de672406cc: ;   {optimized virtual_call}
  0x000001de672406cc: 0000 00e8 

  0x000001de672406d0: ; ImmutableOopMap {[168]=Oop [176]=Oop [192]=Oop [200]=Oop [208]=Oop }
                      ;*invokevirtual initClassName {reexecute=0 rethrow=0 return_oop=0}
                      ; - java.lang.Class::getName@14 (line 950)
                      ; - kotlin.jvm.internal.Intrinsics::sanitizeStackTrace@3 (line 253)
                      ; - kotlin.jvm.internal.Intrinsics::throwParameterIsNullNPE@11 (line 140)
                      ; - kotlin.jvm.internal.Intrinsics::checkNotNullParameter@5 (line 131)
                      ; - kotlin.Result$Failure::<init>@3
                      ; - kotlin.ResultKt::createFailure@11 (line 122)
                      ; - kotlin.coroutines.jvm.internal.BaseContinuationImpl::resumeWith@76 (line 38)
  0x000001de672406d0: ace3 0707 

  0x000001de672406d4: ;   {other}
  0x000001de672406d4: 0f1f 8400 | c40f 0005 | 488b f048 | 8b84 24c0 | 0000 00e9 | 7a0a 0000 | 4889 8424 | d000 0000 
  0x000001de672406f4: ;   {metadata(method data for {method} {0x000001de41415410} 'checkNotNullParameter' '(Ljava/lang/Object;Ljava/lang/String;)V' in 'kotlin/jvm/internal/Intrinsics')}
  0x000001de672406f4: 48ba 78c3 | 5b41 de01 | 0000 4883 | 8230 0100 

  0x000001de67240704: ;   {metadata(method data for {method} {0x000001de41415590} 'throwParameterIsNullNPE' '(Ljava/lang/String;)V' in 'kotlin/jvm/internal/Intrinsics')}
  0x000001de67240704: 0001 48ba | 00c5 5b41 | de01 0000 | 8bb2 cc00 | 0000 83c6 | 0289 b2cc | 0000 0081 | e6fe ff1f 
  0x000001de67240724: 0085 f60f | 8408 0e00 | 0066 6690 

  0x000001de67240730: ;   {no_reloc}
  0x000001de67240730: e930 0e00 | 0000 0000 | 0000 498b | 87b8 0100 | 0048 8d78 | 3049 3bbf | c801 0000 | 0f87 1d0e 
  0x000001de67240750: 0000 4989 | bfb8 0100 | 0048 c700 | 0100 0000 | 488b ca49 | ba00 0000 | 00de 0100 | 0049 2bca 
  0x000001de67240770: 8948 0848 | 33c9 8948 | 0c48 33c9 | 4889 4810 | 4889 4818 | 4889 4820 | 4889 4828 

  0x000001de6724078c: ;   {metadata(method data for {method} {0x000001de41415590} 'throwParameterIsNullNPE' '(Ljava/lang/String;)V' in 'kotlin/jvm/internal/Intrinsics')}
  0x000001de6724078c: 48ba 00c5 | 5b41 de01 | 0000 4883 | 8210 0100 

  0x000001de6724079c: ;   {oop("exception"{0x0000000701a87b08})}
  0x000001de6724079c: 0001 48ba | 087b a801 | 0700 0000 | 4889 8424 | d800 0000 | 0f1f 8000 

  0x000001de672407b4: ;   {static_call}
  0x000001de672407b4: 0000 00e8 

  0x000001de672407b8: ; ImmutableOopMap {[168]=Oop [176]=Oop [208]=Oop [216]=Oop }
                      ;*invokestatic createParameterIsNullExceptionMessage {reexecute=0 rethrow=0 return_oop=0}
                      ; - kotlin.jvm.internal.Intrinsics::throwParameterIsNullNPE@5 (line 140)
                      ; - kotlin.jvm.internal.Intrinsics::checkNotNullParameter@5 (line 131)
                      ; - kotlin.ResultKt::createFailure@3
                      ; - kotlin.coroutines.jvm.internal.BaseContinuationImpl::resumeWith@76 (line 38)
  0x000001de672407b8: c4e8 0707 

  0x000001de672407bc: ;   {other}
  0x000001de672407bc: 0f1f 8400 | ac10 0006 | 4c8b 8424 | d800 0000 

  0x000001de672407cc: ;   {metadata(method data for {method} {0x000001de41415590} 'throwParameterIsNullNPE' '(Ljava/lang/String;)V' in 'kotlin/jvm/internal/Intrinsics')}
  0x000001de672407cc: 48ba 00c5 | 5b41 de01 | 0000 4883 | 8220 0100 | 0001 4c8b | c048 8b94 | 24d8 0000 | 0066 0f1f 
  0x000001de672407ec: ;   {optimized virtual_call}
  0x000001de672407ec: 4400 00e8 

  0x000001de672407f0: ; ImmutableOopMap {[168]=Oop [176]=Oop [208]=Oop [216]=Oop }
                      ;*invokespecial <init> {reexecute=0 rethrow=0 return_oop=0}
                      ; - kotlin.jvm.internal.Intrinsics::throwParameterIsNullNPE@8 (line 140)
                      ; - kotlin.jvm.internal.Intrinsics::checkNotNullParameter@5 (line 131)
                      ; - kotlin.ResultKt::createFailure@3
                      ; - kotlin.coroutines.jvm.internal.BaseContinuationImpl::resumeWith@76 (line 38)
  0x000001de672407f0: 8ce2 0707 

  0x000001de672407f4: ;   {other}
  0x000001de672407f4: 0f1f 8400 | e410 0007 

  0x000001de672407fc: ;   {metadata(method data for {method} {0x000001de41415590} 'throwParameterIsNullNPE' '(Ljava/lang/String;)V' in 'kotlin/jvm/internal/Intrinsics')}
  0x000001de672407fc: 48ba 00c5 | 5b41 de01 | 0000 4883 | 8230 0100 

  0x000001de6724080c: ;   {metadata(method data for {method} {0x000001de414164f8} 'sanitizeStackTrace' '(Ljava/lang/Throwable;)Ljava/lang/Throwable;' in 'kotlin/jvm/internal/Intrinsics')}
  0x000001de6724080c: 0001 48ba | e0cb 5b41 | de01 0000 | 8bb2 cc00 | 0000 83c6 | 0289 b2cc | 0000 0081 | e6fe ff1f 
  0x000001de6724082c: 0085 f60f | 8447 0d00 

  0x000001de67240834: ;   {oop(a 'java/lang/Class'{0x0000000701a85f60} = 'kotlin/jvm/internal/Intrinsics')}
  0x000001de67240834: 0048 ba60 | 5fa8 0107 | 0000 0048 

  0x000001de67240840: ;   {metadata(method data for {method} {0x000001de414164f8} 'sanitizeStackTrace' '(Ljava/lang/Throwable;)Ljava/lang/Throwable;' in 'kotlin/jvm/internal/Intrinsics')}
  0x000001de67240840: 8bf2 48bf | e0cb 5b41 | de01 0000 | 4883 8710 | 0100 0001 

  0x000001de67240854: ;   {metadata(method data for {method} {0x000001de0046b368} 'getName' '()Ljava/lang/String;' in 'java/lang/Class')}
  0x000001de67240854: 48be 9078 | 0341 de01 | 0000 8bbe | cc00 0000 | 83c7 0289 | becc 0000 | 0081 e7fe | ff1f 0085 
  0x000001de67240874: ff0f 8422 | 0d00 008b | 522c 48c1 | e203 4885 

  0x000001de67240884: ;   {metadata(method data for {method} {0x000001de0046b368} 'getName' '()Ljava/lang/String;' in 'java/lang/Class')}
  0x000001de67240884: d248 be90 | 7803 41de | 0100 0048 | c7c7 1001 | 0000 7407 | 48c7 c720 | 0100 0048 | 8b1c 3e48 
  0x000001de672408a4: 8d5b 0148 | 891c 3e0f | 8418 0000 

  0x000001de672408b0: ;   {metadata(method data for {method} {0x000001de0046b368} 'getName' '()Ljava/lang/String;' in 'java/lang/Class')}
  0x000001de672408b0: 0048 be90 | 7803 41de | 0100 00ff | 8630 0100 | 0048 8bf2 | e936 0000 

  0x000001de672408c8: ;   {oop(a 'java/lang/Class'{0x0000000701a85f60} = 'kotlin/jvm/internal/Intrinsics')}
  0x000001de672408c8: 0048 ba60 | 5fa8 0107 | 0000 0048 

  0x000001de672408d4: ;   {metadata(method data for {method} {0x000001de0046b368} 'getName' '()Ljava/lang/String;' in 'java/lang/Class')}
  0x000001de672408d4: 8bf2 48bf | 9078 0341 | de01 0000 | 4883 8748 | 0100 0001 | 0f1f 8000 

  0x000001de672408ec: ;   {optimized virtual_call}
  0x000001de672408ec: 0000 00e8 

  0x000001de672408f0: ; ImmutableOopMap {[168]=Oop [176]=Oop [208]=Oop [216]=Oop }
                      ;*invokevirtual initClassName {reexecute=0 rethrow=0 return_oop=0}
                      ; - java.lang.Class::getName@14 (line 950)
                      ; - kotlin.jvm.internal.Intrinsics::sanitizeStackTrace@3 (line 253)
                      ; - kotlin.jvm.internal.Intrinsics::throwParameterIsNullNPE@11 (line 140)
                      ; - kotlin.jvm.internal.Intrinsics::checkNotNullParameter@5 (line 131)
                      ; - kotlin.ResultKt::createFailure@3
                      ; - kotlin.coroutines.jvm.internal.BaseContinuationImpl::resumeWith@76 (line 38)
  0x000001de672408f0: 8ce1 0707 

  0x000001de672408f4: ;   {other}
  0x000001de672408f4: 0f1f 8400 | e411 0008 | 488b f048 | 8b84 24d8 | 0000 00e9 | 4007 0000 | 4889 b424 | a800 0000 
  0x000001de67240914: 4c89 8424 | e800 0000 

  0x000001de6724091c: ;   {metadata(method data for {method} {0x000001de414143c8} 'checkNotNull' '(Ljava/lang/Object;)V' in 'kotlin/jvm/internal/Intrinsics')}
  0x000001de6724091c: 48ba 5875 | 2f42 de01 | 0000 4883 | 8230 0100 

  0x000001de6724092c: ;   {metadata(method data for {method} {0x000001de414146b0} 'throwJavaNpe' '()V' in 'kotlin/jvm/internal/Intrinsics')}
  0x000001de6724092c: 0001 48ba | d876 2f42 | de01 0000 | 8bb2 cc00 | 0000 83c6 | 0289 b2cc | 0000 0081 | e6fe ff1f 
  0x000001de6724094c: 0085 f60f | 846e 0c00 | 0066 6690 

  0x000001de67240958: ;   {no_reloc}
  0x000001de67240958: e996 0c00 | 0000 0000 | 0000 498b | 87b8 0100 | 0048 8d78 | 3049 3bbf | c801 0000 | 0f87 830c 
  0x000001de67240978: 0000 4989 | bfb8 0100 | 0048 c700 | 0100 0000 | 488b ca49 | ba00 0000 | 00de 0100 | 0049 2bca 
  0x000001de67240998: 8948 0848 | 33c9 8948 | 0c48 33c9 | 4889 4810 | 4889 4818 | 4889 4820 | 4889 4828 

  0x000001de672409b4: ;   {metadata(method data for {method} {0x000001de414146b0} 'throwJavaNpe' '()V' in 'kotlin/jvm/internal/Intrinsics')}
  0x000001de672409b4: 488b d048 | bed8 762f | 42de 0100 | 0048 8386 | 1001 0000 | 0148 8bd0 | 4889 8424 | e000 0000 
  0x000001de672409d4: ;   {optimized virtual_call}
  0x000001de672409d4: 6666 90e8 

  0x000001de672409d8: ; ImmutableOopMap {[168]=Oop [176]=Oop [224]=Oop [232]=Oop }
                      ;*invokespecial <init> {reexecute=0 rethrow=0 return_oop=0}
                      ; - kotlin.jvm.internal.Intrinsics::throwJavaNpe@4 (line 45)
                      ; - kotlin.jvm.internal.Intrinsics::checkNotNull@4 (line 25)
                      ; - kotlin.coroutines.jvm.internal.BaseContinuationImpl::resumeWith@31 (line 31)
  0x000001de672409d8: a4e0 0707 

  0x000001de672409dc: ;   {other}
  0x000001de672409dc: 0f1f 8400 | cc12 0009 

  0x000001de672409e4: ;   {metadata(method data for {method} {0x000001de414146b0} 'throwJavaNpe' '()V' in 'kotlin/jvm/internal/Intrinsics')}
  0x000001de672409e4: 48ba d876 | 2f42 de01 | 0000 4883 | 8220 0100 

  0x000001de672409f4: ;   {metadata(method data for {method} {0x000001de414164f8} 'sanitizeStackTrace' '(Ljava/lang/Throwable;)Ljava/lang/Throwable;' in 'kotlin/jvm/internal/Intrinsics')}
  0x000001de672409f4: 0001 48ba | e0cb 5b41 | de01 0000 | 8bb2 cc00 | 0000 83c6 | 0289 b2cc | 0000 0081 | e6fe ff1f 
  0x000001de67240a14: 0085 f60f | 84ed 0b00 

  0x000001de67240a1c: ;   {oop(a 'java/lang/Class'{0x0000000701a85f60} = 'kotlin/jvm/internal/Intrinsics')}
  0x000001de67240a1c: 0048 ba60 | 5fa8 0107 | 0000 0048 

  0x000001de67240a28: ;   {metadata(method data for {method} {0x000001de414164f8} 'sanitizeStackTrace' '(Ljava/lang/Throwable;)Ljava/lang/Throwable;' in 'kotlin/jvm/internal/Intrinsics')}
  0x000001de67240a28: 8bf2 48bf | e0cb 5b41 | de01 0000 | 4883 8710 | 0100 0001 

  0x000001de67240a3c: ;   {metadata(method data for {method} {0x000001de0046b368} 'getName' '()Ljava/lang/String;' in 'java/lang/Class')}
  0x000001de67240a3c: 48be 9078 | 0341 de01 | 0000 8bbe | cc00 0000 | 83c7 0289 | becc 0000 | 0081 e7fe | ff1f 0085 
  0x000001de67240a5c: ff0f 84c8 | 0b00 008b | 522c 48c1 | e203 4885 

  0x000001de67240a6c: ;   {metadata(method data for {method} {0x000001de0046b368} 'getName' '()Ljava/lang/String;' in 'java/lang/Class')}
  0x000001de67240a6c: d248 be90 | 7803 41de | 0100 0048 | c7c7 1001 | 0000 7407 | 48c7 c720 | 0100 0048 | 8b1c 3e48 
  0x000001de67240a8c: 8d5b 0148 | 891c 3e0f | 8418 0000 

  0x000001de67240a98: ;   {metadata(method data for {method} {0x000001de0046b368} 'getName' '()Ljava/lang/String;' in 'java/lang/Class')}
  0x000001de67240a98: 0048 be90 | 7803 41de | 0100 00ff | 8630 0100 | 0048 8bf2 | e936 0000 

  0x000001de67240ab0: ;   {oop(a 'java/lang/Class'{0x0000000701a85f60} = 'kotlin/jvm/internal/Intrinsics')}
  0x000001de67240ab0: 0048 ba60 | 5fa8 0107 | 0000 0048 

  0x000001de67240abc: ;   {metadata(method data for {method} {0x000001de0046b368} 'getName' '()Ljava/lang/String;' in 'java/lang/Class')}
  0x000001de67240abc: 8bf2 48bf | 9078 0341 | de01 0000 | 4883 8748 | 0100 0001 | 0f1f 8000 

  0x000001de67240ad4: ;   {optimized virtual_call}
  0x000001de67240ad4: 0000 00e8 

  0x000001de67240ad8: ; ImmutableOopMap {[168]=Oop [176]=Oop [224]=Oop [232]=Oop }
                      ;*invokevirtual initClassName {reexecute=0 rethrow=0 return_oop=0}
                      ; - java.lang.Class::getName@14 (line 950)
                      ; - kotlin.jvm.internal.Intrinsics::sanitizeStackTrace@3 (line 253)
                      ; - kotlin.jvm.internal.Intrinsics::throwJavaNpe@7 (line 45)
                      ; - kotlin.jvm.internal.Intrinsics::checkNotNull@4 (line 25)
                      ; - kotlin.coroutines.jvm.internal.BaseContinuationImpl::resumeWith@31 (line 31)
  0x000001de67240ad8: a4df 0707 

  0x000001de67240adc: ;   {other}
  0x000001de67240adc: 0f1f 8400 | cc13 000a | 488b f048 | 8b84 24e0 | 0000 00e9 | 3804 0000 | 4c89 8424 | e800 0000 
  0x000001de67240afc: 4889 9424 | f800 0000 

  0x000001de67240b04: ;   {metadata(method data for {method} {0x000001de41415410} 'checkNotNullParameter' '(Ljava/lang/Object;Ljava/lang/String;)V' in 'kotlin/jvm/internal/Intrinsics')}
  0x000001de67240b04: 48be 78c3 | 5b41 de01 | 0000 4883 | 8630 0100 

  0x000001de67240b14: ;   {metadata(method data for {method} {0x000001de41415590} 'throwParameterIsNullNPE' '(Ljava/lang/String;)V' in 'kotlin/jvm/internal/Intrinsics')}
  0x000001de67240b14: 0001 48be | 00c5 5b41 | de01 0000 | 8bbe cc00 | 0000 83c7 | 0289 becc | 0000 0081 | e7fe ff1f 
  0x000001de67240b34: 0085 ff0f | 8414 0b00 | 0066 6690 

  0x000001de67240b40: ;   {no_reloc}
  0x000001de67240b40: e93c 0b00 | 0000 0000 | 0000 498b | 87b8 0100 | 0048 8d78 | 3049 3bbf | c801 0000 | 0f87 290b 
  0x000001de67240b60: 0000 4989 | bfb8 0100 | 0048 c700 | 0100 0000 | 488b ca49 | ba00 0000 | 00de 0100 | 0049 2bca 
  0x000001de67240b80: 8948 0848 | 33c9 8948 | 0c48 33c9 | 4889 4810 | 4889 4818 | 4889 4820 | 4889 4828 

  0x000001de67240b9c: ;   {metadata(method data for {method} {0x000001de41415590} 'throwParameterIsNullNPE' '(Ljava/lang/String;)V' in 'kotlin/jvm/internal/Intrinsics')}
  0x000001de67240b9c: 48ba 00c5 | 5b41 de01 | 0000 4883 | 8210 0100 

  0x000001de67240bac: ;   {oop("frame"{0x00000007fff08878})}
  0x000001de67240bac: 0001 48ba | 7888 f0ff | 0700 0000 | 4889 8424 | f000 0000 | 0f1f 8000 

  0x000001de67240bc4: ;   {static_call}
  0x000001de67240bc4: 0000 00e8 

  0x000001de67240bc8: ; ImmutableOopMap {[232]=Oop [240]=Oop [248]=Oop }
                      ;*invokestatic createParameterIsNullExceptionMessage {reexecute=0 rethrow=0 return_oop=0}
                      ; - kotlin.jvm.internal.Intrinsics::throwParameterIsNullNPE@5 (line 140)
                      ; - kotlin.jvm.internal.Intrinsics::checkNotNullParameter@5 (line 131)
                      ; - kotlin.coroutines.jvm.internal.DebugProbesKt::probeCoroutineResumed@3
                      ; - kotlin.coroutines.jvm.internal.BaseContinuationImpl::resumeWith@13 (line 29)
  0x000001de67240bc8: b4e4 0707 

  0x000001de67240bcc: ;   {other}
  0x000001de67240bcc: 0f1f 8400 | bc14 000b | 4c8b 8424 | f000 0000 

  0x000001de67240bdc: ;   {metadata(method data for {method} {0x000001de41415590} 'throwParameterIsNullNPE' '(Ljava/lang/String;)V' in 'kotlin/jvm/internal/Intrinsics')}
  0x000001de67240bdc: 48ba 00c5 | 5b41 de01 | 0000 4883 | 8220 0100 | 0001 4c8b | c048 8b94 | 24f0 0000 | 0066 0f1f 
  0x000001de67240bfc: ;   {optimized virtual_call}
  0x000001de67240bfc: 4400 00e8 

  0x000001de67240c00: ; ImmutableOopMap {[232]=Oop [240]=Oop [248]=Oop }
                      ;*invokespecial <init> {reexecute=0 rethrow=0 return_oop=0}
                      ; - kotlin.jvm.internal.Intrinsics::throwParameterIsNullNPE@8 (line 140)
                      ; - kotlin.jvm.internal.Intrinsics::checkNotNullParameter@5 (line 131)
                      ; - kotlin.coroutines.jvm.internal.DebugProbesKt::probeCoroutineResumed@3
                      ; - kotlin.coroutines.jvm.internal.BaseContinuationImpl::resumeWith@13 (line 29)
  0x000001de67240c00: 7cde 0707 

  0x000001de67240c04: ;   {other}
  0x000001de67240c04: 0f1f 8400 | f414 000c 

  0x000001de67240c0c: ;   {metadata(method data for {method} {0x000001de41415590} 'throwParameterIsNullNPE' '(Ljava/lang/String;)V' in 'kotlin/jvm/internal/Intrinsics')}
  0x000001de67240c0c: 48ba 00c5 | 5b41 de01 | 0000 4883 | 8230 0100 

  0x000001de67240c1c: ;   {metadata(method data for {method} {0x000001de414164f8} 'sanitizeStackTrace' '(Ljava/lang/Throwable;)Ljava/lang/Throwable;' in 'kotlin/jvm/internal/Intrinsics')}
  0x000001de67240c1c: 0001 48ba | e0cb 5b41 | de01 0000 | 8bb2 cc00 | 0000 83c6 | 0289 b2cc | 0000 0081 | e6fe ff1f 
  0x000001de67240c3c: 0085 f60f | 8453 0a00 

  0x000001de67240c44: ;   {oop(a 'java/lang/Class'{0x0000000701a85f60} = 'kotlin/jvm/internal/Intrinsics')}
  0x000001de67240c44: 0048 ba60 | 5fa8 0107 | 0000 0048 

  0x000001de67240c50: ;   {metadata(method data for {method} {0x000001de414164f8} 'sanitizeStackTrace' '(Ljava/lang/Throwable;)Ljava/lang/Throwable;' in 'kotlin/jvm/internal/Intrinsics')}
  0x000001de67240c50: 8bf2 48bf | e0cb 5b41 | de01 0000 | 4883 8710 | 0100 0001 

  0x000001de67240c64: ;   {metadata(method data for {method} {0x000001de0046b368} 'getName' '()Ljava/lang/String;' in 'java/lang/Class')}
  0x000001de67240c64: 48be 9078 | 0341 de01 | 0000 8bbe | cc00 0000 | 83c7 0289 | becc 0000 | 0081 e7fe | ff1f 0085 
  0x000001de67240c84: ff0f 842e | 0a00 008b | 522c 48c1 | e203 4885 

  0x000001de67240c94: ;   {metadata(method data for {method} {0x000001de0046b368} 'getName' '()Ljava/lang/String;' in 'java/lang/Class')}
  0x000001de67240c94: d248 be90 | 7803 41de | 0100 0048 | c7c7 1001 | 0000 7407 | 48c7 c720 | 0100 0048 | 8b1c 3e48 
  0x000001de67240cb4: 8d5b 0148 | 891c 3e0f | 8418 0000 

  0x000001de67240cc0: ;   {metadata(method data for {method} {0x000001de0046b368} 'getName' '()Ljava/lang/String;' in 'java/lang/Class')}
  0x000001de67240cc0: 0048 be90 | 7803 41de | 0100 00ff | 8630 0100 | 0048 8bf2 | e936 0000 

  0x000001de67240cd8: ;   {oop(a 'java/lang/Class'{0x0000000701a85f60} = 'kotlin/jvm/internal/Intrinsics')}
  0x000001de67240cd8: 0048 ba60 | 5fa8 0107 | 0000 0048 

  0x000001de67240ce4: ;   {metadata(method data for {method} {0x000001de0046b368} 'getName' '()Ljava/lang/String;' in 'java/lang/Class')}
  0x000001de67240ce4: 8bf2 48bf | 9078 0341 | de01 0000 | 4883 8748 | 0100 0001 | 0f1f 8000 

  0x000001de67240cfc: ;   {optimized virtual_call}
  0x000001de67240cfc: 0000 00e8 

  0x000001de67240d00: ; ImmutableOopMap {[232]=Oop [240]=Oop [248]=Oop }
                      ;*invokevirtual initClassName {reexecute=0 rethrow=0 return_oop=0}
                      ; - java.lang.Class::getName@14 (line 950)
                      ; - kotlin.jvm.internal.Intrinsics::sanitizeStackTrace@3 (line 253)
                      ; - kotlin.jvm.internal.Intrinsics::throwParameterIsNullNPE@11 (line 140)
                      ; - kotlin.jvm.internal.Intrinsics::checkNotNullParameter@5 (line 131)
                      ; - kotlin.coroutines.jvm.internal.DebugProbesKt::probeCoroutineResumed@3
                      ; - kotlin.coroutines.jvm.internal.BaseContinuationImpl::resumeWith@13 (line 29)
  0x000001de67240d00: 7cdd 0707 

  0x000001de67240d04: ;   {other}
  0x000001de67240d04: 0f1f 8400 | f415 000d | 488b f048 | 8b84 24f0 | 0000 00e9 | ec00 0000 | 488b 8424 | b800 0000 
  0x000001de67240d24: ; implicit exception: dispatches to 0x000001de672416df
  0x000001de67240d24: 483b 074c 

  0x000001de67240d28: ;   {metadata(method data for {method} {0x000001de414d4c80} 'resumeWith' '(Ljava/lang/Object;)V' in 'kotlin/coroutines/jvm/internal/BaseContinuationImpl')}
  0x000001de67240d28: 8bc7 48ba | 80b5 db42 | de01 0000 | 458b 4008 | 49ba 0000 | 0000 de01 | 0000 4d03 | c24c 3b82 
  0x000001de67240d48: 0803 0000 | 750d 4883 | 8210 0300 | 0001 e960 | 0000 004c | 3b82 1803 | 0000 750d | 4883 8220 
  0x000001de67240d68: 0300 0001 | e94a 0000 | 0048 83ba | 0803 0000 | 0075 174c | 8982 0803 | 0000 48c7 | 8210 0300 
  0x000001de67240d88: 0001 0000 | 00e9 2900 | 0000 4883 | ba18 0300 | 0000 7517 | 4c89 8218 | 0300 0048 | c782 2003 
  0x000001de67240da8: 0000 0100 | 0000 e908 | 0000 0048 | 8382 f802 | 0000 014c | 8bc0 488b | d70f 1f40 | 0048 b840 
  0x000001de67240dc8: e876 4ede 

  0x000001de67240dcc: ;   {virtual_call}
  0x000001de67240dcc: 0100 00e8 

  0x000001de67240dd0: ; ImmutableOopMap {}
                      ;*invokeinterface resumeWith {reexecute=0 rethrow=0 return_oop=0}
                      ; - kotlin.coroutines.jvm.internal.BaseContinuationImpl::resumeWith@114 (line 47)
  0x000001de67240dd0: 6441 1407 

  0x000001de67240dd4: ;   {other}
  0x000001de67240dd4: 0f1f 8400 | c416 000e | 4881 c410 | 0100 005d 

  0x000001de67240de4: ;   {poll_return}
  0x000001de67240de4: 493b a748 | 0400 000f | 87f3 0800 | 00c3 4881 | c410 0100 

  0x000001de67240df8: ;   {poll_return}
  0x000001de67240df8: 005d 493b | a748 0400 | 000f 87f3 | 0800 00c3 

  0x000001de67240e08: ;   {metadata(method data for {method} {0x000001de414164f8} 'sanitizeStackTrace' '(Ljava/lang/Throwable;)Ljava/lang/Throwable;' in 'kotlin/jvm/internal/Intrinsics')}
  0x000001de67240e08: 48ba e0cb | 5b41 de01 | 0000 4883 | 8248 0100 | 0001 488b | d04c 8bc6 | 0f1f 8000 

  0x000001de67240e24: ;   {static_call}
  0x000001de67240e24: 0000 00e8 

  0x000001de67240e28: ; ImmutableOopMap {[232]=Oop [248]=Oop }
                      ;*invokestatic sanitizeStackTrace {reexecute=0 rethrow=0 return_oop=0}
                      ; - kotlin.jvm.internal.Intrinsics::sanitizeStackTrace@6 (line 253)
                      ; - kotlin.jvm.internal.Intrinsics::throwParameterIsNullNPE@11 (line 140)
                      ; - kotlin.jvm.internal.Intrinsics::checkNotNullParameter@5 (line 131)
                      ; - kotlin.coroutines.jvm.internal.DebugProbesKt::probeCoroutineResumed@3
                      ; - kotlin.coroutines.jvm.internal.BaseContinuationImpl::resumeWith@13 (line 29)
  0x000001de67240e28: 54e2 0707 

  0x000001de67240e2c: ;   {other}
  0x000001de67240e2c: 0f1f 8400 | 1c17 000f | 488b 9424 | f800 0000 | 4885 c075 

  0x000001de67240e40: ;   {metadata(method data for {method} {0x000001de41415590} 'throwParameterIsNullNPE' '(Ljava/lang/String;)V' in 'kotlin/jvm/internal/Intrinsics')}
  0x000001de67240e40: 1648 be00 | c55b 41de | 0100 0080 | 8e39 0100 | 0001 e9cd 

  0x000001de67240e54: ;   {metadata('java/lang/NullPointerException')}
  0x000001de67240e54: 0000 0048 | bf88 cd06 | 00de 0100 | 008b 7008 | 49ba 0000 | 0000 de01 | 0000 4903 | f248 3b7e 
  0x000001de67240e74: 500f 858d 

  0x000001de67240e78: ;   {metadata(method data for {method} {0x000001de41415590} 'throwParameterIsNullNPE' '(Ljava/lang/String;)V' in 'kotlin/jvm/internal/Intrinsics')}
  0x000001de67240e78: 0000 0048 | be00 c55b | 41de 0100 | 008b 7808 | 49ba 0000 | 0000 de01 | 0000 4903 | fa48 3bbe 
  0x000001de67240e98: 5001 0000 | 750d 4883 | 8658 0100 | 0001 e979 | 0000 0048 | 3bbe 6001 | 0000 750d | 4883 8668 
  0x000001de67240eb8: 0100 0001 | e963 0000 | 0048 83be | 5001 0000 | 0075 1748 | 89be 5001 | 0000 48c7 | 8658 0100 
  0x000001de67240ed8: 0001 0000 | 00e9 4200 | 0000 4883 | be60 0100 | 0000 7517 | 4889 be60 | 0100 0048 | c786 6801 
  0x000001de67240ef8: 0000 0100 | 0000 e921 | 0000 00e9 | 1c00 0000 

  0x000001de67240f08: ;   {metadata(method data for {method} {0x000001de41415590} 'throwParameterIsNullNPE' '(Ljava/lang/String;)V' in 'kotlin/jvm/internal/Intrinsics')}
  0x000001de67240f08: 48be 00c5 | 5b41 de01 | 0000 4883 | ae40 0100 | 0001 e9f1 | 0700 00e9 | 0000 0000 

  0x000001de67240f24: ; implicit exception: dispatches to 0x000001de67241719
  0x000001de67240f24: 483b 00e9 | 3908 0000 

  0x000001de67240f2c: ;   {metadata(method data for {method} {0x000001de414164f8} 'sanitizeStackTrace' '(Ljava/lang/Throwable;)Ljava/lang/Throwable;' in 'kotlin/jvm/internal/Intrinsics')}
  0x000001de67240f2c: 48ba e0cb | 5b41 de01 | 0000 4883 | 8248 0100 | 0001 488b | d04c 8bc6 

  0x000001de67240f44: ;   {static_call}
  0x000001de67240f44: 6666 90e8 

  0x000001de67240f48: ; ImmutableOopMap {[168]=Oop [176]=Oop [232]=Oop }
                      ;*invokestatic sanitizeStackTrace {reexecute=0 rethrow=0 return_oop=0}
                      ; - kotlin.jvm.internal.Intrinsics::sanitizeStackTrace@6 (line 253)
                      ; - kotlin.jvm.internal.Intrinsics::throwJavaNpe@7 (line 45)
                      ; - kotlin.jvm.internal.Intrinsics::checkNotNull@4 (line 25)
                      ; - kotlin.coroutines.jvm.internal.BaseContinuationImpl::resumeWith@31 (line 31)
  0x000001de67240f48: 34e1 0707 

  0x000001de67240f4c: ;   {other}
  0x000001de67240f4c: 0f1f 8400 | 3c18 0010 | 4c8b 8424 | e800 0000 | 4885 c075 

  0x000001de67240f60: ;   {metadata(method data for {method} {0x000001de414146b0} 'throwJavaNpe' '()V' in 'kotlin/jvm/internal/Intrinsics')}
  0x000001de67240f60: 1648 bed8 | 762f 42de | 0100 0080 | 8e29 0100 | 0001 e9cd 

  0x000001de67240f74: ;   {metadata('java/lang/NullPointerException')}
  0x000001de67240f74: 0000 0048 | bf88 cd06 | 00de 0100 | 008b 7008 | 49ba 0000 | 0000 de01 | 0000 4903 | f248 3b7e 
  0x000001de67240f94: 500f 858d 

  0x000001de67240f98: ;   {metadata(method data for {method} {0x000001de414146b0} 'throwJavaNpe' '()V' in 'kotlin/jvm/internal/Intrinsics')}
  0x000001de67240f98: 0000 0048 | bed8 762f | 42de 0100 | 008b 7808 | 49ba 0000 | 0000 de01 | 0000 4903 | fa48 3bbe 
  0x000001de67240fb8: 4001 0000 | 750d 4883 | 8648 0100 | 0001 e979 | 0000 0048 | 3bbe 5001 | 0000 750d | 4883 8658 
  0x000001de67240fd8: 0100 0001 | e963 0000 | 0048 83be | 4001 0000 | 0075 1748 | 89be 4001 | 0000 48c7 | 8648 0100 
  0x000001de67240ff8: 0001 0000 | 00e9 4200 | 0000 4883 | be50 0100 | 0000 7517 | 4889 be50 | 0100 0048 | c786 5801 
  0x000001de67241018: 0000 0100 | 0000 e921 | 0000 00e9 | 1c00 0000 

  0x000001de67241028: ;   {metadata(method data for {method} {0x000001de414146b0} 'throwJavaNpe' '()V' in 'kotlin/jvm/internal/Intrinsics')}
  0x000001de67241028: 48be d876 | 2f42 de01 | 0000 4883 | ae30 0100 | 0001 e9df | 0600 00e9 | 0000 0000 

  0x000001de67241044: ; implicit exception: dispatches to 0x000001de67241727
  0x000001de67241044: 483b 00e9 | 1907 0000 

  0x000001de6724104c: ;   {metadata(method data for {method} {0x000001de414164f8} 'sanitizeStackTrace' '(Ljava/lang/Throwable;)Ljava/lang/Throwable;' in 'kotlin/jvm/internal/Intrinsics')}
  0x000001de6724104c: 48ba e0cb | 5b41 de01 | 0000 4883 | 8248 0100 | 0001 488b | d04c 8bc6 

  0x000001de67241064: ;   {static_call}
  0x000001de67241064: 6666 90e8 

  0x000001de67241068: ; ImmutableOopMap {[168]=Oop [176]=Oop [208]=Oop }
                      ;*invokestatic sanitizeStackTrace {reexecute=0 rethrow=0 return_oop=0}
                      ; - kotlin.jvm.internal.Intrinsics::sanitizeStackTrace@6 (line 253)
                      ; - kotlin.jvm.internal.Intrinsics::throwParameterIsNullNPE@11 (line 140)
                      ; - kotlin.jvm.internal.Intrinsics::checkNotNullParameter@5 (line 131)
                      ; - kotlin.ResultKt::createFailure@3
                      ; - kotlin.coroutines.jvm.internal.BaseContinuationImpl::resumeWith@76 (line 38)
  0x000001de67241068: 14e0 0707 

  0x000001de6724106c: ;   {other}
  0x000001de6724106c: 0f1f 8400 | 5c19 0011 | 4885 c075 

  0x000001de67241078: ;   {metadata(method data for {method} {0x000001de41415590} 'throwParameterIsNullNPE' '(Ljava/lang/String;)V' in 'kotlin/jvm/internal/Intrinsics')}
  0x000001de67241078: 1749 b800 | c55b 41de | 0100 0041 | 8088 3901 | 0000 01e9 | ce00 0000 

  0x000001de67241090: ;   {metadata('java/lang/NullPointerException')}
  0x000001de67241090: 48be 88cd | 0600 de01 | 0000 448b | 4008 49ba | 0000 0000 | de01 0000 | 4d03 c249 | 3b70 500f 
  0x000001de672410b0: 858d 0000 

  0x000001de672410b4: ;   {metadata(method data for {method} {0x000001de41415590} 'throwParameterIsNullNPE' '(Ljava/lang/String;)V' in 'kotlin/jvm/internal/Intrinsics')}
  0x000001de672410b4: 0049 b800 | c55b 41de | 0100 008b | 7008 49ba | 0000 0000 | de01 0000 | 4903 f249 | 3bb0 5001 
  0x000001de672410d4: 0000 750d | 4983 8058 | 0100 0001 | e979 0000 | 0049 3bb0 | 6001 0000 | 750d 4983 | 8068 0100 
  0x000001de672410f4: 0001 e963 | 0000 0049 | 83b8 5001 | 0000 0075 | 1749 89b0 | 5001 0000 | 49c7 8058 | 0100 0001 
  0x000001de67241114: 0000 00e9 | 4200 0000 | 4983 b860 | 0100 0000 | 7517 4989 | b060 0100 | 0049 c780 | 6801 0000 
  0x000001de67241134: 0100 0000 | e921 0000 | 00e9 1c00 

  0x000001de67241140: ;   {metadata(method data for {method} {0x000001de41415590} 'throwParameterIsNullNPE' '(Ljava/lang/String;)V' in 'kotlin/jvm/internal/Intrinsics')}
  0x000001de67241140: 0000 49b8 | 00c5 5b41 | de01 0000 | 4983 a840 | 0100 0001 | e9d3 0500 | 00e9 0000 | 0000 483b 
  0x000001de67241160: 00e9 ff05 

  0x000001de67241164: ;   {metadata(method data for {method} {0x000001de414164f8} 'sanitizeStackTrace' '(Ljava/lang/Throwable;)Ljava/lang/Throwable;' in 'kotlin/jvm/internal/Intrinsics')}
  0x000001de67241164: 0000 48ba | e0cb 5b41 | de01 0000 | 4883 8248 | 0100 0001 | 488b d04c 

  0x000001de6724117c: ;   {static_call}
  0x000001de6724117c: 8bc6 90e8 

  0x000001de67241180: ; ImmutableOopMap {[168]=Oop [176]=Oop [200]=Oop [208]=Oop }
                      ;*invokestatic sanitizeStackTrace {reexecute=0 rethrow=0 return_oop=0}
                      ; - kotlin.jvm.internal.Intrinsics::sanitizeStackTrace@6 (line 253)
                      ; - kotlin.jvm.internal.Intrinsics::throwParameterIsNullNPE@11 (line 140)
                      ; - kotlin.jvm.internal.Intrinsics::checkNotNullParameter@5 (line 131)
                      ; - kotlin.Result$Failure::<init>@3
                      ; - kotlin.ResultKt::createFailure@11 (line 122)
                      ; - kotlin.coroutines.jvm.internal.BaseContinuationImpl::resumeWith@76 (line 38)
  0x000001de67241180: fcde 0707 

  0x000001de67241184: ;   {other}
  0x000001de67241184: 0f1f 8400 | 741a 0012 | 488b 9c24 | c800 0000 | 488b b424 | d000 0000 | 488b bc24 | b000 0000 
  0x000001de672411a4: 488b 9424 | a800 0000 | 4885 c075 

  0x000001de672411b0: ;   {metadata(method data for {method} {0x000001de41415590} 'throwParameterIsNullNPE' '(Ljava/lang/String;)V' in 'kotlin/jvm/internal/Intrinsics')}
  0x000001de672411b0: 1749 b800 | c55b 41de | 0100 0041 | 8088 3901 | 0000 01e9 | cf00 0000 

  0x000001de672411c8: ;   {metadata('java/lang/NullPointerException')}
  0x000001de672411c8: 49b9 88cd | 0600 de01 | 0000 448b | 4008 49ba | 0000 0000 | de01 0000 | 4d03 c24d | 3b48 500f 
  0x000001de672411e8: 858e 0000 

  0x000001de672411ec: ;   {metadata(method data for {method} {0x000001de41415590} 'throwParameterIsNullNPE' '(Ljava/lang/String;)V' in 'kotlin/jvm/internal/Intrinsics')}
  0x000001de672411ec: 0049 b800 | c55b 41de | 0100 0044 | 8b48 0849 | ba00 0000 | 00de 0100 | 004d 03ca | 4d3b 8850 
  0x000001de6724120c: 0100 0075 | 0d49 8380 | 5801 0000 | 01e9 7900 | 0000 4d3b | 8860 0100 | 0075 0d49 | 8380 6801 
  0x000001de6724122c: 0000 01e9 | 6300 0000 | 4983 b850 | 0100 0000 | 7517 4d89 | 8850 0100 | 0049 c780 | 5801 0000 
  0x000001de6724124c: 0100 0000 | e942 0000 | 0049 83b8 | 6001 0000 | 0075 174d | 8988 6001 | 0000 49c7 | 8068 0100 
  0x000001de6724126c: 0001 0000 | 00e9 2100 | 0000 e91c 

  0x000001de67241278: ;   {metadata(method data for {method} {0x000001de41415590} 'throwParameterIsNullNPE' '(Ljava/lang/String;)V' in 'kotlin/jvm/internal/Intrinsics')}
  0x000001de67241278: 0000 0049 | b800 c55b | 41de 0100 | 0049 83a8 | 4001 0000 | 01e9 a804 | 0000 e900 | 0000 0048 
  0x000001de67241298: 3b00 e9c6 

  0x000001de6724129c: ;   {metadata({method} {0x000001de414d4c80} 'resumeWith' '(Ljava/lang/Object;)V' in 'kotlin/coroutines/jvm/internal/BaseContinuationImpl')}
  0x000001de6724129c: 0400 0049 | ba78 4c4d | 41de 0100 | 004c 8954 | 2408 48c7 | 0424 ffff 

  0x000001de672412b4: ;   {runtime_call counter_overflow Runtime1 stub}
  0x000001de672412b4: ffff e845 

  0x000001de672412b8: ; ImmutableOopMap {rdx=Oop r8=Oop }
                      ;*synchronization entry
                      ; - kotlin.coroutines.jvm.internal.BaseContinuationImpl::resumeWith@-1 (line 24)
  0x000001de672412b8: fb13 07e9 | e6e8 ffff | 4889 1424 

  0x000001de672412c4: ;   {runtime_call throw_class_cast_exception Runtime1 stub}
  0x000001de672412c4: e837 ae13 

  0x000001de672412c8: ; ImmutableOopMap {r8=Oop rdx=Oop }
                      ;*checkcast {reexecute=0 rethrow=0 return_oop=0}
                      ; - kotlin.coroutines.jvm.internal.BaseContinuationImpl::resumeWith@10 (line 29)
                      ;   {metadata({method} {0x000001de414fcad0} 'probeCoroutineResumed' '(Lkotlin/coroutines/Continuation;)V' in 'kotlin/coroutines/jvm/internal/DebugProbesKt')}
  0x000001de672412c8: 0749 bac8 | ca4f 41de | 0100 004c | 8954 2408 | 48c7 0424 | ffff ffff 

  0x000001de672412e0: ;   {runtime_call counter_overflow Runtime1 stub}
  0x000001de672412e0: e81b fb13 

  0x000001de672412e4: ; ImmutableOopMap {r8=Oop rdx=Oop rsi=Oop }
                      ;*synchronization entry
                      ; - kotlin.coroutines.jvm.internal.DebugProbesKt::probeCoroutineResumed@-1
                      ; - kotlin.coroutines.jvm.internal.BaseContinuationImpl::resumeWith@13 (line 29)
  0x000001de672412e4: 07e9 fce9 

  0x000001de672412e8: ;   {metadata({method} {0x000001de41415410} 'checkNotNullParameter' '(Ljava/lang/Object;Ljava/lang/String;)V' in 'kotlin/jvm/internal/Intrinsics')}
  0x000001de672412e8: ffff 49ba | 0854 4141 | de01 0000 | 4c89 5424 | 0848 c704 | 24ff ffff 

  0x000001de67241300: ;   {runtime_call counter_overflow Runtime1 stub}
  0x000001de67241300: ffe8 fafa 

  0x000001de67241304: ; ImmutableOopMap {r8=Oop rdx=Oop rsi=Oop }
                      ;*synchronization entry
                      ; - kotlin.jvm.internal.Intrinsics::checkNotNullParameter@-1 (line 130)
                      ; - kotlin.coroutines.jvm.internal.DebugProbesKt::probeCoroutineResumed@3
                      ; - kotlin.coroutines.jvm.internal.BaseContinuationImpl::resumeWith@13 (line 29)
  0x000001de67241304: 1307 e914 | eaff ff48 

  0x000001de6724130c: ;   {runtime_call throw_class_cast_exception Runtime1 stub}
  0x000001de6724130c: 8914 24e8 

  0x000001de67241310: ; ImmutableOopMap {r8=Oop }
                      ;*checkcast {reexecute=0 rethrow=0 return_oop=0}
                      ; - kotlin.coroutines.jvm.internal.BaseContinuationImpl::resumeWith@17 (line 30)
  0x000001de67241310: ecad 1307 

  0x000001de67241314: ;   {runtime_call throw_null_pointer_exception Runtime1 stub}
  0x000001de67241314: e8e7 8113 

  0x000001de67241318: ; ImmutableOopMap {r8=Oop rsi=Oop }
                      ;*getfield completion {reexecute=1 rethrow=0 return_oop=0}
                      ; - (reexecute) kotlin.coroutines.jvm.internal.BaseContinuationImpl::resumeWith@27 (line 31)
                      ;   {metadata({method} {0x000001de414143c8} 'checkNotNull' '(Ljava/lang/Object;)V' in 'kotlin/jvm/internal/Intrinsics')}
  0x000001de67241318: 0749 bac0 | 4341 41de | 0100 004c | 8954 2408 | 48c7 0424 | ffff ffff 

  0x000001de67241330: ;   {runtime_call counter_overflow Runtime1 stub}
  0x000001de67241330: e8cb fa13 

  0x000001de67241334: ; ImmutableOopMap {r8=Oop rsi=Oop rdi=Oop [176]=Oop }
                      ;*synchronization entry
                      ; - kotlin.jvm.internal.Intrinsics::checkNotNull@-1 (line 24)
                      ; - kotlin.coroutines.jvm.internal.BaseContinuationImpl::resumeWith@31 (line 31)
  0x000001de67241334: 07e9 47eb 

  0x000001de67241338: ;   {metadata({method} {0x000001de414fab88} 'getCOROUTINE_SUSPENDED' '()Ljava/lang/Object;' in 'kotlin/coroutines/intrinsics/IntrinsicsKt__IntrinsicsKt')}
  0x000001de67241338: ffff 49ba | 80ab 4f41 | de01 0000 | 4c89 5424 | 0848 c704 | 24ff ffff 

  0x000001de67241350: ;   {runtime_call counter_overflow Runtime1 stub}
  0x000001de67241350: ffe8 aafa 

  0x000001de67241354: ; ImmutableOopMap {rax=Oop [168]=Oop [176]=Oop }
                      ;*synchronization entry
                      ; - kotlin.coroutines.intrinsics.IntrinsicsKt__IntrinsicsKt::getCOROUTINE_SUSPENDED@-1 (line 57)
                      ; - kotlin.coroutines.jvm.internal.BaseContinuationImpl::resumeWith@47 (line 35)
  0x000001de67241354: 1307 e94a 

  0x000001de67241358: ;   {metadata({method} {0x000001de4150cf08} 'constructor-impl' '(Ljava/lang/Object;)Ljava/lang/Object;' in 'kotlin/Result')}
  0x000001de67241358: ecff ff49 | ba00 cf50 | 41de 0100 | 004c 8954 | 2408 48c7 | 0424 ffff 

  0x000001de67241370: ;   {runtime_call counter_overflow Runtime1 stub}
  0x000001de67241370: ffff e889 

  0x000001de67241374: ; ImmutableOopMap {rax=Oop [168]=Oop [176]=Oop }
                      ;*synchronization entry
                      ; - kotlin.Result::constructor-impl@-1
                      ; - kotlin.coroutines.jvm.internal.BaseContinuationImpl::resumeWith@60 (line 36)
  0x000001de67241374: fa13 07e9 | 9bec ffff 

  0x000001de6724137c: ;   {metadata({method} {0x000001de415209e8} 'createFailure' '(Ljava/lang/Throwable;)Ljava/lang/Object;' in 'kotlin/ResultKt')}
  0x000001de6724137c: 49ba e009 | 5241 de01 | 0000 4c89 | 5424 0848 | c704 24ff 

  0x000001de67241390: ;   {runtime_call counter_overflow Runtime1 stub}
  0x000001de67241390: ffff ffe8 

  0x000001de67241394: ; ImmutableOopMap {rax=Oop [168]=Oop [176]=Oop }
                      ;*synchronization entry
                      ; - kotlin.ResultKt::createFailure@-1
                      ; - kotlin.coroutines.jvm.internal.BaseContinuationImpl::resumeWith@76 (line 38)
  0x000001de67241394: 68fa 1307 | e9e3 ecff 

  0x000001de6724139c: ;   {metadata({method} {0x000001de41415410} 'checkNotNullParameter' '(Ljava/lang/Object;Ljava/lang/String;)V' in 'kotlin/jvm/internal/Intrinsics')}
  0x000001de6724139c: ff49 ba08 | 5441 41de | 0100 004c | 8954 2408 | 48c7 0424 | ffff ffff 

  0x000001de672413b4: ;   {runtime_call counter_overflow Runtime1 stub}
  0x000001de672413b4: e847 fa13 

  0x000001de672413b8: ; ImmutableOopMap {rax=Oop [168]=Oop [176]=Oop }
                      ;*synchronization entry
                      ; - kotlin.jvm.internal.Intrinsics::checkNotNullParameter@-1 (line 130)
                      ; - kotlin.ResultKt::createFailure@3
                      ; - kotlin.coroutines.jvm.internal.BaseContinuationImpl::resumeWith@76 (line 38)
  0x000001de672413b8: 07e9 fbec | ffff 488b 

  0x000001de672413c0: ;   {runtime_call fast_new_instance Runtime1 stub}
  0x000001de672413c0: d2e8 3a8a 

  0x000001de672413c4: ; ImmutableOopMap {rbx=Oop [168]=Oop [176]=Oop }
                      ;*new {reexecute=0 rethrow=0 return_oop=0}
                      ; - kotlin.ResultKt::createFailure@6 (line 122)
                      ; - kotlin.coroutines.jvm.internal.BaseContinuationImpl::resumeWith@76 (line 38)
  0x000001de672413c4: 1307 e96c 

  0x000001de672413c8: ;   {metadata({method} {0x000001de4150ee40} '<init>' '(Ljava/lang/Throwable;)V' in 'kotlin/Result$Failure')}
  0x000001de672413c8: edff ff49 | ba38 ee50 | 41de 0100 | 004c 8954 | 2408 48c7 | 0424 ffff 

  0x000001de672413e0: ;   {runtime_call counter_overflow Runtime1 stub}
  0x000001de672413e0: ffff e819 

  0x000001de672413e4: ; ImmutableOopMap {rbx=Oop rax=Oop [168]=Oop [176]=Oop }
                      ;*synchronization entry
                      ; - kotlin.Result$Failure::<init>@-1
                      ; - kotlin.ResultKt::createFailure@11 (line 122)
                      ; - kotlin.coroutines.jvm.internal.BaseContinuationImpl::resumeWith@76 (line 38)
  0x000001de672413e4: fa13 07e9 | 87ed ffff 

  0x000001de672413ec: ;   {metadata({method} {0x000001de41415410} 'checkNotNullParameter' '(Ljava/lang/Object;Ljava/lang/String;)V' in 'kotlin/jvm/internal/Intrinsics')}
  0x000001de672413ec: 49ba 0854 | 4141 de01 | 0000 4c89 | 5424 0848 | c704 24ff 

  0x000001de67241400: ;   {runtime_call counter_overflow Runtime1 stub}
  0x000001de67241400: ffff ffe8 

  0x000001de67241404: ; ImmutableOopMap {rbx=Oop rax=Oop [168]=Oop [176]=Oop }
                      ;*synchronization entry
                      ; - kotlin.jvm.internal.Intrinsics::checkNotNullParameter@-1 (line 130)
                      ; - kotlin.Result$Failure::<init>@3
                      ; - kotlin.ResultKt::createFailure@11 (line 122)
                      ; - kotlin.coroutines.jvm.internal.BaseContinuationImpl::resumeWith@76 (line 38)
  0x000001de67241404: f8f9 1307 | e99f edff 

  0x000001de6724140c: ;   {metadata({method} {0x000001de00476650} '<init>' '()V' in 'java/lang/Object')}
  0x000001de6724140c: ff49 ba48 | 6647 00de | 0100 004c | 8954 2408 | 48c7 0424 | ffff ffff 

  0x000001de67241424: ;   {runtime_call counter_overflow Runtime1 stub}
  0x000001de67241424: e8d7 f913 

  0x000001de67241428: ; ImmutableOopMap {rbx=Oop rax=Oop [168]=Oop [176]=Oop }
                      ;*synchronization entry
                      ; - java.lang.Object::<init>@-1 (line 45)
                      ; - kotlin.Result$Failure::<init>@7 (line 105)
                      ; - kotlin.ResultKt::createFailure@11 (line 122)
                      ; - kotlin.coroutines.jvm.internal.BaseContinuationImpl::resumeWith@76 (line 38)
  0x000001de67241428: 07e9 e9ed | ffff 8b50 | 0c48 c1e2 | 0348 83fa | 000f 84e5 | edff ff48 

  0x000001de67241440: ;   {runtime_call g1_pre_barrier_slow}
  0x000001de67241440: 8914 24e8 | b803 1407 | e9d7 edff | ff48 83fb | 000f 84ec | edff ff48 

  0x000001de67241458: ;   {runtime_call g1_post_barrier_slow}
  0x000001de67241458: 8904 24e8 | a006 1407 | e9de edff 

  0x000001de67241464: ;   {metadata({method} {0x000001de4150cf08} 'constructor-impl' '(Ljava/lang/Object;)Ljava/lang/Object;' in 'kotlin/Result')}
  0x000001de67241464: ff49 ba00 | cf50 41de | 0100 004c | 8954 2408 | 48c7 0424 | ffff ffff 

  0x000001de6724147c: ;   {runtime_call counter_overflow Runtime1 stub}
  0x000001de6724147c: e87f f913 

  0x000001de67241480: ; ImmutableOopMap {rax=Oop [168]=Oop [176]=Oop }
                      ;*synchronization entry
                      ; - kotlin.Result::constructor-impl@-1
                      ; - kotlin.coroutines.jvm.internal.BaseContinuationImpl::resumeWith@79 (line 38)
  0x000001de67241480: 07e9 f6ed 

  0x000001de67241484: ;   {metadata({method} {0x000001de414d4c80} 'resumeWith' '(Ljava/lang/Object;)V' in 'kotlin/coroutines/jvm/internal/BaseContinuationImpl')}
  0x000001de67241484: ffff 49ba | 784c 4d41 | de01 0000 | 4c89 5424 | 0848 c704 | 2479 0000 

  0x000001de6724149c: ;   {runtime_call counter_overflow Runtime1 stub}
  0x000001de6724149c: 00e8 5ef9 

  0x000001de672414a0: ; ImmutableOopMap {rdi=Oop [176]=Oop [184]=Oop }
                      ;*goto {reexecute=1 rethrow=0 return_oop=0}
                      ; - (reexecute) kotlin.coroutines.jvm.internal.BaseContinuationImpl::resumeWith@121 (line 30)
  0x000001de672414a0: 1307 e9f6 

  0x000001de672414a4: ;   {metadata({method} {0x000001de41415590} 'throwParameterIsNullNPE' '(Ljava/lang/String;)V' in 'kotlin/jvm/internal/Intrinsics')}
  0x000001de672414a4: efff ff49 | ba88 5541 | 41de 0100 | 004c 8954 | 2408 48c7 | 0424 ffff 

  0x000001de672414bc: ;   {runtime_call counter_overflow Runtime1 stub}
  0x000001de672414bc: ffff e83d 

  0x000001de672414c0: ; ImmutableOopMap {[168]=Oop [176]=Oop [200]=Oop [208]=Oop }
                      ;*synchronization entry
                      ; - kotlin.jvm.internal.Intrinsics::throwParameterIsNullNPE@-1 (line 140)
                      ; - kotlin.jvm.internal.Intrinsics::checkNotNullParameter@5 (line 131)
                      ; - kotlin.Result$Failure::<init>@3
                      ; - kotlin.ResultKt::createFailure@11 (line 122)
                      ; - kotlin.coroutines.jvm.internal.BaseContinuationImpl::resumeWith@76 (line 38)
  0x000001de672414c0: f913 07e9 | 48f0 ffff 

  0x000001de672414c8: ;   {metadata(nullptr)}
  0x000001de672414c8: 48ba 0000 | 0000 0000 | 0000 b800 

  0x000001de672414d4: ;   {runtime_call load_klass_patching Runtime1 stub}
  0x000001de672414d4: 0f05 0ae8 

  0x000001de672414d8: ; ImmutableOopMap {[168]=Oop [176]=Oop [200]=Oop [208]=Oop }
                      ;*new {reexecute=1 rethrow=0 return_oop=0}
                      ; - (reexecute) kotlin.jvm.internal.Intrinsics::throwParameterIsNullNPE@0 (line 140)
                      ; - kotlin.jvm.internal.Intrinsics::checkNotNullParameter@5 (line 131)
                      ; - kotlin.Result$Failure::<init>@3
                      ; - kotlin.ResultKt::createFailure@11 (line 122)
                      ; - kotlin.coroutines.jvm.internal.BaseContinuationImpl::resumeWith@76 (line 38)
  0x000001de672414d8: a4dc 1307 | e92f f0ff | ff48 8bd2 

  0x000001de672414e4: ;   {runtime_call fast_new_instance Runtime1 stub}
  0x000001de672414e4: e817 8913 

  0x000001de672414e8: ; ImmutableOopMap {[168]=Oop [176]=Oop [200]=Oop [208]=Oop }
                      ;*new {reexecute=0 rethrow=0 return_oop=0}
                      ; - kotlin.jvm.internal.Intrinsics::throwParameterIsNullNPE@0 (line 140)
                      ; - kotlin.jvm.internal.Intrinsics::checkNotNullParameter@5 (line 131)
                      ; - kotlin.Result$Failure::<init>@3
                      ; - kotlin.ResultKt::createFailure@11 (line 122)
                      ; - kotlin.coroutines.jvm.internal.BaseContinuationImpl::resumeWith@76 (line 38)
  0x000001de672414e8: 07e9 7ef0 

  0x000001de672414ec: ;   {metadata({method} {0x000001de414164f8} 'sanitizeStackTrace' '(Ljava/lang/Throwable;)Ljava/lang/Throwable;' in 'kotlin/jvm/internal/Intrinsics')}
  0x000001de672414ec: ffff 49ba | f064 4141 | de01 0000 | 4c89 5424 | 0848 c704 | 24ff ffff 

  0x000001de67241504: ;   {runtime_call counter_overflow Runtime1 stub}
  0x000001de67241504: ffe8 f6f8 

  0x000001de67241508: ; ImmutableOopMap {[168]=Oop [176]=Oop [192]=Oop [200]=Oop [208]=Oop }
                      ;*synchronization entry
                      ; - kotlin.jvm.internal.Intrinsics::sanitizeStackTrace@-1 (line 253)
                      ; - kotlin.jvm.internal.Intrinsics::throwParameterIsNullNPE@11 (line 140)
                      ; - kotlin.jvm.internal.Intrinsics::checkNotNullParameter@5 (line 131)
                      ; - kotlin.Result$Failure::<init>@3
                      ; - kotlin.ResultKt::createFailure@11 (line 122)
                      ; - kotlin.coroutines.jvm.internal.BaseContinuationImpl::resumeWith@76 (line 38)
  0x000001de67241508: 1307 e906 

  0x000001de6724150c: ;   {metadata({method} {0x000001de0046b368} 'getName' '()Ljava/lang/String;' in 'java/lang/Class')}
  0x000001de6724150c: f1ff ff49 | ba60 b346 | 00de 0100 | 004c 8954 | 2408 48c7 | 0424 ffff 

  0x000001de67241524: ;   {runtime_call counter_overflow Runtime1 stub}
  0x000001de67241524: ffff e8d5 

  0x000001de67241528: ; ImmutableOopMap {rdx=Oop [168]=Oop [176]=Oop [192]=Oop [200]=Oop [208]=Oop }
                      ;*synchronization entry
                      ; - java.lang.Class::getName@-1 (line 949)
                      ; - kotlin.jvm.internal.Intrinsics::sanitizeStackTrace@3 (line 253)
                      ; - kotlin.jvm.internal.Intrinsics::throwParameterIsNullNPE@11 (line 140)
                      ; - kotlin.jvm.internal.Intrinsics::checkNotNullParameter@5 (line 131)
                      ; - kotlin.Result$Failure::<init>@3
                      ; - kotlin.ResultKt::createFailure@11 (line 122)
                      ; - kotlin.coroutines.jvm.internal.BaseContinuationImpl::resumeWith@76 (line 38)
  0x000001de67241528: f813 07e9 | 2bf1 ffff 

  0x000001de67241530: ;   {runtime_call throw_null_pointer_exception Runtime1 stub}
  0x000001de67241530: e8cb 7f13 

  0x000001de67241534: ; ImmutableOopMap {[168]=Oop [176]=Oop [192]=Oop [200]=Oop [208]=Oop }
                      ;*getfield name {reexecute=1 rethrow=0 return_oop=0}
                      ; - (reexecute) java.lang.Class::getName@1 (line 949)
                      ; - kotlin.jvm.internal.Intrinsics::sanitizeStackTrace@3 (line 253)
                      ; - kotlin.jvm.internal.Intrinsics::throwParameterIsNullNPE@11 (line 140)
                      ; - kotlin.jvm.internal.Intrinsics::checkNotNullParameter@5 (line 131)
                      ; - kotlin.Result$Failure::<init>@3
                      ; - kotlin.ResultKt::createFailure@11 (line 122)
                      ; - kotlin.coroutines.jvm.internal.BaseContinuationImpl::resumeWith@76 (line 38)
                      ;   {metadata({method} {0x000001de41415590} 'throwParameterIsNullNPE' '(Ljava/lang/String;)V' in 'kotlin/jvm/internal/Intrinsics')}
  0x000001de67241534: 0749 ba88 | 5541 41de | 0100 004c | 8954 2408 | 48c7 0424 | ffff ffff 

  0x000001de6724154c: ;   {runtime_call counter_overflow Runtime1 stub}
  0x000001de6724154c: e8af f813 

  0x000001de67241550: ; ImmutableOopMap {[168]=Oop [176]=Oop [208]=Oop }
                      ;*synchronization entry
                      ; - kotlin.jvm.internal.Intrinsics::throwParameterIsNullNPE@-1 (line 140)
                      ; - kotlin.jvm.internal.Intrinsics::checkNotNullParameter@5 (line 131)
                      ; - kotlin.ResultKt::createFailure@3
                      ; - kotlin.coroutines.jvm.internal.BaseContinuationImpl::resumeWith@76 (line 38)
  0x000001de67241550: 07e9 d7f1 

  0x000001de67241554: ;   {metadata(nullptr)}
  0x000001de67241554: ffff 48ba | 0000 0000 | 0000 0000 | b800 0f05 

  0x000001de67241564: ;   {runtime_call load_klass_patching Runtime1 stub}
  0x000001de67241564: 0ae8 16dc 

  0x000001de67241568: ; ImmutableOopMap {[168]=Oop [176]=Oop [208]=Oop }
                      ;*new {reexecute=1 rethrow=0 return_oop=0}
                      ; - (reexecute) kotlin.jvm.internal.Intrinsics::throwParameterIsNullNPE@0 (line 140)
                      ; - kotlin.jvm.internal.Intrinsics::checkNotNullParameter@5 (line 131)
                      ; - kotlin.ResultKt::createFailure@3
                      ; - kotlin.coroutines.jvm.internal.BaseContinuationImpl::resumeWith@76 (line 38)
  0x000001de67241568: 1307 e9c1 | f1ff ff48 

  0x000001de67241570: ;   {runtime_call fast_new_instance Runtime1 stub}
  0x000001de67241570: 8bd2 e889 

  0x000001de67241574: ; ImmutableOopMap {[168]=Oop [176]=Oop [208]=Oop }
                      ;*new {reexecute=0 rethrow=0 return_oop=0}
                      ; - kotlin.jvm.internal.Intrinsics::throwParameterIsNullNPE@0 (line 140)
                      ; - kotlin.jvm.internal.Intrinsics::checkNotNullParameter@5 (line 131)
                      ; - kotlin.ResultKt::createFailure@3
                      ; - kotlin.coroutines.jvm.internal.BaseContinuationImpl::resumeWith@76 (line 38)
  0x000001de67241574: 8813 07e9 | 10f2 ffff 

  0x000001de6724157c: ;   {metadata({method} {0x000001de414164f8} 'sanitizeStackTrace' '(Ljava/lang/Throwable;)Ljava/lang/Throwable;' in 'kotlin/jvm/internal/Intrinsics')}
  0x000001de6724157c: 49ba f064 | 4141 de01 | 0000 4c89 | 5424 0848 | c704 24ff 

  0x000001de67241590: ;   {runtime_call counter_overflow Runtime1 stub}
  0x000001de67241590: ffff ffe8 

  0x000001de67241594: ; ImmutableOopMap {[168]=Oop [176]=Oop [208]=Oop [216]=Oop }
                      ;*synchronization entry
                      ; - kotlin.jvm.internal.Intrinsics::sanitizeStackTrace@-1 (line 253)
                      ; - kotlin.jvm.internal.Intrinsics::throwParameterIsNullNPE@11 (line 140)
                      ; - kotlin.jvm.internal.Intrinsics::checkNotNullParameter@5 (line 131)
                      ; - kotlin.ResultKt::createFailure@3
                      ; - kotlin.coroutines.jvm.internal.BaseContinuationImpl::resumeWith@76 (line 38)
  0x000001de67241594: 68f8 1307 | e998 f2ff 

  0x000001de6724159c: ;   {metadata({method} {0x000001de0046b368} 'getName' '()Ljava/lang/String;' in 'java/lang/Class')}
  0x000001de6724159c: ff49 ba60 | b346 00de | 0100 004c | 8954 2408 | 48c7 0424 | ffff ffff 

  0x000001de672415b4: ;   {runtime_call counter_overflow Runtime1 stub}
  0x000001de672415b4: e847 f813 

  0x000001de672415b8: ; ImmutableOopMap {rdx=Oop [168]=Oop [176]=Oop [208]=Oop [216]=Oop }
                      ;*synchronization entry
                      ; - java.lang.Class::getName@-1 (line 949)
                      ; - kotlin.jvm.internal.Intrinsics::sanitizeStackTrace@3 (line 253)
                      ; - kotlin.jvm.internal.Intrinsics::throwParameterIsNullNPE@11 (line 140)
                      ; - kotlin.jvm.internal.Intrinsics::checkNotNullParameter@5 (line 131)
                      ; - kotlin.ResultKt::createFailure@3
                      ; - kotlin.coroutines.jvm.internal.BaseContinuationImpl::resumeWith@76 (line 38)
  0x000001de672415b8: 07e9 bdf2 

  0x000001de672415bc: ;   {runtime_call throw_null_pointer_exception Runtime1 stub}
  0x000001de672415bc: ffff e83d 

  0x000001de672415c0: ; ImmutableOopMap {[168]=Oop [176]=Oop [208]=Oop [216]=Oop }
                      ;*getfield name {reexecute=1 rethrow=0 return_oop=0}
                      ; - (reexecute) java.lang.Class::getName@1 (line 949)
                      ; - kotlin.jvm.internal.Intrinsics::sanitizeStackTrace@3 (line 253)
                      ; - kotlin.jvm.internal.Intrinsics::throwParameterIsNullNPE@11 (line 140)
                      ; - kotlin.jvm.internal.Intrinsics::checkNotNullParameter@5 (line 131)
                      ; - kotlin.ResultKt::createFailure@3
                      ; - kotlin.coroutines.jvm.internal.BaseContinuationImpl::resumeWith@76 (line 38)
                      ;   {metadata({method} {0x000001de414146b0} 'throwJavaNpe' '()V' in 'kotlin/jvm/internal/Intrinsics')}
  0x000001de672415c0: 7f13 0749 | baa8 4641 | 41de 0100 | 004c 8954 | 2408 48c7 | 0424 ffff 

  0x000001de672415d8: ;   {runtime_call counter_overflow Runtime1 stub}
  0x000001de672415d8: ffff e821 

  0x000001de672415dc: ; ImmutableOopMap {[168]=Oop [176]=Oop [232]=Oop }
                      ;*synchronization entry
                      ; - kotlin.jvm.internal.Intrinsics::throwJavaNpe@-1 (line 45)
                      ; - kotlin.jvm.internal.Intrinsics::checkNotNull@4 (line 25)
                      ; - kotlin.coroutines.jvm.internal.BaseContinuationImpl::resumeWith@31 (line 31)
  0x000001de672415dc: f813 07e9 | 71f3 ffff 

  0x000001de672415e4: ;   {metadata(nullptr)}
  0x000001de672415e4: 48ba 0000 | 0000 0000 | 0000 b800 

  0x000001de672415f0: ;   {runtime_call load_klass_patching Runtime1 stub}
  0x000001de672415f0: 0f05 0ae8 

  0x000001de672415f4: ; ImmutableOopMap {[168]=Oop [176]=Oop [232]=Oop }
                      ;*new {reexecute=1 rethrow=0 return_oop=0}
                      ; - (reexecute) kotlin.jvm.internal.Intrinsics::throwJavaNpe@0 (line 45)
                      ; - kotlin.jvm.internal.Intrinsics::checkNotNull@4 (line 25)
                      ; - kotlin.coroutines.jvm.internal.BaseContinuationImpl::resumeWith@31 (line 31)
  0x000001de672415f4: 88db 1307 | e95b f3ff | ff48 8bd2 

  0x000001de67241600: ;   {runtime_call fast_new_instance Runtime1 stub}
  0x000001de67241600: e8fb 8713 

  0x000001de67241604: ; ImmutableOopMap {[168]=Oop [176]=Oop [232]=Oop }
                      ;*new {reexecute=0 rethrow=0 return_oop=0}
                      ; - kotlin.jvm.internal.Intrinsics::throwJavaNpe@0 (line 45)
                      ; - kotlin.jvm.internal.Intrinsics::checkNotNull@4 (line 25)
                      ; - kotlin.coroutines.jvm.internal.BaseContinuationImpl::resumeWith@31 (line 31)
  0x000001de67241604: 07e9 aaf3 

  0x000001de67241608: ;   {metadata({method} {0x000001de414164f8} 'sanitizeStackTrace' '(Ljava/lang/Throwable;)Ljava/lang/Throwable;' in 'kotlin/jvm/internal/Intrinsics')}
  0x000001de67241608: ffff 49ba | f064 4141 | de01 0000 | 4c89 5424 | 0848 c704 | 24ff ffff 

  0x000001de67241620: ;   {runtime_call counter_overflow Runtime1 stub}
  0x000001de67241620: ffe8 daf7 

  0x000001de67241624: ; ImmutableOopMap {[168]=Oop [176]=Oop [224]=Oop [232]=Oop }
                      ;*synchronization entry
                      ; - kotlin.jvm.internal.Intrinsics::sanitizeStackTrace@-1 (line 253)
                      ; - kotlin.jvm.internal.Intrinsics::throwJavaNpe@7 (line 45)
                      ; - kotlin.jvm.internal.Intrinsics::checkNotNull@4 (line 25)
                      ; - kotlin.coroutines.jvm.internal.BaseContinuationImpl::resumeWith@31 (line 31)
  0x000001de67241624: 1307 e9f2 

  0x000001de67241628: ;   {metadata({method} {0x000001de0046b368} 'getName' '()Ljava/lang/String;' in 'java/lang/Class')}
  0x000001de67241628: f3ff ff49 | ba60 b346 | 00de 0100 | 004c 8954 | 2408 48c7 | 0424 ffff 

  0x000001de67241640: ;   {runtime_call counter_overflow Runtime1 stub}
  0x000001de67241640: ffff e8b9 

  0x000001de67241644: ; ImmutableOopMap {rdx=Oop [168]=Oop [176]=Oop [224]=Oop [232]=Oop }
                      ;*synchronization entry
                      ; - java.lang.Class::getName@-1 (line 949)
                      ; - kotlin.jvm.internal.Intrinsics::sanitizeStackTrace@3 (line 253)
                      ; - kotlin.jvm.internal.Intrinsics::throwJavaNpe@7 (line 45)
                      ; - kotlin.jvm.internal.Intrinsics::checkNotNull@4 (line 25)
                      ; - kotlin.coroutines.jvm.internal.BaseContinuationImpl::resumeWith@31 (line 31)
  0x000001de67241644: f713 07e9 | 17f4 ffff 

  0x000001de6724164c: ;   {runtime_call throw_null_pointer_exception Runtime1 stub}
  0x000001de6724164c: e8af 7e13 

  0x000001de67241650: ; ImmutableOopMap {[168]=Oop [176]=Oop [224]=Oop [232]=Oop }
                      ;*getfield name {reexecute=1 rethrow=0 return_oop=0}
                      ; - (reexecute) java.lang.Class::getName@1 (line 949)
                      ; - kotlin.jvm.internal.Intrinsics::sanitizeStackTrace@3 (line 253)
                      ; - kotlin.jvm.internal.Intrinsics::throwJavaNpe@7 (line 45)
                      ; - kotlin.jvm.internal.Intrinsics::checkNotNull@4 (line 25)
                      ; - kotlin.coroutines.jvm.internal.BaseContinuationImpl::resumeWith@31 (line 31)
                      ;   {metadata({method} {0x000001de41415590} 'throwParameterIsNullNPE' '(Ljava/lang/String;)V' in 'kotlin/jvm/internal/Intrinsics')}
  0x000001de67241650: 0749 ba88 | 5541 41de | 0100 004c | 8954 2408 | 48c7 0424 | ffff ffff 

  0x000001de67241668: ;   {runtime_call counter_overflow Runtime1 stub}
  0x000001de67241668: e893 f713 

  0x000001de6724166c: ; ImmutableOopMap {[232]=Oop [248]=Oop }
                      ;*synchronization entry
                      ; - kotlin.jvm.internal.Intrinsics::throwParameterIsNullNPE@-1 (line 140)
                      ; - kotlin.jvm.internal.Intrinsics::checkNotNullParameter@5 (line 131)
                      ; - kotlin.coroutines.jvm.internal.DebugProbesKt::probeCoroutineResumed@3
                      ; - kotlin.coroutines.jvm.internal.BaseContinuationImpl::resumeWith@13 (line 29)
  0x000001de6724166c: 07e9 cbf4 

  0x000001de67241670: ;   {metadata(nullptr)}
  0x000001de67241670: ffff 48ba | 0000 0000 | 0000 0000 | b800 0f05 

  0x000001de67241680: ;   {runtime_call load_klass_patching Runtime1 stub}
  0x000001de67241680: 0ae8 fada 

  0x000001de67241684: ; ImmutableOopMap {[232]=Oop [248]=Oop }
                      ;*new {reexecute=1 rethrow=0 return_oop=0}
                      ; - (reexecute) kotlin.jvm.internal.Intrinsics::throwParameterIsNullNPE@0 (line 140)
                      ; - kotlin.jvm.internal.Intrinsics::checkNotNullParameter@5 (line 131)
                      ; - kotlin.coroutines.jvm.internal.DebugProbesKt::probeCoroutineResumed@3
                      ; - kotlin.coroutines.jvm.internal.BaseContinuationImpl::resumeWith@13 (line 29)
  0x000001de67241684: 1307 e9b5 | f4ff ff48 

  0x000001de6724168c: ;   {runtime_call fast_new_instance Runtime1 stub}
  0x000001de6724168c: 8bd2 e86d 

  0x000001de67241690: ; ImmutableOopMap {[232]=Oop [248]=Oop }
                      ;*new {reexecute=0 rethrow=0 return_oop=0}
                      ; - kotlin.jvm.internal.Intrinsics::throwParameterIsNullNPE@0 (line 140)
                      ; - kotlin.jvm.internal.Intrinsics::checkNotNullParameter@5 (line 131)
                      ; - kotlin.coroutines.jvm.internal.DebugProbesKt::probeCoroutineResumed@3
                      ; - kotlin.coroutines.jvm.internal.BaseContinuationImpl::resumeWith@13 (line 29)
  0x000001de67241690: 8713 07e9 | 04f5 ffff 

  0x000001de67241698: ;   {metadata({method} {0x000001de414164f8} 'sanitizeStackTrace' '(Ljava/lang/Throwable;)Ljava/lang/Throwable;' in 'kotlin/jvm/internal/Intrinsics')}
  0x000001de67241698: 49ba f064 | 4141 de01 | 0000 4c89 | 5424 0848 | c704 24ff 

  0x000001de672416ac: ;   {runtime_call counter_overflow Runtime1 stub}
  0x000001de672416ac: ffff ffe8 

  0x000001de672416b0: ; ImmutableOopMap {[232]=Oop [240]=Oop [248]=Oop }
                      ;*synchronization entry
                      ; - kotlin.jvm.internal.Intrinsics::sanitizeStackTrace@-1 (line 253)
                      ; - kotlin.jvm.internal.Intrinsics::throwParameterIsNullNPE@11 (line 140)
                      ; - kotlin.jvm.internal.Intrinsics::checkNotNullParameter@5 (line 131)
                      ; - kotlin.coroutines.jvm.internal.DebugProbesKt::probeCoroutineResumed@3
                      ; - kotlin.coroutines.jvm.internal.BaseContinuationImpl::resumeWith@13 (line 29)
  0x000001de672416b0: 4cf7 1307 | e98c f5ff 

  0x000001de672416b8: ;   {metadata({method} {0x000001de0046b368} 'getName' '()Ljava/lang/String;' in 'java/lang/Class')}
  0x000001de672416b8: ff49 ba60 | b346 00de | 0100 004c | 8954 2408 | 48c7 0424 | ffff ffff 

  0x000001de672416d0: ;   {runtime_call counter_overflow Runtime1 stub}
  0x000001de672416d0: e82b f713 

  0x000001de672416d4: ; ImmutableOopMap {rdx=Oop [232]=Oop [240]=Oop [248]=Oop }
                      ;*synchronization entry
                      ; - java.lang.Class::getName@-1 (line 949)
                      ; - kotlin.jvm.internal.Intrinsics::sanitizeStackTrace@3 (line 253)
                      ; - kotlin.jvm.internal.Intrinsics::throwParameterIsNullNPE@11 (line 140)
                      ; - kotlin.jvm.internal.Intrinsics::checkNotNullParameter@5 (line 131)
                      ; - kotlin.coroutines.jvm.internal.DebugProbesKt::probeCoroutineResumed@3
                      ; - kotlin.coroutines.jvm.internal.BaseContinuationImpl::resumeWith@13 (line 29)
  0x000001de672416d4: 07e9 b1f5 

  0x000001de672416d8: ;   {runtime_call throw_null_pointer_exception Runtime1 stub}
  0x000001de672416d8: ffff e821 

  0x000001de672416dc: ; ImmutableOopMap {[232]=Oop [240]=Oop [248]=Oop }
                      ;*getfield name {reexecute=1 rethrow=0 return_oop=0}
                      ; - (reexecute) java.lang.Class::getName@1 (line 949)
                      ; - kotlin.jvm.internal.Intrinsics::sanitizeStackTrace@3 (line 253)
                      ; - kotlin.jvm.internal.Intrinsics::throwParameterIsNullNPE@11 (line 140)
                      ; - kotlin.jvm.internal.Intrinsics::checkNotNullParameter@5 (line 131)
                      ; - kotlin.coroutines.jvm.internal.DebugProbesKt::probeCoroutineResumed@3
                      ; - kotlin.coroutines.jvm.internal.BaseContinuationImpl::resumeWith@13 (line 29)
                      ;   {runtime_call throw_null_pointer_exception Runtime1 stub}
  0x000001de672416dc: 7e13 07e8 

  0x000001de672416e0: ; ImmutableOopMap {rax=Oop rdi=Oop [176]=Oop }
                      ;*invokeinterface resumeWith {reexecute=0 rethrow=0 return_oop=0}
                      ; - kotlin.coroutines.jvm.internal.BaseContinuationImpl::resumeWith@114 (line 47)
  0x000001de672416e0: 1c7e 1307 

  0x000001de672416e4: ;   {internal_word}
  0x000001de672416e4: 49ba e40d | 2467 de01 | 0000 4d89 | 9760 0400 

  0x000001de672416f4: ;   {runtime_call SafepointBlob}
  0x000001de672416f4: 00e9 863d 

  0x000001de672416f8: ;   {internal_word}
  0x000001de672416f8: 0807 49ba | fa0d 2467 | de01 0000 | 4d89 9760 

  0x000001de67241708: ;   {runtime_call SafepointBlob}
  0x000001de67241708: 0400 00e9 | 703d 0807 | 4889 0424 

  0x000001de67241714: ;   {runtime_call throw_class_cast_exception Runtime1 stub}
  0x000001de67241714: e8e7 a913 

  0x000001de67241718: ; ImmutableOopMap {rdx=Oop [232]=Oop }
                      ;*checkcast {reexecute=0 rethrow=0 return_oop=0}
                      ; - kotlin.jvm.internal.Intrinsics::throwParameterIsNullNPE@14 (line 140)
                      ; - kotlin.jvm.internal.Intrinsics::checkNotNullParameter@5 (line 131)
                      ; - kotlin.coroutines.jvm.internal.DebugProbesKt::probeCoroutineResumed@3
                      ; - kotlin.coroutines.jvm.internal.BaseContinuationImpl::resumeWith@13 (line 29)
                      ;   {runtime_call throw_null_pointer_exception Runtime1 stub}
  0x000001de67241718: 07e8 e27d 

  0x000001de6724171c: ; ImmutableOopMap {rdx=Oop rax=Oop [232]=Oop }
                      ;*athrow {reexecute=1 rethrow=0 return_oop=0}
                      ; - (reexecute) kotlin.jvm.internal.Intrinsics::throwParameterIsNullNPE@17 (line 140)
                      ; - kotlin.jvm.internal.Intrinsics::checkNotNullParameter@5 (line 131)
                      ; - kotlin.coroutines.jvm.internal.DebugProbesKt::probeCoroutineResumed@3
                      ; - kotlin.coroutines.jvm.internal.BaseContinuationImpl::resumeWith@13 (line 29)
  0x000001de6724171c: 1307 4889 

  0x000001de67241720: ;   {runtime_call throw_class_cast_exception Runtime1 stub}
  0x000001de67241720: 0424 e8d9 

  0x000001de67241724: ; ImmutableOopMap {r8=Oop [168]=Oop [176]=Oop }
                      ;*checkcast {reexecute=0 rethrow=0 return_oop=0}
                      ; - kotlin.jvm.internal.Intrinsics::throwJavaNpe@10 (line 45)
                      ; - kotlin.jvm.internal.Intrinsics::checkNotNull@4 (line 25)
                      ; - kotlin.coroutines.jvm.internal.BaseContinuationImpl::resumeWith@31 (line 31)
                      ;   {runtime_call throw_null_pointer_exception Runtime1 stub}
  0x000001de67241724: a913 07e8 

  0x000001de67241728: ; ImmutableOopMap {r8=Oop rax=Oop [168]=Oop [176]=Oop }
                      ;*athrow {reexecute=1 rethrow=0 return_oop=0}
                      ; - (reexecute) kotlin.jvm.internal.Intrinsics::throwJavaNpe@13 (line 45)
                      ; - kotlin.jvm.internal.Intrinsics::checkNotNull@4 (line 25)
                      ; - kotlin.coroutines.jvm.internal.BaseContinuationImpl::resumeWith@31 (line 31)
  0x000001de67241728: d47d 1307 | 4889 0424 

  0x000001de67241730: ;   {runtime_call throw_class_cast_exception Runtime1 stub}
  0x000001de67241730: e8cb a913 

  0x000001de67241734: ; ImmutableOopMap {[168]=Oop [176]=Oop [208]=Oop }
                      ;*checkcast {reexecute=0 rethrow=0 return_oop=0}
                      ; - kotlin.jvm.internal.Intrinsics::throwParameterIsNullNPE@14 (line 140)
                      ; - kotlin.jvm.internal.Intrinsics::checkNotNullParameter@5 (line 131)
                      ; - kotlin.ResultKt::createFailure@3
                      ; - kotlin.coroutines.jvm.internal.BaseContinuationImpl::resumeWith@76 (line 38)
                      ;   {runtime_call throw_null_pointer_exception Runtime1 stub}
  0x000001de67241734: 07e8 c67d 

  0x000001de67241738: ; ImmutableOopMap {rax=Oop [168]=Oop [176]=Oop [208]=Oop }
                      ;*athrow {reexecute=1 rethrow=0 return_oop=0}
                      ; - (reexecute) kotlin.jvm.internal.Intrinsics::throwParameterIsNullNPE@17 (line 140)
                      ; - kotlin.jvm.internal.Intrinsics::checkNotNullParameter@5 (line 131)
                      ; - kotlin.ResultKt::createFailure@3
                      ; - kotlin.coroutines.jvm.internal.BaseContinuationImpl::resumeWith@76 (line 38)
  0x000001de67241738: 1307 4889 

  0x000001de6724173c: ;   {runtime_call throw_class_cast_exception Runtime1 stub}
  0x000001de6724173c: 0424 e8bd 

  0x000001de67241740: ; ImmutableOopMap {rsi=Oop rdi=Oop rbx=Oop rdx=Oop [176]=Oop }
                      ;*checkcast {reexecute=0 rethrow=0 return_oop=0}
                      ; - kotlin.jvm.internal.Intrinsics::throwParameterIsNullNPE@14 (line 140)
                      ; - kotlin.jvm.internal.Intrinsics::checkNotNullParameter@5 (line 131)
                      ; - kotlin.Result$Failure::<init>@3
                      ; - kotlin.ResultKt::createFailure@11 (line 122)
                      ; - kotlin.coroutines.jvm.internal.BaseContinuationImpl::resumeWith@76 (line 38)
                      ;   {runtime_call throw_null_pointer_exception Runtime1 stub}
  0x000001de67241740: a913 07e8 

  0x000001de67241744: ; ImmutableOopMap {rsi=Oop rdi=Oop rbx=Oop rdx=Oop rax=Oop [176]=Oop }
                      ;*athrow {reexecute=1 rethrow=0 return_oop=0}
                      ; - (reexecute) kotlin.jvm.internal.Intrinsics::throwParameterIsNullNPE@17 (line 140)
                      ; - kotlin.jvm.internal.Intrinsics::checkNotNullParameter@5 (line 131)
                      ; - kotlin.Result$Failure::<init>@3
                      ; - kotlin.ResultKt::createFailure@11 (line 122)
                      ; - kotlin.coroutines.jvm.internal.BaseContinuationImpl::resumeWith@76 (line 38)
  0x000001de67241744: b87d 1307 | 498b 87f8 | 0400 0049 | c787 f804 | 0000 0000 | 0000 49c7 | 8700 0500 | 0000 0000 
  0x000001de67241764: 0048 81c4 | 1001 0000 

  0x000001de6724176c: ;   {runtime_call unwind_exception Runtime1 stub}
  0x000001de6724176c: 5de9 8e6e | 1307 f4f4 | f4f4 f4f4 
[Stub Code]
  0x000001de67241778: ;   {no_reloc}
  0x000001de67241778: 0f1f 4400 

  0x000001de6724177c: ;   {static_stub}
  0x000001de6724177c: 0048 bb00 | 0000 0000 

  0x000001de67241784: ;   {runtime_call nmethod}
  0x000001de67241784: 0000 00e9 | fbff ffff 

  0x000001de6724178c: ;   {static_stub}
  0x000001de6724178c: 9048 bb00 | 0000 0000 

  0x000001de67241794: ;   {runtime_call nmethod}
  0x000001de67241794: 0000 00e9 | fbff ffff 

  0x000001de6724179c: ;   {static_stub}
  0x000001de6724179c: 9048 bb00 | 0000 0000 

  0x000001de672417a4: ;   {runtime_call nmethod}
  0x000001de672417a4: 0000 00e9 | fbff ffff 

  0x000001de672417ac: ;   {static_stub}
  0x000001de672417ac: 48bb 0000 | 0000 0000 

  0x000001de672417b4: ;   {runtime_call nmethod}
  0x000001de672417b4: 0000 e9fb 

  0x000001de672417b8: ;   {static_stub}
  0x000001de672417b8: ffff ff48 | bb00 0000 | 0000 0000 

  0x000001de672417c4: ;   {runtime_call nmethod}
  0x000001de672417c4: 00e9 fbff 

  0x000001de672417c8: ;   {static_stub}
  0x000001de672417c8: ffff 48bb | 0000 0000 | 0000 0000 

  0x000001de672417d4: ;   {runtime_call nmethod}
  0x000001de672417d4: e9fb ffff 

  0x000001de672417d8: ;   {static_stub}
  0x000001de672417d8: ff48 bb00 | 0000 0000 

  0x000001de672417e0: ;   {runtime_call nmethod}
  0x000001de672417e0: 0000 00e9 | fbff ffff 

  0x000001de672417e8: ;   {static_stub}
  0x000001de672417e8: 48bb 0000 | 0000 0000 

  0x000001de672417f0: ;   {runtime_call nmethod}
  0x000001de672417f0: 0000 e9fb 

  0x000001de672417f4: ;   {runtime_call handle_exception_from_callee Runtime1 stub}
  0x000001de672417f4: ffff ffe8 | 04a3 1307 

  0x000001de672417fc: ;   {external_word}
  0x000001de672417fc: 48b9 789b | e171 f97f | 0000 4883 

  0x000001de67241808: ;   {runtime_call}
  0x000001de67241808: e4f0 48b8 | d0e6 a371 | f97f 0000 

  0x000001de67241814: ;   {section_word}
  0x000001de67241814: ffd0 f449 | ba17 1824 | 67de 0100 

  0x000001de67241820: ;   {runtime_call DeoptimizationBlob}
  0x000001de67241820: 0041 52e9 | f82e 0807 
[/MachCode]


Compiled method (c1) 62641 2611   !   3       kotlinx.coroutines.DispatchedTask::run (387 bytes)
 total in heap  [0x000001de6721ba10,0x000001de67220dd8] = 21448
 relocation     [0x000001de6721bb70,0x000001de6721c090] = 1312
 main code      [0x000001de6721c0a0,0x000001de6721f128] = 12424
 stub code      [0x000001de6721f128,0x000001de6721f2f8] = 464
 oops           [0x000001de6721f2f8,0x000001de6721f318] = 32
 metadata       [0x000001de6721f318,0x000001de6721f3a8] = 144
 scopes data    [0x000001de6721f3a8,0x000001de6721fd10] = 2408
 scopes pcs     [0x000001de6721fd10,0x000001de672204a0] = 1936
 dependencies   [0x000001de672204a0,0x000001de672204b0] = 16
 handler table  [0x000001de672204b0,0x000001de67220d48] = 2200
 nul chk table  [0x000001de67220d48,0x000001de67220dd8] = 144

[Constant Pool (empty)]

[MachCode]
[Entry Point]
  # {method} {0x000001de415013b0} 'run' '()V' in 'kotlinx/coroutines/DispatchedTask'
  #           [sp+0x180]  (sp of caller)
  0x000001de6721c0a0: 448b 5208 | 49bb 0000 | 0000 de01 | 0000 4d03 | d34c 3bd0 

  0x000001de6721c0b4: ;   {runtime_call ic_miss_stub}
  0x000001de6721c0b4: 0f85 c626 | 0a07 660f | 1f44 0000 
[Verified Entry Point]
  0x000001de6721c0c0: e9bb b505 | 07ff ff55 | 4881 ec70 | 0100 0090 | 4181 7f20 | 3900 0000 

  0x000001de6721c0d8: ;   {runtime_call StubRoutines (final stubs)}
  0x000001de6721c0d8: 7405 e801 | a408 0748 | 8994 24b0 

  0x000001de6721c0e4: ;   {metadata(method data for {method} {0x000001de415013b0} 'run' '()V' in 'kotlinx/coroutines/DispatchedTask')}
  0x000001de6721c0e4: 0000 0048 | be80 2ddb | 42de 0100 | 008b becc | 0000 0083 | c702 89be | cc00 0000 | 81e7 fe07 
  0x000001de6721c104: 0000 85ff | 0f84 8c29 

  0x000001de6721c10c: ;   {metadata(method data for {method} {0x000001de415013b0} 'run' '()V' in 'kotlinx/coroutines/DispatchedTask')}
  0x000001de6721c10c: 0000 48be | 802d db42 | de01 0000 | 4883 8610 | 0100 0001 

  0x000001de6721c120: ;   {metadata(method data for {method} {0x000001de414de438} 'getASSERTIONS_ENABLED' '()Z' in 'kotlinx/coroutines/DebugKt')}
  0x000001de6721c120: 48be 7850 | 6942 de01 | 0000 8bbe | cc00 0000 | 83c7 0289 | becc 0000 | 0081 e7fe | ff1f 0085 
  0x000001de6721c140: ff0f 8474 

  0x000001de6721c144: ;   {metadata(method data for {method} {0x000001de415013b0} 'run' '()V' in 'kotlinx/coroutines/DispatchedTask')}
  0x000001de6721c144: 2900 0048 | be80 2ddb | 42de 0100 | 00ff 8620 | 0100 0048 

  0x000001de6721c158: ;   {metadata(method data for {method} {0x000001de415013b0} 'run' '()V' in 'kotlinx/coroutines/DispatchedTask')}
  0x000001de6721c158: 8bf2 48bf | 802d db42 | de01 0000 | 8b76 0849 | ba00 0000 | 00de 0100 | 0049 03f2 | 483b b7b8 
  0x000001de6721c178: 0100 0075 | 0d48 8387 | c001 0000 | 01e9 6000 | 0000 483b | b7c8 0100 | 0075 0d48 | 8387 d001 
  0x000001de6721c198: 0000 01e9 | 4a00 0000 | 4883 bfb8 | 0100 0000 | 7517 4889 | b7b8 0100 | 0048 c787 | c001 0000 
  0x000001de6721c1b8: 0100 0000 | e929 0000 | 0048 83bf | c801 0000 | 0075 1748 | 89b7 c801 | 0000 48c7 | 87d0 0100 
  0x000001de6721c1d8: 0001 0000 | 00e9 0800 | 0000 4883 | 87a8 0100 | 0001 488b | f248 8bd6 | 0f1f 4400 | 0048 b8ff 
  0x000001de6721c1f8: ffff ffff 

  0x000001de6721c1fc: ;   {virtual_call}
  0x000001de6721c1fc: ffff ffe8 

  0x000001de6721c200: ; ImmutableOopMap {[176]=Oop }
                      ;*invokevirtual getDelegate$kotlinx_coroutines_core {reexecute=0 rethrow=0 return_oop=0}
                      ; - kotlinx.coroutines.DispatchedTask::run@34 (line 80)
  0x000001de6721c200: 8490 1607 

  0x000001de6721c204: ;   {other}
  0x000001de6721c204: 0f1f 8400 | f407 0000 | 4889 8424 | b800 0000 

  0x000001de6721c214: ;   {metadata(method data for {method} {0x000001de415013b0} 'run' '()V' in 'kotlinx/coroutines/DispatchedTask')}
  0x000001de6721c214: 48ba 802d | db42 de01 | 0000 4883 | 82e0 0100 

  0x000001de6721c224: ;   {metadata(method data for {method} {0x000001de41414498} 'checkNotNull' '(Ljava/lang/Object;Ljava/lang/String;)V' in 'kotlin/jvm/internal/Intrinsics')}
  0x000001de6721c224: 0001 48ba | d8cd ed41 | de01 0000 | 8bb2 cc00 | 0000 83c6 | 0289 b2cc | 0000 0081 | e6fe ff1f 
  0x000001de6721c244: 0085 f60f | 848f 2800 | 0048 85c0 

  0x000001de6721c250: ;   {metadata(method data for {method} {0x000001de41414498} 'checkNotNull' '(Ljava/lang/Object;Ljava/lang/String;)V' in 'kotlin/jvm/internal/Intrinsics')}
  0x000001de6721c250: 48ba d8cd | ed41 de01 | 0000 48c7 | c610 0100 | 0075 0748 | c7c6 2001 | 0000 488b | 3c32 488d 
  0x000001de6721c270: 7f01 4889 | 3c32 0f85 | e001 0000 

  0x000001de6721c27c: ;   {metadata(method data for {method} {0x000001de41414498} 'checkNotNull' '(Ljava/lang/Object;Ljava/lang/String;)V' in 'kotlin/jvm/internal/Intrinsics')}
  0x000001de6721c27c: 48ba d8cd | ed41 de01 | 0000 4883 | 8230 0100 

  0x000001de6721c28c: ;   {metadata(method data for {method} {0x000001de41414768} 'throwJavaNpe' '(Ljava/lang/String;)V' in 'kotlin/jvm/internal/Intrinsics')}
  0x000001de6721c28c: 0001 48ba | 60cf ed41 | de01 0000 | 8bb2 cc00 | 0000 83c6 | 0289 b2cc | 0000 0081 | e6fe ff1f 
  0x000001de6721c2ac: 0085 f60f | 8448 2800 | 0066 6690 

  0x000001de6721c2b8: ;   {no_reloc}
  0x000001de6721c2b8: e970 2800 | 0000 0000 | 0000 498b | 87b8 0100 | 0048 8d78 | 3049 3bbf | c801 0000 | 0f87 5d28 
  0x000001de6721c2d8: 0000 4989 | bfb8 0100 | 0048 c700 | 0100 0000 | 488b ca49 | ba00 0000 | 00de 0100 | 0049 2bca 
  0x000001de6721c2f8: 8948 0848 | 33c9 8948 | 0c48 33c9 | 4889 4810 | 4889 4818 | 4889 4820 | 4889 4828 

  0x000001de6721c314: ;   {metadata(method data for {method} {0x000001de41414768} 'throwJavaNpe' '(Ljava/lang/String;)V' in 'kotlin/jvm/internal/Intrinsics')}
  0x000001de6721c314: 4c8b c048 | ba60 cfed | 41de 0100 | 0048 8382 | 1001 0000 

  0x000001de6721c328: ;   {oop("null cannot be cast to non-null type kotlinx.coroutines.internal.DispatchedContinuation<T of kotlinx.coroutines.DispatchedTask>"{0x00000007fff087d0})}
  0x000001de6721c328: 0149 b8d0 | 87f0 ff07 | 0000 0048 | 8bd0 4889 | 8424 c000 

  0x000001de6721c33c: ;   {optimized virtual_call}
  0x000001de6721c33c: 0000 90e8 

  0x000001de6721c340: ; ImmutableOopMap {[176]=Oop [184]=Oop [192]=Oop }
                      ;*invokespecial <init> {reexecute=0 rethrow=0 return_oop=0}
                      ; - kotlin.jvm.internal.Intrinsics::throwJavaNpe@5 (line 50)
                      ; - kotlin.jvm.internal.Intrinsics::checkNotNull@5 (line 31)
                      ; - kotlinx.coroutines.DispatchedTask::run@40 (line 80)
  0x000001de6721c340: 3c27 0a07 

  0x000001de6721c344: ;   {other}
  0x000001de6721c344: 0f1f 8400 | 3409 0001 

  0x000001de6721c34c: ;   {metadata(method data for {method} {0x000001de41414768} 'throwJavaNpe' '(Ljava/lang/String;)V' in 'kotlin/jvm/internal/Intrinsics')}
  0x000001de6721c34c: 48ba 60cf | ed41 de01 | 0000 4883 | 8220 0100 

  0x000001de6721c35c: ;   {metadata(method data for {method} {0x000001de414164f8} 'sanitizeStackTrace' '(Ljava/lang/Throwable;)Ljava/lang/Throwable;' in 'kotlin/jvm/internal/Intrinsics')}
  0x000001de6721c35c: 0001 48ba | e0cb 5b41 | de01 0000 | 8bb2 cc00 | 0000 83c6 | 0289 b2cc | 0000 0081 | e6fe ff1f 
  0x000001de6721c37c: 0085 f60f | 84bf 2700 

  0x000001de6721c384: ;   {oop(a 'java/lang/Class'{0x0000000701a85f60} = 'kotlin/jvm/internal/Intrinsics')}
  0x000001de6721c384: 0048 ba60 | 5fa8 0107 | 0000 0048 

  0x000001de6721c390: ;   {metadata(method data for {method} {0x000001de414164f8} 'sanitizeStackTrace' '(Ljava/lang/Throwable;)Ljava/lang/Throwable;' in 'kotlin/jvm/internal/Intrinsics')}
  0x000001de6721c390: 8bf2 48bf | e0cb 5b41 | de01 0000 | 4883 8710 | 0100 0001 

  0x000001de6721c3a4: ;   {metadata(method data for {method} {0x000001de0046b368} 'getName' '()Ljava/lang/String;' in 'java/lang/Class')}
  0x000001de6721c3a4: 48be 9078 | 0341 de01 | 0000 8bbe | cc00 0000 | 83c7 0289 | becc 0000 | 0081 e7fe | ff1f 0085 
  0x000001de6721c3c4: ff0f 849a | 2700 008b | 522c 48c1 | e203 4885 

  0x000001de6721c3d4: ;   {metadata(method data for {method} {0x000001de0046b368} 'getName' '()Ljava/lang/String;' in 'java/lang/Class')}
  0x000001de6721c3d4: d248 be90 | 7803 41de | 0100 0048 | c7c7 1001 | 0000 7407 | 48c7 c720 | 0100 0048 | 8b1c 3e48 
  0x000001de6721c3f4: 8d5b 0148 | 891c 3e0f | 8418 0000 

  0x000001de6721c400: ;   {metadata(method data for {method} {0x000001de0046b368} 'getName' '()Ljava/lang/String;' in 'java/lang/Class')}
  0x000001de6721c400: 0048 be90 | 7803 41de | 0100 00ff | 8630 0100 | 0048 8bf2 | e936 0000 

  0x000001de6721c418: ;   {oop(a 'java/lang/Class'{0x0000000701a85f60} = 'kotlin/jvm/internal/Intrinsics')}
  0x000001de6721c418: 0048 ba60 | 5fa8 0107 | 0000 0048 

  0x000001de6721c424: ;   {metadata(method data for {method} {0x000001de0046b368} 'getName' '()Ljava/lang/String;' in 'java/lang/Class')}
  0x000001de6721c424: 8bf2 48bf | 9078 0341 | de01 0000 | 4883 8748 | 0100 0001 | 0f1f 8000 

  0x000001de6721c43c: ;   {optimized virtual_call}
  0x000001de6721c43c: 0000 00e8 

  0x000001de6721c440: ; ImmutableOopMap {[176]=Oop [184]=Oop [192]=Oop }
                      ;*invokevirtual initClassName {reexecute=0 rethrow=0 return_oop=0}
                      ; - java.lang.Class::getName@14 (line 950)
                      ; - kotlin.jvm.internal.Intrinsics::sanitizeStackTrace@3 (line 253)
                      ; - kotlin.jvm.internal.Intrinsics::throwJavaNpe@8 (line 50)
                      ; - kotlin.jvm.internal.Intrinsics::checkNotNull@5 (line 31)
                      ; - kotlinx.coroutines.DispatchedTask::run@40 (line 80)
  0x000001de6721c440: 3c26 0a07 

  0x000001de6721c444: ;   {other}
  0x000001de6721c444: 0f1f 8400 | 340a 0002 | 488b f048 | 8b84 24c0 | 0000 00e9 | 3022 0000 | 4885 c075 

  0x000001de6721c460: ;   {metadata(method data for {method} {0x000001de415013b0} 'run' '()V' in 'kotlinx/coroutines/DispatchedTask')}
  0x000001de6721c460: 1648 bf80 | 2ddb 42de | 0100 0080 | 8fe9 0100 | 0001 e9cc 

  0x000001de6721c474: ;   {metadata('kotlinx/coroutines/internal/DispatchedContinuation')}
  0x000001de6721c474: 0000 0048 | bba8 d008 | 01de 0100 | 008b 7008 | 49ba 0000 | 0000 de01 | 0000 4903 | f248 3bde 
  0x000001de6721c494: 0f85 8d00 

  0x000001de6721c498: ;   {metadata(method data for {method} {0x000001de415013b0} 'run' '()V' in 'kotlinx/coroutines/DispatchedTask')}
  0x000001de6721c498: 0000 48bf | 802d db42 | de01 0000 | 8b58 0849 | ba00 0000 | 00de 0100 | 0049 03da | 483b 9f00 
  0x000001de6721c4b8: 0200 0075 | 0d48 8387 | 0802 0000 | 01e9 7900 | 0000 483b | 9f10 0200 | 0075 0d48 | 8387 1802 
  0x000001de6721c4d8: 0000 01e9 | 6300 0000 | 4883 bf00 | 0200 0000 | 7517 4889 | 9f00 0200 | 0048 c787 | 0802 0000 
  0x000001de6721c4f8: 0100 0000 | e942 0000 | 0048 83bf | 1002 0000 | 0075 1748 | 899f 1002 | 0000 48c7 | 8718 0200 
  0x000001de6721c518: 0001 0000 | 00e9 2100 | 0000 e91c 

  0x000001de6721c524: ;   {metadata(method data for {method} {0x000001de415013b0} 'run' '()V' in 'kotlinx/coroutines/DispatchedTask')}
  0x000001de6721c524: 0000 0048 | bf80 2ddb | 42de 0100 | 0048 83af | f001 0000 | 01e9 4d26 | 0000 e900 | 0000 0048 
  0x000001de6721c544: 8bd0 8b72 | 2048 c1e6 | 038b 7a28 | 48c1 e703 

  0x000001de6721c554: ; implicit exception: dispatches to 0x000001de6721eb99
  0x000001de6721c554: 483b 0648 

  0x000001de6721c558: ;   {metadata(method data for {method} {0x000001de415013b0} 'run' '()V' in 'kotlinx/coroutines/DispatchedTask')}
  0x000001de6721c558: 8bd6 48bb | 802d db42 | de01 0000 | 8b52 0849 | ba00 0000 | 00de 0100 | 0049 03d2 | 483b 9338 
  0x000001de6721c578: 0200 0075 | 0d48 8383 | 4002 0000 | 01e9 6000 | 0000 483b | 9348 0200 | 0075 0d48 | 8383 5002 
  0x000001de6721c598: 0000 01e9 | 4a00 0000 | 4883 bb38 | 0200 0000 | 7517 4889 | 9338 0200 | 0048 c783 | 4002 0000 
  0x000001de6721c5b8: 0100 0000 | e929 0000 | 0048 83bb | 4802 0000 | 0075 1748 | 8993 4802 | 0000 48c7 | 8350 0200 
  0x000001de6721c5d8: 0001 0000 | 00e9 0800 | 0000 4883 | 8328 0200 | 0001 488b | d648 89b4 | 24d0 0000 | 0048 89bc 
  0x000001de6721c5f8: 24c8 0000 | 0048 b830 | 737f 4bde 

  0x000001de6721c604: ;   {virtual_call}
  0x000001de6721c604: 0100 00e8 

  0x000001de6721c608: ; ImmutableOopMap {[176]=Oop [200]=Oop [208]=Oop }
                      ;*invokeinterface getContext {reexecute=0 rethrow=0 return_oop=0}
                      ; - kotlinx.coroutines.DispatchedTask::run@61 (line 222)
  0x000001de6721c608: 1484 1607 

  0x000001de6721c60c: ;   {other}
  0x000001de6721c60c: 0f1f 8400 | fc0b 0003 

  0x000001de6721c614: ;   {metadata(method data for {method} {0x000001de415013b0} 'run' '()V' in 'kotlinx/coroutines/DispatchedTask')}
  0x000001de6721c614: 48ba 802d | db42 de01 | 0000 4883 | 8260 0200 | 0001 488b | d04c 8b84 | 24c8 0000 | 0048 8984 
  0x000001de6721c634: 24d8 0000 | 0066 0f1f 

  0x000001de6721c63c: ;   {static_call}
  0x000001de6721c63c: 4400 00e8 

  0x000001de6721c640: ; ImmutableOopMap {[176]=Oop [208]=Oop [216]=Oop }
                      ;*invokestatic updateThreadContext {reexecute=0 rethrow=0 return_oop=0}
                      ; - kotlinx.coroutines.DispatchedTask::run@71 (line 223)
  0x000001de6721c640: 9ccf ffff 

  0x000001de6721c644: ;   {other}
  0x000001de6721c644: 0f1f 8400 | 340c 0004 

  0x000001de6721c64c: ;   {oop(a 'kotlinx/coroutines/internal/Symbol'{0x00000007ffef1c10})}
  0x000001de6721c64c: 49ba 101c | efff 0700 | 0000 493b 

  0x000001de6721c658: ;   {metadata(method data for {method} {0x000001de415013b0} 'run' '()V' in 'kotlinx/coroutines/DispatchedTask')}
  0x000001de6721c658: c248 ba80 | 2ddb 42de | 0100 0049 | c7c0 7002 | 0000 7407 | 49c7 c080 | 0200 004e | 8b0c 024d 
  0x000001de6721c678: 8d49 014e | 890c 020f | 8454 0000 

  0x000001de6721c684: ;   {metadata(method data for {method} {0x000001de415013b0} 'run' '()V' in 'kotlinx/coroutines/DispatchedTask')}
  0x000001de6721c684: 0048 ba80 | 2ddb 42de | 0100 0048 | 8382 9002 | 0000 0148 | 8b94 24d0 | 0000 004c | 8b84 24d8 
  0x000001de6721c6a4: 0000 004c | 8bc8 4889 | 8424 e000 | 0000 0f1f 

  0x000001de6721c6b4: ;   {static_call}
  0x000001de6721c6b4: 4400 00e8 

  0x000001de6721c6b8: ; ImmutableOopMap {[176]=Oop [208]=Oop [216]=Oop [224]=Oop }
                      ;*invokestatic updateUndispatchedCompletion {reexecute=0 rethrow=0 return_oop=0}
                      ; - kotlinx.coroutines.DispatchedTask::run@89 (line 226)
  0x000001de6721c6b8: c429 0a07 

  0x000001de6721c6bc: ;   {other}
  0x000001de6721c6bc: 0f1f 8400 | ac0c 0005 

  0x000001de6721c6c4: ;   {metadata(method data for {method} {0x000001de415013b0} 'run' '()V' in 'kotlinx/coroutines/DispatchedTask')}
  0x000001de6721c6c4: 48ba 802d | db42 de01 | 0000 ff82 | a002 0000 | e912 0000 | 0048 8984 | 24e0 0000 

  0x000001de6721c6e0: ;   {oop(nullptr)}
  0x000001de6721c6e0: 0048 b800 | 0000 0000 | 0000 0048 | 8984 24e8 | 0000 0048 | 8bb4 24d0 

  0x000001de6721c6f8: ;   {metadata(method data for {method} {0x000001de415013b0} 'run' '()V' in 'kotlinx/coroutines/DispatchedTask')}
  0x000001de6721c6f8: 0000 0048 | ba80 2ddb | 42de 0100 | 008b 7608 | 49ba 0000 | 0000 de01 | 0000 4903 | f248 3bb2 
  0x000001de6721c718: c802 0000 | 750d 4883 | 82d0 0200 | 0001 e960 | 0000 0048 | 3bb2 d802 | 0000 750d | 4883 82e0 
  0x000001de6721c738: 0200 0001 | e94a 0000 | 0048 83ba | c802 0000 | 0075 1748 | 89b2 c802 | 0000 48c7 | 82d0 0200 
  0x000001de6721c758: 0001 0000 | 00e9 2900 | 0000 4883 | bad8 0200 | 0000 7517 | 4889 b2d8 | 0200 0048 | c782 e002 
  0x000001de6721c778: 0000 0100 | 0000 e908 | 0000 0048 | 8382 b802 | 0000 0148 | 8b94 24d0 | 0000 0066 | 9048 b800 
  0x000001de6721c798: 767f 4bde 

  0x000001de6721c79c: ;   {virtual_call}
  0x000001de6721c79c: 0100 00e8 

  0x000001de6721c7a0: ; ImmutableOopMap {[176]=Oop [208]=Oop [216]=Oop [224]=Oop [232]=Oop }
                      ;*invokeinterface getContext {reexecute=0 rethrow=0 return_oop=0}
                      ; - kotlinx.coroutines.DispatchedTask::run@103 (line 83)
  0x000001de6721c7a0: 7c82 1607 

  0x000001de6721c7a4: ;   {other}
  0x000001de6721c7a4: 0f1f 8400 | 940d 0006 | 488b 9424 | b000 0000 

  0x000001de6721c7b4: ;   {metadata(method data for {method} {0x000001de415013b0} 'run' '()V' in 'kotlinx/coroutines/DispatchedTask')}
  0x000001de6721c7b4: 48be 802d | db42 de01 | 0000 8b52 | 0849 ba00 | 0000 00de | 0100 0049 | 03d2 483b | 9600 0300 
  0x000001de6721c7d4: 0075 0d48 | 8386 0803 | 0000 01e9 | 6000 0000 | 483b 9610 | 0300 0075 | 0d48 8386 | 1803 0000 
  0x000001de6721c7f4: 01e9 4a00 | 0000 4883 | be00 0300 | 0000 7517 | 4889 9600 | 0300 0048 | c786 0803 | 0000 0100 
  0x000001de6721c814: 0000 e929 | 0000 0048 | 83be 1003 | 0000 0075 | 1748 8996 | 1003 0000 | 48c7 8618 | 0300 0001 
  0x000001de6721c834: 0000 00e9 | 0800 0000 | 4883 86f0 | 0200 0001 | 488b 9424 | b000 0000 | 4889 8424 | f000 0000 
  0x000001de6721c854: 9048 b8ff | ffff ffff 

  0x000001de6721c85c: ;   {virtual_call}
  0x000001de6721c85c: ffff ffe8 

  0x000001de6721c860: ; ImmutableOopMap {[176]=Oop [208]=Oop [216]=Oop [224]=Oop [232]=Oop [240]=Oop }
                      ;*invokevirtual takeState$kotlinx_coroutines_core {reexecute=0 rethrow=0 return_oop=0}
                      ; - kotlinx.coroutines.DispatchedTask::run@111 (line 84)
  0x000001de6721c860: cc84 1607 

  0x000001de6721c864: ;   {other}
  0x000001de6721c864: 0f1f 8400 | 540e 0007 | 4889 8424 | f800 0000 | 488b 9424 | b000 0000 

  0x000001de6721c87c: ;   {metadata(method data for {method} {0x000001de415013b0} 'run' '()V' in 'kotlinx/coroutines/DispatchedTask')}
  0x000001de6721c87c: 49b8 802d | db42 de01 | 0000 8b52 | 0849 ba00 | 0000 00de | 0100 0049 | 03d2 493b | 9038 0300 
  0x000001de6721c89c: 0075 0d49 | 8380 4003 | 0000 01e9 | 6000 0000 | 493b 9048 | 0300 0075 | 0d49 8380 | 5003 0000 
  0x000001de6721c8bc: 01e9 4a00 | 0000 4983 | b838 0300 | 0000 7517 | 4989 9038 | 0300 0049 | c780 4003 | 0000 0100 
  0x000001de6721c8dc: 0000 e929 | 0000 0049 | 83b8 4803 | 0000 0075 | 1749 8990 | 4803 0000 | 49c7 8050 | 0300 0001 
  0x000001de6721c8fc: 0000 00e9 | 0800 0000 | 4983 8028 | 0300 0001 | 4c8b c048 | 8b94 24b0 | 0000 0066 | 0f1f 4400 
  0x000001de6721c91c: 0048 b8ff | ffff ffff 

  0x000001de6721c924: ;   {virtual_call}
  0x000001de6721c924: ffff ffe8 

  0x000001de6721c928: ; ImmutableOopMap {[176]=Oop [208]=Oop [216]=Oop [224]=Oop [232]=Oop [240]=Oop [248]=Oop }
                      ;*invokevirtual getExceptionalResult$kotlinx_coroutines_core {reexecute=0 rethrow=0 return_oop=0}
                      ; - kotlinx.coroutines.DispatchedTask::run@119 (line 85)
  0x000001de6721c928: 4c85 1607 

  0x000001de6721c92c: ;   {other}
  0x000001de6721c92c: 0f1f 8400 | 1c0f 0008 | 4889 8424 | 0001 0000 

  0x000001de6721c93c: ;   {metadata(method data for {method} {0x000001de415013b0} 'run' '()V' in 'kotlinx/coroutines/DispatchedTask')}
  0x000001de6721c93c: 4885 c049 | b880 2ddb | 42de 0100 | 0048 c7c2 | 6003 0000 | 7507 48c7 | c270 0300 | 0049 8b34 
  0x000001de6721c95c: 1048 8d76 | 0149 8934 | 1048 8b94 | 24b0 0000 | 000f 85f2 | 0000 0044 

  0x000001de6721c974: ;   {metadata(method data for {method} {0x000001de415013b0} 'run' '()V' in 'kotlinx/coroutines/DispatchedTask')}
  0x000001de6721c974: 8b42 1848 | be80 2ddb | 42de 0100 | 0048 8386 | 8003 0000 

  0x000001de6721c988: ;   {metadata(method data for {method} {0x000001de4151b7c0} 'isCancellableMode' '(I)Z' in 'kotlinx/coroutines/DispatchedTaskKt')}
  0x000001de6721c988: 0148 be88 | 4dd0 42de | 0100 008b | becc 0000 | 0083 c702 | 89be cc00 | 0000 81e7 | feff 1f00 
  0x000001de6721c9a8: 85ff 0f84 | ee21 0000 | 4183 f801 

  0x000001de6721c9b4: ;   {metadata(method data for {method} {0x000001de4151b7c0} 'isCancellableMode' '(I)Z' in 'kotlinx/coroutines/DispatchedTaskKt')}
  0x000001de6721c9b4: 48be 884d | d042 de01 | 0000 48c7 | c710 0100 | 0074 0748 | c7c7 2001 | 0000 488b | 1c3e 488d 
  0x000001de6721c9d4: 5b01 4889 | 1c3e 0f84 | 3000 0000 | 4183 f802 

  0x000001de6721c9e4: ;   {metadata(method data for {method} {0x000001de4151b7c0} 'isCancellableMode' '(I)Z' in 'kotlinx/coroutines/DispatchedTaskKt')}
  0x000001de6721c9e4: 49b8 884d | d042 de01 | 0000 48c7 | c630 0100 | 0075 0748 | c7c6 4001 | 0000 498b | 3c30 488d 
  0x000001de6721ca04: 7f01 4989 | 3c30 0f85 | 1c00 0000 

  0x000001de6721ca10: ;   {metadata(method data for {method} {0x000001de4151b7c0} 'isCancellableMode' '(I)Z' in 'kotlinx/coroutines/DispatchedTaskKt')}
  0x000001de6721ca10: 49b8 884d | d042 de01 | 0000 41ff | 8050 0100 | 0041 b801 | 0000 00e9 | 0600 0000 | 41b8 0000 
  0x000001de6721ca30: 0000 4183 | e001 4585 

  0x000001de6721ca38: ;   {metadata(method data for {method} {0x000001de415013b0} 'run' '()V' in 'kotlinx/coroutines/DispatchedTask')}
  0x000001de6721ca38: c049 b880 | 2ddb 42de | 0100 0048 | c7c6 a003 | 0000 7507 | 48c7 c690 | 0300 0049 | 8b3c 3048 
  0x000001de6721ca58: 8d7f 0149 | 893c 300f | 850f 0000 

  0x000001de6721ca64: ;   {oop(nullptr)}
  0x000001de6721ca64: 0048 be00 | 0000 0000 | 0000 00e9 | e001 0000 | 488b 8424 | f000 0000 

  0x000001de6721ca7c: ; implicit exception: dispatches to 0x000001de6721ebbf
  0x000001de6721ca7c: 483b 004c 

  0x000001de6721ca80: ;   {metadata(method data for {method} {0x000001de415013b0} 'run' '()V' in 'kotlinx/coroutines/DispatchedTask')}
  0x000001de6721ca80: 8bc0 48bf | 802d db42 | de01 0000 | 458b 4008 | 49ba 0000 | 0000 de01 | 0000 4d03 | c24c 3b87 
  0x000001de6721caa0: f803 0000 | 750d 4883 | 8700 0400 | 0001 e960 | 0000 004c | 3b87 0804 | 0000 750d | 4883 8710 
  0x000001de6721cac0: 0400 0001 | e94a 0000 | 0048 83bf | f803 0000 | 0075 174c | 8987 f803 | 0000 48c7 | 8700 0400 
  0x000001de6721cae0: 0001 0000 | 00e9 2900 | 0000 4883 | bf08 0400 | 0000 7517 | 4c89 8708 | 0400 0048 | c787 1004 
  0x000001de6721cb00: 0000 0100 | 0000 e908 | 0000 0048 | 8387 e803 

  0x000001de6721cb10: ;   {oop(a 'kotlinx/coroutines/Job$Key'{0x00000007fff49ec0})}
  0x000001de6721cb10: 0000 0149 | b8c0 9ef4 | ff07 0000 | 0048 8bd0 | 0f1f 4400 | 0048 b840 | 7d08 01de 

  0x000001de6721cb2c: ;   {virtual_call}
  0x000001de6721cb2c: 0100 00e8 

  0x000001de6721cb30: ; ImmutableOopMap {[176]=Oop [208]=Oop [216]=Oop [224]=Oop [232]=Oop [248]=Oop [256]=Oop }
                      ;*invokeinterface get {reexecute=0 rethrow=0 return_oop=0}
                      ; - kotlinx.coroutines.DispatchedTask::run@147 (line 91)
  0x000001de6721cb30: 8c38 7907 

  0x000001de6721cb34: ;   {other}
  0x000001de6721cb34: 0f1f 8400 | 2411 0009 | 4885 c075 

  0x000001de6721cb40: ;   {metadata(method data for {method} {0x000001de415013b0} 'run' '()V' in 'kotlinx/coroutines/DispatchedTask')}
  0x000001de6721cb40: 1648 bf80 | 2ddb 42de | 0100 0080 | 8f19 0400 | 0001 e9e7 

  0x000001de6721cb54: ;   {metadata('kotlinx/coroutines/Job')}
  0x000001de6721cb54: 0000 0048 | bb18 5608 | 01de 0100 | 008b 7808 | 49ba 0000 | 0000 de01 | 0000 4903 | fa48 3b5f 
  0x000001de6721cb74: 200f 841a | 0000 0048 | 3bfb 0f84 | 1100 0000 

  0x000001de6721cb84: ;   {runtime_call slow_subtype_check Runtime1 stub}
  0x000001de6721cb84: 5753 e875 | ff15 075f | 5f85 ff0f | 848d 0000 

  0x000001de6721cb94: ;   {metadata(method data for {method} {0x000001de415013b0} 'run' '()V' in 'kotlinx/coroutines/DispatchedTask')}
  0x000001de6721cb94: 0048 bf80 | 2ddb 42de | 0100 008b | 5808 49ba | 0000 0000 | de01 0000 | 4903 da48 | 3b9f 3004 
  0x000001de6721cbb4: 0000 750d | 4883 8738 | 0400 0001 | e979 0000 | 0048 3b9f | 4004 0000 | 750d 4883 | 8748 0400 
  0x000001de6721cbd4: 0001 e963 | 0000 0048 | 83bf 3004 | 0000 0075 | 1748 899f | 3004 0000 | 48c7 8738 | 0400 0001 
  0x000001de6721cbf4: 0000 00e9 | 4200 0000 | 4883 bf40 | 0400 0000 | 7517 4889 | 9f40 0400 | 0048 c787 | 4804 0000 
  0x000001de6721cc14: 0100 0000 | e921 0000 | 00e9 1c00 

  0x000001de6721cc20: ;   {metadata(method data for {method} {0x000001de415013b0} 'run' '()V' in 'kotlinx/coroutines/DispatchedTask')}
  0x000001de6721cc20: 0000 48bf | 802d db42 | de01 0000 | 4883 af20 | 0400 0001 | e98b 1f00 | 00e9 0000 | 0000 488b 
  0x000001de6721cc40: ;   {metadata(method data for {method} {0x000001de415013b0} 'run' '()V' in 'kotlinx/coroutines/DispatchedTask')}
  0x000001de6721cc40: d048 be80 | 2ddb 42de | 0100 00ff | 8658 0400 | 0048 8bf2 

  0x000001de6721cc54: ;   {metadata(method data for {method} {0x000001de415013b0} 'run' '()V' in 'kotlinx/coroutines/DispatchedTask')}
  0x000001de6721cc54: 4885 f648 | ba80 2ddb | 42de 0100 | 0048 c7c7 | 7004 0000 | 7407 48c7 | c780 0400 | 0048 8b1c 
  0x000001de6721cc74: 3a48 8d5b | 0148 891c | 3a0f 84e7 | 0000 0048 | 3b06 488b 

  0x000001de6721cc88: ;   {metadata(method data for {method} {0x000001de415013b0} 'run' '()V' in 'kotlinx/coroutines/DispatchedTask')}
  0x000001de6721cc88: d648 bf80 | 2ddb 42de | 0100 008b | 5208 49ba | 0000 0000 | de01 0000 | 4903 d248 | 3b97 a004 
  0x000001de6721cca8: 0000 750d | 4883 87a8 | 0400 0001 | e960 0000 | 0048 3b97 | b004 0000 | 750d 4883 | 87b8 0400 
  0x000001de6721ccc8: 0001 e94a | 0000 0048 | 83bf a004 | 0000 0075 | 1748 8997 | a004 0000 | 48c7 87a8 | 0400 0001 
  0x000001de6721cce8: 0000 00e9 | 2900 0000 | 4883 bfb0 | 0400 0000 | 7517 4889 | 97b0 0400 | 0048 c787 | b804 0000 
  0x000001de6721cd08: 0100 0000 | e908 0000 | 0048 8387 | 9004 0000 | 0148 8bd6 | 4889 b424 | 0801 0000 | 9048 b8e0 
  0x000001de6721cd28: e776 4ede 

  0x000001de6721cd2c: ;   {virtual_call}
  0x000001de6721cd2c: 0100 00e8 

  0x000001de6721cd30: ; ImmutableOopMap {[176]=Oop [208]=Oop [216]=Oop [224]=Oop [232]=Oop [248]=Oop [256]=Oop [264]=Oop }
                      ;*invokeinterface isActive {reexecute=0 rethrow=0 return_oop=0}
                      ; - kotlinx.coroutines.DispatchedTask::run@168 (line 92)
  0x000001de6721cd30: 5c22 3207 

  0x000001de6721cd34: ;   {other}
  0x000001de6721cd34: 0f1f 8400 | 2413 000a 

  0x000001de6721cd3c: ;   {metadata(method data for {method} {0x000001de415013b0} 'run' '()V' in 'kotlinx/coroutines/DispatchedTask')}
  0x000001de6721cd3c: 85c0 48ba | 802d db42 | de01 0000 | 48c7 c6d8 | 0400 0074 | 0748 c7c6 | c804 0000 | 488b 3c32 
  0x000001de6721cd5c: 488d 7f01 | 4889 3c32 | 0f84 3f09 | 0000 488b | 8424 0001 | 0000 4885 

  0x000001de6721cd74: ;   {metadata(method data for {method} {0x000001de415013b0} 'run' '()V' in 'kotlinx/coroutines/DispatchedTask')}
  0x000001de6721cd74: c048 ba80 | 2ddb 42de | 0100 0048 | c7c6 5807 | 0000 7407 | 48c7 c668 | 0700 0048 | 8b3c 3248 
  0x000001de6721cd94: 8d7f 0148 | 893c 320f | 8449 0700 

  0x000001de6721cda0: ;   {metadata(method data for {method} {0x000001de415013b0} 'run' '()V' in 'kotlinx/coroutines/DispatchedTask')}
  0x000001de6721cda0: 0048 ba80 | 2ddb 42de | 0100 0048 | 8382 7807 

  0x000001de6721cdb0: ;   {metadata(method data for {method} {0x000001de415209e8} 'createFailure' '(Ljava/lang/Throwable;)Ljava/lang/Object;' in 'kotlin/ResultKt')}
  0x000001de6721cdb0: 0000 0148 | baa8 44db | 42de 0100 | 008b b2cc | 0000 0083 | c602 89b2 | cc00 0000 | 81e6 feff 
  0x000001de6721cdd0: 1f00 85f6 | 0f84 f81d 

  0x000001de6721cdd8: ;   {metadata(method data for {method} {0x000001de415209e8} 'createFailure' '(Ljava/lang/Throwable;)Ljava/lang/Object;' in 'kotlin/ResultKt')}
  0x000001de6721cdd8: 0000 48ba | a844 db42 | de01 0000 | 4883 8210 | 0100 0001 

  0x000001de6721cdec: ;   {metadata(method data for {method} {0x000001de41415410} 'checkNotNullParameter' '(Ljava/lang/Object;Ljava/lang/String;)V' in 'kotlin/jvm/internal/Intrinsics')}
  0x000001de6721cdec: 48ba 78c3 | 5b41 de01 | 0000 8bb2 | cc00 0000 | 83c6 0289 | b2cc 0000 | 0081 e6fe | ff1f 0085 
  0x000001de6721ce0c: f60f 84e0 | 1d00 0048 

  0x000001de6721ce14: ;   {metadata(method data for {method} {0x000001de41415410} 'checkNotNullParameter' '(Ljava/lang/Object;Ljava/lang/String;)V' in 'kotlin/jvm/internal/Intrinsics')}
  0x000001de6721ce14: 85c0 48ba | 78c3 5b41 | de01 0000 | 48c7 c610 | 0100 0075 | 0748 c7c6 | 2001 0000 | 488b 3c32 
  0x000001de6721ce34: 488d 7f01 | 4889 3c32 | 0f85 1a02 

  0x000001de6721ce40: ;   {metadata(method data for {method} {0x000001de41415410} 'checkNotNullParameter' '(Ljava/lang/Object;Ljava/lang/String;)V' in 'kotlin/jvm/internal/Intrinsics')}
  0x000001de6721ce40: 0000 48ba | 78c3 5b41 | de01 0000 | 4883 8230 | 0100 0001 

  0x000001de6721ce54: ;   {metadata(method data for {method} {0x000001de41415590} 'throwParameterIsNullNPE' '(Ljava/lang/String;)V' in 'kotlin/jvm/internal/Intrinsics')}
  0x000001de6721ce54: 48ba 00c5 | 5b41 de01 | 0000 8bb2 | cc00 0000 | 83c6 0289 | b2cc 0000 | 0081 e6fe | ff1f 0085 
  0x000001de6721ce74: f60f 8499 | 1d00 000f | 1f44 0000 

  0x000001de6721ce80: ;   {no_reloc}
  0x000001de6721ce80: e9bf 1d00 | 0000 0000 | 0000 498b | 87b8 0100 | 0048 8d78 | 3049 3bbf | c801 0000 | 0f87 ac1d 
  0x000001de6721cea0: 0000 4989 | bfb8 0100 | 0048 c700 | 0100 0000 | 488b ca49 | ba00 0000 | 00de 0100 | 0049 2bca 
  0x000001de6721cec0: 8948 0848 | 33c9 8948 | 0c48 33c9 | 4889 4810 | 4889 4818 | 4889 4820 | 4889 4828 

  0x000001de6721cedc: ;   {metadata(method data for {method} {0x000001de41415590} 'throwParameterIsNullNPE' '(Ljava/lang/String;)V' in 'kotlin/jvm/internal/Intrinsics')}
  0x000001de6721cedc: 48ba 00c5 | 5b41 de01 | 0000 4883 | 8210 0100 

  0x000001de6721ceec: ;   {oop("exception"{0x0000000701a87b08})}
  0x000001de6721ceec: 0001 48ba | 087b a801 | 0700 0000 | 4889 8424 | 1001 0000 | 0f1f 8000 

  0x000001de6721cf04: ;   {static_call}
  0x000001de6721cf04: 0000 00e8 

  0x000001de6721cf08: ; ImmutableOopMap {[176]=Oop [208]=Oop [216]=Oop [224]=Oop [232]=Oop [256]=Oop [272]=Oop }
                      ;*invokestatic createParameterIsNullExceptionMessage {reexecute=0 rethrow=0 return_oop=0}
                      ; - kotlin.jvm.internal.Intrinsics::throwParameterIsNullNPE@5 (line 140)
                      ; - kotlin.jvm.internal.Intrinsics::checkNotNullParameter@5 (line 131)
                      ; - kotlin.ResultKt::createFailure@3
                      ; - kotlinx.coroutines.DispatchedTask::run@273 (line 98)
  0x000001de6721cf08: 7421 0a07 

  0x000001de6721cf0c: ;   {other}
  0x000001de6721cf0c: 0f1f 8400 | fc14 000b | 4c8b 8424 | 1001 0000 

  0x000001de6721cf1c: ;   {metadata(method data for {method} {0x000001de41415590} 'throwParameterIsNullNPE' '(Ljava/lang/String;)V' in 'kotlin/jvm/internal/Intrinsics')}
  0x000001de6721cf1c: 48ba 00c5 | 5b41 de01 | 0000 4883 | 8220 0100 | 0001 4c8b | c048 8b94 | 2410 0100 | 0066 0f1f 
  0x000001de6721cf3c: ;   {optimized virtual_call}
  0x000001de6721cf3c: 4400 00e8 

  0x000001de6721cf40: ; ImmutableOopMap {[176]=Oop [208]=Oop [216]=Oop [224]=Oop [232]=Oop [256]=Oop [272]=Oop }
                      ;*invokespecial <init> {reexecute=0 rethrow=0 return_oop=0}
                      ; - kotlin.jvm.internal.Intrinsics::throwParameterIsNullNPE@8 (line 140)
                      ; - kotlin.jvm.internal.Intrinsics::checkNotNullParameter@5 (line 131)
                      ; - kotlin.ResultKt::createFailure@3
                      ; - kotlinx.coroutines.DispatchedTask::run@273 (line 98)
  0x000001de6721cf40: 3c1b 0a07 

  0x000001de6721cf44: ;   {other}
  0x000001de6721cf44: 0f1f 8400 | 3415 000c 

  0x000001de6721cf4c: ;   {metadata(method data for {method} {0x000001de41415590} 'throwParameterIsNullNPE' '(Ljava/lang/String;)V' in 'kotlin/jvm/internal/Intrinsics')}
  0x000001de6721cf4c: 48ba 00c5 | 5b41 de01 | 0000 4883 | 8230 0100 

  0x000001de6721cf5c: ;   {metadata(method data for {method} {0x000001de414164f8} 'sanitizeStackTrace' '(Ljava/lang/Throwable;)Ljava/lang/Throwable;' in 'kotlin/jvm/internal/Intrinsics')}
  0x000001de6721cf5c: 0001 48ba | e0cb 5b41 | de01 0000 | 8bb2 cc00 | 0000 83c6 | 0289 b2cc | 0000 0081 | e6fe ff1f 
  0x000001de6721cf7c: 0085 f60f | 84d6 1c00 

  0x000001de6721cf84: ;   {oop(a 'java/lang/Class'{0x0000000701a85f60} = 'kotlin/jvm/internal/Intrinsics')}
  0x000001de6721cf84: 0048 ba60 | 5fa8 0107 | 0000 0048 

  0x000001de6721cf90: ;   {metadata(method data for {method} {0x000001de414164f8} 'sanitizeStackTrace' '(Ljava/lang/Throwable;)Ljava/lang/Throwable;' in 'kotlin/jvm/internal/Intrinsics')}
  0x000001de6721cf90: 8bf2 48bf | e0cb 5b41 | de01 0000 | 4883 8710 | 0100 0001 

  0x000001de6721cfa4: ;   {metadata(method data for {method} {0x000001de0046b368} 'getName' '()Ljava/lang/String;' in 'java/lang/Class')}
  0x000001de6721cfa4: 48be 9078 | 0341 de01 | 0000 8bbe | cc00 0000 | 83c7 0289 | becc 0000 | 0081 e7fe | ff1f 0085 
  0x000001de6721cfc4: ff0f 84b1 | 1c00 008b | 522c 48c1 | e203 4885 

  0x000001de6721cfd4: ;   {metadata(method data for {method} {0x000001de0046b368} 'getName' '()Ljava/lang/String;' in 'java/lang/Class')}
  0x000001de6721cfd4: d248 be90 | 7803 41de | 0100 0048 | c7c7 1001 | 0000 7407 | 48c7 c720 | 0100 0048 | 8b1c 3e48 
  0x000001de6721cff4: 8d5b 0148 | 891c 3e0f | 8418 0000 

  0x000001de6721d000: ;   {metadata(method data for {method} {0x000001de0046b368} 'getName' '()Ljava/lang/String;' in 'java/lang/Class')}
  0x000001de6721d000: 0048 be90 | 7803 41de | 0100 00ff | 8630 0100 | 0048 8bf2 | e936 0000 

  0x000001de6721d018: ;   {oop(a 'java/lang/Class'{0x0000000701a85f60} = 'kotlin/jvm/internal/Intrinsics')}
  0x000001de6721d018: 0048 ba60 | 5fa8 0107 | 0000 0048 

  0x000001de6721d024: ;   {metadata(method data for {method} {0x000001de0046b368} 'getName' '()Ljava/lang/String;' in 'java/lang/Class')}
  0x000001de6721d024: 8bf2 48bf | 9078 0341 | de01 0000 | 4883 8748 | 0100 0001 | 0f1f 8000 

  0x000001de6721d03c: ;   {optimized virtual_call}
  0x000001de6721d03c: 0000 00e8 

  0x000001de6721d040: ; ImmutableOopMap {[176]=Oop [208]=Oop [216]=Oop [224]=Oop [232]=Oop [256]=Oop [272]=Oop }
                      ;*invokevirtual initClassName {reexecute=0 rethrow=0 return_oop=0}
                      ; - java.lang.Class::getName@14 (line 950)
                      ; - kotlin.jvm.internal.Intrinsics::sanitizeStackTrace@3 (line 253)
                      ; - kotlin.jvm.internal.Intrinsics::throwParameterIsNullNPE@11 (line 140)
                      ; - kotlin.jvm.internal.Intrinsics::checkNotNullParameter@5 (line 131)
                      ; - kotlin.ResultKt::createFailure@3
                      ; - kotlinx.coroutines.DispatchedTask::run@273 (line 98)
  0x000001de6721d040: 3c1a 0a07 

  0x000001de6721d044: ;   {other}
  0x000001de6721d044: 0f1f 8400 | 3416 000d | 488b f048 | 8b84 2410 | 0100 00e9 | 0314 0000 

  0x000001de6721d05c: ;   {metadata('kotlin/Result$Failure')}
  0x000001de6721d05c: 48ba 48ea | 0801 de01 | 0000 488b | d849 8b87 | b801 0000 | 488d 7810 | 493b bfc8 | 0100 000f 
  0x000001de6721d07c: 8721 1c00 | 0049 89bf | b801 0000 | 48c7 0001 | 0000 0048 | 8bca 49ba | 0000 0000 | de01 0000 
  0x000001de6721d09c: 492b ca89 | 4808 4833 | c989 480c | 4833 c948 | 8984 2420 | 0100 0048 

  0x000001de6721d0b4: ;   {metadata(method data for {method} {0x000001de415209e8} 'createFailure' '(Ljava/lang/Throwable;)Ljava/lang/Object;' in 'kotlin/ResultKt')}
  0x000001de6721d0b4: 8bd0 48be | a844 db42 | de01 0000 | 4883 8620 | 0100 0001 

  0x000001de6721d0c8: ;   {metadata(method data for {method} {0x000001de4150ee40} '<init>' '(Ljava/lang/Throwable;)V' in 'kotlin/Result$Failure')}
  0x000001de6721d0c8: 48ba 1846 | db42 de01 | 0000 8bb2 | cc00 0000 | 83c6 0289 | b2cc 0000 | 0081 e6fe | ff1f 0085 
  0x000001de6721d0e8: f60f 84c0 

  0x000001de6721d0ec: ;   {metadata(method data for {method} {0x000001de4150ee40} '<init>' '(Ljava/lang/Throwable;)V' in 'kotlin/Result$Failure')}
  0x000001de6721d0ec: 1b00 0048 | ba18 46db | 42de 0100 | 0048 8382 | 1001 0000 

  0x000001de6721d100: ;   {metadata(method data for {method} {0x000001de41415410} 'checkNotNullParameter' '(Ljava/lang/Object;Ljava/lang/String;)V' in 'kotlin/jvm/internal/Intrinsics')}
  0x000001de6721d100: 0148 ba78 | c35b 41de | 0100 008b | b2cc 0000 | 0083 c602 | 89b2 cc00 | 0000 81e6 | feff 1f00 
  0x000001de6721d120: 85f6 0f84 | a81b 0000 

  0x000001de6721d128: ;   {metadata(method data for {method} {0x000001de41415410} 'checkNotNullParameter' '(Ljava/lang/Object;Ljava/lang/String;)V' in 'kotlin/jvm/internal/Intrinsics')}
  0x000001de6721d128: 4885 db48 | ba78 c35b | 41de 0100 | 0048 c7c6 | 1001 0000 | 7507 48c7 | c620 0100 | 0048 8b3c 
  0x000001de6721d148: 3248 8d7f | 0148 893c | 320f 8515 

  0x000001de6721d154: ;   {metadata(method data for {method} {0x000001de41415410} 'checkNotNullParameter' '(Ljava/lang/Object;Ljava/lang/String;)V' in 'kotlin/jvm/internal/Intrinsics')}
  0x000001de6721d154: 0200 0048 | ba78 c35b | 41de 0100 | 0048 8382 | 3001 0000 

  0x000001de6721d168: ;   {metadata(method data for {method} {0x000001de41415590} 'throwParameterIsNullNPE' '(Ljava/lang/String;)V' in 'kotlin/jvm/internal/Intrinsics')}
  0x000001de6721d168: 0148 ba00 | c55b 41de | 0100 008b | b2cc 0000 | 0083 c602 | 89b2 cc00 | 0000 81e6 | feff 1f00 
  0x000001de6721d188: 85f6 0f84 | 611b 0000 

  0x000001de6721d190: ;   {no_reloc}
  0x000001de6721d190: e98c 1b00 | 0000 0000 | 0000 498b | 87b8 0100 | 0048 8d78 | 3049 3bbf | c801 0000 | 0f87 791b 
  0x000001de6721d1b0: 0000 4989 | bfb8 0100 | 0048 c700 | 0100 0000 | 488b ca49 | ba00 0000 | 00de 0100 | 0049 2bca 
  0x000001de6721d1d0: 8948 0848 | 33c9 8948 | 0c48 33c9 | 4889 4810 | 4889 4818 | 4889 4820 | 4889 4828 

  0x000001de6721d1ec: ;   {metadata(method data for {method} {0x000001de41415590} 'throwParameterIsNullNPE' '(Ljava/lang/String;)V' in 'kotlin/jvm/internal/Intrinsics')}
  0x000001de6721d1ec: 48ba 00c5 | 5b41 de01 | 0000 4883 | 8210 0100 

  0x000001de6721d1fc: ;   {oop("exception"{0x0000000701a87b08})}
  0x000001de6721d1fc: 0001 48ba | 087b a801 | 0700 0000 | 4889 8424 | 1801 0000 | 0f1f 8000 

  0x000001de6721d214: ;   {static_call}
  0x000001de6721d214: 0000 00e8 

  0x000001de6721d218: ; ImmutableOopMap {[176]=Oop [208]=Oop [216]=Oop [224]=Oop [232]=Oop [256]=Oop [280]=Oop [288]=Oop }
                      ;*invokestatic createParameterIsNullExceptionMessage {reexecute=0 rethrow=0 return_oop=0}
                      ; - kotlin.jvm.internal.Intrinsics::throwParameterIsNullNPE@5 (line 140)
                      ; - kotlin.jvm.internal.Intrinsics::checkNotNullParameter@5 (line 131)
                      ; - kotlin.Result$Failure::<init>@3
                      ; - kotlin.ResultKt::createFailure@11 (line 122)
                      ; - kotlinx.coroutines.DispatchedTask::run@273 (line 98)
  0x000001de6721d218: 641e 0a07 

  0x000001de6721d21c: ;   {other}
  0x000001de6721d21c: 0f1f 8400 | 0c18 000e | 4c8b 8424 | 1801 0000 

  0x000001de6721d22c: ;   {metadata(method data for {method} {0x000001de41415590} 'throwParameterIsNullNPE' '(Ljava/lang/String;)V' in 'kotlin/jvm/internal/Intrinsics')}
  0x000001de6721d22c: 48ba 00c5 | 5b41 de01 | 0000 4883 | 8220 0100 | 0001 4c8b | c048 8b94 | 2418 0100 | 0066 0f1f 
  0x000001de6721d24c: ;   {optimized virtual_call}
  0x000001de6721d24c: 4400 00e8 

  0x000001de6721d250: ; ImmutableOopMap {[176]=Oop [208]=Oop [216]=Oop [224]=Oop [232]=Oop [256]=Oop [280]=Oop [288]=Oop }
                      ;*invokespecial <init> {reexecute=0 rethrow=0 return_oop=0}
                      ; - kotlin.jvm.internal.Intrinsics::throwParameterIsNullNPE@8 (line 140)
                      ; - kotlin.jvm.internal.Intrinsics::checkNotNullParameter@5 (line 131)
                      ; - kotlin.Result$Failure::<init>@3
                      ; - kotlin.ResultKt::createFailure@11 (line 122)
                      ; - kotlinx.coroutines.DispatchedTask::run@273 (line 98)
  0x000001de6721d250: 2c18 0a07 

  0x000001de6721d254: ;   {other}
  0x000001de6721d254: 0f1f 8400 | 4418 000f 

  0x000001de6721d25c: ;   {metadata(method data for {method} {0x000001de41415590} 'throwParameterIsNullNPE' '(Ljava/lang/String;)V' in 'kotlin/jvm/internal/Intrinsics')}
  0x000001de6721d25c: 48ba 00c5 | 5b41 de01 | 0000 4883 | 8230 0100 

  0x000001de6721d26c: ;   {metadata(method data for {method} {0x000001de414164f8} 'sanitizeStackTrace' '(Ljava/lang/Throwable;)Ljava/lang/Throwable;' in 'kotlin/jvm/internal/Intrinsics')}
  0x000001de6721d26c: 0001 48ba | e0cb 5b41 | de01 0000 | 8bb2 cc00 | 0000 83c6 | 0289 b2cc | 0000 0081 | e6fe ff1f 
  0x000001de6721d28c: 0085 f60f | 84a3 1a00 

  0x000001de6721d294: ;   {oop(a 'java/lang/Class'{0x0000000701a85f60} = 'kotlin/jvm/internal/Intrinsics')}
  0x000001de6721d294: 0048 ba60 | 5fa8 0107 | 0000 0048 

  0x000001de6721d2a0: ;   {metadata(method data for {method} {0x000001de414164f8} 'sanitizeStackTrace' '(Ljava/lang/Throwable;)Ljava/lang/Throwable;' in 'kotlin/jvm/internal/Intrinsics')}
  0x000001de6721d2a0: 8bf2 48bf | e0cb 5b41 | de01 0000 | 4883 8710 | 0100 0001 

  0x000001de6721d2b4: ;   {metadata(method data for {method} {0x000001de0046b368} 'getName' '()Ljava/lang/String;' in 'java/lang/Class')}
  0x000001de6721d2b4: 48be 9078 | 0341 de01 | 0000 8bbe | cc00 0000 | 83c7 0289 | becc 0000 | 0081 e7fe | ff1f 0085 
  0x000001de6721d2d4: ff0f 847e | 1a00 008b | 522c 48c1 | e203 4885 

  0x000001de6721d2e4: ;   {metadata(method data for {method} {0x000001de0046b368} 'getName' '()Ljava/lang/String;' in 'java/lang/Class')}
  0x000001de6721d2e4: d248 be90 | 7803 41de | 0100 0048 | c7c7 1001 | 0000 7407 | 48c7 c720 | 0100 0048 | 8b1c 3e48 
  0x000001de6721d304: 8d5b 0148 | 891c 3e0f | 8418 0000 

  0x000001de6721d310: ;   {metadata(method data for {method} {0x000001de0046b368} 'getName' '()Ljava/lang/String;' in 'java/lang/Class')}
  0x000001de6721d310: 0048 be90 | 7803 41de | 0100 00ff | 8630 0100 | 0048 8bf2 | e936 0000 

  0x000001de6721d328: ;   {oop(a 'java/lang/Class'{0x0000000701a85f60} = 'kotlin/jvm/internal/Intrinsics')}
  0x000001de6721d328: 0048 ba60 | 5fa8 0107 | 0000 0048 

  0x000001de6721d334: ;   {metadata(method data for {method} {0x000001de0046b368} 'getName' '()Ljava/lang/String;' in 'java/lang/Class')}
  0x000001de6721d334: 8bf2 48bf | 9078 0341 | de01 0000 | 4883 8748 | 0100 0001 | 0f1f 8000 

  0x000001de6721d34c: ;   {optimized virtual_call}
  0x000001de6721d34c: 0000 00e8 

  0x000001de6721d350: ; ImmutableOopMap {[176]=Oop [208]=Oop [216]=Oop [224]=Oop [232]=Oop [256]=Oop [280]=Oop [288]=Oop }
                      ;*invokevirtual initClassName {reexecute=0 rethrow=0 return_oop=0}
                      ; - java.lang.Class::getName@14 (line 950)
                      ; - kotlin.jvm.internal.Intrinsics::sanitizeStackTrace@3 (line 253)
                      ; - kotlin.jvm.internal.Intrinsics::throwParameterIsNullNPE@11 (line 140)
                      ; - kotlin.jvm.internal.Intrinsics::checkNotNullParameter@5 (line 131)
                      ; - kotlin.Result$Failure::<init>@3
                      ; - kotlin.ResultKt::createFailure@11 (line 122)
                      ; - kotlinx.coroutines.DispatchedTask::run@273 (line 98)
  0x000001de6721d350: 2c17 0a07 

  0x000001de6721d354: ;   {other}
  0x000001de6721d354: 0f1f 8400 | 4419 0010 | 488b f048 | 8b84 2418 | 0100 00e9 | cb0f 0000 | 488b fb4c 

  0x000001de6721d370: ;   {metadata(method data for {method} {0x000001de4150ee40} '<init>' '(Ljava/lang/Throwable;)V' in 'kotlin/Result$Failure')}
  0x000001de6721d370: 8bc0 48ba | 1846 db42 | de01 0000 | 4883 8220 | 0100 0001 

  0x000001de6721d384: ;   {metadata(method data for {method} {0x000001de00476650} '<init>' '()V' in 'java/lang/Object')}
  0x000001de6721d384: 49b8 5068 | 0041 de01 | 0000 418b | 90cc 0000 | 0083 c202 | 4189 90cc | 0000 0081 | e2fe ff1f 
  0x000001de6721d3a4: 0085 d20f | 84d2 1900 | 0045 0fbe | 4740 4585 | c00f 85e5 | 1900 004c | 8bd7 49c1 | ea03 4489 
  0x000001de6721d3c4: 500c 4c8b | c04c 33c7 | 49c1 e815 | 4983 f800 | 0f85 e619 

  0x000001de6721d3d8: ;   {metadata(method data for {method} {0x000001de415013b0} 'run' '()V' in 'kotlinx/coroutines/DispatchedTask')}
  0x000001de6721d3d8: 0000 49b8 | 802d db42 | de01 0000 | 4983 8088 | 0700 0001 

  0x000001de6721d3ec: ;   {metadata(method data for {method} {0x000001de4150cf08} 'constructor-impl' '(Ljava/lang/Object;)Ljava/lang/Object;' in 'kotlin/Result')}
  0x000001de6721d3ec: 49b8 7048 | d042 de01 | 0000 418b | 90cc 0000 | 0083 c202 | 4189 90cc | 0000 0081 | e2fe ff1f 
  0x000001de6721d40c: 0085 d20f | 84c3 1900 | 0048 8bb4 | 24d0 0000 

  0x000001de6721d41c: ;   {metadata(method data for {method} {0x000001de415013b0} 'run' '()V' in 'kotlinx/coroutines/DispatchedTask')}
  0x000001de6721d41c: 0049 b880 | 2ddb 42de | 0100 008b | 7608 49ba | 0000 0000 | de01 0000 | 4903 f249 | 3bb0 a807 
  0x000001de6721d43c: 0000 750d | 4983 80b0 | 0700 0001 | e960 0000 | 0049 3bb0 | b807 0000 | 750d 4983 | 80c0 0700 
  0x000001de6721d45c: 0001 e94a | 0000 0049 | 83b8 a807 | 0000 0075 | 1749 89b0 | a807 0000 | 49c7 80b0 | 0700 0001 
  0x000001de6721d47c: 0000 00e9 | 2900 0000 | 4983 b8b8 | 0700 0000 | 7517 4989 | b0b8 0700 | 0049 c780 | c007 0000 
  0x000001de6721d49c: 0100 0000 | e908 0000 | 0049 8380 | 9807 0000 | 014c 8bc0 | 488b 9424 | d000 0000 | 0f1f 4400 
  0x000001de6721d4bc: 0048 b810 | bc6b 48de 

  0x000001de6721d4c4: ;   {virtual_call}
  0x000001de6721d4c4: 0100 00e8 

  0x000001de6721d4c8: ; ImmutableOopMap {[176]=Oop [216]=Oop [224]=Oop [232]=Oop }
                      ;*invokeinterface resumeWith {reexecute=0 rethrow=0 return_oop=0}
                      ; - kotlinx.coroutines.DispatchedTask::run@279 (line 98)
  0x000001de6721d4c8: 6c7a 1607 

  0x000001de6721d4cc: ;   {other}
  0x000001de6721d4cc: 0f1f 8400 | bc1a 0011 

  0x000001de6721d4d4: ;   {metadata(method data for {method} {0x000001de415013b0} 'run' '()V' in 'kotlinx/coroutines/DispatchedTask')}
  0x000001de6721d4d4: 49b8 802d | db42 de01 | 0000 41ff | 80d0 0700 | 00e9 120b | 0000 488b | 9424 b000 

  0x000001de6721d4f0: ;   {metadata(method data for {method} {0x000001de415013b0} 'run' '()V' in 'kotlinx/coroutines/DispatchedTask')}
  0x000001de6721d4f0: 0000 49b8 | 802d db42 | de01 0000 | 8b52 0849 | ba00 0000 | 00de 0100 | 0049 03d2 | 493b 90f8 
  0x000001de6721d510: 0700 0075 | 0d49 8380 | 0008 0000 | 01e9 6000 | 0000 493b | 9008 0800 | 0075 0d49 | 8380 1008 
  0x000001de6721d530: 0000 01e9 | 4a00 0000 | 4983 b8f8 | 0700 0000 | 7517 4989 | 90f8 0700 | 0049 c780 | 0008 0000 
  0x000001de6721d550: 0100 0000 | e929 0000 | 0049 83b8 | 0808 0000 | 0075 1749 | 8990 0808 | 0000 49c7 | 8010 0800 
  0x000001de6721d570: 0001 0000 | 00e9 0800 | 0000 4983 | 80e8 0700 | 0001 4c8b | 8424 f800 | 0000 488b | 9424 b000 
  0x000001de6721d590: 0000 6666 | 9048 b8ff | ffff ffff 

  0x000001de6721d59c: ;   {virtual_call}
  0x000001de6721d59c: ffff ffe8 

  0x000001de6721d5a0: ; ImmutableOopMap {[176]=Oop [208]=Oop [216]=Oop [224]=Oop [232]=Oop }
                      ;*invokevirtual getSuccessfulResult$kotlinx_coroutines_core {reexecute=0 rethrow=0 return_oop=0}
                      ; - kotlinx.coroutines.DispatchedTask::run@295 (line 100)
  0x000001de6721d5a0: 647b 1607 

  0x000001de6721d5a4: ;   {other}
  0x000001de6721d5a4: 0f1f 8400 | 941b 0012 

  0x000001de6721d5ac: ;   {metadata(method data for {method} {0x000001de415013b0} 'run' '()V' in 'kotlinx/coroutines/DispatchedTask')}
  0x000001de6721d5ac: 49b8 802d | db42 de01 | 0000 4983 | 8020 0800 

  0x000001de6721d5bc: ;   {metadata(method data for {method} {0x000001de4150cf08} 'constructor-impl' '(Ljava/lang/Object;)Ljava/lang/Object;' in 'kotlin/Result')}
  0x000001de6721d5bc: 0001 49b8 | 7048 d042 | de01 0000 | 418b 90cc | 0000 0083 | c202 4189 | 90cc 0000 | 0081 e2fe 
  0x000001de6721d5dc: ff1f 0085 | d20f 8412 | 1800 0048 | 8bb4 24d0 

  0x000001de6721d5ec: ;   {metadata(method data for {method} {0x000001de415013b0} 'run' '()V' in 'kotlinx/coroutines/DispatchedTask')}
  0x000001de6721d5ec: 0000 0049 | b880 2ddb | 42de 0100 | 008b 7608 | 49ba 0000 | 0000 de01 | 0000 4903 | f249 3bb0 
  0x000001de6721d60c: 4008 0000 | 750d 4983 | 8048 0800 | 0001 e960 | 0000 0049 | 3bb0 5008 | 0000 750d | 4983 8058 
  0x000001de6721d62c: 0800 0001 | e94a 0000 | 0049 83b8 | 4008 0000 | 0075 1749 | 89b0 4008 | 0000 49c7 | 8048 0800 
  0x000001de6721d64c: 0001 0000 | 00e9 2900 | 0000 4983 | b850 0800 | 0000 7517 | 4989 b050 | 0800 0049 | c780 5808 
  0x000001de6721d66c: 0000 0100 | 0000 e908 | 0000 0049 | 8380 3008 | 0000 014c | 8bc0 488b | 9424 d000 | 0000 6666 
  0x000001de6721d68c: 9048 b890 | 797f 4bde 

  0x000001de6721d694: ;   {virtual_call}
  0x000001de6721d694: 0100 00e8 

  0x000001de6721d698: ; ImmutableOopMap {[176]=Oop [216]=Oop [224]=Oop [232]=Oop }
                      ;*invokeinterface resumeWith {reexecute=0 rethrow=0 return_oop=0}
                      ; - kotlinx.coroutines.DispatchedTask::run@301 (line 100)
  0x000001de6721d698: 9c78 1607 

  0x000001de6721d69c: ;   {other}
  0x000001de6721d69c: 0f1f 8400 | 8c1c 0013 | e953 0900 | 0048 8bb4 | 2408 0100 | 0048 85f6 | 0f84 2900 

  0x000001de6721d6b8: ;   {metadata('kotlinx/coroutines/JobSupport')}
  0x000001de6721d6b8: 0000 48b9 | 185c 0801 | de01 0000 | 8b5e 0849 | ba00 0000 | 00de 0100 | 0049 03da | 483b 4b38 
  0x000001de6721d6d8: 0f85 3c17 | 0000 e900 | 0000 0048 | 8bd6 488b 

  0x000001de6721d6e8: ;   {metadata(method data for {method} {0x000001de415013b0} 'run' '()V' in 'kotlinx/coroutines/DispatchedTask')}
  0x000001de6721d6e8: d648 bf80 | 2ddb 42de | 0100 008b | 5208 49ba | 0000 0000 | de01 0000 | 4903 d248 | 3b97 f804 
  0x000001de6721d708: 0000 750d | 4883 8700 | 0500 0001 | e960 0000 | 0048 3b97 | 0805 0000 | 750d 4883 | 8710 0500 
  0x000001de6721d728: 0001 e94a | 0000 0048 | 83bf f804 | 0000 0075 | 1748 8997 | f804 0000 | 48c7 8700 | 0500 0001 
  0x000001de6721d748: 0000 00e9 | 2900 0000 | 4883 bf08 | 0500 0000 | 7517 4889 | 9708 0500 | 0048 c787 | 1005 0000 
  0x000001de6721d768: 0100 0000 | e908 0000 | 0048 8387 | e804 0000 | 0148 8bd6 

  0x000001de6721d77c: ;   {optimized virtual_call}
  0x000001de6721d77c: 6666 90e8 

  0x000001de6721d780: ; ImmutableOopMap {[176]=Oop [208]=Oop [216]=Oop [224]=Oop [232]=Oop [248]=Oop }
                      ;*invokeinterface getCancellationException {reexecute=0 rethrow=0 return_oop=0}
                      ; - kotlinx.coroutines.DispatchedTask::run@178 (line 93)
  0x000001de6721d780: 491a 0000 

  0x000001de6721d784: ;   {other}
  0x000001de6721d784: 0f1f 8400 | 741d 0014 | 4889 8424 | 2801 0000 | 488b 9424 | b000 0000 

  0x000001de6721d79c: ;   {metadata(method data for {method} {0x000001de415013b0} 'run' '()V' in 'kotlinx/coroutines/DispatchedTask')}
  0x000001de6721d79c: 49b8 802d | db42 de01 | 0000 8b52 | 0849 ba00 | 0000 00de | 0100 0049 | 03d2 493b | 9068 0500 
  0x000001de6721d7bc: 0075 0d49 | 8380 7005 | 0000 01e9 | 6000 0000 | 493b 9078 | 0500 0075 | 0d49 8380 | 8005 0000 
  0x000001de6721d7dc: 01e9 4a00 | 0000 4983 | b868 0500 | 0000 7517 | 4989 9068 | 0500 0049 | c780 7005 | 0000 0100 
  0x000001de6721d7fc: 0000 e929 | 0000 0049 | 83b8 7805 | 0000 0075 | 1749 8990 | 7805 0000 | 49c7 8080 | 0500 0001 
  0x000001de6721d81c: 0000 00e9 | 0800 0000 | 4983 8058 | 0500 0001 | 4c8b 8424 | f800 0000 | 4c8b c848 | 8b94 24b0 
  0x000001de6721d83c: 0000 0066 | 0f1f 4400 | 0048 b8ff | ffff ffff 

  0x000001de6721d84c: ;   {virtual_call}
  0x000001de6721d84c: ffff ffe8 

  0x000001de6721d850: ; ImmutableOopMap {[176]=Oop [208]=Oop [216]=Oop [224]=Oop [232]=Oop [296]=Oop }
                      ;*invokevirtual cancelCompletedResult$kotlinx_coroutines_core {reexecute=0 rethrow=0 return_oop=0}
                      ; - kotlinx.coroutines.DispatchedTask::run@193 (line 94)
  0x000001de6721d850: 9c71 1607 

  0x000001de6721d854: ;   {other}
  0x000001de6721d854: 0f1f 8400 | 441e 0015 

  0x000001de6721d85c: ;   {metadata(method data for {method} {0x000001de415013b0} 'run' '()V' in 'kotlinx/coroutines/DispatchedTask')}
  0x000001de6721d85c: 48ba 802d | db42 de01 | 0000 4883 | 8290 0500 

  0x000001de6721d86c: ;   {metadata(method data for {method} {0x000001de414de568} 'getRECOVER_STACK_TRACES' '()Z' in 'kotlinx/coroutines/DebugKt')}
  0x000001de6721d86c: 0001 48ba | 8043 db42 | de01 0000 | 8bb2 cc00 | 0000 83c6 | 0289 b2cc | 0000 0081 | e6fe ff1f 
  0x000001de6721d88c: 0085 f60f | 848a 1500 

  0x000001de6721d894: ;   {metadata(method data for {method} {0x000001de415013b0} 'run' '()V' in 'kotlinx/coroutines/DispatchedTask')}
  0x000001de6721d894: 0048 ba80 | 2ddb 42de | 0100 00ff | 82a0 0500 

  0x000001de6721d8a4: ;   {metadata(method data for {method} {0x000001de415013b0} 'run' '()V' in 'kotlinx/coroutines/DispatchedTask')}
  0x000001de6721d8a4: 0048 ba80 | 2ddb 42de | 0100 00ff | 8250 0600 | 0048 8b84 | 2428 0100 

  0x000001de6721d8bc: ;   {metadata(method data for {method} {0x000001de415013b0} 'run' '()V' in 'kotlinx/coroutines/DispatchedTask')}
  0x000001de6721d8bc: 0048 ba80 | 2ddb 42de | 0100 0048 | 8382 e806 

  0x000001de6721d8cc: ;   {metadata(method data for {method} {0x000001de415209e8} 'createFailure' '(Ljava/lang/Throwable;)Ljava/lang/Object;' in 'kotlin/ResultKt')}
  0x000001de6721d8cc: 0000 0148 | baa8 44db | 42de 0100 | 008b b2cc | 0000 0083 | c602 89b2 | cc00 0000 | 81e6 feff 
  0x000001de6721d8ec: 1f00 85f6 | 0f84 4a15 

  0x000001de6721d8f4: ;   {metadata(method data for {method} {0x000001de415209e8} 'createFailure' '(Ljava/lang/Throwable;)Ljava/lang/Object;' in 'kotlin/ResultKt')}
  0x000001de6721d8f4: 0000 48ba | a844 db42 | de01 0000 | 4883 8210 | 0100 0001 

  0x000001de6721d908: ;   {metadata(method data for {method} {0x000001de41415410} 'checkNotNullParameter' '(Ljava/lang/Object;Ljava/lang/String;)V' in 'kotlin/jvm/internal/Intrinsics')}
  0x000001de6721d908: 48ba 78c3 | 5b41 de01 | 0000 8bb2 | cc00 0000 | 83c6 0289 | b2cc 0000 | 0081 e6fe | ff1f 0085 
  0x000001de6721d928: f60f 8432 | 1500 0048 

  0x000001de6721d930: ;   {metadata(method data for {method} {0x000001de41415410} 'checkNotNullParameter' '(Ljava/lang/Object;Ljava/lang/String;)V' in 'kotlin/jvm/internal/Intrinsics')}
  0x000001de6721d930: 85c0 48ba | 78c3 5b41 | de01 0000 | 48c7 c610 | 0100 0075 | 0748 c7c6 | 2001 0000 | 488b 3c32 
  0x000001de6721d950: 488d 7f01 | 4889 3c32 | 0f85 1602 

  0x000001de6721d95c: ;   {metadata(method data for {method} {0x000001de41415410} 'checkNotNullParameter' '(Ljava/lang/Object;Ljava/lang/String;)V' in 'kotlin/jvm/internal/Intrinsics')}
  0x000001de6721d95c: 0000 48ba | 78c3 5b41 | de01 0000 | 4883 8230 | 0100 0001 

  0x000001de6721d970: ;   {metadata(method data for {method} {0x000001de41415590} 'throwParameterIsNullNPE' '(Ljava/lang/String;)V' in 'kotlin/jvm/internal/Intrinsics')}
  0x000001de6721d970: 48ba 00c5 | 5b41 de01 | 0000 8bb2 | cc00 0000 | 83c6 0289 | b2cc 0000 | 0081 e6fe | ff1f 0085 
  0x000001de6721d990: f60f 84eb | 1400 0090 

  0x000001de6721d998: ;   {no_reloc}
  0x000001de6721d998: e915 1500 | 0000 0000 | 0000 498b | 87b8 0100 | 0048 8d78 | 3049 3bbf | c801 0000 | 0f87 0215 
  0x000001de6721d9b8: 0000 4989 | bfb8 0100 | 0048 c700 | 0100 0000 | 488b ca49 | ba00 0000 | 00de 0100 | 0049 2bca 
  0x000001de6721d9d8: 8948 0848 | 33c9 8948 | 0c48 33c9 | 4889 4810 | 4889 4818 | 4889 4820 | 4889 4828 

  0x000001de6721d9f4: ;   {metadata(method data for {method} {0x000001de41415590} 'throwParameterIsNullNPE' '(Ljava/lang/String;)V' in 'kotlin/jvm/internal/Intrinsics')}
  0x000001de6721d9f4: 48ba 00c5 | 5b41 de01 | 0000 4883 | 8210 0100 

  0x000001de6721da04: ;   {oop("exception"{0x0000000701a87b08})}
  0x000001de6721da04: 0001 48ba | 087b a801 | 0700 0000 | 4889 8424 | 3001 0000 | 0f1f 8000 

  0x000001de6721da1c: ;   {static_call}
  0x000001de6721da1c: 0000 00e8 

  0x000001de6721da20: ; ImmutableOopMap {[176]=Oop [208]=Oop [216]=Oop [224]=Oop [232]=Oop [296]=Oop [304]=Oop }
                      ;*invokestatic createParameterIsNullExceptionMessage {reexecute=0 rethrow=0 return_oop=0}
                      ; - kotlin.jvm.internal.Intrinsics::throwParameterIsNullNPE@5 (line 140)
                      ; - kotlin.jvm.internal.Intrinsics::checkNotNullParameter@5 (line 131)
                      ; - kotlin.ResultKt::createFailure@3
                      ; - kotlinx.coroutines.DispatchedTask::run@246 (line 232)
  0x000001de6721da20: 5c16 0a07 

  0x000001de6721da24: ;   {other}
  0x000001de6721da24: 0f1f 8400 | 1420 0016 | 4c8b 8424 | 3001 0000 

  0x000001de6721da34: ;   {metadata(method data for {method} {0x000001de41415590} 'throwParameterIsNullNPE' '(Ljava/lang/String;)V' in 'kotlin/jvm/internal/Intrinsics')}
  0x000001de6721da34: 48ba 00c5 | 5b41 de01 | 0000 4883 | 8220 0100 | 0001 4c8b | c048 8b94 | 2430 0100 | 0066 0f1f 
  0x000001de6721da54: ;   {optimized virtual_call}
  0x000001de6721da54: 4400 00e8 

  0x000001de6721da58: ; ImmutableOopMap {[176]=Oop [208]=Oop [216]=Oop [224]=Oop [232]=Oop [296]=Oop [304]=Oop }
                      ;*invokespecial <init> {reexecute=0 rethrow=0 return_oop=0}
                      ; - kotlin.jvm.internal.Intrinsics::throwParameterIsNullNPE@8 (line 140)
                      ; - kotlin.jvm.internal.Intrinsics::checkNotNullParameter@5 (line 131)
                      ; - kotlin.ResultKt::createFailure@3
                      ; - kotlinx.coroutines.DispatchedTask::run@246 (line 232)
  0x000001de6721da58: 2410 0a07 

  0x000001de6721da5c: ;   {other}
  0x000001de6721da5c: 0f1f 8400 | 4c20 0017 

  0x000001de6721da64: ;   {metadata(method data for {method} {0x000001de41415590} 'throwParameterIsNullNPE' '(Ljava/lang/String;)V' in 'kotlin/jvm/internal/Intrinsics')}
  0x000001de6721da64: 48ba 00c5 | 5b41 de01 | 0000 4883 | 8230 0100 

  0x000001de6721da74: ;   {metadata(method data for {method} {0x000001de414164f8} 'sanitizeStackTrace' '(Ljava/lang/Throwable;)Ljava/lang/Throwable;' in 'kotlin/jvm/internal/Intrinsics')}
  0x000001de6721da74: 0001 48ba | e0cb 5b41 | de01 0000 | 8bb2 cc00 | 0000 83c6 | 0289 b2cc | 0000 0081 | e6fe ff1f 
  0x000001de6721da94: 0085 f60f | 842c 1400 

  0x000001de6721da9c: ;   {oop(a 'java/lang/Class'{0x0000000701a85f60} = 'kotlin/jvm/internal/Intrinsics')}
  0x000001de6721da9c: 0048 ba60 | 5fa8 0107 | 0000 0048 

  0x000001de6721daa8: ;   {metadata(method data for {method} {0x000001de414164f8} 'sanitizeStackTrace' '(Ljava/lang/Throwable;)Ljava/lang/Throwable;' in 'kotlin/jvm/internal/Intrinsics')}
  0x000001de6721daa8: 8bf2 48bf | e0cb 5b41 | de01 0000 | 4883 8710 | 0100 0001 

  0x000001de6721dabc: ;   {metadata(method data for {method} {0x000001de0046b368} 'getName' '()Ljava/lang/String;' in 'java/lang/Class')}
  0x000001de6721dabc: 48be 9078 | 0341 de01 | 0000 8bbe | cc00 0000 | 83c7 0289 | becc 0000 | 0081 e7fe | ff1f 0085 
  0x000001de6721dadc: ff0f 8407 | 1400 008b | 522c 48c1 | e203 4885 

  0x000001de6721daec: ;   {metadata(method data for {method} {0x000001de0046b368} 'getName' '()Ljava/lang/String;' in 'java/lang/Class')}
  0x000001de6721daec: d248 be90 | 7803 41de | 0100 0048 | c7c7 1001 | 0000 7407 | 48c7 c720 | 0100 0048 | 8b1c 3e48 
  0x000001de6721db0c: 8d5b 0148 | 891c 3e0f | 8418 0000 

  0x000001de6721db18: ;   {metadata(method data for {method} {0x000001de0046b368} 'getName' '()Ljava/lang/String;' in 'java/lang/Class')}
  0x000001de6721db18: 0048 be90 | 7803 41de | 0100 00ff | 8630 0100 | 0048 8bf2 | e936 0000 

  0x000001de6721db30: ;   {oop(a 'java/lang/Class'{0x0000000701a85f60} = 'kotlin/jvm/internal/Intrinsics')}
  0x000001de6721db30: 0048 ba60 | 5fa8 0107 | 0000 0048 

  0x000001de6721db3c: ;   {metadata(method data for {method} {0x000001de0046b368} 'getName' '()Ljava/lang/String;' in 'java/lang/Class')}
  0x000001de6721db3c: 8bf2 48bf | 9078 0341 | de01 0000 | 4883 8748 | 0100 0001 | 0f1f 8000 

  0x000001de6721db54: ;   {optimized virtual_call}
  0x000001de6721db54: 0000 00e8 

  0x000001de6721db58: ; ImmutableOopMap {[176]=Oop [208]=Oop [216]=Oop [224]=Oop [232]=Oop [296]=Oop [304]=Oop }
                      ;*invokevirtual initClassName {reexecute=0 rethrow=0 return_oop=0}
                      ; - java.lang.Class::getName@14 (line 950)
                      ; - kotlin.jvm.internal.Intrinsics::sanitizeStackTrace@3 (line 253)
                      ; - kotlin.jvm.internal.Intrinsics::throwParameterIsNullNPE@11 (line 140)
                      ; - kotlin.jvm.internal.Intrinsics::checkNotNullParameter@5 (line 131)
                      ; - kotlin.ResultKt::createFailure@3
                      ; - kotlinx.coroutines.DispatchedTask::run@246 (line 232)
  0x000001de6721db58: 240f 0a07 

  0x000001de6721db5c: ;   {other}
  0x000001de6721db5c: 0f1f 8400 | 4c21 0018 | 488b f048 | 8b84 2430 | 0100 00e9 | 9b06 0000 

  0x000001de6721db74: ;   {metadata('kotlin/Result$Failure')}
  0x000001de6721db74: 48ba 48ea | 0801 de01 | 0000 488b | d849 8b87 | b801 0000 | 488d 7810 | 493b bfc8 | 0100 000f 
  0x000001de6721db94: 8777 1300 | 0049 89bf | b801 0000 | 48c7 0001 | 0000 0048 | 8bca 49ba | 0000 0000 | de01 0000 
  0x000001de6721dbb4: 492b ca89 | 4808 4833 | c989 480c | 4833 c948 | 8984 2440 | 0100 0048 

  0x000001de6721dbcc: ;   {metadata(method data for {method} {0x000001de415209e8} 'createFailure' '(Ljava/lang/Throwable;)Ljava/lang/Object;' in 'kotlin/ResultKt')}
  0x000001de6721dbcc: 8bd0 48be | a844 db42 | de01 0000 | 4883 8620 | 0100 0001 

  0x000001de6721dbe0: ;   {metadata(method data for {method} {0x000001de4150ee40} '<init>' '(Ljava/lang/Throwable;)V' in 'kotlin/Result$Failure')}
  0x000001de6721dbe0: 48ba 1846 | db42 de01 | 0000 8bb2 | cc00 0000 | 83c6 0289 | b2cc 0000 | 0081 e6fe | ff1f 0085 
  0x000001de6721dc00: f60f 8416 

  0x000001de6721dc04: ;   {metadata(method data for {method} {0x000001de4150ee40} '<init>' '(Ljava/lang/Throwable;)V' in 'kotlin/Result$Failure')}
  0x000001de6721dc04: 1300 0048 | ba18 46db | 42de 0100 | 0048 8382 | 1001 0000 

  0x000001de6721dc18: ;   {metadata(method data for {method} {0x000001de41415410} 'checkNotNullParameter' '(Ljava/lang/Object;Ljava/lang/String;)V' in 'kotlin/jvm/internal/Intrinsics')}
  0x000001de6721dc18: 0148 ba78 | c35b 41de | 0100 008b | b2cc 0000 | 0083 c602 | 89b2 cc00 | 0000 81e6 | feff 1f00 
  0x000001de6721dc38: 85f6 0f84 | fe12 0000 

  0x000001de6721dc40: ;   {metadata(method data for {method} {0x000001de41415410} 'checkNotNullParameter' '(Ljava/lang/Object;Ljava/lang/String;)V' in 'kotlin/jvm/internal/Intrinsics')}
  0x000001de6721dc40: 4885 db48 | ba78 c35b | 41de 0100 | 0048 c7c6 | 1001 0000 | 7507 48c7 | c620 0100 | 0048 8b3c 
  0x000001de6721dc60: 3248 8d7f | 0148 893c | 320f 8515 

  0x000001de6721dc6c: ;   {metadata(method data for {method} {0x000001de41415410} 'checkNotNullParameter' '(Ljava/lang/Object;Ljava/lang/String;)V' in 'kotlin/jvm/internal/Intrinsics')}
  0x000001de6721dc6c: 0200 0048 | ba78 c35b | 41de 0100 | 0048 8382 | 3001 0000 

  0x000001de6721dc80: ;   {metadata(method data for {method} {0x000001de41415590} 'throwParameterIsNullNPE' '(Ljava/lang/String;)V' in 'kotlin/jvm/internal/Intrinsics')}
  0x000001de6721dc80: 0148 ba00 | c55b 41de | 0100 008b | b2cc 0000 | 0083 c602 | 89b2 cc00 | 0000 81e6 | feff 1f00 
  0x000001de6721dca0: 85f6 0f84 | b712 0000 

  0x000001de6721dca8: ;   {no_reloc}
  0x000001de6721dca8: e9e2 1200 | 0000 0000 | 0000 498b | 87b8 0100 | 0048 8d78 | 3049 3bbf | c801 0000 | 0f87 cf12 
  0x000001de6721dcc8: 0000 4989 | bfb8 0100 | 0048 c700 | 0100 0000 | 488b ca49 | ba00 0000 | 00de 0100 | 0049 2bca 
  0x000001de6721dce8: 8948 0848 | 33c9 8948 | 0c48 33c9 | 4889 4810 | 4889 4818 | 4889 4820 | 4889 4828 

  0x000001de6721dd04: ;   {metadata(method data for {method} {0x000001de41415590} 'throwParameterIsNullNPE' '(Ljava/lang/String;)V' in 'kotlin/jvm/internal/Intrinsics')}
  0x000001de6721dd04: 48ba 00c5 | 5b41 de01 | 0000 4883 | 8210 0100 

  0x000001de6721dd14: ;   {oop("exception"{0x0000000701a87b08})}
  0x000001de6721dd14: 0001 48ba | 087b a801 | 0700 0000 | 4889 8424 | 3801 0000 | 0f1f 8000 

  0x000001de6721dd2c: ;   {static_call}
  0x000001de6721dd2c: 0000 00e8 

  0x000001de6721dd30: ; ImmutableOopMap {[176]=Oop [208]=Oop [216]=Oop [224]=Oop [232]=Oop [296]=Oop [312]=Oop [320]=Oop }
                      ;*invokestatic createParameterIsNullExceptionMessage {reexecute=0 rethrow=0 return_oop=0}
                      ; - kotlin.jvm.internal.Intrinsics::throwParameterIsNullNPE@5 (line 140)
                      ; - kotlin.jvm.internal.Intrinsics::checkNotNullParameter@5 (line 131)
                      ; - kotlin.Result$Failure::<init>@3
                      ; - kotlin.ResultKt::createFailure@11 (line 122)
                      ; - kotlinx.coroutines.DispatchedTask::run@246 (line 232)
  0x000001de6721dd30: 4c13 0a07 

  0x000001de6721dd34: ;   {other}
  0x000001de6721dd34: 0f1f 8400 | 2423 0019 | 4c8b 8424 | 3801 0000 

  0x000001de6721dd44: ;   {metadata(method data for {method} {0x000001de41415590} 'throwParameterIsNullNPE' '(Ljava/lang/String;)V' in 'kotlin/jvm/internal/Intrinsics')}
  0x000001de6721dd44: 48ba 00c5 | 5b41 de01 | 0000 4883 | 8220 0100 | 0001 4c8b | c048 8b94 | 2438 0100 | 0066 0f1f 
  0x000001de6721dd64: ;   {optimized virtual_call}
  0x000001de6721dd64: 4400 00e8 

  0x000001de6721dd68: ; ImmutableOopMap {[176]=Oop [208]=Oop [216]=Oop [224]=Oop [232]=Oop [296]=Oop [312]=Oop [320]=Oop }
                      ;*invokespecial <init> {reexecute=0 rethrow=0 return_oop=0}
                      ; - kotlin.jvm.internal.Intrinsics::throwParameterIsNullNPE@8 (line 140)
                      ; - kotlin.jvm.internal.Intrinsics::checkNotNullParameter@5 (line 131)
                      ; - kotlin.Result$Failure::<init>@3
                      ; - kotlin.ResultKt::createFailure@11 (line 122)
                      ; - kotlinx.coroutines.DispatchedTask::run@246 (line 232)
  0x000001de6721dd68: 140d 0a07 

  0x000001de6721dd6c: ;   {other}
  0x000001de6721dd6c: 0f1f 8400 | 5c23 001a 

  0x000001de6721dd74: ;   {metadata(method data for {method} {0x000001de41415590} 'throwParameterIsNullNPE' '(Ljava/lang/String;)V' in 'kotlin/jvm/internal/Intrinsics')}
  0x000001de6721dd74: 48ba 00c5 | 5b41 de01 | 0000 4883 | 8230 0100 

  0x000001de6721dd84: ;   {metadata(method data for {method} {0x000001de414164f8} 'sanitizeStackTrace' '(Ljava/lang/Throwable;)Ljava/lang/Throwable;' in 'kotlin/jvm/internal/Intrinsics')}
  0x000001de6721dd84: 0001 48ba | e0cb 5b41 | de01 0000 | 8bb2 cc00 | 0000 83c6 | 0289 b2cc | 0000 0081 | e6fe ff1f 
  0x000001de6721dda4: 0085 f60f | 84f9 1100 

  0x000001de6721ddac: ;   {oop(a 'java/lang/Class'{0x0000000701a85f60} = 'kotlin/jvm/internal/Intrinsics')}
  0x000001de6721ddac: 0048 ba60 | 5fa8 0107 | 0000 0048 

  0x000001de6721ddb8: ;   {metadata(method data for {method} {0x000001de414164f8} 'sanitizeStackTrace' '(Ljava/lang/Throwable;)Ljava/lang/Throwable;' in 'kotlin/jvm/internal/Intrinsics')}
  0x000001de6721ddb8: 8bf2 48bf | e0cb 5b41 | de01 0000 | 4883 8710 | 0100 0001 

  0x000001de6721ddcc: ;   {metadata(method data for {method} {0x000001de0046b368} 'getName' '()Ljava/lang/String;' in 'java/lang/Class')}
  0x000001de6721ddcc: 48be 9078 | 0341 de01 | 0000 8bbe | cc00 0000 | 83c7 0289 | becc 0000 | 0081 e7fe | ff1f 0085 
  0x000001de6721ddec: ff0f 84d4 | 1100 008b | 522c 48c1 | e203 4885 

  0x000001de6721ddfc: ;   {metadata(method data for {method} {0x000001de0046b368} 'getName' '()Ljava/lang/String;' in 'java/lang/Class')}
  0x000001de6721ddfc: d248 be90 | 7803 41de | 0100 0048 | c7c7 1001 | 0000 7407 | 48c7 c720 | 0100 0048 | 8b1c 3e48 
  0x000001de6721de1c: 8d5b 0148 | 891c 3e0f | 8418 0000 

  0x000001de6721de28: ;   {metadata(method data for {method} {0x000001de0046b368} 'getName' '()Ljava/lang/String;' in 'java/lang/Class')}
  0x000001de6721de28: 0048 be90 | 7803 41de | 0100 00ff | 8630 0100 | 0048 8bf2 | e936 0000 

  0x000001de6721de40: ;   {oop(a 'java/lang/Class'{0x0000000701a85f60} = 'kotlin/jvm/internal/Intrinsics')}
  0x000001de6721de40: 0048 ba60 | 5fa8 0107 | 0000 0048 

  0x000001de6721de4c: ;   {metadata(method data for {method} {0x000001de0046b368} 'getName' '()Ljava/lang/String;' in 'java/lang/Class')}
  0x000001de6721de4c: 8bf2 48bf | 9078 0341 | de01 0000 | 4883 8748 | 0100 0001 | 0f1f 8000 

  0x000001de6721de64: ;   {optimized virtual_call}
  0x000001de6721de64: 0000 00e8 

  0x000001de6721de68: ; ImmutableOopMap {[176]=Oop [208]=Oop [216]=Oop [224]=Oop [232]=Oop [296]=Oop [312]=Oop [320]=Oop }
                      ;*invokevirtual initClassName {reexecute=0 rethrow=0 return_oop=0}
                      ; - java.lang.Class::getName@14 (line 950)
                      ; - kotlin.jvm.internal.Intrinsics::sanitizeStackTrace@3 (line 253)
                      ; - kotlin.jvm.internal.Intrinsics::throwParameterIsNullNPE@11 (line 140)
                      ; - kotlin.jvm.internal.Intrinsics::checkNotNullParameter@5 (line 131)
                      ; - kotlin.Result$Failure::<init>@3
                      ; - kotlin.ResultKt::createFailure@11 (line 122)
                      ; - kotlinx.coroutines.DispatchedTask::run@246 (line 232)
  0x000001de6721de68: 140c 0a07 

  0x000001de6721de6c: ;   {other}
  0x000001de6721de6c: 0f1f 8400 | 5c24 001b | 488b f048 | 8b84 2438 | 0100 00e9 | 5e02 0000 | 488b fb4c 

  0x000001de6721de88: ;   {metadata(method data for {method} {0x000001de4150ee40} '<init>' '(Ljava/lang/Throwable;)V' in 'kotlin/Result$Failure')}
  0x000001de6721de88: 8bc0 48ba | 1846 db42 | de01 0000 | 4883 8220 | 0100 0001 

  0x000001de6721de9c: ;   {metadata(method data for {method} {0x000001de00476650} '<init>' '()V' in 'java/lang/Object')}
  0x000001de6721de9c: 49b8 5068 | 0041 de01 | 0000 418b | 90cc 0000 | 0083 c202 | 4189 90cc | 0000 0081 | e2fe ff1f 
  0x000001de6721debc: 0085 d20f | 8428 1100 | 0045 0fbe | 4740 4585 | c00f 853b | 1100 004c | 8bd7 49c1 | ea03 4489 
  0x000001de6721dedc: 500c 4c8b | c04c 33c7 | 49c1 e815 | 4983 f800 | 0f85 3c11 

  0x000001de6721def0: ;   {metadata(method data for {method} {0x000001de415013b0} 'run' '()V' in 'kotlinx/coroutines/DispatchedTask')}
  0x000001de6721def0: 0000 49b8 | 802d db42 | de01 0000 | 4983 80f8 | 0600 0001 

  0x000001de6721df04: ;   {metadata(method data for {method} {0x000001de4150cf08} 'constructor-impl' '(Ljava/lang/Object;)Ljava/lang/Object;' in 'kotlin/Result')}
  0x000001de6721df04: 49b8 7048 | d042 de01 | 0000 418b | 90cc 0000 | 0083 c202 | 4189 90cc | 0000 0081 | e2fe ff1f 
  0x000001de6721df24: 0085 d20f | 8419 1100 | 0048 8bb4 | 24d0 0000 

  0x000001de6721df34: ;   {metadata(method data for {method} {0x000001de415013b0} 'run' '()V' in 'kotlinx/coroutines/DispatchedTask')}
  0x000001de6721df34: 0049 b880 | 2ddb 42de | 0100 008b | 7608 49ba | 0000 0000 | de01 0000 | 4903 f249 | 3bb0 1807 
  0x000001de6721df54: 0000 750d | 4983 8020 | 0700 0001 | e960 0000 | 0049 3bb0 | 2807 0000 | 750d 4983 | 8030 0700 
  0x000001de6721df74: 0001 e94a | 0000 0049 | 83b8 1807 | 0000 0075 | 1749 89b0 | 1807 0000 | 49c7 8020 | 0700 0001 
  0x000001de6721df94: 0000 00e9 | 2900 0000 | 4983 b828 | 0700 0000 | 7517 4989 | b028 0700 | 0049 c780 | 3007 0000 
  0x000001de6721dfb4: 0100 0000 | e908 0000 | 0049 8380 | 0807 0000 | 014c 8bc0 | 488b 9424 | d000 0000 | 0f1f 4400 
  0x000001de6721dfd4: 0048 b810 | 997f 4bde 

  0x000001de6721dfdc: ;   {virtual_call}
  0x000001de6721dfdc: 0100 00e8 

  0x000001de6721dfe0: ; ImmutableOopMap {[176]=Oop [216]=Oop [224]=Oop [232]=Oop }
                      ;*invokeinterface resumeWith {reexecute=0 rethrow=0 return_oop=0}
                      ; - kotlinx.coroutines.DispatchedTask::run@252 (line 232)
  0x000001de6721dfe0: 546f 1607 

  0x000001de6721dfe4: ;   {other}
  0x000001de6721dfe4: 0f1f 8400 | d425 001c 

  0x000001de6721dfec: ;   {metadata(method data for {method} {0x000001de415013b0} 'run' '()V' in 'kotlinx/coroutines/DispatchedTask')}
  0x000001de6721dfec: 48ba 802d | db42 de01 | 0000 ff82 | 4007 0000 | 488b 8424 | e800 0000 

  0x000001de6721e004: ;   {metadata(method data for {method} {0x000001de415013b0} 'run' '()V' in 'kotlinx/coroutines/DispatchedTask')}
  0x000001de6721e004: 4885 c048 | ba80 2ddb | 42de 0100 | 0048 c7c6 | 6808 0000 | 7407 48c7 | c678 0800 | 0048 8b3c 
  0x000001de6721e024: 3248 8d7f | 0148 893c | 320f 8457 | 0000 0048 | 3b00 488b 

  0x000001de6721e038: ;   {metadata(method data for {method} {0x000001de415013b0} 'run' '()V' in 'kotlinx/coroutines/DispatchedTask')}
  0x000001de6721e038: d048 be80 | 2ddb 42de | 0100 0048 | 8386 8808 | 0000 0148 

  0x000001de6721e04c: ;   {optimized virtual_call}
  0x000001de6721e04c: 8bd0 90e8 

  0x000001de6721e050: ; ImmutableOopMap {[176]=Oop [216]=Oop [224]=Oop }
                      ;*invokevirtual clearThreadContext {reexecute=0 rethrow=0 return_oop=0}
                      ; - kotlinx.coroutines.DispatchedTask::run@319 (line 236)
  0x000001de6721e050: 2c0a 0a07 

  0x000001de6721e054: ;   {other}
  0x000001de6721e054: 0f1f 8400 | 4426 001d 

  0x000001de6721e05c: ;   {metadata(method data for {method} {0x000001de415013b0} 'run' '()V' in 'kotlinx/coroutines/DispatchedTask')}
  0x000001de6721e05c: 85c0 48ba | 802d db42 | de01 0000 | 49c7 c0c0 | 0800 0074 | 0749 c7c0 | d008 0000 | 4a8b 3402 
  0x000001de6721e07c: 488d 7601 | 4a89 3402 | 0f84 3200 

  0x000001de6721e088: ;   {metadata(method data for {method} {0x000001de415013b0} 'run' '()V' in 'kotlinx/coroutines/DispatchedTask')}
  0x000001de6721e088: 0000 48ba | 802d db42 | de01 0000 | 4883 82e0 | 0800 0001 | 488b 9424 | d800 0000 | 4c8b 8424 
  0x000001de6721e0a8: e000 0000 

  0x000001de6721e0ac: ;   {static_call}
  0x000001de6721e0ac: 6666 90e8 

  0x000001de6721e0b0: ; ImmutableOopMap {[176]=Oop }
                      ;*invokestatic restoreThreadContext {reexecute=0 rethrow=0 return_oop=0}
                      ; - kotlinx.coroutines.DispatchedTask::run@329 (line 237)
  0x000001de6721e0b0: 4c67 0200 

  0x000001de6721e0b4: ;   {other}
  0x000001de6721e0b4: 0f1f 8400 | a426 001e 

  0x000001de6721e0bc: ;   {metadata(method data for {method} {0x000001de415013b0} 'run' '()V' in 'kotlinx/coroutines/DispatchedTask')}
  0x000001de6721e0bc: 48ba 802d | db42 de01 | 0000 ff82 | f008 0000 | 4881 c470 | 0100 005d 

  0x000001de6721e0d4: ;   {poll_return}
  0x000001de6721e0d4: 493b a748 | 0400 000f | 878b 0f00 

  0x000001de6721e0e0: ;   {metadata(method data for {method} {0x000001de414164f8} 'sanitizeStackTrace' '(Ljava/lang/Throwable;)Ljava/lang/Throwable;' in 'kotlin/jvm/internal/Intrinsics')}
  0x000001de6721e0e0: 00c3 48ba | e0cb 5b41 | de01 0000 | 4883 8248 | 0100 0001 | 488b d04c | 8bc6 0f1f 

  0x000001de6721e0fc: ;   {static_call}
  0x000001de6721e0fc: 4400 00e8 

  0x000001de6721e100: ; ImmutableOopMap {[176]=Oop [208]=Oop [216]=Oop [224]=Oop [232]=Oop [296]=Oop [320]=Oop }
                      ;*invokestatic sanitizeStackTrace {reexecute=0 rethrow=0 return_oop=0}
                      ; - kotlin.jvm.internal.Intrinsics::sanitizeStackTrace@6 (line 253)
                      ; - kotlin.jvm.internal.Intrinsics::throwParameterIsNullNPE@11 (line 140)
                      ; - kotlin.jvm.internal.Intrinsics::checkNotNullParameter@5 (line 131)
                      ; - kotlin.Result$Failure::<init>@3
                      ; - kotlin.ResultKt::createFailure@11 (line 122)
                      ; - kotlinx.coroutines.DispatchedTask::run@246 (line 232)
  0x000001de6721e100: 7c0f 0a07 

  0x000001de6721e104: ;   {other}
  0x000001de6721e104: 0f1f 8400 | f426 001f | 4c8b 8424 | 4001 0000 | 4885 c075 

  0x000001de6721e118: ;   {metadata(method data for {method} {0x000001de41415590} 'throwParameterIsNullNPE' '(Ljava/lang/String;)V' in 'kotlin/jvm/internal/Intrinsics')}
  0x000001de6721e118: 1648 be00 | c55b 41de | 0100 0080 | 8e39 0100 | 0001 e9cd 

  0x000001de6721e12c: ;   {metadata('java/lang/NullPointerException')}
  0x000001de6721e12c: 0000 0048 | bf88 cd06 | 00de 0100 | 008b 7008 | 49ba 0000 | 0000 de01 | 0000 4903 | f248 3b7e 
  0x000001de6721e14c: 500f 858d 

  0x000001de6721e150: ;   {metadata(method data for {method} {0x000001de41415590} 'throwParameterIsNullNPE' '(Ljava/lang/String;)V' in 'kotlin/jvm/internal/Intrinsics')}
  0x000001de6721e150: 0000 0048 | be00 c55b | 41de 0100 | 008b 7808 | 49ba 0000 | 0000 de01 | 0000 4903 | fa48 3bbe 
  0x000001de6721e170: 5001 0000 | 750d 4883 | 8658 0100 | 0001 e979 | 0000 0048 | 3bbe 6001 | 0000 750d | 4883 8668 
  0x000001de6721e190: 0100 0001 | e963 0000 | 0048 83be | 5001 0000 | 0075 1748 | 89be 5001 | 0000 48c7 | 8658 0100 
  0x000001de6721e1b0: 0001 0000 | 00e9 4200 | 0000 4883 | be60 0100 | 0000 7517 | 4889 be60 | 0100 0048 | c786 6801 
  0x000001de6721e1d0: 0000 0100 | 0000 e921 | 0000 00e9 | 1c00 0000 

  0x000001de6721e1e0: ;   {metadata(method data for {method} {0x000001de41415590} 'throwParameterIsNullNPE' '(Ljava/lang/String;)V' in 'kotlin/jvm/internal/Intrinsics')}
  0x000001de6721e1e0: 48be 00c5 | 5b41 de01 | 0000 4883 | ae40 0100 | 0001 e98b | 0e00 00e9 | 0000 0000 

  0x000001de6721e1fc: ; implicit exception: dispatches to 0x000001de6721f08b
                      ; ImmutableOopMap {r8=Oop rax=Oop [176]=Oop [208]=Oop [216]=Oop [224]=Oop [232]=Oop [296]=Oop [320]=Oop }
                      ;*athrow {reexecute=1 rethrow=0 return_oop=0}
                      ; - (reexecute) kotlin.jvm.internal.Intrinsics::throwParameterIsNullNPE@17 (line 140)
                      ; - kotlin.jvm.internal.Intrinsics::checkNotNullParameter@5 (line 131)
                      ; - kotlin.Result$Failure::<init>@3
                      ; - kotlin.ResultKt::createFailure@11 (line 122)
                      ; - kotlinx.coroutines.DispatchedTask::run@246 (line 232)
                      ;   {section_word}
  0x000001de6721e1fc: 483b 0048 | baff e121 | 67de 0100 

  0x000001de6721e208: ;   {runtime_call handle_exception_nofpu Runtime1 stub}
  0x000001de6721e208: 00e8 f2d2 

  0x000001de6721e20c: ;   {metadata(method data for {method} {0x000001de414164f8} 'sanitizeStackTrace' '(Ljava/lang/Throwable;)Ljava/lang/Throwable;' in 'kotlin/jvm/internal/Intrinsics')}
  0x000001de6721e20c: 1507 9048 | bae0 cb5b | 41de 0100 | 0048 8382 | 4801 0000 | 0148 8bd0 

  0x000001de6721e224: ;   {static_call}
  0x000001de6721e224: 4c8b c6e8 

  0x000001de6721e228: ; ImmutableOopMap {[176]=Oop [208]=Oop [216]=Oop [224]=Oop [232]=Oop [296]=Oop }
                      ;*invokestatic sanitizeStackTrace {reexecute=0 rethrow=0 return_oop=0}
                      ; - kotlin.jvm.internal.Intrinsics::sanitizeStackTrace@6 (line 253)
                      ; - kotlin.jvm.internal.Intrinsics::throwParameterIsNullNPE@11 (line 140)
                      ; - kotlin.jvm.internal.Intrinsics::checkNotNullParameter@5 (line 131)
                      ; - kotlin.ResultKt::createFailure@3
                      ; - kotlinx.coroutines.DispatchedTask::run@246 (line 232)
  0x000001de6721e228: 540e 0a07 

  0x000001de6721e22c: ;   {other}
  0x000001de6721e22c: 0f1f 8400 | 1c28 0021 | 4c8b 8424 | 2801 0000 | 4885 c075 

  0x000001de6721e240: ;   {metadata(method data for {method} {0x000001de41415590} 'throwParameterIsNullNPE' '(Ljava/lang/String;)V' in 'kotlin/jvm/internal/Intrinsics')}
  0x000001de6721e240: 1648 be00 | c55b 41de | 0100 0080 | 8e39 0100 | 0001 e9cd 

  0x000001de6721e254: ;   {metadata('java/lang/NullPointerException')}
  0x000001de6721e254: 0000 0048 | bf88 cd06 | 00de 0100 | 008b 7008 | 49ba 0000 | 0000 de01 | 0000 4903 | f248 3b7e 
  0x000001de6721e274: 500f 858d 

  0x000001de6721e278: ;   {metadata(method data for {method} {0x000001de41415590} 'throwParameterIsNullNPE' '(Ljava/lang/String;)V' in 'kotlin/jvm/internal/Intrinsics')}
  0x000001de6721e278: 0000 0048 | be00 c55b | 41de 0100 | 008b 7808 | 49ba 0000 | 0000 de01 | 0000 4903 | fa48 3bbe 
  0x000001de6721e298: 5001 0000 | 750d 4883 | 8658 0100 | 0001 e979 | 0000 0048 | 3bbe 6001 | 0000 750d | 4883 8668 
  0x000001de6721e2b8: 0100 0001 | e963 0000 | 0048 83be | 5001 0000 | 0075 1748 | 89be 5001 | 0000 48c7 | 8658 0100 
  0x000001de6721e2d8: 0001 0000 | 00e9 4200 | 0000 4883 | be60 0100 | 0000 7517 | 4889 be60 | 0100 0048 | c786 6801 
  0x000001de6721e2f8: 0000 0100 | 0000 e921 | 0000 00e9 | 1c00 0000 

  0x000001de6721e308: ;   {metadata(method data for {method} {0x000001de41415590} 'throwParameterIsNullNPE' '(Ljava/lang/String;)V' in 'kotlin/jvm/internal/Intrinsics')}
  0x000001de6721e308: 48be 00c5 | 5b41 de01 | 0000 4883 | ae40 0100 | 0001 e971 | 0d00 00e9 | 0000 0000 

  0x000001de6721e324: ; implicit exception: dispatches to 0x000001de6721f099
                      ; ImmutableOopMap {r8=Oop rax=Oop [176]=Oop [208]=Oop [216]=Oop [224]=Oop [232]=Oop [296]=Oop }
                      ;*athrow {reexecute=1 rethrow=0 return_oop=0}
                      ; - (reexecute) kotlin.jvm.internal.Intrinsics::throwParameterIsNullNPE@17 (line 140)
                      ; - kotlin.jvm.internal.Intrinsics::checkNotNullParameter@5 (line 131)
                      ; - kotlin.ResultKt::createFailure@3
                      ; - kotlinx.coroutines.DispatchedTask::run@246 (line 232)
                      ;   {section_word}
  0x000001de6721e324: 483b 0048 | ba27 e321 | 67de 0100 

  0x000001de6721e330: ;   {runtime_call handle_exception_nofpu Runtime1 stub}
  0x000001de6721e330: 00e8 cad1 

  0x000001de6721e334: ;   {metadata(method data for {method} {0x000001de414164f8} 'sanitizeStackTrace' '(Ljava/lang/Throwable;)Ljava/lang/Throwable;' in 'kotlin/jvm/internal/Intrinsics')}
  0x000001de6721e334: 1507 9048 | bae0 cb5b | 41de 0100 | 0048 8382 | 4801 0000 | 0148 8bd0 

  0x000001de6721e34c: ;   {static_call}
  0x000001de6721e34c: 4c8b c6e8 

  0x000001de6721e350: ; ImmutableOopMap {[176]=Oop [208]=Oop [216]=Oop [224]=Oop [232]=Oop [256]=Oop [288]=Oop }
                      ;*invokestatic sanitizeStackTrace {reexecute=0 rethrow=0 return_oop=0}
                      ; - kotlin.jvm.internal.Intrinsics::sanitizeStackTrace@6 (line 253)
                      ; - kotlin.jvm.internal.Intrinsics::throwParameterIsNullNPE@11 (line 140)
                      ; - kotlin.jvm.internal.Intrinsics::checkNotNullParameter@5 (line 131)
                      ; - kotlin.Result$Failure::<init>@3
                      ; - kotlin.ResultKt::createFailure@11 (line 122)
                      ; - kotlinx.coroutines.DispatchedTask::run@273 (line 98)
  0x000001de6721e350: 2c0d 0a07 

  0x000001de6721e354: ;   {other}
  0x000001de6721e354: 0f1f 8400 | 4429 0023 | 4c8b 8424 | 2001 0000 | 4885 c075 

  0x000001de6721e368: ;   {metadata(method data for {method} {0x000001de41415590} 'throwParameterIsNullNPE' '(Ljava/lang/String;)V' in 'kotlin/jvm/internal/Intrinsics')}
  0x000001de6721e368: 1648 be00 | c55b 41de | 0100 0080 | 8e39 0100 | 0001 e9cd 

  0x000001de6721e37c: ;   {metadata('java/lang/NullPointerException')}
  0x000001de6721e37c: 0000 0048 | bf88 cd06 | 00de 0100 | 008b 7008 | 49ba 0000 | 0000 de01 | 0000 4903 | f248 3b7e 
  0x000001de6721e39c: 500f 858d 

  0x000001de6721e3a0: ;   {metadata(method data for {method} {0x000001de41415590} 'throwParameterIsNullNPE' '(Ljava/lang/String;)V' in 'kotlin/jvm/internal/Intrinsics')}
  0x000001de6721e3a0: 0000 0048 | be00 c55b | 41de 0100 | 008b 7808 | 49ba 0000 | 0000 de01 | 0000 4903 | fa48 3bbe 
  0x000001de6721e3c0: 5001 0000 | 750d 4883 | 8658 0100 | 0001 e979 | 0000 0048 | 3bbe 6001 | 0000 750d | 4883 8668 
  0x000001de6721e3e0: 0100 0001 | e963 0000 | 0048 83be | 5001 0000 | 0075 1748 | 89be 5001 | 0000 48c7 | 8658 0100 
  0x000001de6721e400: 0001 0000 | 00e9 4200 | 0000 4883 | be60 0100 | 0000 7517 | 4889 be60 | 0100 0048 | c786 6801 
  0x000001de6721e420: 0000 0100 | 0000 e921 | 0000 00e9 | 1c00 0000 

  0x000001de6721e430: ;   {metadata(method data for {method} {0x000001de41415590} 'throwParameterIsNullNPE' '(Ljava/lang/String;)V' in 'kotlin/jvm/internal/Intrinsics')}
  0x000001de6721e430: 48be 00c5 | 5b41 de01 | 0000 4883 | ae40 0100 | 0001 e957 | 0c00 00e9 | 0000 0000 

  0x000001de6721e44c: ; implicit exception: dispatches to 0x000001de6721f0a7
                      ; ImmutableOopMap {r8=Oop rax=Oop [176]=Oop [208]=Oop [216]=Oop [224]=Oop [232]=Oop [256]=Oop [288]=Oop }
                      ;*athrow {reexecute=1 rethrow=0 return_oop=0}
                      ; - (reexecute) kotlin.jvm.internal.Intrinsics::throwParameterIsNullNPE@17 (line 140)
                      ; - kotlin.jvm.internal.Intrinsics::checkNotNullParameter@5 (line 131)
                      ; - kotlin.Result$Failure::<init>@3
                      ; - kotlin.ResultKt::createFailure@11 (line 122)
                      ; - kotlinx.coroutines.DispatchedTask::run@273 (line 98)
                      ;   {section_word}
  0x000001de6721e44c: 483b 0048 | ba4f e421 | 67de 0100 

  0x000001de6721e458: ;   {runtime_call handle_exception_nofpu Runtime1 stub}
  0x000001de6721e458: 00e8 a2d0 

  0x000001de6721e45c: ;   {metadata(method data for {method} {0x000001de414164f8} 'sanitizeStackTrace' '(Ljava/lang/Throwable;)Ljava/lang/Throwable;' in 'kotlin/jvm/internal/Intrinsics')}
  0x000001de6721e45c: 1507 9048 | bae0 cb5b | 41de 0100 | 0048 8382 | 4801 0000 | 0148 8bd0 

  0x000001de6721e474: ;   {static_call}
  0x000001de6721e474: 4c8b c6e8 

  0x000001de6721e478: ; ImmutableOopMap {[176]=Oop [208]=Oop [216]=Oop [224]=Oop [232]=Oop [256]=Oop }
                      ;*invokestatic sanitizeStackTrace {reexecute=0 rethrow=0 return_oop=0}
                      ; - kotlin.jvm.internal.Intrinsics::sanitizeStackTrace@6 (line 253)
                      ; - kotlin.jvm.internal.Intrinsics::throwParameterIsNullNPE@11 (line 140)
                      ; - kotlin.jvm.internal.Intrinsics::checkNotNullParameter@5 (line 131)
                      ; - kotlin.ResultKt::createFailure@3
                      ; - kotlinx.coroutines.DispatchedTask::run@273 (line 98)
  0x000001de6721e478: 040c 0a07 

  0x000001de6721e47c: ;   {other}
  0x000001de6721e47c: 0f1f 8400 | 6c2a 0025 | 488b b424 | 0001 0000 | 488b bc24 | d000 0000 | 4885 c075 

  0x000001de6721e498: ;   {metadata(method data for {method} {0x000001de41415590} 'throwParameterIsNullNPE' '(Ljava/lang/String;)V' in 'kotlin/jvm/internal/Intrinsics')}
  0x000001de6721e498: 1648 bb00 | c55b 41de | 0100 0080 | 8b39 0100 | 0001 e9cd 

  0x000001de6721e4ac: ;   {metadata('java/lang/NullPointerException')}
  0x000001de6721e4ac: 0000 0048 | b988 cd06 | 00de 0100 | 008b 5808 | 49ba 0000 | 0000 de01 | 0000 4903 | da48 3b4b 
  0x000001de6721e4cc: 500f 858d 

  0x000001de6721e4d0: ;   {metadata(method data for {method} {0x000001de41415590} 'throwParameterIsNullNPE' '(Ljava/lang/String;)V' in 'kotlin/jvm/internal/Intrinsics')}
  0x000001de6721e4d0: 0000 0048 | bb00 c55b | 41de 0100 | 008b 4808 | 49ba 0000 | 0000 de01 | 0000 4903 | ca48 3b8b 
  0x000001de6721e4f0: 5001 0000 | 750d 4883 | 8358 0100 | 0001 e979 | 0000 0048 | 3b8b 6001 | 0000 750d | 4883 8368 
  0x000001de6721e510: 0100 0001 | e963 0000 | 0048 83bb | 5001 0000 | 0075 1748 | 898b 5001 | 0000 48c7 | 8358 0100 
  0x000001de6721e530: 0001 0000 | 00e9 4200 | 0000 4883 | bb60 0100 | 0000 7517 | 4889 8b60 | 0100 0048 | c783 6801 
  0x000001de6721e550: 0000 0100 | 0000 e921 | 0000 00e9 | 1c00 0000 

  0x000001de6721e560: ;   {metadata(method data for {method} {0x000001de41415590} 'throwParameterIsNullNPE' '(Ljava/lang/String;)V' in 'kotlin/jvm/internal/Intrinsics')}
  0x000001de6721e560: 48bb 00c5 | 5b41 de01 | 0000 4883 | ab40 0100 | 0001 e935 | 0b00 00e9 | 0000 0000 

  0x000001de6721e57c: ; implicit exception: dispatches to 0x000001de6721f0b5
                      ; ImmutableOopMap {rdi=Oop rsi=Oop rax=Oop [176]=Oop [216]=Oop [224]=Oop [232]=Oop [256]=Oop }
                      ;*athrow {reexecute=1 rethrow=0 return_oop=0}
                      ; - (reexecute) kotlin.jvm.internal.Intrinsics::throwParameterIsNullNPE@17 (line 140)
                      ; - kotlin.jvm.internal.Intrinsics::checkNotNullParameter@5 (line 131)
                      ; - kotlin.ResultKt::createFailure@3
                      ; - kotlinx.coroutines.DispatchedTask::run@273 (line 98)
                      ;   {section_word}
  0x000001de6721e57c: 483b 0048 | ba7f e521 | 67de 0100 

  0x000001de6721e588: ;   {runtime_call handle_exception_nofpu Runtime1 stub}
  0x000001de6721e588: 00e8 72cf | 1507 9049 | 8b87 f804 | 0000 4d33 | d24d 8997 | f804 0000 | 4d33 d24d | 8997 0005 
  0x000001de6721e5a8: 0000 488b | 9424 e800 | 0000 4885 

  0x000001de6721e5b4: ;   {metadata(method data for {method} {0x000001de415013b0} 'run' '()V' in 'kotlinx/coroutines/DispatchedTask')}
  0x000001de6721e5b4: d248 be80 | 2ddb 42de | 0100 0048 | c7c7 0809 | 0000 7407 | 48c7 c718 | 0900 0048 | 8b1c 3e48 
  0x000001de6721e5d4: 8d5b 0148 | 891c 3e48 | 8984 2448 | 0100 000f | 8459 0000 | 0048 3b02 

  0x000001de6721e5ec: ;   {metadata(method data for {method} {0x000001de415013b0} 'run' '()V' in 'kotlinx/coroutines/DispatchedTask')}
  0x000001de6721e5ec: 488b f248 | bf80 2ddb | 42de 0100 | 0048 8387 | 2809 0000 | 0166 0f1f 

  0x000001de6721e604: ;   {optimized virtual_call}
  0x000001de6721e604: 4400 00e8 

  0x000001de6721e608: ; ImmutableOopMap {[176]=Oop [216]=Oop [224]=Oop [328]=Oop }
                      ;*invokevirtual clearThreadContext {reexecute=0 rethrow=0 return_oop=0}
                      ; - kotlinx.coroutines.DispatchedTask::run@344 (line 236)
  0x000001de6721e608: 7404 0a07 

  0x000001de6721e60c: ;   {other}
  0x000001de6721e60c: 0f1f 8400 | fc2b 0027 

  0x000001de6721e614: ;   {metadata(method data for {method} {0x000001de415013b0} 'run' '()V' in 'kotlinx/coroutines/DispatchedTask')}
  0x000001de6721e614: 85c0 48ba | 802d db42 | de01 0000 | 49c7 c060 | 0900 0074 | 0749 c7c0 | 7009 0000 | 4a8b 3402 
  0x000001de6721e634: 488d 7601 | 4a89 3402 | 0f84 3200 | 0000 4c8b | 8424 e000 | 0000 488b | 8424 d800 

  0x000001de6721e650: ;   {metadata(method data for {method} {0x000001de415013b0} 'run' '()V' in 'kotlinx/coroutines/DispatchedTask')}
  0x000001de6721e650: 0000 48ba | 802d db42 | de01 0000 | 4883 8280 | 0900 0001 

  0x000001de6721e664: ;   {static_call}
  0x000001de6721e664: 488b d0e8 

  0x000001de6721e668: ; ImmutableOopMap {[176]=Oop [328]=Oop }
                      ;*invokestatic restoreThreadContext {reexecute=0 rethrow=0 return_oop=0}
                      ; - kotlinx.coroutines.DispatchedTask::run@354 (line 237)
  0x000001de6721e668: 140a 0a07 

  0x000001de6721e66c: ;   {other}
  0x000001de6721e66c: 0f1f 8400 | 5c2c 0028 | 488b 8424 

  0x000001de6721e678: ; ImmutableOopMap {rax=Oop [176]=Oop }
                      ;*athrow {reexecute=1 rethrow=0 return_oop=0}
                      ; - (reexecute) kotlinx.coroutines.DispatchedTask::run@359 (line 237)
  0x000001de6721e678: 4801 0000 

  0x000001de6721e67c: ;   {section_word}
  0x000001de6721e67c: 48ba 7ce6 | 2167 de01 

  0x000001de6721e684: ;   {runtime_call handle_exception_nofpu Runtime1 stub}
  0x000001de6721e684: 0000 e875 | ce15 0790 

  0x000001de6721e68c: ;   {metadata(method data for {method} {0x000001de414164f8} 'sanitizeStackTrace' '(Ljava/lang/Throwable;)Ljava/lang/Throwable;' in 'kotlin/jvm/internal/Intrinsics')}
  0x000001de6721e68c: 48ba e0cb | 5b41 de01 | 0000 4883 | 8248 0100 | 0001 488b | d04c 8bc6 

  0x000001de6721e6a4: ;   {static_call}
  0x000001de6721e6a4: 6666 90e8 

  0x000001de6721e6a8: ; ImmutableOopMap {[176]=Oop [184]=Oop }
                      ;*invokestatic sanitizeStackTrace {reexecute=0 rethrow=0 return_oop=0}
                      ; - kotlin.jvm.internal.Intrinsics::sanitizeStackTrace@6 (line 253)
                      ; - kotlin.jvm.internal.Intrinsics::throwJavaNpe@8 (line 50)
                      ; - kotlin.jvm.internal.Intrinsics::checkNotNull@5 (line 31)
                      ; - kotlinx.coroutines.DispatchedTask::run@40 (line 80)
  0x000001de6721e6a8: d409 0a07 

  0x000001de6721e6ac: ;   {other}
  0x000001de6721e6ac: 0f1f 8400 | 9c2c 002a | 4c8b 8424 | b800 0000 | 4885 c075 

  0x000001de6721e6c0: ;   {metadata(method data for {method} {0x000001de41414768} 'throwJavaNpe' '(Ljava/lang/String;)V' in 'kotlin/jvm/internal/Intrinsics')}
  0x000001de6721e6c0: 1648 be60 | cfed 41de | 0100 0080 | 8e29 0100 | 0001 e9cd 

  0x000001de6721e6d4: ;   {metadata('java/lang/NullPointerException')}
  0x000001de6721e6d4: 0000 0048 | bf88 cd06 | 00de 0100 | 008b 7008 | 49ba 0000 | 0000 de01 | 0000 4903 | f248 3b7e 
  0x000001de6721e6f4: 500f 858d 

  0x000001de6721e6f8: ;   {metadata(method data for {method} {0x000001de41414768} 'throwJavaNpe' '(Ljava/lang/String;)V' in 'kotlin/jvm/internal/Intrinsics')}
  0x000001de6721e6f8: 0000 0048 | be60 cfed | 41de 0100 | 008b 7808 | 49ba 0000 | 0000 de01 | 0000 4903 | fa48 3bbe 
  0x000001de6721e718: 4001 0000 | 750d 4883 | 8648 0100 | 0001 e979 | 0000 0048 | 3bbe 5001 | 0000 750d | 4883 8658 
  0x000001de6721e738: 0100 0001 | e963 0000 | 0048 83be | 4001 0000 | 0075 1748 | 89be 4001 | 0000 48c7 | 8648 0100 
  0x000001de6721e758: 0001 0000 | 00e9 4200 | 0000 4883 | be50 0100 | 0000 7517 | 4889 be50 | 0100 0048 | c786 5801 
  0x000001de6721e778: 0000 0100 | 0000 e921 | 0000 00e9 | 1c00 0000 

  0x000001de6721e788: ;   {metadata(method data for {method} {0x000001de41414768} 'throwJavaNpe' '(Ljava/lang/String;)V' in 'kotlin/jvm/internal/Intrinsics')}
  0x000001de6721e788: 48be 60cf | ed41 de01 | 0000 4883 | ae30 0100 | 0001 e920 | 0900 00e9 | 0000 0000 

  0x000001de6721e7a4: ; implicit exception: dispatches to 0x000001de6721f0c8
                      ; ImmutableOopMap {r8=Oop rax=Oop [176]=Oop [184]=Oop }
                      ;*athrow {reexecute=1 rethrow=0 return_oop=0}
                      ; - (reexecute) kotlin.jvm.internal.Intrinsics::throwJavaNpe@14 (line 50)
                      ; - kotlin.jvm.internal.Intrinsics::checkNotNull@5 (line 31)
                      ; - kotlinx.coroutines.DispatchedTask::run@40 (line 80)
                      ;   {section_word}
  0x000001de6721e7a4: 483b 0048 | baa7 e721 | 67de 0100 

  0x000001de6721e7b0: ;   {runtime_call handle_exception_nofpu Runtime1 stub}
  0x000001de6721e7b0: 00e8 4acd | 1507 9049 | 8b87 f804 | 0000 4d33 | d24d 8997 | f804 0000 | 4d33 d24d | 8997 0005 
  0x000001de6721e7d0: 0000 488b | 9424 b000 

  0x000001de6721e7d8: ;   {metadata(method data for {method} {0x000001de415013b0} 'run' '()V' in 'kotlinx/coroutines/DispatchedTask')}
  0x000001de6721e7d8: 0000 49b8 | 802d db42 | de01 0000 | 4983 8060 | 0a00 0001 | 4c8b c048 | 8b94 24b0 

  0x000001de6721e7f4: ;   {optimized virtual_call}
  0x000001de6721e7f4: 0000 00e8 

  0x000001de6721e7f8: ; ImmutableOopMap {}
                      ;*invokevirtual handleFatalException$kotlinx_coroutines_core {reexecute=0 rethrow=0 return_oop=0}
                      ; - kotlinx.coroutines.DispatchedTask::run@383 (line 107)
  0x000001de6721e7f8: 8402 0a07 

  0x000001de6721e7fc: ;   {other}
  0x000001de6721e7fc: 0f1f 8400 | ec2d 002c | 4881 c470 | 0100 005d 

  0x000001de6721e80c: ;   {poll_return}
  0x000001de6721e80c: 493b a748 | 0400 000f | 87b4 0800 | 00c3 488b | 9424 b000 | 0000 498b | 87f8 0400 | 004d 33d2 
  0x000001de6721e82c: 4d89 97f8 | 0400 004d | 33d2 4d89 | 9700 0500 | 0048 8bf2 

  0x000001de6721e840: ;   {metadata(method data for {method} {0x000001de415013b0} 'run' '()V' in 'kotlinx/coroutines/DispatchedTask')}
  0x000001de6721e840: 48bf 802d | db42 de01 | 0000 8b76 | 0849 ba00 | 0000 00de | 0100 0049 | 03f2 483b | b7a0 0900 
  0x000001de6721e860: 0075 0d48 | 8387 a809 | 0000 01e9 | 6000 0000 | 483b b7b0 | 0900 0075 | 0d48 8387 | b809 0000 
  0x000001de6721e880: 01e9 4a00 | 0000 4883 | bfa0 0900 | 0000 7517 | 4889 b7a0 | 0900 0048 | c787 a809 | 0000 0100 
  0x000001de6721e8a0: 0000 e929 | 0000 0048 | 83bf b009 | 0000 0075 | 1748 89b7 | b009 0000 | 48c7 87b8 | 0900 0001 
  0x000001de6721e8c0: 0000 00e9 | 0800 0000 | 4883 8790 | 0900 0001 | 4889 8424 | 5001 0000 | 0f1f 4400 | 0048 b8ff 
  0x000001de6721e8e0: ffff ffff 

  0x000001de6721e8e4: ;   {virtual_call}
  0x000001de6721e8e4: ffff ffe8 

  0x000001de6721e8e8: ; ImmutableOopMap {[336]=Oop }
                      ;*invokevirtual getDelegate$kotlinx_coroutines_core {reexecute=0 rethrow=0 return_oop=0}
                      ; - kotlinx.coroutines.DispatchedTask::run@362 (line 105)
  0x000001de6721e8e8: 9404 0a07 

  0x000001de6721e8ec: ;   {other}
  0x000001de6721e8ec: 0f1f 8400 | dc2e 002d 

  0x000001de6721e8f4: ; implicit exception: dispatches to 0x000001de6721f0e3
  0x000001de6721e8f4: 483b 0048 

  0x000001de6721e8f8: ;   {metadata(method data for {method} {0x000001de415013b0} 'run' '()V' in 'kotlinx/coroutines/DispatchedTask')}
  0x000001de6721e8f8: 8bd0 48be | 802d db42 | de01 0000 | 8b52 0849 | ba00 0000 | 00de 0100 | 0049 03d2 | 483b 96d8 
  0x000001de6721e918: 0900 0075 | 0d48 8386 | e009 0000 | 01e9 6000 | 0000 483b | 96e8 0900 | 0075 0d48 | 8386 f009 
  0x000001de6721e938: 0000 01e9 | 4a00 0000 | 4883 bed8 | 0900 0000 | 7517 4889 | 96d8 0900 | 0048 c786 | e009 0000 
  0x000001de6721e958: 0100 0000 | e929 0000 | 0048 83be | e809 0000 | 0075 1748 | 8996 e809 | 0000 48c7 | 86f0 0900 
  0x000001de6721e978: 0001 0000 | 00e9 0800 | 0000 4883 | 86c8 0900 | 0001 488b | d048 b8ff | ffff ffff 

  0x000001de6721e994: ;   {virtual_call}
  0x000001de6721e994: ffff ffe8 

  0x000001de6721e998: ; ImmutableOopMap {[336]=Oop }
                      ;*invokeinterface getContext {reexecute=0 rethrow=0 return_oop=0}
                      ; - kotlinx.coroutines.DispatchedTask::run@365 (line 105)
  0x000001de6721e998: e403 0a07 

  0x000001de6721e99c: ;   {other}
  0x000001de6721e99c: 0f1f 8400 | 8c2f 002e | 488b 9424 | 5001 0000 

  0x000001de6721e9ac: ;   {metadata(method data for {method} {0x000001de415013b0} 'run' '()V' in 'kotlinx/coroutines/DispatchedTask')}
  0x000001de6721e9ac: 48be 802d | db42 de01 | 0000 8b52 | 0849 ba00 | 0000 00de | 0100 0049 | 03d2 483b | 9610 0a00 
  0x000001de6721e9cc: 0075 0d48 | 8386 180a | 0000 01e9 | 6000 0000 | 483b 9620 | 0a00 0075 | 0d48 8386 | 280a 0000 
  0x000001de6721e9ec: 01e9 4a00 | 0000 4883 | be10 0a00 | 0000 7517 | 4889 9610 | 0a00 0048 | c786 180a | 0000 0100 
  0x000001de6721ea0c: 0000 e929 | 0000 0048 | 83be 200a | 0000 0075 | 1748 8996 | 200a 0000 | 48c7 8628 | 0a00 0001 
  0x000001de6721ea2c: 0000 00e9 | 0800 0000 | 4883 8600 | 0a00 0001 | 488b 9424 | 5001 0000 | 4889 8424 | 5801 0000 
  0x000001de6721ea4c: ;   {optimized virtual_call}
  0x000001de6721ea4c: 6666 90e8 

  0x000001de6721ea50: ; ImmutableOopMap {[344]=Oop }
                      ;*invokevirtual getCause {reexecute=0 rethrow=0 return_oop=0}
                      ; - kotlinx.coroutines.DispatchedTask::run@371 (line 105)
  0x000001de6721ea50: 2c00 0a07 

  0x000001de6721ea54: ;   {other}
  0x000001de6721ea54: 0f1f 8400 | 4430 002f | 488b 9424 | 5801 0000 

  0x000001de6721ea64: ;   {static_call}
  0x000001de6721ea64: 4c8b c0e8 

  0x000001de6721ea68: ; ImmutableOopMap {}
                      ;*invokestatic handleCoroutineException {reexecute=0 rethrow=0 return_oop=0}
                      ; - kotlinx.coroutines.DispatchedTask::run@374 (line 105)
  0x000001de6721ea68: 1406 0a07 

  0x000001de6721ea6c: ;   {other}
  0x000001de6721ea6c: 0f1f 8400 | 5c30 0030 

  0x000001de6721ea74: ;   {metadata(method data for {method} {0x000001de415013b0} 'run' '()V' in 'kotlinx/coroutines/DispatchedTask')}
  0x000001de6721ea74: 48be 802d | db42 de01 | 0000 ff86 | 480a 0000 | 4881 c470 | 0100 005d 

  0x000001de6721ea8c: ;   {poll_return}
  0x000001de6721ea8c: 493b a748 | 0400 000f | 874f 0600 

  0x000001de6721ea98: ;   {metadata({method} {0x000001de415013b0} 'run' '()V' in 'kotlinx/coroutines/DispatchedTask')}
  0x000001de6721ea98: 00c3 49ba | a813 5041 | de01 0000 | 4c89 5424 | 0848 c704 | 24ff ffff 

  0x000001de6721eab0: ;   {runtime_call counter_overflow Runtime1 stub}
  0x000001de6721eab0: ffe8 4a23 

  0x000001de6721eab4: ; ImmutableOopMap {rdx=Oop [176]=Oop }
                      ;*synchronization entry
                      ; - kotlinx.coroutines.DispatchedTask::run@-1 (line 78)
  0x000001de6721eab4: 1607 e953 

  0x000001de6721eab8: ;   {metadata({method} {0x000001de414de438} 'getASSERTIONS_ENABLED' '()Z' in 'kotlinx/coroutines/DebugKt')}
  0x000001de6721eab8: d6ff ff49 | ba30 e44d | 41de 0100 | 004c 8954 | 2408 48c7 | 0424 ffff 

  0x000001de6721ead0: ;   {runtime_call counter_overflow Runtime1 stub}
  0x000001de6721ead0: ffff e829 

  0x000001de6721ead4: ; ImmutableOopMap {rdx=Oop [176]=Oop }
                      ;*synchronization entry
                      ; - kotlinx.coroutines.DebugKt::getASSERTIONS_ENABLED@-1 (line 63)
                      ; - kotlinx.coroutines.DispatchedTask::run@0 (line 78)
  0x000001de6721ead4: 2316 07e9 | 6bd6 ffff 

  0x000001de6721eadc: ;   {metadata({method} {0x000001de41414498} 'checkNotNull' '(Ljava/lang/Object;Ljava/lang/String;)V' in 'kotlin/jvm/internal/Intrinsics')}
  0x000001de6721eadc: 49ba 9044 | 4141 de01 | 0000 4c89 | 5424 0848 | c704 24ff 

  0x000001de6721eaf0: ;   {runtime_call counter_overflow Runtime1 stub}
  0x000001de6721eaf0: ffff ffe8 

  0x000001de6721eaf4: ; ImmutableOopMap {rax=Oop [176]=Oop [184]=Oop }
                      ;*synchronization entry
                      ; - kotlin.jvm.internal.Intrinsics::checkNotNull@-1 (line 30)
                      ; - kotlinx.coroutines.DispatchedTask::run@40 (line 80)
  0x000001de6721eaf4: 0823 1607 | e950 d7ff 

  0x000001de6721eafc: ;   {metadata({method} {0x000001de41414768} 'throwJavaNpe' '(Ljava/lang/String;)V' in 'kotlin/jvm/internal/Intrinsics')}
  0x000001de6721eafc: ff49 ba60 | 4741 41de | 0100 004c | 8954 2408 | 48c7 0424 | ffff ffff 

  0x000001de6721eb14: ;   {runtime_call counter_overflow Runtime1 stub}
  0x000001de6721eb14: e8e7 2216 

  0x000001de6721eb18: ; ImmutableOopMap {[176]=Oop [184]=Oop }
                      ;*synchronization entry
                      ; - kotlin.jvm.internal.Intrinsics::throwJavaNpe@-1 (line 50)
                      ; - kotlin.jvm.internal.Intrinsics::checkNotNull@5 (line 31)
                      ; - kotlinx.coroutines.DispatchedTask::run@40 (line 80)
  0x000001de6721eb18: 07e9 97d7 

  0x000001de6721eb1c: ;   {metadata(nullptr)}
  0x000001de6721eb1c: ffff 48ba | 0000 0000 | 0000 0000 | b800 0f05 

  0x000001de6721eb2c: ;   {runtime_call load_klass_patching Runtime1 stub}
  0x000001de6721eb2c: 0ae8 4e06 

  0x000001de6721eb30: ; ImmutableOopMap {[176]=Oop [184]=Oop }
                      ;*new {reexecute=1 rethrow=0 return_oop=0}
                      ; - (reexecute) kotlin.jvm.internal.Intrinsics::throwJavaNpe@0 (line 50)
                      ; - kotlin.jvm.internal.Intrinsics::checkNotNull@5 (line 31)
                      ; - kotlinx.coroutines.DispatchedTask::run@40 (line 80)
  0x000001de6721eb30: 1607 e981 | d7ff ff48 

  0x000001de6721eb38: ;   {runtime_call fast_new_instance Runtime1 stub}
  0x000001de6721eb38: 8bd2 e8c1 

  0x000001de6721eb3c: ; ImmutableOopMap {[176]=Oop [184]=Oop }
                      ;*new {reexecute=0 rethrow=0 return_oop=0}
                      ; - kotlin.jvm.internal.Intrinsics::throwJavaNpe@0 (line 50)
                      ; - kotlin.jvm.internal.Intrinsics::checkNotNull@5 (line 31)
                      ; - kotlinx.coroutines.DispatchedTask::run@40 (line 80)
  0x000001de6721eb3c: b215 07e9 | d0d7 ffff 

  0x000001de6721eb44: ;   {metadata({method} {0x000001de414164f8} 'sanitizeStackTrace' '(Ljava/lang/Throwable;)Ljava/lang/Throwable;' in 'kotlin/jvm/internal/Intrinsics')}
  0x000001de6721eb44: 49ba f064 | 4141 de01 | 0000 4c89 | 5424 0848 | c704 24ff 

  0x000001de6721eb58: ;   {runtime_call counter_overflow Runtime1 stub}
  0x000001de6721eb58: ffff ffe8 

  0x000001de6721eb5c: ; ImmutableOopMap {[176]=Oop [184]=Oop [192]=Oop }
                      ;*synchronization entry
                      ; - kotlin.jvm.internal.Intrinsics::sanitizeStackTrace@-1 (line 253)
                      ; - kotlin.jvm.internal.Intrinsics::throwJavaNpe@8 (line 50)
                      ; - kotlin.jvm.internal.Intrinsics::checkNotNull@5 (line 31)
                      ; - kotlinx.coroutines.DispatchedTask::run@40 (line 80)
  0x000001de6721eb5c: a022 1607 | e920 d8ff 

  0x000001de6721eb64: ;   {metadata({method} {0x000001de0046b368} 'getName' '()Ljava/lang/String;' in 'java/lang/Class')}
  0x000001de6721eb64: ff49 ba60 | b346 00de | 0100 004c | 8954 2408 | 48c7 0424 | ffff ffff 

  0x000001de6721eb7c: ;   {runtime_call counter_overflow Runtime1 stub}
  0x000001de6721eb7c: e87f 2216 

  0x000001de6721eb80: ; ImmutableOopMap {rdx=Oop [176]=Oop [184]=Oop [192]=Oop }
                      ;*synchronization entry
                      ; - java.lang.Class::getName@-1 (line 949)
                      ; - kotlin.jvm.internal.Intrinsics::sanitizeStackTrace@3 (line 253)
                      ; - kotlin.jvm.internal.Intrinsics::throwJavaNpe@8 (line 50)
                      ; - kotlin.jvm.internal.Intrinsics::checkNotNull@5 (line 31)
                      ; - kotlinx.coroutines.DispatchedTask::run@40 (line 80)
  0x000001de6721eb80: 07e9 45d8 

  0x000001de6721eb84: ;   {runtime_call throw_null_pointer_exception Runtime1 stub}
  0x000001de6721eb84: ffff e875 

  0x000001de6721eb88: ; ImmutableOopMap {[176]=Oop [184]=Oop [192]=Oop }
                      ;*getfield name {reexecute=1 rethrow=0 return_oop=0}
                      ; - (reexecute) java.lang.Class::getName@1 (line 949)
                      ; - kotlin.jvm.internal.Intrinsics::sanitizeStackTrace@3 (line 253)
                      ; - kotlin.jvm.internal.Intrinsics::throwJavaNpe@8 (line 50)
                      ; - kotlin.jvm.internal.Intrinsics::checkNotNull@5 (line 31)
                      ; - kotlinx.coroutines.DispatchedTask::run@40 (line 80)
  0x000001de6721eb88: a915 0748 

  0x000001de6721eb8c: ;   {runtime_call throw_class_cast_exception Runtime1 stub}
  0x000001de6721eb8c: 8904 24e8 

  0x000001de6721eb90: ; ImmutableOopMap {[176]=Oop }
                      ;*checkcast {reexecute=0 rethrow=0 return_oop=0}
                      ; - kotlinx.coroutines.DispatchedTask::run@43 (line 80)
  0x000001de6721eb90: 6cd5 1507 

  0x000001de6721eb94: ;   {runtime_call throw_null_pointer_exception Runtime1 stub}
  0x000001de6721eb94: e867 a915 

  0x000001de6721eb98: ; ImmutableOopMap {rdx=Oop [176]=Oop }
                      ;*getfield continuation {reexecute=1 rethrow=0 return_oop=0}
                      ; - (reexecute) kotlinx.coroutines.DispatchedTask::run@48 (line 81)
                      ;   {runtime_call throw_null_pointer_exception Runtime1 stub}
  0x000001de6721eb98: 07e8 62a9 

  0x000001de6721eb9c: ; ImmutableOopMap {rsi=Oop rdi=Oop [176]=Oop }
                      ;*invokeinterface getContext {reexecute=0 rethrow=0 return_oop=0}
                      ; - kotlinx.coroutines.DispatchedTask::run@61 (line 222)
                      ;   {metadata({method} {0x000001de4151b7c0} 'isCancellableMode' '(I)Z' in 'kotlinx/coroutines/DispatchedTaskKt')}
  0x000001de6721eb9c: 1507 49ba | b8b7 5141 | de01 0000 | 4c89 5424 | 0848 c704 | 24ff ffff 

  0x000001de6721ebb4: ;   {runtime_call counter_overflow Runtime1 stub}
  0x000001de6721ebb4: ffe8 4622 

  0x000001de6721ebb8: ; ImmutableOopMap {rax=Oop rdx=Oop [176]=Oop [208]=Oop [216]=Oop [224]=Oop [232]=Oop [240]=Oop [248]=Oop [256]=Oop }
                      ;*synchronization entry
                      ; - kotlinx.coroutines.DispatchedTaskKt::isCancellableMode@-1 (line 43)
                      ; - kotlinx.coroutines.DispatchedTask::run@133 (line 91)
  0x000001de6721ebb8: 1607 e9f1 

  0x000001de6721ebbc: ;   {runtime_call throw_null_pointer_exception Runtime1 stub}
  0x000001de6721ebbc: ddff ffe8 

  0x000001de6721ebc0: ; ImmutableOopMap {rax=Oop [176]=Oop [208]=Oop [216]=Oop [224]=Oop [232]=Oop [248]=Oop [256]=Oop }
                      ;*invokeinterface get {reexecute=0 rethrow=0 return_oop=0}
                      ; - kotlinx.coroutines.DispatchedTask::run@147 (line 91)
  0x000001de6721ebc0: 3ca9 1507 | 4889 0424 

  0x000001de6721ebc8: ;   {runtime_call throw_class_cast_exception Runtime1 stub}
  0x000001de6721ebc8: e833 d515 

  0x000001de6721ebcc: ; ImmutableOopMap {[176]=Oop [208]=Oop [216]=Oop [224]=Oop [232]=Oop [248]=Oop [256]=Oop }
                      ;*checkcast {reexecute=0 rethrow=0 return_oop=0}
                      ; - kotlinx.coroutines.DispatchedTask::run@152 (line 91)
                      ;   {runtime_call throw_null_pointer_exception Runtime1 stub}
  0x000001de6721ebcc: 07e8 2ea9 

  0x000001de6721ebd0: ; ImmutableOopMap {rsi=Oop [176]=Oop [208]=Oop [216]=Oop [224]=Oop [232]=Oop [248]=Oop [256]=Oop }
                      ;*invokeinterface isActive {reexecute=0 rethrow=0 return_oop=0}
                      ; - kotlinx.coroutines.DispatchedTask::run@168 (line 92)
                      ;   {metadata({method} {0x000001de415209e8} 'createFailure' '(Ljava/lang/Throwable;)Ljava/lang/Object;' in 'kotlin/ResultKt')}
  0x000001de6721ebd0: 1507 49ba | e009 5241 | de01 0000 | 4c89 5424 | 0848 c704 | 24ff ffff 

  0x000001de6721ebe8: ;   {runtime_call counter_overflow Runtime1 stub}
  0x000001de6721ebe8: ffe8 1222 

  0x000001de6721ebec: ; ImmutableOopMap {rax=Oop [176]=Oop [208]=Oop [216]=Oop [224]=Oop [232]=Oop [256]=Oop }
                      ;*synchronization entry
                      ; - kotlin.ResultKt::createFailure@-1
                      ; - kotlinx.coroutines.DispatchedTask::run@273 (line 98)
  0x000001de6721ebec: 1607 e9e7 

  0x000001de6721ebf0: ;   {metadata({method} {0x000001de41415410} 'checkNotNullParameter' '(Ljava/lang/Object;Ljava/lang/String;)V' in 'kotlin/jvm/internal/Intrinsics')}
  0x000001de6721ebf0: e1ff ff49 | ba08 5441 | 41de 0100 | 004c 8954 | 2408 48c7 | 0424 ffff 

  0x000001de6721ec08: ;   {runtime_call counter_overflow Runtime1 stub}
  0x000001de6721ec08: ffff e8f1 

  0x000001de6721ec0c: ; ImmutableOopMap {rax=Oop [176]=Oop [208]=Oop [216]=Oop [224]=Oop [232]=Oop [256]=Oop }
                      ;*synchronization entry
                      ; - kotlin.jvm.internal.Intrinsics::checkNotNullParameter@-1 (line 130)
                      ; - kotlin.ResultKt::createFailure@3
                      ; - kotlinx.coroutines.DispatchedTask::run@273 (line 98)
  0x000001de6721ec0c: 2116 07e9 | ffe1 ffff 

  0x000001de6721ec14: ;   {metadata({method} {0x000001de41415590} 'throwParameterIsNullNPE' '(Ljava/lang/String;)V' in 'kotlin/jvm/internal/Intrinsics')}
  0x000001de6721ec14: 49ba 8855 | 4141 de01 | 0000 4c89 | 5424 0848 | c704 24ff 

  0x000001de6721ec28: ;   {runtime_call counter_overflow Runtime1 stub}
  0x000001de6721ec28: ffff ffe8 

  0x000001de6721ec2c: ; ImmutableOopMap {[176]=Oop [208]=Oop [216]=Oop [224]=Oop [232]=Oop [256]=Oop }
                      ;*synchronization entry
                      ; - kotlin.jvm.internal.Intrinsics::throwParameterIsNullNPE@-1 (line 140)
                      ; - kotlin.jvm.internal.Intrinsics::checkNotNullParameter@5 (line 131)
                      ; - kotlin.ResultKt::createFailure@3
                      ; - kotlinx.coroutines.DispatchedTask::run@273 (line 98)
  0x000001de6721ec2c: d021 1607 | e946 e2ff 

  0x000001de6721ec34: ;   {metadata(nullptr)}
  0x000001de6721ec34: ff48 ba00 | 0000 0000 | 0000 00b8 | 000f 050a 

  0x000001de6721ec44: ;   {runtime_call load_klass_patching Runtime1 stub}
  0x000001de6721ec44: e837 0516 

  0x000001de6721ec48: ; ImmutableOopMap {[176]=Oop [208]=Oop [216]=Oop [224]=Oop [232]=Oop [256]=Oop }
                      ;*new {reexecute=1 rethrow=0 return_oop=0}
                      ; - (reexecute) kotlin.jvm.internal.Intrinsics::throwParameterIsNullNPE@0 (line 140)
                      ; - kotlin.jvm.internal.Intrinsics::checkNotNullParameter@5 (line 131)
                      ; - kotlin.ResultKt::createFailure@3
                      ; - kotlinx.coroutines.DispatchedTask::run@273 (line 98)
  0x000001de6721ec48: 07e9 32e2 | ffff 488b 

  0x000001de6721ec50: ;   {runtime_call fast_new_instance Runtime1 stub}
  0x000001de6721ec50: d2e8 aab1 

  0x000001de6721ec54: ; ImmutableOopMap {[176]=Oop [208]=Oop [216]=Oop [224]=Oop [232]=Oop [256]=Oop }
                      ;*new {reexecute=0 rethrow=0 return_oop=0}
                      ; - kotlin.jvm.internal.Intrinsics::throwParameterIsNullNPE@0 (line 140)
                      ; - kotlin.jvm.internal.Intrinsics::checkNotNullParameter@5 (line 131)
                      ; - kotlin.ResultKt::createFailure@3
                      ; - kotlinx.coroutines.DispatchedTask::run@273 (line 98)
  0x000001de6721ec54: 1507 e981 

  0x000001de6721ec58: ;   {metadata({method} {0x000001de414164f8} 'sanitizeStackTrace' '(Ljava/lang/Throwable;)Ljava/lang/Throwable;' in 'kotlin/jvm/internal/Intrinsics')}
  0x000001de6721ec58: e2ff ff49 | baf0 6441 | 41de 0100 | 004c 8954 | 2408 48c7 | 0424 ffff 

  0x000001de6721ec70: ;   {runtime_call counter_overflow Runtime1 stub}
  0x000001de6721ec70: ffff e889 

  0x000001de6721ec74: ; ImmutableOopMap {[176]=Oop [208]=Oop [216]=Oop [224]=Oop [232]=Oop [256]=Oop [272]=Oop }
                      ;*synchronization entry
                      ; - kotlin.jvm.internal.Intrinsics::sanitizeStackTrace@-1 (line 253)
                      ; - kotlin.jvm.internal.Intrinsics::throwParameterIsNullNPE@11 (line 140)
                      ; - kotlin.jvm.internal.Intrinsics::checkNotNullParameter@5 (line 131)
                      ; - kotlin.ResultKt::createFailure@3
                      ; - kotlinx.coroutines.DispatchedTask::run@273 (line 98)
  0x000001de6721ec74: 2116 07e9 | 09e3 ffff 

  0x000001de6721ec7c: ;   {metadata({method} {0x000001de0046b368} 'getName' '()Ljava/lang/String;' in 'java/lang/Class')}
  0x000001de6721ec7c: 49ba 60b3 | 4600 de01 | 0000 4c89 | 5424 0848 | c704 24ff 

  0x000001de6721ec90: ;   {runtime_call counter_overflow Runtime1 stub}
  0x000001de6721ec90: ffff ffe8 

  0x000001de6721ec94: ; ImmutableOopMap {rdx=Oop [176]=Oop [208]=Oop [216]=Oop [224]=Oop [232]=Oop [256]=Oop [272]=Oop }
                      ;*synchronization entry
                      ; - java.lang.Class::getName@-1 (line 949)
                      ; - kotlin.jvm.internal.Intrinsics::sanitizeStackTrace@3 (line 253)
                      ; - kotlin.jvm.internal.Intrinsics::throwParameterIsNullNPE@11 (line 140)
                      ; - kotlin.jvm.internal.Intrinsics::checkNotNullParameter@5 (line 131)
                      ; - kotlin.ResultKt::createFailure@3
                      ; - kotlinx.coroutines.DispatchedTask::run@273 (line 98)
  0x000001de6721ec94: 6821 1607 | e92e e3ff 

  0x000001de6721ec9c: ;   {runtime_call throw_null_pointer_exception Runtime1 stub}
  0x000001de6721ec9c: ffe8 5ea8 

  0x000001de6721eca0: ; ImmutableOopMap {[176]=Oop [208]=Oop [216]=Oop [224]=Oop [232]=Oop [256]=Oop [272]=Oop }
                      ;*getfield name {reexecute=1 rethrow=0 return_oop=0}
                      ; - (reexecute) java.lang.Class::getName@1 (line 949)
                      ; - kotlin.jvm.internal.Intrinsics::sanitizeStackTrace@3 (line 253)
                      ; - kotlin.jvm.internal.Intrinsics::throwParameterIsNullNPE@11 (line 140)
                      ; - kotlin.jvm.internal.Intrinsics::checkNotNullParameter@5 (line 131)
                      ; - kotlin.ResultKt::createFailure@3
                      ; - kotlinx.coroutines.DispatchedTask::run@273 (line 98)
  0x000001de6721eca0: 1507 488b 

  0x000001de6721eca4: ;   {runtime_call fast_new_instance Runtime1 stub}
  0x000001de6721eca4: d2e8 56b1 

  0x000001de6721eca8: ; ImmutableOopMap {rbx=Oop [176]=Oop [208]=Oop [216]=Oop [224]=Oop [232]=Oop [256]=Oop }
                      ;*new {reexecute=0 rethrow=0 return_oop=0}
                      ; - kotlin.ResultKt::createFailure@6 (line 122)
                      ; - kotlinx.coroutines.DispatchedTask::run@273 (line 98)
  0x000001de6721eca8: 1507 e9fc 

  0x000001de6721ecac: ;   {metadata({method} {0x000001de4150ee40} '<init>' '(Ljava/lang/Throwable;)V' in 'kotlin/Result$Failure')}
  0x000001de6721ecac: e3ff ff49 | ba38 ee50 | 41de 0100 | 004c 8954 | 2408 48c7 | 0424 ffff 

  0x000001de6721ecc4: ;   {runtime_call counter_overflow Runtime1 stub}
  0x000001de6721ecc4: ffff e835 

  0x000001de6721ecc8: ; ImmutableOopMap {rbx=Oop rax=Oop [176]=Oop [208]=Oop [216]=Oop [224]=Oop [232]=Oop [256]=Oop [288]=Oop }
                      ;*synchronization entry
                      ; - kotlin.Result$Failure::<init>@-1
                      ; - kotlin.ResultKt::createFailure@11 (line 122)
                      ; - kotlinx.coroutines.DispatchedTask::run@273 (line 98)
  0x000001de6721ecc8: 2116 07e9 | 1fe4 ffff 

  0x000001de6721ecd0: ;   {metadata({method} {0x000001de41415410} 'checkNotNullParameter' '(Ljava/lang/Object;Ljava/lang/String;)V' in 'kotlin/jvm/internal/Intrinsics')}
  0x000001de6721ecd0: 49ba 0854 | 4141 de01 | 0000 4c89 | 5424 0848 | c704 24ff 

  0x000001de6721ece4: ;   {runtime_call counter_overflow Runtime1 stub}
  0x000001de6721ece4: ffff ffe8 

  0x000001de6721ece8: ; ImmutableOopMap {rbx=Oop rax=Oop [176]=Oop [208]=Oop [216]=Oop [224]=Oop [232]=Oop [256]=Oop [288]=Oop }
                      ;*synchronization entry
                      ; - kotlin.jvm.internal.Intrinsics::checkNotNullParameter@-1 (line 130)
                      ; - kotlin.Result$Failure::<init>@3
                      ; - kotlin.ResultKt::createFailure@11 (line 122)
                      ; - kotlinx.coroutines.DispatchedTask::run@273 (line 98)
  0x000001de6721ece8: 1421 1607 | e937 e4ff 

  0x000001de6721ecf0: ;   {metadata({method} {0x000001de41415590} 'throwParameterIsNullNPE' '(Ljava/lang/String;)V' in 'kotlin/jvm/internal/Intrinsics')}
  0x000001de6721ecf0: ff49 ba88 | 5541 41de | 0100 004c | 8954 2408 | 48c7 0424 | ffff ffff 

  0x000001de6721ed08: ;   {runtime_call counter_overflow Runtime1 stub}
  0x000001de6721ed08: e8f3 2016 

  0x000001de6721ed0c: ; ImmutableOopMap {[176]=Oop [208]=Oop [216]=Oop [224]=Oop [232]=Oop [256]=Oop [288]=Oop }
                      ;*synchronization entry
                      ; - kotlin.jvm.internal.Intrinsics::throwParameterIsNullNPE@-1 (line 140)
                      ; - kotlin.jvm.internal.Intrinsics::checkNotNullParameter@5 (line 131)
                      ; - kotlin.Result$Failure::<init>@3
                      ; - kotlin.ResultKt::createFailure@11 (line 122)
                      ; - kotlinx.coroutines.DispatchedTask::run@273 (line 98)
  0x000001de6721ed0c: 07e9 7ee4 

  0x000001de6721ed10: ;   {metadata(nullptr)}
  0x000001de6721ed10: ffff 48ba | 0000 0000 | 0000 0000 | b800 0f05 

  0x000001de6721ed20: ;   {runtime_call load_klass_patching Runtime1 stub}
  0x000001de6721ed20: 0ae8 5a04 

  0x000001de6721ed24: ; ImmutableOopMap {[176]=Oop [208]=Oop [216]=Oop [224]=Oop [232]=Oop [256]=Oop [288]=Oop }
                      ;*new {reexecute=1 rethrow=0 return_oop=0}
                      ; - (reexecute) kotlin.jvm.internal.Intrinsics::throwParameterIsNullNPE@0 (line 140)
                      ; - kotlin.jvm.internal.Intrinsics::checkNotNullParameter@5 (line 131)
                      ; - kotlin.Result$Failure::<init>@3
                      ; - kotlin.ResultKt::createFailure@11 (line 122)
                      ; - kotlinx.coroutines.DispatchedTask::run@273 (line 98)
  0x000001de6721ed24: 1607 e965 | e4ff ff48 

  0x000001de6721ed2c: ;   {runtime_call fast_new_instance Runtime1 stub}
  0x000001de6721ed2c: 8bd2 e8cd 

  0x000001de6721ed30: ; ImmutableOopMap {[176]=Oop [208]=Oop [216]=Oop [224]=Oop [232]=Oop [256]=Oop [288]=Oop }
                      ;*new {reexecute=0 rethrow=0 return_oop=0}
                      ; - kotlin.jvm.internal.Intrinsics::throwParameterIsNullNPE@0 (line 140)
                      ; - kotlin.jvm.internal.Intrinsics::checkNotNullParameter@5 (line 131)
                      ; - kotlin.Result$Failure::<init>@3
                      ; - kotlin.ResultKt::createFailure@11 (line 122)
                      ; - kotlinx.coroutines.DispatchedTask::run@273 (line 98)
  0x000001de6721ed30: b015 07e9 | b4e4 ffff 

  0x000001de6721ed38: ;   {metadata({method} {0x000001de414164f8} 'sanitizeStackTrace' '(Ljava/lang/Throwable;)Ljava/lang/Throwable;' in 'kotlin/jvm/internal/Intrinsics')}
  0x000001de6721ed38: 49ba f064 | 4141 de01 | 0000 4c89 | 5424 0848 | c704 24ff 

  0x000001de6721ed4c: ;   {runtime_call counter_overflow Runtime1 stub}
  0x000001de6721ed4c: ffff ffe8 

  0x000001de6721ed50: ; ImmutableOopMap {[176]=Oop [208]=Oop [216]=Oop [224]=Oop [232]=Oop [256]=Oop [280]=Oop [288]=Oop }
                      ;*synchronization entry
                      ; - kotlin.jvm.internal.Intrinsics::sanitizeStackTrace@-1 (line 253)
                      ; - kotlin.jvm.internal.Intrinsics::throwParameterIsNullNPE@11 (line 140)
                      ; - kotlin.jvm.internal.Intrinsics::checkNotNullParameter@5 (line 131)
                      ; - kotlin.Result$Failure::<init>@3
                      ; - kotlin.ResultKt::createFailure@11 (line 122)
                      ; - kotlinx.coroutines.DispatchedTask::run@273 (line 98)
  0x000001de6721ed50: ac20 1607 | e93c e5ff 

  0x000001de6721ed58: ;   {metadata({method} {0x000001de0046b368} 'getName' '()Ljava/lang/String;' in 'java/lang/Class')}
  0x000001de6721ed58: ff49 ba60 | b346 00de | 0100 004c | 8954 2408 | 48c7 0424 | ffff ffff 

  0x000001de6721ed70: ;   {runtime_call counter_overflow Runtime1 stub}
  0x000001de6721ed70: e88b 2016 

  0x000001de6721ed74: ; ImmutableOopMap {rdx=Oop [176]=Oop [208]=Oop [216]=Oop [224]=Oop [232]=Oop [256]=Oop [280]=Oop [288]=Oop }
                      ;*synchronization entry
                      ; - java.lang.Class::getName@-1 (line 949)
                      ; - kotlin.jvm.internal.Intrinsics::sanitizeStackTrace@3 (line 253)
                      ; - kotlin.jvm.internal.Intrinsics::throwParameterIsNullNPE@11 (line 140)
                      ; - kotlin.jvm.internal.Intrinsics::checkNotNullParameter@5 (line 131)
                      ; - kotlin.Result$Failure::<init>@3
                      ; - kotlin.ResultKt::createFailure@11 (line 122)
                      ; - kotlinx.coroutines.DispatchedTask::run@273 (line 98)
  0x000001de6721ed74: 07e9 61e5 

  0x000001de6721ed78: ;   {runtime_call throw_null_pointer_exception Runtime1 stub}
  0x000001de6721ed78: ffff e881 

  0x000001de6721ed7c: ; ImmutableOopMap {[176]=Oop [208]=Oop [216]=Oop [224]=Oop [232]=Oop [256]=Oop [280]=Oop [288]=Oop }
                      ;*getfield name {reexecute=1 rethrow=0 return_oop=0}
                      ; - (reexecute) java.lang.Class::getName@1 (line 949)
                      ; - kotlin.jvm.internal.Intrinsics::sanitizeStackTrace@3 (line 253)
                      ; - kotlin.jvm.internal.Intrinsics::throwParameterIsNullNPE@11 (line 140)
                      ; - kotlin.jvm.internal.Intrinsics::checkNotNullParameter@5 (line 131)
                      ; - kotlin.Result$Failure::<init>@3
                      ; - kotlin.ResultKt::createFailure@11 (line 122)
                      ; - kotlinx.coroutines.DispatchedTask::run@273 (line 98)
                      ;   {metadata({method} {0x000001de00476650} '<init>' '()V' in 'java/lang/Object')}
  0x000001de6721ed7c: a715 0749 | ba48 6647 | 00de 0100 | 004c 8954 | 2408 48c7 | 0424 ffff 

  0x000001de6721ed94: ;   {runtime_call counter_overflow Runtime1 stub}
  0x000001de6721ed94: ffff e865 

  0x000001de6721ed98: ; ImmutableOopMap {rax=Oop rdi=Oop [176]=Oop [208]=Oop [216]=Oop [224]=Oop [232]=Oop [256]=Oop [288]=Oop }
                      ;*synchronization entry
                      ; - java.lang.Object::<init>@-1 (line 45)
                      ; - kotlin.Result$Failure::<init>@7 (line 105)
                      ; - kotlin.ResultKt::createFailure@11 (line 122)
                      ; - kotlinx.coroutines.DispatchedTask::run@273 (line 98)
  0x000001de6721ed98: 2016 07e9 | 0de6 ffff | 448b 400c | 49c1 e003 | 4983 f800 | 0f84 09e6 | ffff 4c89 

  0x000001de6721edb4: ;   {runtime_call g1_pre_barrier_slow}
  0x000001de6721edb4: 0424 e845 | 2a16 07e9 | fbe5 ffff | 4883 ff00 | 0f84 10e6 | ffff 4889 

  0x000001de6721edcc: ;   {runtime_call g1_post_barrier_slow}
  0x000001de6721edcc: 0424 e82d | 2d16 07e9 | 02e6 ffff 

  0x000001de6721edd8: ;   {metadata({method} {0x000001de4150cf08} 'constructor-impl' '(Ljava/lang/Object;)Ljava/lang/Object;' in 'kotlin/Result')}
  0x000001de6721edd8: 49ba 00cf | 5041 de01 | 0000 4c89 | 5424 0848 | c704 24ff 

  0x000001de6721edec: ;   {runtime_call counter_overflow Runtime1 stub}
  0x000001de6721edec: ffff ffe8 

  0x000001de6721edf0: ; ImmutableOopMap {rax=Oop [176]=Oop [208]=Oop [216]=Oop [224]=Oop [232]=Oop [288]=Oop }
                      ;*synchronization entry
                      ; - kotlin.Result::constructor-impl@-1
                      ; - kotlinx.coroutines.DispatchedTask::run@276 (line 98)
  0x000001de6721edf0: 0c20 1607 | e91c e6ff 

  0x000001de6721edf8: ;   {metadata({method} {0x000001de4150cf08} 'constructor-impl' '(Ljava/lang/Object;)Ljava/lang/Object;' in 'kotlin/Result')}
  0x000001de6721edf8: ff49 ba00 | cf50 41de | 0100 004c | 8954 2408 | 48c7 0424 | ffff ffff 

  0x000001de6721ee10: ;   {runtime_call counter_overflow Runtime1 stub}
  0x000001de6721ee10: e8eb 1f16 

  0x000001de6721ee14: ; ImmutableOopMap {rax=Oop [176]=Oop [208]=Oop [216]=Oop [224]=Oop [232]=Oop }
                      ;*synchronization entry
                      ; - kotlin.Result::constructor-impl@-1
                      ; - kotlinx.coroutines.DispatchedTask::run@298 (line 100)
  0x000001de6721ee14: 07e9 cde7 

  0x000001de6721ee18: ;   {runtime_call throw_incompatible_class_change_error Runtime1 stub}
  0x000001de6721ee18: ffff e8e1 

  0x000001de6721ee1c: ; ImmutableOopMap {rsi=Oop [176]=Oop [208]=Oop [216]=Oop [224]=Oop [232]=Oop [248]=Oop }
                      ;*invokeinterface getCancellationException {reexecute=0 rethrow=0 return_oop=0}
                      ; - kotlinx.coroutines.DispatchedTask::run@178 (line 93)
                      ;   {metadata({method} {0x000001de414de568} 'getRECOVER_STACK_TRACES' '()Z' in 'kotlinx/coroutines/DebugKt')}
  0x000001de6721ee1c: d515 0749 | ba60 e54d | 41de 0100 | 004c 8954 | 2408 48c7 | 0424 ffff 

  0x000001de6721ee34: ;   {runtime_call counter_overflow Runtime1 stub}
  0x000001de6721ee34: ffff e8c5 

  0x000001de6721ee38: ; ImmutableOopMap {[176]=Oop [208]=Oop [216]=Oop [224]=Oop [232]=Oop [296]=Oop }
                      ;*synchronization entry
                      ; - kotlinx.coroutines.DebugKt::getRECOVER_STACK_TRACES@-1 (line 77)
                      ; - kotlinx.coroutines.DispatchedTask::run@211 (line 233)
  0x000001de6721ee38: 1f16 07e9 | 55ea ffff 

  0x000001de6721ee40: ;   {metadata({method} {0x000001de415209e8} 'createFailure' '(Ljava/lang/Throwable;)Ljava/lang/Object;' in 'kotlin/ResultKt')}
  0x000001de6721ee40: 49ba e009 | 5241 de01 | 0000 4c89 | 5424 0848 | c704 24ff 

  0x000001de6721ee54: ;   {runtime_call counter_overflow Runtime1 stub}
  0x000001de6721ee54: ffff ffe8 

  0x000001de6721ee58: ; ImmutableOopMap {rax=Oop [176]=Oop [208]=Oop [216]=Oop [224]=Oop [232]=Oop [296]=Oop }
                      ;*synchronization entry
                      ; - kotlin.ResultKt::createFailure@-1
                      ; - kotlinx.coroutines.DispatchedTask::run@246 (line 232)
  0x000001de6721ee58: a41f 1607 | e995 eaff 

  0x000001de6721ee60: ;   {metadata({method} {0x000001de41415410} 'checkNotNullParameter' '(Ljava/lang/Object;Ljava/lang/String;)V' in 'kotlin/jvm/internal/Intrinsics')}
  0x000001de6721ee60: ff49 ba08 | 5441 41de | 0100 004c | 8954 2408 | 48c7 0424 | ffff ffff 

  0x000001de6721ee78: ;   {runtime_call counter_overflow Runtime1 stub}
  0x000001de6721ee78: e883 1f16 

  0x000001de6721ee7c: ; ImmutableOopMap {rax=Oop [176]=Oop [208]=Oop [216]=Oop [224]=Oop [232]=Oop [296]=Oop }
                      ;*synchronization entry
                      ; - kotlin.jvm.internal.Intrinsics::checkNotNullParameter@-1 (line 130)
                      ; - kotlin.ResultKt::createFailure@3
                      ; - kotlinx.coroutines.DispatchedTask::run@246 (line 232)
  0x000001de6721ee7c: 07e9 adea 

  0x000001de6721ee80: ;   {metadata({method} {0x000001de41415590} 'throwParameterIsNullNPE' '(Ljava/lang/String;)V' in 'kotlin/jvm/internal/Intrinsics')}
  0x000001de6721ee80: ffff 49ba | 8855 4141 | de01 0000 | 4c89 5424 | 0848 c704 | 24ff ffff 

  0x000001de6721ee98: ;   {runtime_call counter_overflow Runtime1 stub}
  0x000001de6721ee98: ffe8 621f 

  0x000001de6721ee9c: ; ImmutableOopMap {[176]=Oop [208]=Oop [216]=Oop [224]=Oop [232]=Oop [296]=Oop }
                      ;*synchronization entry
                      ; - kotlin.jvm.internal.Intrinsics::throwParameterIsNullNPE@-1 (line 140)
                      ; - kotlin.jvm.internal.Intrinsics::checkNotNullParameter@5 (line 131)
                      ; - kotlin.ResultKt::createFailure@3
                      ; - kotlinx.coroutines.DispatchedTask::run@246 (line 232)
  0x000001de6721ee9c: 1607 e9f4 

  0x000001de6721eea0: ;   {metadata(nullptr)}
  0x000001de6721eea0: eaff ff48 | ba00 0000 | 0000 0000 | 00b8 000f 

  0x000001de6721eeb0: ;   {runtime_call load_klass_patching Runtime1 stub}
  0x000001de6721eeb0: 050a e8c9 

  0x000001de6721eeb4: ; ImmutableOopMap {[176]=Oop [208]=Oop [216]=Oop [224]=Oop [232]=Oop [296]=Oop }
                      ;*new {reexecute=1 rethrow=0 return_oop=0}
                      ; - (reexecute) kotlin.jvm.internal.Intrinsics::throwParameterIsNullNPE@0 (line 140)
                      ; - kotlin.jvm.internal.Intrinsics::checkNotNullParameter@5 (line 131)
                      ; - kotlin.ResultKt::createFailure@3
                      ; - kotlinx.coroutines.DispatchedTask::run@246 (line 232)
  0x000001de6721eeb4: 0216 07e9 | dcea ffff 

  0x000001de6721eebc: ;   {runtime_call fast_new_instance Runtime1 stub}
  0x000001de6721eebc: 488b d2e8 

  0x000001de6721eec0: ; ImmutableOopMap {[176]=Oop [208]=Oop [216]=Oop [224]=Oop [232]=Oop [296]=Oop }
                      ;*new {reexecute=0 rethrow=0 return_oop=0}
                      ; - kotlin.jvm.internal.Intrinsics::throwParameterIsNullNPE@0 (line 140)
                      ; - kotlin.jvm.internal.Intrinsics::checkNotNullParameter@5 (line 131)
                      ; - kotlin.ResultKt::createFailure@3
                      ; - kotlinx.coroutines.DispatchedTask::run@246 (line 232)
  0x000001de6721eec0: 3caf 1507 | e92b ebff 

  0x000001de6721eec8: ;   {metadata({method} {0x000001de414164f8} 'sanitizeStackTrace' '(Ljava/lang/Throwable;)Ljava/lang/Throwable;' in 'kotlin/jvm/internal/Intrinsics')}
  0x000001de6721eec8: ff49 baf0 | 6441 41de | 0100 004c | 8954 2408 | 48c7 0424 | ffff ffff 

  0x000001de6721eee0: ;   {runtime_call counter_overflow Runtime1 stub}
  0x000001de6721eee0: e81b 1f16 

  0x000001de6721eee4: ; ImmutableOopMap {[176]=Oop [208]=Oop [216]=Oop [224]=Oop [232]=Oop [296]=Oop [304]=Oop }
                      ;*synchronization entry
                      ; - kotlin.jvm.internal.Intrinsics::sanitizeStackTrace@-1 (line 253)
                      ; - kotlin.jvm.internal.Intrinsics::throwParameterIsNullNPE@11 (line 140)
                      ; - kotlin.jvm.internal.Intrinsics::checkNotNullParameter@5 (line 131)
                      ; - kotlin.ResultKt::createFailure@3
                      ; - kotlinx.coroutines.DispatchedTask::run@246 (line 232)
  0x000001de6721eee4: 07e9 b3eb 

  0x000001de6721eee8: ;   {metadata({method} {0x000001de0046b368} 'getName' '()Ljava/lang/String;' in 'java/lang/Class')}
  0x000001de6721eee8: ffff 49ba | 60b3 4600 | de01 0000 | 4c89 5424 | 0848 c704 | 24ff ffff 

  0x000001de6721ef00: ;   {runtime_call counter_overflow Runtime1 stub}
  0x000001de6721ef00: ffe8 fa1e 

  0x000001de6721ef04: ; ImmutableOopMap {rdx=Oop [176]=Oop [208]=Oop [216]=Oop [224]=Oop [232]=Oop [296]=Oop [304]=Oop }
                      ;*synchronization entry
                      ; - java.lang.Class::getName@-1 (line 949)
                      ; - kotlin.jvm.internal.Intrinsics::sanitizeStackTrace@3 (line 253)
                      ; - kotlin.jvm.internal.Intrinsics::throwParameterIsNullNPE@11 (line 140)
                      ; - kotlin.jvm.internal.Intrinsics::checkNotNullParameter@5 (line 131)
                      ; - kotlin.ResultKt::createFailure@3
                      ; - kotlinx.coroutines.DispatchedTask::run@246 (line 232)
  0x000001de6721ef04: 1607 e9d8 

  0x000001de6721ef08: ;   {runtime_call throw_null_pointer_exception Runtime1 stub}
  0x000001de6721ef08: ebff ffe8 

  0x000001de6721ef0c: ; ImmutableOopMap {[176]=Oop [208]=Oop [216]=Oop [224]=Oop [232]=Oop [296]=Oop [304]=Oop }
                      ;*getfield name {reexecute=1 rethrow=0 return_oop=0}
                      ; - (reexecute) java.lang.Class::getName@1 (line 949)
                      ; - kotlin.jvm.internal.Intrinsics::sanitizeStackTrace@3 (line 253)
                      ; - kotlin.jvm.internal.Intrinsics::throwParameterIsNullNPE@11 (line 140)
                      ; - kotlin.jvm.internal.Intrinsics::checkNotNullParameter@5 (line 131)
                      ; - kotlin.ResultKt::createFailure@3
                      ; - kotlinx.coroutines.DispatchedTask::run@246 (line 232)
  0x000001de6721ef0c: f0a5 1507 

  0x000001de6721ef10: ;   {runtime_call fast_new_instance Runtime1 stub}
  0x000001de6721ef10: 488b d2e8 

  0x000001de6721ef14: ; ImmutableOopMap {rbx=Oop [176]=Oop [208]=Oop [216]=Oop [224]=Oop [232]=Oop [296]=Oop }
                      ;*new {reexecute=0 rethrow=0 return_oop=0}
                      ; - kotlin.ResultKt::createFailure@6 (line 122)
                      ; - kotlinx.coroutines.DispatchedTask::run@246 (line 232)
  0x000001de6721ef14: e8ae 1507 | e9a6 ecff 

  0x000001de6721ef1c: ;   {metadata({method} {0x000001de4150ee40} '<init>' '(Ljava/lang/Throwable;)V' in 'kotlin/Result$Failure')}
  0x000001de6721ef1c: ff49 ba38 | ee50 41de | 0100 004c | 8954 2408 | 48c7 0424 | ffff ffff 

  0x000001de6721ef34: ;   {runtime_call counter_overflow Runtime1 stub}
  0x000001de6721ef34: e8c7 1e16 

  0x000001de6721ef38: ; ImmutableOopMap {rbx=Oop rax=Oop [176]=Oop [208]=Oop [216]=Oop [224]=Oop [232]=Oop [296]=Oop [320]=Oop }
                      ;*synchronization entry
                      ; - kotlin.Result$Failure::<init>@-1
                      ; - kotlin.ResultKt::createFailure@11 (line 122)
                      ; - kotlinx.coroutines.DispatchedTask::run@246 (line 232)
  0x000001de6721ef38: 07e9 c9ec 

  0x000001de6721ef3c: ;   {metadata({method} {0x000001de41415410} 'checkNotNullParameter' '(Ljava/lang/Object;Ljava/lang/String;)V' in 'kotlin/jvm/internal/Intrinsics')}
  0x000001de6721ef3c: ffff 49ba | 0854 4141 | de01 0000 | 4c89 5424 | 0848 c704 | 24ff ffff 

  0x000001de6721ef54: ;   {runtime_call counter_overflow Runtime1 stub}
  0x000001de6721ef54: ffe8 a61e 

  0x000001de6721ef58: ; ImmutableOopMap {rbx=Oop rax=Oop [176]=Oop [208]=Oop [216]=Oop [224]=Oop [232]=Oop [296]=Oop [320]=Oop }
                      ;*synchronization entry
                      ; - kotlin.jvm.internal.Intrinsics::checkNotNullParameter@-1 (line 130)
                      ; - kotlin.Result$Failure::<init>@3
                      ; - kotlin.ResultKt::createFailure@11 (line 122)
                      ; - kotlinx.coroutines.DispatchedTask::run@246 (line 232)
  0x000001de6721ef58: 1607 e9e1 

  0x000001de6721ef5c: ;   {metadata({method} {0x000001de41415590} 'throwParameterIsNullNPE' '(Ljava/lang/String;)V' in 'kotlin/jvm/internal/Intrinsics')}
  0x000001de6721ef5c: ecff ff49 | ba88 5541 | 41de 0100 | 004c 8954 | 2408 48c7 | 0424 ffff 

  0x000001de6721ef74: ;   {runtime_call counter_overflow Runtime1 stub}
  0x000001de6721ef74: ffff e885 

  0x000001de6721ef78: ; ImmutableOopMap {[176]=Oop [208]=Oop [216]=Oop [224]=Oop [232]=Oop [296]=Oop [320]=Oop }
                      ;*synchronization entry
                      ; - kotlin.jvm.internal.Intrinsics::throwParameterIsNullNPE@-1 (line 140)
                      ; - kotlin.jvm.internal.Intrinsics::checkNotNullParameter@5 (line 131)
                      ; - kotlin.Result$Failure::<init>@3
                      ; - kotlin.ResultKt::createFailure@11 (line 122)
                      ; - kotlinx.coroutines.DispatchedTask::run@246 (line 232)
  0x000001de6721ef78: 1e16 07e9 | 28ed ffff 

  0x000001de6721ef80: ;   {metadata(nullptr)}
  0x000001de6721ef80: 48ba 0000 | 0000 0000 | 0000 b800 

  0x000001de6721ef8c: ;   {runtime_call load_klass_patching Runtime1 stub}
  0x000001de6721ef8c: 0f05 0ae8 

  0x000001de6721ef90: ; ImmutableOopMap {[176]=Oop [208]=Oop [216]=Oop [224]=Oop [232]=Oop [296]=Oop [320]=Oop }
                      ;*new {reexecute=1 rethrow=0 return_oop=0}
                      ; - (reexecute) kotlin.jvm.internal.Intrinsics::throwParameterIsNullNPE@0 (line 140)
                      ; - kotlin.jvm.internal.Intrinsics::checkNotNullParameter@5 (line 131)
                      ; - kotlin.Result$Failure::<init>@3
                      ; - kotlin.ResultKt::createFailure@11 (line 122)
                      ; - kotlinx.coroutines.DispatchedTask::run@246 (line 232)
  0x000001de6721ef90: ec01 1607 | e90f edff | ff48 8bd2 

  0x000001de6721ef9c: ;   {runtime_call fast_new_instance Runtime1 stub}
  0x000001de6721ef9c: e85f ae15 

  0x000001de6721efa0: ; ImmutableOopMap {[176]=Oop [208]=Oop [216]=Oop [224]=Oop [232]=Oop [296]=Oop [320]=Oop }
                      ;*new {reexecute=0 rethrow=0 return_oop=0}
                      ; - kotlin.jvm.internal.Intrinsics::throwParameterIsNullNPE@0 (line 140)
                      ; - kotlin.jvm.internal.Intrinsics::checkNotNullParameter@5 (line 131)
                      ; - kotlin.Result$Failure::<init>@3
                      ; - kotlin.ResultKt::createFailure@11 (line 122)
                      ; - kotlinx.coroutines.DispatchedTask::run@246 (line 232)
  0x000001de6721efa0: 07e9 5eed 

  0x000001de6721efa4: ;   {metadata({method} {0x000001de414164f8} 'sanitizeStackTrace' '(Ljava/lang/Throwable;)Ljava/lang/Throwable;' in 'kotlin/jvm/internal/Intrinsics')}
  0x000001de6721efa4: ffff 49ba | f064 4141 | de01 0000 | 4c89 5424 | 0848 c704 | 24ff ffff 

  0x000001de6721efbc: ;   {runtime_call counter_overflow Runtime1 stub}
  0x000001de6721efbc: ffe8 3e1e 

  0x000001de6721efc0: ; ImmutableOopMap {[176]=Oop [208]=Oop [216]=Oop [224]=Oop [232]=Oop [296]=Oop [312]=Oop [320]=Oop }
                      ;*synchronization entry
                      ; - kotlin.jvm.internal.Intrinsics::sanitizeStackTrace@-1 (line 253)
                      ; - kotlin.jvm.internal.Intrinsics::throwParameterIsNullNPE@11 (line 140)
                      ; - kotlin.jvm.internal.Intrinsics::checkNotNullParameter@5 (line 131)
                      ; - kotlin.Result$Failure::<init>@3
                      ; - kotlin.ResultKt::createFailure@11 (line 122)
                      ; - kotlinx.coroutines.DispatchedTask::run@246 (line 232)
  0x000001de6721efc0: 1607 e9e6 

  0x000001de6721efc4: ;   {metadata({method} {0x000001de0046b368} 'getName' '()Ljava/lang/String;' in 'java/lang/Class')}
  0x000001de6721efc4: edff ff49 | ba60 b346 | 00de 0100 | 004c 8954 | 2408 48c7 | 0424 ffff 

  0x000001de6721efdc: ;   {runtime_call counter_overflow Runtime1 stub}
  0x000001de6721efdc: ffff e81d 

  0x000001de6721efe0: ; ImmutableOopMap {rdx=Oop [176]=Oop [208]=Oop [216]=Oop [224]=Oop [232]=Oop [296]=Oop [312]=Oop [320]=Oop }
                      ;*synchronization entry
                      ; - java.lang.Class::getName@-1 (line 949)
                      ; - kotlin.jvm.internal.Intrinsics::sanitizeStackTrace@3 (line 253)
                      ; - kotlin.jvm.internal.Intrinsics::throwParameterIsNullNPE@11 (line 140)
                      ; - kotlin.jvm.internal.Intrinsics::checkNotNullParameter@5 (line 131)
                      ; - kotlin.Result$Failure::<init>@3
                      ; - kotlin.ResultKt::createFailure@11 (line 122)
                      ; - kotlinx.coroutines.DispatchedTask::run@246 (line 232)
  0x000001de6721efe0: 1e16 07e9 | 0bee ffff 

  0x000001de6721efe8: ;   {runtime_call throw_null_pointer_exception Runtime1 stub}
  0x000001de6721efe8: e813 a515 

  0x000001de6721efec: ; ImmutableOopMap {[176]=Oop [208]=Oop [216]=Oop [224]=Oop [232]=Oop [296]=Oop [312]=Oop [320]=Oop }
                      ;*getfield name {reexecute=1 rethrow=0 return_oop=0}
                      ; - (reexecute) java.lang.Class::getName@1 (line 949)
                      ; - kotlin.jvm.internal.Intrinsics::sanitizeStackTrace@3 (line 253)
                      ; - kotlin.jvm.internal.Intrinsics::throwParameterIsNullNPE@11 (line 140)
                      ; - kotlin.jvm.internal.Intrinsics::checkNotNullParameter@5 (line 131)
                      ; - kotlin.Result$Failure::<init>@3
                      ; - kotlin.ResultKt::createFailure@11 (line 122)
                      ; - kotlinx.coroutines.DispatchedTask::run@246 (line 232)
                      ;   {metadata({method} {0x000001de00476650} '<init>' '()V' in 'java/lang/Object')}
  0x000001de6721efec: 0749 ba48 | 6647 00de | 0100 004c | 8954 2408 | 48c7 0424 | ffff ffff 

  0x000001de6721f004: ;   {runtime_call counter_overflow Runtime1 stub}
  0x000001de6721f004: e8f7 1d16 

  0x000001de6721f008: ; ImmutableOopMap {rdi=Oop rax=Oop [176]=Oop [208]=Oop [216]=Oop [224]=Oop [232]=Oop [296]=Oop [320]=Oop }
                      ;*synchronization entry
                      ; - java.lang.Object::<init>@-1 (line 45)
                      ; - kotlin.Result$Failure::<init>@7 (line 105)
                      ; - kotlin.ResultKt::createFailure@11 (line 122)
                      ; - kotlinx.coroutines.DispatchedTask::run@246 (line 232)
  0x000001de6721f008: 07e9 b7ee | ffff 448b | 400c 49c1 | e003 4983 | f800 0f84 | b3ee ffff | 4c89 0424 

  0x000001de6721f024: ;   {runtime_call g1_pre_barrier_slow}
  0x000001de6721f024: e8d7 2716 | 07e9 a5ee | ffff 4883 | ff00 0f84 | baee ffff | 4889 0424 

  0x000001de6721f03c: ;   {runtime_call g1_post_barrier_slow}
  0x000001de6721f03c: e8bf 2a16 | 07e9 acee 

  0x000001de6721f044: ;   {metadata({method} {0x000001de4150cf08} 'constructor-impl' '(Ljava/lang/Object;)Ljava/lang/Object;' in 'kotlin/Result')}
  0x000001de6721f044: ffff 49ba | 00cf 5041 | de01 0000 | 4c89 5424 | 0848 c704 | 24ff ffff 

  0x000001de6721f05c: ;   {runtime_call counter_overflow Runtime1 stub}
  0x000001de6721f05c: ffe8 9e1d 

  0x000001de6721f060: ; ImmutableOopMap {rax=Oop [176]=Oop [208]=Oop [216]=Oop [224]=Oop [232]=Oop [320]=Oop }
                      ;*synchronization entry
                      ; - kotlin.Result::constructor-impl@-1
                      ; - kotlinx.coroutines.DispatchedTask::run@249 (line 232)
  0x000001de6721f060: 1607 e9c6 

  0x000001de6721f064: ;   {runtime_call throw_null_pointer_exception Runtime1 stub}
  0x000001de6721f064: eeff ffe8 

  0x000001de6721f068: ; ImmutableOopMap {rax=Oop [176]=Oop [216]=Oop [224]=Oop }
                      ;*invokevirtual clearThreadContext {reexecute=0 rethrow=0 return_oop=0}
                      ; - kotlinx.coroutines.DispatchedTask::run@319 (line 236)
  0x000001de6721f068: 94a4 1507 

  0x000001de6721f06c: ;   {internal_word}
  0x000001de6721f06c: 49ba d4e0 | 2167 de01 | 0000 4d89 | 9760 0400 

  0x000001de6721f07c: ;   {runtime_call SafepointBlob}
  0x000001de6721f07c: 00e9 fe63 | 0a07 4889 

  0x000001de6721f084: ;   {runtime_call throw_class_cast_exception Runtime1 stub}
  0x000001de6721f084: 0424 e875 

  0x000001de6721f088: ; ImmutableOopMap {r8=Oop [176]=Oop [208]=Oop [216]=Oop [224]=Oop [232]=Oop [296]=Oop [320]=Oop }
                      ;*checkcast {reexecute=0 rethrow=0 return_oop=0}
                      ; - kotlin.jvm.internal.Intrinsics::throwParameterIsNullNPE@14 (line 140)
                      ; - kotlin.jvm.internal.Intrinsics::checkNotNullParameter@5 (line 131)
                      ; - kotlin.Result$Failure::<init>@3
                      ; - kotlin.ResultKt::createFailure@11 (line 122)
                      ; - kotlinx.coroutines.DispatchedTask::run@246 (line 232)
                      ;   {runtime_call throw_null_pointer_exception Runtime1 stub}
  0x000001de6721f088: d015 07e8 

  0x000001de6721f08c: ; ImmutableOopMap {r8=Oop rax=Oop [176]=Oop [208]=Oop [216]=Oop [224]=Oop [232]=Oop [296]=Oop [320]=Oop }
                      ;*athrow {reexecute=1 rethrow=0 return_oop=0}
                      ; - (reexecute) kotlin.jvm.internal.Intrinsics::throwParameterIsNullNPE@17 (line 140)
                      ; - kotlin.jvm.internal.Intrinsics::checkNotNullParameter@5 (line 131)
                      ; - kotlin.Result$Failure::<init>@3
                      ; - kotlin.ResultKt::createFailure@11 (line 122)
                      ; - kotlinx.coroutines.DispatchedTask::run@246 (line 232)
  0x000001de6721f08c: 70a4 1507 | 4889 0424 

  0x000001de6721f094: ;   {runtime_call throw_class_cast_exception Runtime1 stub}
  0x000001de6721f094: e867 d015 

  0x000001de6721f098: ; ImmutableOopMap {r8=Oop [176]=Oop [208]=Oop [216]=Oop [224]=Oop [232]=Oop [296]=Oop }
                      ;*checkcast {reexecute=0 rethrow=0 return_oop=0}
                      ; - kotlin.jvm.internal.Intrinsics::throwParameterIsNullNPE@14 (line 140)
                      ; - kotlin.jvm.internal.Intrinsics::checkNotNullParameter@5 (line 131)
                      ; - kotlin.ResultKt::createFailure@3
                      ; - kotlinx.coroutines.DispatchedTask::run@246 (line 232)
                      ;   {runtime_call throw_null_pointer_exception Runtime1 stub}
  0x000001de6721f098: 07e8 62a4 

  0x000001de6721f09c: ; ImmutableOopMap {r8=Oop rax=Oop [176]=Oop [208]=Oop [216]=Oop [224]=Oop [232]=Oop [296]=Oop }
                      ;*athrow {reexecute=1 rethrow=0 return_oop=0}
                      ; - (reexecute) kotlin.jvm.internal.Intrinsics::throwParameterIsNullNPE@17 (line 140)
                      ; - kotlin.jvm.internal.Intrinsics::checkNotNullParameter@5 (line 131)
                      ; - kotlin.ResultKt::createFailure@3
                      ; - kotlinx.coroutines.DispatchedTask::run@246 (line 232)
  0x000001de6721f09c: 1507 4889 

  0x000001de6721f0a0: ;   {runtime_call throw_class_cast_exception Runtime1 stub}
  0x000001de6721f0a0: 0424 e859 

  0x000001de6721f0a4: ; ImmutableOopMap {r8=Oop [176]=Oop [208]=Oop [216]=Oop [224]=Oop [232]=Oop [256]=Oop [288]=Oop }
                      ;*checkcast {reexecute=0 rethrow=0 return_oop=0}
                      ; - kotlin.jvm.internal.Intrinsics::throwParameterIsNullNPE@14 (line 140)
                      ; - kotlin.jvm.internal.Intrinsics::checkNotNullParameter@5 (line 131)
                      ; - kotlin.Result$Failure::<init>@3
                      ; - kotlin.ResultKt::createFailure@11 (line 122)
                      ; - kotlinx.coroutines.DispatchedTask::run@273 (line 98)
                      ;   {runtime_call throw_null_pointer_exception Runtime1 stub}
  0x000001de6721f0a4: d015 07e8 

  0x000001de6721f0a8: ; ImmutableOopMap {r8=Oop rax=Oop [176]=Oop [208]=Oop [216]=Oop [224]=Oop [232]=Oop [256]=Oop [288]=Oop }
                      ;*athrow {reexecute=1 rethrow=0 return_oop=0}
                      ; - (reexecute) kotlin.jvm.internal.Intrinsics::throwParameterIsNullNPE@17 (line 140)
                      ; - kotlin.jvm.internal.Intrinsics::checkNotNullParameter@5 (line 131)
                      ; - kotlin.Result$Failure::<init>@3
                      ; - kotlin.ResultKt::createFailure@11 (line 122)
                      ; - kotlinx.coroutines.DispatchedTask::run@273 (line 98)
  0x000001de6721f0a8: 54a4 1507 | 4889 0424 

  0x000001de6721f0b0: ;   {runtime_call throw_class_cast_exception Runtime1 stub}
  0x000001de6721f0b0: e84b d015 

  0x000001de6721f0b4: ; ImmutableOopMap {rdi=Oop rsi=Oop [176]=Oop [216]=Oop [224]=Oop [232]=Oop [256]=Oop }
                      ;*checkcast {reexecute=0 rethrow=0 return_oop=0}
                      ; - kotlin.jvm.internal.Intrinsics::throwParameterIsNullNPE@14 (line 140)
                      ; - kotlin.jvm.internal.Intrinsics::checkNotNullParameter@5 (line 131)
                      ; - kotlin.ResultKt::createFailure@3
                      ; - kotlinx.coroutines.DispatchedTask::run@273 (line 98)
                      ;   {runtime_call throw_null_pointer_exception Runtime1 stub}
  0x000001de6721f0b4: 07e8 46a4 

  0x000001de6721f0b8: ; ImmutableOopMap {rdi=Oop rsi=Oop rax=Oop [176]=Oop [216]=Oop [224]=Oop [232]=Oop [256]=Oop }
                      ;*athrow {reexecute=1 rethrow=0 return_oop=0}
                      ; - (reexecute) kotlin.jvm.internal.Intrinsics::throwParameterIsNullNPE@17 (line 140)
                      ; - kotlin.jvm.internal.Intrinsics::checkNotNullParameter@5 (line 131)
                      ; - kotlin.ResultKt::createFailure@3
                      ; - kotlinx.coroutines.DispatchedTask::run@273 (line 98)
                      ;   {runtime_call throw_null_pointer_exception Runtime1 stub}
  0x000001de6721f0b8: 1507 e841 

  0x000001de6721f0bc: ; ImmutableOopMap {rdx=Oop [176]=Oop [216]=Oop [224]=Oop [328]=Oop }
                      ;*invokevirtual clearThreadContext {reexecute=0 rethrow=0 return_oop=0}
                      ; - kotlinx.coroutines.DispatchedTask::run@344 (line 236)
  0x000001de6721f0bc: a415 0748 

  0x000001de6721f0c0: ;   {runtime_call throw_class_cast_exception Runtime1 stub}
  0x000001de6721f0c0: 8904 24e8 

  0x000001de6721f0c4: ; ImmutableOopMap {r8=Oop [176]=Oop [184]=Oop }
                      ;*checkcast {reexecute=0 rethrow=0 return_oop=0}
                      ; - kotlin.jvm.internal.Intrinsics::throwJavaNpe@11 (line 50)
                      ; - kotlin.jvm.internal.Intrinsics::checkNotNull@5 (line 31)
                      ; - kotlinx.coroutines.DispatchedTask::run@40 (line 80)
  0x000001de6721f0c4: 38d0 1507 

  0x000001de6721f0c8: ;   {runtime_call throw_null_pointer_exception Runtime1 stub}
  0x000001de6721f0c8: e833 a415 

  0x000001de6721f0cc: ; ImmutableOopMap {r8=Oop rax=Oop [176]=Oop [184]=Oop }
                      ;*athrow {reexecute=1 rethrow=0 return_oop=0}
                      ; - (reexecute) kotlin.jvm.internal.Intrinsics::throwJavaNpe@14 (line 50)
                      ; - kotlin.jvm.internal.Intrinsics::checkNotNull@5 (line 31)
                      ; - kotlinx.coroutines.DispatchedTask::run@40 (line 80)
                      ;   {internal_word}
  0x000001de6721f0cc: 0749 ba0c | e821 67de | 0100 004d | 8997 6004 

  0x000001de6721f0dc: ;   {runtime_call SafepointBlob}
  0x000001de6721f0dc: 0000 e99d 

  0x000001de6721f0e0: ;   {runtime_call throw_null_pointer_exception Runtime1 stub}
  0x000001de6721f0e0: 630a 07e8 

  0x000001de6721f0e4: ; ImmutableOopMap {rax=Oop [336]=Oop }
                      ;*invokeinterface getContext {reexecute=0 rethrow=0 return_oop=0}
                      ; - kotlinx.coroutines.DispatchedTask::run@365 (line 105)
  0x000001de6721f0e4: 18a4 1507 

  0x000001de6721f0e8: ;   {internal_word}
  0x000001de6721f0e8: 49ba 8cea | 2167 de01 | 0000 4d89 | 9760 0400 

  0x000001de6721f0f8: ;   {runtime_call SafepointBlob}
  0x000001de6721f0f8: 00e9 8263 | 0a07 498b | 87f8 0400 | 0049 c787 | f804 0000 | 0000 0000 | 49c7 8700 | 0500 0000 
  0x000001de6721f118: 0000 0048 | 81c4 7001 

  0x000001de6721f120: ;   {runtime_call unwind_exception Runtime1 stub}
  0x000001de6721f120: 0000 5de9 | d894 1507 
[Stub Code]
  0x000001de6721f128: ;   {no_reloc}
  0x000001de6721f128: 0f1f 4400 

  0x000001de6721f12c: ;   {static_stub}
  0x000001de6721f12c: 0048 bb00 | 0000 0000 

  0x000001de6721f134: ;   {runtime_call nmethod}
  0x000001de6721f134: 0000 00e9 | fbff ffff 

  0x000001de6721f13c: ;   {static_stub}
  0x000001de6721f13c: 9048 bb00 | 0000 0000 

  0x000001de6721f144: ;   {runtime_call nmethod}
  0x000001de6721f144: 0000 00e9 | fbff ffff 

  0x000001de6721f14c: ;   {static_stub}
  0x000001de6721f14c: 9048 bb00 | 0000 0000 

  0x000001de6721f154: ;   {runtime_call nmethod}
  0x000001de6721f154: 0000 00e9 | fbff ffff 

  0x000001de6721f15c: ;   {static_stub}
  0x000001de6721f15c: 9048 bb00 | 0000 0000 

  0x000001de6721f164: ;   {runtime_call nmethod}
  0x000001de6721f164: 0000 00e9 | fbff ffff 

  0x000001de6721f16c: ;   {static_stub}
  0x000001de6721f16c: 9048 bb00 | 0000 0000 

  0x000001de6721f174: ;   {runtime_call nmethod}
  0x000001de6721f174: 0000 00e9 | fbff ffff 

  0x000001de6721f17c: ;   {static_stub}
  0x000001de6721f17c: 9048 bb00 | 0000 0000 

  0x000001de6721f184: ;   {runtime_call nmethod}
  0x000001de6721f184: 0000 00e9 | fbff ffff 

  0x000001de6721f18c: ;   {static_stub}
  0x000001de6721f18c: 9048 bb00 | 0000 0000 

  0x000001de6721f194: ;   {runtime_call nmethod}
  0x000001de6721f194: 0000 00e9 | fbff ffff 

  0x000001de6721f19c: ;   {static_stub}
  0x000001de6721f19c: 9048 bb00 | 0000 0000 

  0x000001de6721f1a4: ;   {runtime_call nmethod}
  0x000001de6721f1a4: 0000 00e9 | fbff ffff 

  0x000001de6721f1ac: ;   {static_stub}
  0x000001de6721f1ac: 9048 bb00 | 0000 0000 

  0x000001de6721f1b4: ;   {runtime_call nmethod}
  0x000001de6721f1b4: 0000 00e9 | fbff ffff 

  0x000001de6721f1bc: ;   {static_stub}
  0x000001de6721f1bc: 9048 bb00 | 0000 0000 

  0x000001de6721f1c4: ;   {runtime_call nmethod}
  0x000001de6721f1c4: 0000 00e9 | fbff ffff 

  0x000001de6721f1cc: ;   {static_stub}
  0x000001de6721f1cc: 9048 bbb0 | d84e 41de 

  0x000001de6721f1d4: ;   {runtime_call I2C/C2I adapters}
  0x000001de6721f1d4: 0100 00e9 | 8742 0a07 

  0x000001de6721f1dc: ;   {static_stub}
  0x000001de6721f1dc: 9048 bb00 | 0000 0000 

  0x000001de6721f1e4: ;   {runtime_call nmethod}
  0x000001de6721f1e4: 0000 00e9 | fbff ffff 

  0x000001de6721f1ec: ;   {static_stub}
  0x000001de6721f1ec: 9048 bb00 | 0000 0000 

  0x000001de6721f1f4: ;   {runtime_call nmethod}
  0x000001de6721f1f4: 0000 00e9 | fbff ffff 

  0x000001de6721f1fc: ;   {static_stub}
  0x000001de6721f1fc: 9048 bb00 | 0000 0000 

  0x000001de6721f204: ;   {runtime_call nmethod}
  0x000001de6721f204: 0000 00e9 | fbff ffff 

  0x000001de6721f20c: ;   {static_stub}
  0x000001de6721f20c: 9048 bb00 | 0000 0000 

  0x000001de6721f214: ;   {runtime_call nmethod}
  0x000001de6721f214: 0000 00e9 | fbff ffff 

  0x000001de6721f21c: ;   {static_stub}
  0x000001de6721f21c: 9048 bb00 | 0000 0000 

  0x000001de6721f224: ;   {runtime_call nmethod}
  0x000001de6721f224: 0000 00e9 | fbff ffff 

  0x000001de6721f22c: ;   {static_stub}
  0x000001de6721f22c: 9048 bb00 | 0000 0000 

  0x000001de6721f234: ;   {runtime_call nmethod}
  0x000001de6721f234: 0000 00e9 | fbff ffff 

  0x000001de6721f23c: ;   {static_stub}
  0x000001de6721f23c: 48bb 0000 | 0000 0000 

  0x000001de6721f244: ;   {runtime_call nmethod}
  0x000001de6721f244: 0000 e9fb 

  0x000001de6721f248: ;   {static_stub}
  0x000001de6721f248: ffff ff48 | bb00 0000 | 0000 0000 

  0x000001de6721f254: ;   {runtime_call nmethod}
  0x000001de6721f254: 00e9 fbff 

  0x000001de6721f258: ;   {static_stub}
  0x000001de6721f258: ffff 48bb | 0000 0000 | 0000 0000 

  0x000001de6721f264: ;   {runtime_call nmethod}
  0x000001de6721f264: e9fb ffff 

  0x000001de6721f268: ;   {static_stub}
  0x000001de6721f268: ff48 bb00 | 0000 0000 

  0x000001de6721f270: ;   {runtime_call nmethod}
  0x000001de6721f270: 0000 00e9 | fbff ffff 

  0x000001de6721f278: ;   {static_stub}
  0x000001de6721f278: 48bb 0000 | 0000 0000 

  0x000001de6721f280: ;   {runtime_call nmethod}
  0x000001de6721f280: 0000 e9fb 

  0x000001de6721f284: ;   {static_stub}
  0x000001de6721f284: ffff ff48 | bb00 0000 | 0000 0000 

  0x000001de6721f290: ;   {runtime_call nmethod}
  0x000001de6721f290: 00e9 fbff 

  0x000001de6721f294: ;   {static_stub}
  0x000001de6721f294: ffff 48bb | 0000 0000 | 0000 0000 

  0x000001de6721f2a0: ;   {runtime_call nmethod}
  0x000001de6721f2a0: e9fb ffff 

  0x000001de6721f2a4: ;   {static_stub}
  0x000001de6721f2a4: ff48 bb00 | 0000 0000 

  0x000001de6721f2ac: ;   {runtime_call nmethod}
  0x000001de6721f2ac: 0000 00e9 | fbff ffff 

  0x000001de6721f2b4: ;   {static_stub}
  0x000001de6721f2b4: 48bb 285f | 5041 de01 

  0x000001de6721f2bc: ;   {runtime_call I2C/C2I adapters}
  0x000001de6721f2bc: 0000 e924 

  0x000001de6721f2c0: ;   {runtime_call handle_exception_from_callee Runtime1 stub}
  0x000001de6721f2c0: 4d0a 07e8 | 38c8 1507 

  0x000001de6721f2c8: ;   {external_word}
  0x000001de6721f2c8: 48b9 789b | e171 f97f | 0000 4883 

  0x000001de6721f2d4: ;   {runtime_call}
  0x000001de6721f2d4: e4f0 48b8 | d0e6 a371 | f97f 0000 

  0x000001de6721f2e0: ;   {section_word}
  0x000001de6721f2e0: ffd0 f449 | bae3 f221 | 67de 0100 

  0x000001de6721f2ec: ;   {runtime_call DeoptimizationBlob}
  0x000001de6721f2ec: 0041 52e9 | 2c54 0a07 | f4f4 f4f4 
[/MachCode]


---------------  P R O C E S S  ---------------

Threads class SMR info:
_java_thread_list=0x000001de4e609250, length=23, elements={
0x000001de5c3f0700, 0x000001de7d1c2030, 0x000001de7d1c2d40, 0x000001de7d1c53d0,
0x000001de7d1c63e0, 0x000001de7d1c6e30, 0x000001de7d1c7880, 0x000001de7d1caa20,
0x000001de7d1e9130, 0x000001de7d3591e0, 0x000001de7d361d80, 0x000001de7e5da010,
0x000001de7d9f6a60, 0x000001de7d9f3b90, 0x000001de7d9f7490, 0x000001de7e4fa1f0,
0x000001de7e2ea070, 0x000001de7e2e7fa0, 0x000001de7e2e99e0, 0x000001de4b3db220,
0x000001de4bea9d30, 0x000001de4bead840, 0x000001dec9820cd0
}

Java Threads: ( => current thread )
  0x000001de5c3f0700 JavaThread "main"                              [_thread_blocked, id=2640, stack(0x0000008004600000,0x0000008004700000) (1024K)]
  0x000001de7d1c2030 JavaThread "Reference Handler"          daemon [_thread_blocked, id=1792, stack(0x0000008004e00000,0x0000008004f00000) (1024K)]
  0x000001de7d1c2d40 JavaThread "Finalizer"                  daemon [_thread_blocked, id=3584, stack(0x0000008004f00000,0x0000008005000000) (1024K)]
  0x000001de7d1c53d0 JavaThread "Signal Dispatcher"          daemon [_thread_blocked, id=7148, stack(0x0000008005000000,0x0000008005100000) (1024K)]
  0x000001de7d1c63e0 JavaThread "Attach Listener"            daemon [_thread_blocked, id=400, stack(0x0000008005100000,0x0000008005200000) (1024K)]
  0x000001de7d1c6e30 JavaThread "Service Thread"             daemon [_thread_blocked, id=3784, stack(0x0000008005200000,0x0000008005300000) (1024K)]
  0x000001de7d1c7880 JavaThread "Monitor Deflation Thread"   daemon [_thread_blocked, id=11100, stack(0x0000008005300000,0x0000008005400000) (1024K)]
  0x000001de7d1caa20 JavaThread "C2 CompilerThread0"         daemon [_thread_blocked, id=8032, stack(0x0000008005400000,0x0000008005500000) (1024K)]
  0x000001de7d1e9130 JavaThread "C1 CompilerThread0"         daemon [_thread_blocked, id=7104, stack(0x0000008005500000,0x0000008005600000) (1024K)]
  0x000001de7d3591e0 JavaThread "Notification Thread"        daemon [_thread_blocked, id=1844, stack(0x0000008005600000,0x0000008005700000) (1024K)]
  0x000001de7d361d80 JavaThread "Common-Cleaner"             daemon [_thread_blocked, id=8392, stack(0x0000008005700000,0x0000008005800000) (1024K)]
  0x000001de7e5da010 JavaThread "Java2D Disposer"            daemon [_thread_blocked, id=8904, stack(0x0000008005c00000,0x0000008005d00000) (1024K)]
  0x000001de7d9f6a60 JavaThread "DefaultDispatcher-worker-1" daemon [_thread_blocked, id=13088, stack(0x0000008005f00000,0x0000008006000000) (1024K)]
  0x000001de7d9f3b90 JavaThread "DefaultDispatcher-worker-2" daemon [_thread_blocked, id=12272, stack(0x0000008006000000,0x0000008006100000) (1024K)]
  0x000001de7d9f7490 JavaThread "DefaultDispatcher-worker-3" daemon [_thread_blocked, id=2652, stack(0x0000008006100000,0x0000008006200000) (1024K)]
  0x000001de7e4fa1f0 JavaThread "Reference Cleaner"          daemon [_thread_blocked, id=2036, stack(0x0000008006200000,0x0000008006300000) (1024K)]
  0x000001de7e2ea070 JavaThread "kotlinx.coroutines.DefaultExecutor" daemon [_thread_blocked, id=6956, stack(0x0000008006300000,0x0000008006400000) (1024K)]
  0x000001de7e2e7fa0 JavaThread "TimerQueue"                 daemon [_thread_blocked, id=8344, stack(0x0000008006500000,0x0000008006600000) (1024K)]
  0x000001de7e2e99e0 JavaThread "JavaCPP Deallocator"        daemon [_thread_blocked, id=12324, stack(0x0000008006e00000,0x0000008006f00000) (1024K)]
=>0x000001de4b3db220 JavaThread "DefaultDispatcher-worker-4" daemon [_thread_in_native, id=12032, stack(0x0000008006f00000,0x0000008007000000) (1024K)]
  0x000001de4bea9d30 JavaThread "pool-1-thread-1"            daemon [_thread_blocked, id=10932, stack(0x0000008007300000,0x0000008007400000) (1024K)]
  0x000001de4bead840 JavaThread "pool-1-thread-2"            daemon [_thread_blocked, id=14332, stack(0x0000008007800000,0x0000008007900000) (1024K)]
  0x000001dec9820cd0 JavaThread "DefaultDispatcher-worker-5" daemon [_thread_blocked, id=2032, stack(0x0000008007f00000,0x0000008008000000) (1024K)]
Total: 23

Other Threads:
  0x000001de7d1a22a0 VMThread "VM Thread"                           [id=8576, stack(0x0000008004d00000,0x0000008004e00000) (1024K)]
  0x000001de7d18e710 WatcherThread "VM Periodic Task Thread"        [id=2932, stack(0x0000008004c00000,0x0000008004d00000) (1024K)]
  0x000001de5e66e310 WorkerThread "GC Thread#0"                     [id=12564, stack(0x0000008004700000,0x0000008004800000) (1024K)]
  0x000001de7d1a1b60 WorkerThread "GC Thread#1"                     [id=5536, stack(0x0000008005900000,0x0000008005a00000) (1024K)]
  0x000001de7d1a0ce0 WorkerThread "GC Thread#2"                     [id=8380, stack(0x0000008005a00000,0x0000008005b00000) (1024K)]
  0x000001de7d1a1080 WorkerThread "GC Thread#3"                     [id=1132, stack(0x0000008005b00000,0x0000008005c00000) (1024K)]
  0x000001de5e67f330 ConcurrentGCThread "G1 Main Marker"            [id=9120, stack(0x0000008004800000,0x0000008004900000) (1024K)]
  0x000001de5e680e40 WorkerThread "G1 Conc#0"                       [id=3440, stack(0x0000008004900000,0x0000008004a00000) (1024K)]
  0x000001de7d04e120 ConcurrentGCThread "G1 Refine#0"               [id=11368, stack(0x0000008004a00000,0x0000008004b00000) (1024K)]
  0x000001de7d04ec90 ConcurrentGCThread "G1 Service"                [id=8304, stack(0x0000008004b00000,0x0000008004c00000) (1024K)]
Total: 10

Threads with active compile tasks:
Total: 0

VM state: not at safepoint (normal execution)

VM Mutex/Monitor currently owned by a thread: None

Heap address: 0x0000000701600000, size: 4074 MB, Compressed Oops mode: Zero based, Oop shift amount: 3

CDS archive(s) mapped at: [0x000001de00000000-0x000001de00c80000-0x000001de00c80000), size 13107200, SharedBaseAddress: 0x000001de00000000, ArchiveRelocationMode: 1.
Compressed class space mapped at: 0x000001de01000000-0x000001de41000000, reserved size: 1073741824
Narrow klass base: 0x000001de00000000, Narrow klass shift: 0, Narrow klass range: 0x100000000

GC Precious Log:
 CardTable entry size: 512
 Card Set container configuration: InlinePtr #cards 4 size 8 Array Of Cards #cards 16 size 48 Howl #buckets 8 coarsen threshold 3686 Howl Bitmap #cards 512 size 80 coarsen threshold 460 Card regions per heap region 1 cards per card region 4096
 CPUs: 4 total, 4 available
 Memory: 16291M
 Large Page Support: Disabled
 NUMA Support: Disabled
 Compressed Oops: Enabled (Zero based)
 Heap Region Size: 2M
 Heap Min Capacity: 8M
 Heap Initial Capacity: 256M
 Heap Max Capacity: 4074M
 Pre-touch: Disabled
 Parallel Workers: 4
 Concurrent Workers: 1
 Concurrent Refinement Workers: 4
 Periodic GC: Disabled

Heap:
 garbage-first heap   total 206848K, used 39929K [0x0000000701600000, 0x0000000800000000)
  region size 2048K, 8 young (16384K), 1 survivors (2048K)
 Metaspace       used 38115K, committed 38784K, reserved 1114112K
  class space    used 3380K, committed 3648K, reserved 1048576K

Heap Regions: E=young(eden), S=young(survivor), O=old, HS=humongous(starts), HC=humongous(continues), CS=collection set, F=free, TAMS=top-at-mark-start, PB=parsable bottom
|   0|0x0000000701600000, 0x0000000701800000, 0x0000000701800000|100%| O|  |TAMS 0x0000000701600000| PB 0x0000000701600000| Untracked 
|   1|0x0000000701800000, 0x0000000701a00000, 0x0000000701a00000|100%| O|  |TAMS 0x0000000701800000| PB 0x0000000701800000| Untracked 
|   2|0x0000000701a00000, 0x0000000701c00000, 0x0000000701c00000|100%| O|  |TAMS 0x0000000701a00000| PB 0x0000000701a00000| Untracked 
|   3|0x0000000701c00000, 0x0000000701e00000, 0x0000000701e00000|100%|HS|  |TAMS 0x0000000701c00000| PB 0x0000000701c00000| Complete 
|   4|0x0000000701e00000, 0x0000000702000000, 0x0000000702000000|100%|HS|  |TAMS 0x0000000701e00000| PB 0x0000000701e00000| Complete 
|   5|0x0000000702000000, 0x0000000702200000, 0x0000000702200000|100%|HS|  |TAMS 0x0000000702000000| PB 0x0000000702000000| Complete 
|   6|0x0000000702200000, 0x0000000702400000, 0x0000000702400000|100%|HS|  |TAMS 0x0000000702200000| PB 0x0000000702200000| Complete 
|   7|0x0000000702400000, 0x0000000702600000, 0x0000000702600000|100%|HS|  |TAMS 0x0000000702400000| PB 0x0000000702400000| Complete 
|   8|0x0000000702600000, 0x0000000702600000, 0x0000000702800000|  0%| F|  |TAMS 0x0000000702600000| PB 0x0000000702600000| Untracked 
|   9|0x0000000702800000, 0x0000000702800000, 0x0000000702a00000|  0%| F|  |TAMS 0x0000000702800000| PB 0x0000000702800000| Untracked 
|  10|0x0000000702a00000, 0x0000000702a00000, 0x0000000702c00000|  0%| F|  |TAMS 0x0000000702a00000| PB 0x0000000702a00000| Untracked 
|  11|0x0000000702c00000, 0x0000000702c00000, 0x0000000702e00000|  0%| F|  |TAMS 0x0000000702c00000| PB 0x0000000702c00000| Untracked 
|  12|0x0000000702e00000, 0x0000000702e00000, 0x0000000703000000|  0%| F|  |TAMS 0x0000000702e00000| PB 0x0000000702e00000| Untracked 
|  13|0x0000000703000000, 0x0000000703000000, 0x0000000703200000|  0%| F|  |TAMS 0x0000000703000000| PB 0x0000000703000000| Untracked 
|  14|0x0000000703200000, 0x0000000703200000, 0x0000000703400000|  0%| F|  |TAMS 0x0000000703200000| PB 0x0000000703200000| Untracked 
|  15|0x0000000703400000, 0x0000000703400000, 0x0000000703600000|  0%| F|  |TAMS 0x0000000703400000| PB 0x0000000703400000| Untracked 
|  16|0x0000000703600000, 0x00000007037eb8e0, 0x0000000703800000| 96%| O|  |TAMS 0x0000000703600000| PB 0x0000000703600000| Untracked 
|  17|0x0000000703800000, 0x0000000703800000, 0x0000000703a00000|  0%| F|  |TAMS 0x0000000703800000| PB 0x0000000703800000| Untracked 
|  18|0x0000000703a00000, 0x0000000703a00000, 0x0000000703c00000|  0%| F|  |TAMS 0x0000000703a00000| PB 0x0000000703a00000| Untracked 
|  19|0x0000000703c00000, 0x0000000703c00000, 0x0000000703e00000|  0%| F|  |TAMS 0x0000000703c00000| PB 0x0000000703c00000| Untracked 
|  20|0x0000000703e00000, 0x0000000703e00000, 0x0000000704000000|  0%| F|  |TAMS 0x0000000703e00000| PB 0x0000000703e00000| Untracked 
|  21|0x0000000704000000, 0x0000000704000000, 0x0000000704200000|  0%| F|  |TAMS 0x0000000704000000| PB 0x0000000704000000| Untracked 
|  22|0x0000000704200000, 0x0000000704200000, 0x0000000704400000|  0%| F|  |TAMS 0x0000000704200000| PB 0x0000000704200000| Untracked 
|  23|0x0000000704400000, 0x0000000704400000, 0x0000000704600000|  0%| F|  |TAMS 0x0000000704400000| PB 0x0000000704400000| Untracked 
|  24|0x0000000704600000, 0x0000000704600000, 0x0000000704800000|  0%| F|  |TAMS 0x0000000704600000| PB 0x0000000704600000| Untracked 
|  25|0x0000000704800000, 0x0000000704800000, 0x0000000704a00000|  0%| F|  |TAMS 0x0000000704800000| PB 0x0000000704800000| Untracked 
|  26|0x0000000704a00000, 0x0000000704a00000, 0x0000000704c00000|  0%| F|  |TAMS 0x0000000704a00000| PB 0x0000000704a00000| Untracked 
|  27|0x0000000704c00000, 0x0000000704c00000, 0x0000000704e00000|  0%| F|  |TAMS 0x0000000704c00000| PB 0x0000000704c00000| Untracked 
|  28|0x0000000704e00000, 0x0000000704e00000, 0x0000000705000000|  0%| F|  |TAMS 0x0000000704e00000| PB 0x0000000704e00000| Untracked 
|  29|0x0000000705000000, 0x0000000705000000, 0x0000000705200000|  0%| F|  |TAMS 0x0000000705000000| PB 0x0000000705000000| Untracked 
|  30|0x0000000705200000, 0x0000000705200000, 0x0000000705400000|  0%| F|  |TAMS 0x0000000705200000| PB 0x0000000705200000| Untracked 
|  31|0x0000000705400000, 0x0000000705400000, 0x0000000705600000|  0%| F|  |TAMS 0x0000000705400000| PB 0x0000000705400000| Untracked 
|  32|0x0000000705600000, 0x0000000705800000, 0x0000000705800000|100%|HS|  |TAMS 0x0000000705600000| PB 0x0000000705600000| Complete 
|  33|0x0000000705800000, 0x0000000705800000, 0x0000000705a00000|  0%| F|  |TAMS 0x0000000705800000| PB 0x0000000705800000| Untracked 
|  34|0x0000000705a00000, 0x0000000705a00000, 0x0000000705c00000|  0%| F|  |TAMS 0x0000000705a00000| PB 0x0000000705a00000| Untracked 
|  35|0x0000000705c00000, 0x0000000705c00000, 0x0000000705e00000|  0%| F|  |TAMS 0x0000000705c00000| PB 0x0000000705c00000| Untracked 
|  36|0x0000000705e00000, 0x0000000705e00000, 0x0000000706000000|  0%| F|  |TAMS 0x0000000705e00000| PB 0x0000000705e00000| Untracked 
|  37|0x0000000706000000, 0x0000000706000000, 0x0000000706200000|  0%| F|  |TAMS 0x0000000706000000| PB 0x0000000706000000| Untracked 
|  38|0x0000000706200000, 0x0000000706200000, 0x0000000706400000|  0%| F|  |TAMS 0x0000000706200000| PB 0x0000000706200000| Untracked 
|  39|0x0000000706400000, 0x0000000706400000, 0x0000000706600000|  0%| F|  |TAMS 0x0000000706400000| PB 0x0000000706400000| Untracked 
|  40|0x0000000706600000, 0x0000000706600000, 0x0000000706800000|  0%| F|  |TAMS 0x0000000706600000| PB 0x0000000706600000| Untracked 
|  41|0x0000000706800000, 0x0000000706800000, 0x0000000706a00000|  0%| F|  |TAMS 0x0000000706800000| PB 0x0000000706800000| Untracked 
|  42|0x0000000706a00000, 0x0000000706c00000, 0x0000000706c00000|100%|HS|  |TAMS 0x0000000706a00000| PB 0x0000000706a00000| Complete 
|  43|0x0000000706c00000, 0x0000000706c00000, 0x0000000706e00000|  0%| F|  |TAMS 0x0000000706c00000| PB 0x0000000706c00000| Untracked 
|  44|0x0000000706e00000, 0x0000000706e00000, 0x0000000707000000|  0%| F|  |TAMS 0x0000000706e00000| PB 0x0000000706e00000| Untracked 
|  45|0x0000000707000000, 0x0000000707000000, 0x0000000707200000|  0%| F|  |TAMS 0x0000000707000000| PB 0x0000000707000000| Untracked 
|  46|0x0000000707200000, 0x0000000707200000, 0x0000000707400000|  0%| F|  |TAMS 0x0000000707200000| PB 0x0000000707200000| Untracked 
|  47|0x0000000707400000, 0x0000000707400000, 0x0000000707600000|  0%| F|  |TAMS 0x0000000707400000| PB 0x0000000707400000| Untracked 
|  48|0x0000000707600000, 0x0000000707600000, 0x0000000707800000|  0%| F|  |TAMS 0x0000000707600000| PB 0x0000000707600000| Untracked 
|  49|0x0000000707800000, 0x0000000707800000, 0x0000000707a00000|  0%| F|  |TAMS 0x0000000707800000| PB 0x0000000707800000| Untracked 
|  50|0x0000000707a00000, 0x0000000707a00000, 0x0000000707c00000|  0%| F|  |TAMS 0x0000000707a00000| PB 0x0000000707a00000| Untracked 
|  51|0x0000000707c00000, 0x0000000707c00000, 0x0000000707e00000|  0%| F|  |TAMS 0x0000000707c00000| PB 0x0000000707c00000| Untracked 
|  52|0x0000000707e00000, 0x0000000707e00000, 0x0000000708000000|  0%| F|  |TAMS 0x0000000707e00000| PB 0x0000000707e00000| Untracked 
|  53|0x0000000708000000, 0x0000000708000000, 0x0000000708200000|  0%| F|  |TAMS 0x0000000708000000| PB 0x0000000708000000| Untracked 
|  54|0x0000000708200000, 0x0000000708200000, 0x0000000708400000|  0%| F|  |TAMS 0x0000000708200000| PB 0x0000000708200000| Untracked 
|  55|0x0000000708400000, 0x0000000708400000, 0x0000000708600000|  0%| F|  |TAMS 0x0000000708400000| PB 0x0000000708400000| Untracked 
|  56|0x0000000708600000, 0x0000000708600000, 0x0000000708800000|  0%| F|  |TAMS 0x0000000708600000| PB 0x0000000708600000| Untracked 
|  57|0x0000000708800000, 0x0000000708912c40, 0x0000000708a00000| 53%| S|CS|TAMS 0x0000000708800000| PB 0x0000000708800000| Complete 
|  58|0x0000000708a00000, 0x0000000708a00000, 0x0000000708c00000|  0%| F|  |TAMS 0x0000000708a00000| PB 0x0000000708a00000| Untracked 
|  59|0x0000000708c00000, 0x0000000708c00000, 0x0000000708e00000|  0%| F|  |TAMS 0x0000000708c00000| PB 0x0000000708c00000| Untracked 
|  60|0x0000000708e00000, 0x0000000708e00000, 0x0000000709000000|  0%| F|  |TAMS 0x0000000708e00000| PB 0x0000000708e00000| Untracked 
|  61|0x0000000709000000, 0x0000000709000000, 0x0000000709200000|  0%| F|  |TAMS 0x0000000709000000| PB 0x0000000709000000| Untracked 
|  62|0x0000000709200000, 0x0000000709200000, 0x0000000709400000|  0%| F|  |TAMS 0x0000000709200000| PB 0x0000000709200000| Untracked 
|  63|0x0000000709400000, 0x0000000709400000, 0x0000000709600000|  0%| F|  |TAMS 0x0000000709400000| PB 0x0000000709400000| Untracked 
|  64|0x0000000709600000, 0x0000000709600000, 0x0000000709800000|  0%| F|  |TAMS 0x0000000709600000| PB 0x0000000709600000| Untracked 
|  65|0x0000000709800000, 0x0000000709800000, 0x0000000709a00000|  0%| F|  |TAMS 0x0000000709800000| PB 0x0000000709800000| Untracked 
|  66|0x0000000709a00000, 0x0000000709a00000, 0x0000000709c00000|  0%| F|  |TAMS 0x0000000709a00000| PB 0x0000000709a00000| Untracked 
|  67|0x0000000709c00000, 0x0000000709c00000, 0x0000000709e00000|  0%| F|  |TAMS 0x0000000709c00000| PB 0x0000000709c00000| Untracked 
|  68|0x0000000709e00000, 0x0000000709e00000, 0x000000070a000000|  0%| F|  |TAMS 0x0000000709e00000| PB 0x0000000709e00000| Untracked 
|  69|0x000000070a000000, 0x000000070a000000, 0x000000070a200000|  0%| F|  |TAMS 0x000000070a000000| PB 0x000000070a000000| Untracked 
|  70|0x000000070a200000, 0x000000070a200000, 0x000000070a400000|  0%| F|  |TAMS 0x000000070a200000| PB 0x000000070a200000| Untracked 
|  71|0x000000070a400000, 0x000000070a400000, 0x000000070a600000|  0%| F|  |TAMS 0x000000070a400000| PB 0x000000070a400000| Untracked 
|  72|0x000000070a600000, 0x000000070a600000, 0x000000070a800000|  0%| F|  |TAMS 0x000000070a600000| PB 0x000000070a600000| Untracked 
|  73|0x000000070a800000, 0x000000070a800000, 0x000000070aa00000|  0%| F|  |TAMS 0x000000070a800000| PB 0x000000070a800000| Untracked 
|  74|0x000000070aa00000, 0x000000070aa00000, 0x000000070ac00000|  0%| F|  |TAMS 0x000000070aa00000| PB 0x000000070aa00000| Untracked 
|  75|0x000000070ac00000, 0x000000070ac00000, 0x000000070ae00000|  0%| F|  |TAMS 0x000000070ac00000| PB 0x000000070ac00000| Untracked 
|  76|0x000000070ae00000, 0x000000070ae00000, 0x000000070b000000|  0%| F|  |TAMS 0x000000070ae00000| PB 0x000000070ae00000| Untracked 
|  77|0x000000070b000000, 0x000000070b000000, 0x000000070b200000|  0%| F|  |TAMS 0x000000070b000000| PB 0x000000070b000000| Untracked 
|  78|0x000000070b200000, 0x000000070b200000, 0x000000070b400000|  0%| F|  |TAMS 0x000000070b200000| PB 0x000000070b200000| Untracked 
|  79|0x000000070b400000, 0x000000070b400000, 0x000000070b600000|  0%| F|  |TAMS 0x000000070b400000| PB 0x000000070b400000| Untracked 
|  80|0x000000070b600000, 0x000000070b600000, 0x000000070b800000|  0%| F|  |TAMS 0x000000070b600000| PB 0x000000070b600000| Untracked 
|  81|0x000000070b800000, 0x000000070b800000, 0x000000070ba00000|  0%| F|  |TAMS 0x000000070b800000| PB 0x000000070b800000| Untracked 
|  82|0x000000070ba00000, 0x000000070ba00000, 0x000000070bc00000|  0%| F|  |TAMS 0x000000070ba00000| PB 0x000000070ba00000| Untracked 
|  83|0x000000070bc00000, 0x000000070bc00000, 0x000000070be00000|  0%| F|  |TAMS 0x000000070bc00000| PB 0x000000070bc00000| Untracked 
|  84|0x000000070be00000, 0x000000070be00000, 0x000000070c000000|  0%| F|  |TAMS 0x000000070be00000| PB 0x000000070be00000| Untracked 
|  85|0x000000070c000000, 0x000000070c000000, 0x000000070c200000|  0%| F|  |TAMS 0x000000070c000000| PB 0x000000070c000000| Untracked 
|  86|0x000000070c200000, 0x000000070c200000, 0x000000070c400000|  0%| F|  |TAMS 0x000000070c200000| PB 0x000000070c200000| Untracked 
|  87|0x000000070c400000, 0x000000070c400000, 0x000000070c600000|  0%| F|  |TAMS 0x000000070c400000| PB 0x000000070c400000| Untracked 
|  88|0x000000070c600000, 0x000000070c600000, 0x000000070c800000|  0%| F|  |TAMS 0x000000070c600000| PB 0x000000070c600000| Untracked 
|  89|0x000000070c800000, 0x000000070c800000, 0x000000070ca00000|  0%| F|  |TAMS 0x000000070c800000| PB 0x000000070c800000| Untracked 
|  90|0x000000070ca00000, 0x000000070ca00000, 0x000000070cc00000|  0%| F|  |TAMS 0x000000070ca00000| PB 0x000000070ca00000| Untracked 
|  91|0x000000070cc00000, 0x000000070cc00000, 0x000000070ce00000|  0%| F|  |TAMS 0x000000070cc00000| PB 0x000000070cc00000| Untracked 
|  92|0x000000070ce00000, 0x000000070cec45b8, 0x000000070d000000| 38%| E|  |TAMS 0x000000070ce00000| PB 0x000000070ce00000| Complete 
|  93|0x000000070d000000, 0x000000070d200000, 0x000000070d200000|100%| E|CS|TAMS 0x000000070d000000| PB 0x000000070d000000| Complete 
|  94|0x000000070d200000, 0x000000070d400000, 0x000000070d400000|100%| E|CS|TAMS 0x000000070d200000| PB 0x000000070d200000| Complete 
|  95|0x000000070d400000, 0x000000070d600000, 0x000000070d600000|100%| E|CS|TAMS 0x000000070d400000| PB 0x000000070d400000| Complete 
|  96|0x000000070d600000, 0x000000070d800000, 0x000000070d800000|100%| E|CS|TAMS 0x000000070d600000| PB 0x000000070d600000| Complete 
|  97|0x000000070d800000, 0x000000070da00000, 0x000000070da00000|100%| E|CS|TAMS 0x000000070d800000| PB 0x000000070d800000| Complete 
| 127|0x0000000711400000, 0x0000000711600000, 0x0000000711600000|100%| E|CS|TAMS 0x0000000711400000| PB 0x0000000711400000| Complete 
|2035|0x00000007ffc00000, 0x00000007ffe00000, 0x00000007ffe00000|100%| O|  |TAMS 0x00000007ffc00000| PB 0x00000007ffc00000| Untracked 
|2036|0x00000007ffe00000, 0x0000000800000000, 0x0000000800000000|100%| O|  |TAMS 0x00000007ffe00000| PB 0x00000007ffe00000| Untracked 

Card table byte_map: [0x000001de76540000,0x000001de76d40000] _byte_map_base: 0x000001de72d35000

Marking Bits: (CMBitMap*) 0x000001de5e66ea10
 Bits: [0x000001de76d40000, 0x000001de7ace8000)

Polling page: 0x000001de5c4e0000

Metaspace:

Usage:
  Non-class:     33.92 MB used.
      Class:      3.30 MB used.
       Both:     37.22 MB used.

Virtual space:
  Non-class space:       64.00 MB reserved,      34.31 MB ( 54%) committed,  1 nodes.
      Class space:        1.00 GB reserved,       3.56 MB ( <1%) committed,  1 nodes.
             Both:        1.06 GB reserved,      37.88 MB (  3%) committed. 

Chunk freelists:
   Non-Class:  13.08 MB
       Class:  12.47 MB
        Both:  25.55 MB

MaxMetaspaceSize: unlimited
CompressedClassSpaceSize: 1.00 GB
Initial GC threshold: 21.00 MB
Current GC threshold: 58.88 MB
CDS: on
 - commit_granule_bytes: 65536.
 - commit_granule_words: 8192.
 - virtual_space_node_default_size: 8388608.
 - enlarge_chunks_in_place: 1.
 - use_allocation_guard: 0.


Internal statistics:

num_allocs_failed_limit: 8.
num_arena_births: 934.
num_arena_deaths: 0.
num_vsnodes_births: 2.
num_vsnodes_deaths: 0.
num_space_committed: 604.
num_space_uncommitted: 0.
num_chunks_returned_to_freelist: 8.
num_chunks_taken_from_freelist: 2227.
num_chunk_merges: 8.
num_chunk_splits: 1557.
num_chunks_enlarged: 1063.
num_inconsistent_stats: 0.

CodeHeap 'non-profiled nmethods': size=120000Kb used=4476Kb max_used=4476Kb free=115523Kb
 bounds [0x000001de6e810000, 0x000001de6ec70000, 0x000001de75d40000]
CodeHeap 'profiled nmethods': size=120000Kb used=12504Kb max_used=12504Kb free=107495Kb
 bounds [0x000001de66d40000, 0x000001de67980000, 0x000001de6e270000]
CodeHeap 'non-nmethods': size=5760Kb used=3085Kb max_used=3541Kb free=2674Kb
 bounds [0x000001de6e270000, 0x000001de6e630000, 0x000001de6e810000]
CodeCache: size=245760Kb, used=20065Kb, max_used=20521Kb, free=225692Kb
 total_blobs=7897, nmethods=5831, adapters=1970, full_count=0
Compilation: enabled, stopped_count=0, restarted_count=0

Compilation events (20 events):
Event: 61.074 Thread 0x000001de7d1e9130 5998       1       androidx.compose.ui.node.LayoutNode::access$setIgnoreRemeasureRequests$p (6 bytes)
Event: 61.074 Thread 0x000001de7d1e9130 nmethod 5998 0x000001de6ec6c710 code [0x000001de6ec6c8a0, 0x000001de6ec6c950]
Event: 61.075 Thread 0x000001de7d1caa20 nmethod 5995 0x000001de6ec6ca10 code [0x000001de6ec6cba0, 0x000001de6ec6cd00]
Event: 61.075 Thread 0x000001de7d1caa20 5999       4       androidx.compose.ui.node.NodeCoordinator::invalidateLayer (34 bytes)
Event: 61.075 Thread 0x000001de7d1e9130 6000       3       androidx.compose.ui.node.NodeCoordinator::releaseLayer (38 bytes)
Event: 61.075 Thread 0x000001de7d1e9130 nmethod 6000 0x000001de67970b90 code [0x000001de67970d60, 0x000001de67971138]
Event: 61.077 Thread 0x000001de7d1caa20 nmethod 5999 0x000001de6ec6cd90 code [0x000001de6ec6cf40, 0x000001de6ec6d0b8]
Event: 61.104 Thread 0x000001de7d1e9130 6001       1       androidx.compose.runtime.RememberObserverHolder::getWrapped (5 bytes)
Event: 61.104 Thread 0x000001de7d1e9130 nmethod 6001 0x000001de6ec6d210 code [0x000001de6ec6d3a0, 0x000001de6ec6d470]
Event: 61.105 Thread 0x000001de7d1e9130 6002       3       androidx.compose.ui.node.NodeCoordinator$$Lambda/0x000001de0117dbe8::invoke (8 bytes)
Event: 61.105 Thread 0x000001de7d1e9130 nmethod 6002 0x000001de67971290 code [0x000001de67971440, 0x000001de679716c0]
Event: 61.105 Thread 0x000001de7d1e9130 6004       3       kotlinx.coroutines.JobSupport$Finishing::getRootCause (11 bytes)
Event: 61.105 Thread 0x000001de7d1e9130 nmethod 6004 0x000001de67971810 code [0x000001de679719e0, 0x000001de67971e10]
Event: 61.106 Thread 0x000001de7d1e9130 6003       3       androidx.compose.ui.node.NodeCoordinator::invalidateParentLayer$lambda$26 (19 bytes)
Event: 61.108 Thread 0x000001de7d1e9130 nmethod 6003 0x000001de67971f90 code [0x000001de679721a0, 0x000001de67972840]
Event: 61.111 Thread 0x000001de7d1e9130 6005       3       kotlinx.coroutines.internal.Segment::onSlotCleaned (19 bytes)
Event: 61.113 Thread 0x000001de7d1e9130 nmethod 6005 0x000001de67972b10 code [0x000001de67972d00, 0x000001de67973058]
Event: 61.126 Thread 0x000001de7d1e9130 6006   !   3       sun.awt.PostEventQueue::flush (168 bytes)
Event: 61.127 Thread 0x000001de7d1e9130 nmethod 6006 0x000001de67973190 code [0x000001de67973440, 0x000001de679741d8]
Event: 61.135 Thread 0x000001de7d1caa20 6007       4       java.util.regex.Pattern$GroupHead::match (47 bytes)

GC Heap History (20 events):
Event: 47.080 GC heap before
{Heap before GC invocations=58 (full 0):
 garbage-first heap   total 204800K, used 190383K [0x0000000701600000, 0x0000000800000000)
  region size 2048K, 51 young (104448K), 1 survivors (2048K)
 Metaspace       used 37675K, committed 38336K, reserved 1114112K
  class space    used 3358K, committed 3648K, reserved 1048576K
}
Event: 47.081 GC heap after
{Heap after GC invocations=59 (full 0):
 garbage-first heap   total 204800K, used 21329K [0x0000000701600000, 0x0000000800000000)
  region size 2048K, 1 young (2048K), 1 survivors (2048K)
 Metaspace       used 37675K, committed 38336K, reserved 1114112K
  class space    used 3358K, committed 3648K, reserved 1048576K
}
Event: 48.384 GC heap before
{Heap before GC invocations=59 (full 0):
 garbage-first heap   total 204800K, used 156497K [0x0000000701600000, 0x0000000800000000)
  region size 2048K, 34 young (69632K), 1 survivors (2048K)
 Metaspace       used 37685K, committed 38400K, reserved 1114112K
  class space    used 3358K, committed 3648K, reserved 1048576K
}
Event: 48.385 GC heap after
{Heap after GC invocations=60 (full 0):
 garbage-first heap   total 204800K, used 18373K [0x0000000701600000, 0x0000000800000000)
  region size 2048K, 1 young (2048K), 1 survivors (2048K)
 Metaspace       used 37685K, committed 38400K, reserved 1114112K
  class space    used 3358K, committed 3648K, reserved 1048576K
}
Event: 49.964 GC heap before
{Heap before GC invocations=60 (full 0):
 garbage-first heap   total 204800K, used 198597K [0x0000000701600000, 0x0000000800000000)
  region size 2048K, 55 young (112640K), 1 survivors (2048K)
 Metaspace       used 37744K, committed 38400K, reserved 1114112K
  class space    used 3358K, committed 3648K, reserved 1048576K
}
Event: 49.965 GC heap after
{Heap after GC invocations=61 (full 0):
 garbage-first heap   total 206848K, used 18395K [0x0000000701600000, 0x0000000800000000)
  region size 2048K, 1 young (2048K), 1 survivors (2048K)
 Metaspace       used 37744K, committed 38400K, reserved 1114112K
  class space    used 3358K, committed 3648K, reserved 1048576K
}
Event: 51.352 GC heap before
{Heap before GC invocations=61 (full 0):
 garbage-first heap   total 206848K, used 184283K [0x0000000701600000, 0x0000000800000000)
  region size 2048K, 48 young (98304K), 1 survivors (2048K)
 Metaspace       used 37767K, committed 38464K, reserved 1114112K
  class space    used 3358K, committed 3648K, reserved 1048576K
}
Event: 51.353 GC heap after
{Heap after GC invocations=62 (full 0):
 garbage-first heap   total 206848K, used 21341K [0x0000000701600000, 0x0000000800000000)
  region size 2048K, 1 young (2048K), 1 survivors (2048K)
 Metaspace       used 37767K, committed 38464K, reserved 1114112K
  class space    used 3358K, committed 3648K, reserved 1048576K
}
Event: 53.029 GC heap before
{Heap before GC invocations=62 (full 0):
 garbage-first heap   total 206848K, used 193373K [0x0000000701600000, 0x0000000800000000)
  region size 2048K, 52 young (106496K), 1 survivors (2048K)
 Metaspace       used 37773K, committed 38464K, reserved 1114112K
  class space    used 3358K, committed 3648K, reserved 1048576K
}
Event: 53.030 GC heap after
{Heap after GC invocations=63 (full 0):
 garbage-first heap   total 206848K, used 26581K [0x0000000701600000, 0x0000000800000000)
  region size 2048K, 1 young (2048K), 1 survivors (2048K)
 Metaspace       used 37773K, committed 38464K, reserved 1114112K
  class space    used 3358K, committed 3648K, reserved 1048576K
}
Event: 54.544 GC heap before
{Heap before GC invocations=63 (full 0):
 garbage-first heap   total 206848K, used 169941K [0x0000000701600000, 0x0000000800000000)
  region size 2048K, 41 young (83968K), 1 survivors (2048K)
 Metaspace       used 37798K, committed 38464K, reserved 1114112K
  class space    used 3358K, committed 3648K, reserved 1048576K
}
Event: 54.545 GC heap after
{Heap after GC invocations=64 (full 0):
 garbage-first heap   total 206848K, used 18408K [0x0000000701600000, 0x0000000800000000)
  region size 2048K, 1 young (2048K), 1 survivors (2048K)
 Metaspace       used 37798K, committed 38464K, reserved 1114112K
  class space    used 3358K, committed 3648K, reserved 1048576K
}
Event: 56.273 GC heap before
{Heap before GC invocations=64 (full 0):
 garbage-first heap   total 206848K, used 194536K [0x0000000701600000, 0x0000000800000000)
  region size 2048K, 53 young (108544K), 1 survivors (2048K)
 Metaspace       used 37800K, committed 38464K, reserved 1114112K
  class space    used 3358K, committed 3648K, reserved 1048576K
}
Event: 56.275 GC heap after
{Heap after GC invocations=65 (full 0):
 garbage-first heap   total 206848K, used 18405K [0x0000000701600000, 0x0000000800000000)
  region size 2048K, 1 young (2048K), 1 survivors (2048K)
 Metaspace       used 37800K, committed 38464K, reserved 1114112K
  class space    used 3358K, committed 3648K, reserved 1048576K
}
Event: 58.420 GC heap before
{Heap before GC invocations=65 (full 0):
 garbage-first heap   total 206848K, used 194533K [0x0000000701600000, 0x0000000800000000)
  region size 2048K, 53 young (108544K), 1 survivors (2048K)
 Metaspace       used 37824K, committed 38464K, reserved 1114112K
  class space    used 3358K, committed 3648K, reserved 1048576K
}
Event: 58.422 GC heap after
{Heap after GC invocations=66 (full 0):
 garbage-first heap   total 206848K, used 18407K [0x0000000701600000, 0x0000000800000000)
  region size 2048K, 1 young (2048K), 1 survivors (2048K)
 Metaspace       used 37824K, committed 38464K, reserved 1114112K
  class space    used 3358K, committed 3648K, reserved 1048576K
}
Event: 59.906 GC heap before
{Heap before GC invocations=66 (full 0):
 garbage-first heap   total 206848K, used 188391K [0x0000000701600000, 0x0000000800000000)
  region size 2048K, 49 young (100352K), 1 survivors (2048K)
 Metaspace       used 37997K, committed 38656K, reserved 1114112K
  class space    used 3364K, committed 3648K, reserved 1048576K
}
Event: 59.907 GC heap after
{Heap after GC invocations=67 (full 0):
 garbage-first heap   total 206848K, used 18482K [0x0000000701600000, 0x0000000800000000)
  region size 2048K, 1 young (2048K), 1 survivors (2048K)
 Metaspace       used 37997K, committed 38656K, reserved 1114112K
  class space    used 3364K, committed 3648K, reserved 1048576K
}
Event: 60.966 GC heap before
{Heap before GC invocations=67 (full 0):
 garbage-first heap   total 206848K, used 174130K [0x0000000701600000, 0x0000000800000000)
  region size 2048K, 42 young (86016K), 1 survivors (2048K)
 Metaspace       used 38037K, committed 38656K, reserved 1114112K
  class space    used 3364K, committed 3648K, reserved 1048576K
}
Event: 60.968 GC heap after
{Heap after GC invocations=68 (full 0):
 garbage-first heap   total 206848K, used 21497K [0x0000000701600000, 0x0000000800000000)
  region size 2048K, 1 young (2048K), 1 survivors (2048K)
 Metaspace       used 38037K, committed 38656K, reserved 1114112K
  class space    used 3364K, committed 3648K, reserved 1048576K
}

Dll operation events (20 events):
Event: 3.624 Loaded shared library C:\Users\Welcome\.javacpp\cache\javacpp-1.5.9-windows-x86_64.jar\org\bytedeco\javacpp\windows-x86_64\ucrtbase.dll
Event: 3.633 Loaded shared library C:\Users\Welcome\.javacpp\cache\javacpp-1.5.9-windows-x86_64.jar\org\bytedeco\javacpp\windows-x86_64\vcruntime140.dll
Event: 3.643 Loaded shared library C:\Users\Welcome\.javacpp\cache\javacpp-1.5.9-windows-x86_64.jar\org\bytedeco\javacpp\windows-x86_64\vcruntime140_1.dll
Event: 3.655 Loaded shared library C:\Users\Welcome\.javacpp\cache\javacpp-1.5.9-windows-x86_64.jar\org\bytedeco\javacpp\windows-x86_64\msvcp140.dll
Event: 3.671 Loaded shared library C:\Users\Welcome\.javacpp\cache\javacpp-1.5.9-windows-x86_64.jar\org\bytedeco\javacpp\windows-x86_64\msvcp140_1.dll
Event: 3.687 Loaded shared library C:\Users\Welcome\.javacpp\cache\javacpp-1.5.9-windows-x86_64.jar\org\bytedeco\javacpp\windows-x86_64\concrt140.dll
Event: 3.700 Loaded shared library C:\Users\Welcome\.javacpp\cache\javacpp-1.5.9-windows-x86_64.jar\org\bytedeco\javacpp\windows-x86_64\vcomp140.dll
Event: 3.706 Loaded shared library C:\Users\Welcome\.javacpp\cache\javacpp-1.5.9-windows-x86_64.jar\org\bytedeco\javacpp\windows-x86_64\jnijavacpp.dll
Event: 3.782 Loaded shared library C:\Users\Welcome\.javacpp\cache\openblas-0.3.23-1.5.9-windows-x86_64.jar\org\bytedeco\openblas\windows-x86_64\libopenblas_nolapack.dll
Event: 3.794 Loaded shared library C:\Users\Welcome\.javacpp\cache\openblas-0.3.23-1.5.9-windows-x86_64.jar\org\bytedeco\openblas\windows-x86_64\jniopenblas_nolapack.dll
Event: 3.918 Loaded shared library C:\Users\Welcome\.javacpp\cache\openblas-0.3.23-1.5.9-windows-x86_64.jar\org\bytedeco\openblas\windows-x86_64\libopenblas.dll
Event: 3.935 Loaded shared library C:\Users\Welcome\.javacpp\cache\openblas-0.3.23-1.5.9-windows-x86_64.jar\org\bytedeco\openblas\windows-x86_64\jniopenblas.dll
Event: 4.713 Loaded shared library C:\Users\Welcome\.javacpp\cache\opencv-4.7.0-1.5.9-windows-x86_64.jar\org\bytedeco\opencv\windows-x86_64\opencv_core470.dll
Event: 4.736 Loaded shared library C:\Users\Welcome\.javacpp\cache\opencv-4.7.0-1.5.9-windows-x86_64.jar\org\bytedeco\opencv\windows-x86_64\opencv_imgproc470.dll
Event: 4.759 Loaded shared library C:\Users\Welcome\.javacpp\cache\opencv-4.7.0-1.5.9-windows-x86_64.jar\org\bytedeco\opencv\windows-x86_64\jniopencv_core.dll
Event: 4.949 Loaded shared library C:\Users\Welcome\.javacpp\cache\opencv-4.7.0-1.5.9-windows-x86_64.jar\org\bytedeco\opencv\windows-x86_64\jniopencv_imgproc.dll
Event: 4.983 Loaded shared library C:\Users\Welcome\.javacpp\cache\opencv-4.7.0-1.5.9-windows-x86_64.jar\org\bytedeco\opencv\windows-x86_64\opencv_imgcodecs470.dll
Event: 4.988 Loaded shared library C:\Users\Welcome\.javacpp\cache\opencv-4.7.0-1.5.9-windows-x86_64.jar\org\bytedeco\opencv\windows-x86_64\jniopencv_imgcodecs.dll
Event: 5.027 Loaded shared library C:\Users\Welcome\.javacpp\cache\opencv-4.7.0-1.5.9-windows-x86_64.jar\org\bytedeco\opencv\windows-x86_64\opencv_videoio470.dll
Event: 5.034 Loaded shared library C:\Users\Welcome\.javacpp\cache\opencv-4.7.0-1.5.9-windows-x86_64.jar\org\bytedeco\opencv\windows-x86_64\jniopencv_videoio.dll

Deoptimization events (20 events):
Event: 61.071 Thread 0x000001de7e2e7910 Uncommon trap: trap_request=0xffffffd6 fr.pc=0x000001de6ec6337c relative=0x000000000000043c
Event: 61.071 Thread 0x000001de7e2e7910 Uncommon trap: reason=array_check action=maybe_recompile pc=0x000001de6ec6337c method=java.util.Arrays.fill([Ljava/lang/Object;IILjava/lang/Object;)V @ 20 c2
Event: 61.071 Thread 0x000001de7e2e7910 DEOPT PACKING pc=0x000001de6ec6337c sp=0x00000080064fd200
Event: 61.071 Thread 0x000001de7e2e7910 DEOPT UNPACKING pc=0x000001de6e2c4422 sp=0x00000080064fd1a8 mode 2
Event: 61.074 Thread 0x000001de7e2e7910 Uncommon trap: trap_request=0xffffff45 fr.pc=0x000001de6ea2577c relative=0x000000000000031c
Event: 61.074 Thread 0x000001de7e2e7910 Uncommon trap: reason=unstable_if action=reinterpret pc=0x000001de6ea2577c method=androidx.collection.ScatterSet.contains(Ljava/lang/Object;)Z @ 277 c2
Event: 61.074 Thread 0x000001de7e2e7910 DEOPT PACKING pc=0x000001de6ea2577c sp=0x00000080064fdd30
Event: 61.074 Thread 0x000001de7e2e7910 DEOPT UNPACKING pc=0x000001de6e2c4422 sp=0x00000080064fdc30 mode 2
Event: 61.104 Thread 0x000001de7d9f6a60 Uncommon trap: trap_request=0xffffff45 fr.pc=0x000001de6e952798 relative=0x00000000000053b8
Event: 61.104 Thread 0x000001de7d9f6a60 Uncommon trap: reason=unstable_if action=reinterpret pc=0x000001de6e952798 method=java.lang.ClassLoader.getClassLoadingLock(Ljava/lang/String;)Ljava/lang/Object; @ 28 c2
Event: 61.104 Thread 0x000001de7d9f6a60 DEOPT PACKING pc=0x000001de6e952798 sp=0x0000008005ffe540
Event: 61.104 Thread 0x000001de7d9f6a60 DEOPT UNPACKING pc=0x000001de6e2c4422 sp=0x0000008005ffe508 mode 2
Event: 61.105 Thread 0x000001de7d9f7490 Uncommon trap: trap_request=0xffffff45 fr.pc=0x000001de6e946fb8 relative=0x00000000000000f8
Event: 61.105 Thread 0x000001de7d9f7490 Uncommon trap: reason=unstable_if action=reinterpret pc=0x000001de6e946fb8 method=java.lang.ClassLoader.getClassLoadingLock(Ljava/lang/String;)Ljava/lang/Object; @ 28 c2
Event: 61.105 Thread 0x000001de7d9f7490 DEOPT PACKING pc=0x000001de6e946fb8 sp=0x00000080061fd750
Event: 61.105 Thread 0x000001de7d9f7490 DEOPT UNPACKING pc=0x000001de6e2c4422 sp=0x00000080061fd6e0 mode 2
Event: 61.127 Thread 0x000001de7e2e7910 Uncommon trap: trap_request=0xffffff45 fr.pc=0x000001de6ebb1e8c relative=0x000000000000014c
Event: 61.127 Thread 0x000001de7e2e7910 Uncommon trap: reason=unstable_if action=reinterpret pc=0x000001de6ebb1e8c method=java.awt.EventQueue.eventToCacheIndex(Ljava/awt/AWTEvent;)I @ 4 c2
Event: 61.128 Thread 0x000001de7e2e7910 DEOPT PACKING pc=0x000001de6ebb1e8c sp=0x00000080064fddb0
Event: 61.128 Thread 0x000001de7e2e7910 DEOPT UNPACKING pc=0x000001de6e2c4422 sp=0x00000080064fdd00 mode 2

Classes loaded (20 events):
Event: 16.939 Loading class java/util/ArrayList$SubList$1
Event: 16.940 Loading class java/util/ArrayList$SubList$1 done
Event: 16.940 Loading class sun/text/resources/cldr/FormatData_en
Event: 16.940 Loading class sun/text/resources/cldr/FormatData_en done
Event: 16.941 Loading class sun/util/resources/Bundles$2
Event: 16.941 Loading class sun/util/resources/Bundles$2 done
Event: 58.730 Loading class java/security/DomainCombiner
Event: 58.730 Loading class java/security/DomainCombiner done
Event: 61.065 Loading class java/awt/KeyboardFocusManager$2
Event: 61.065 Loading class java/awt/KeyboardFocusManager$2 done
Event: 61.065 Loading class sun/awt/SunToolkit$1
Event: 61.065 Loading class sun/awt/SunToolkit$1 done
Event: 61.105 Loading class java/awt/Window$1DisposeAction
Event: 61.105 Loading class java/awt/Window$1DisposeAction done
Event: 61.125 Loading class java/awt/LightweightDispatcher$2
Event: 61.126 Loading class java/awt/LightweightDispatcher$2 done
Event: 61.126 Loading class java/awt/event/AWTEventListenerProxy
Event: 61.126 Loading class java/awt/event/AWTEventListenerProxy done
Event: 61.126 Loading class java/awt/Toolkit$ToolkitEventMulticaster
Event: 61.126 Loading class java/awt/Toolkit$ToolkitEventMulticaster done

Classes unloaded (0 events):
No events

Classes redefined (0 events):
No events

Internal exceptions (20 events):
Event: 7.341 Thread 0x000001de7d9f7490 Exception <a 'java/lang/NoSuchMethodError'{0x000000070a7676f0}: 'java.lang.Object java.lang.invoke.DirectMethodHandle$Holder.invokeSpecial(java.lang.Object, java.lang.Object, int, int, int)'> (0x000000070a7676f0) 
thrown [s\src\hotspot\share\interpreter\linkResolver.cpp, line 773]
Event: 13.605 Thread 0x000001de7e2e7910 Exception <a 'java/lang/NoSuchMethodError'{0x0000000708d1e908}: 'long java.lang.invoke.DirectMethodHandle$Holder.invokeStatic(java.lang.Object, java.lang.Object)'> (0x0000000708d1e908) 
thrown [s\src\hotspot\share\interpreter\linkResolver.cpp, line 773]
Event: 13.619 Thread 0x000001de7e2e7910 Exception <a 'java/lang/NoSuchMethodError'{0x000000070893e2c8}: 'java.lang.Object java.lang.invoke.DirectMethodHandle$Holder.newInvokeSpecial(java.lang.Object, java.lang.Object, java.lang.Object, java.lang.Object, java.lang.Object, java.lang.Object, int)'> (0x000000070893e2c8) 
thrown [s\src\hotspot\share\interpreter\linkResolver.cpp, line 773]
Event: 13.620 Thread 0x000001de7e2e7910 Exception <a 'java/lang/NoSuchMethodError'{0x0000000708942a90}: 'java.lang.Object java.lang.invoke.DirectMethodHandle$Holder.invokeSpecial(java.lang.Object, java.lang.Object, java.lang.Object, java.lang.Object, java.lang.Object, java.lang.Object, java.lang.Object, int)'> (0x0000000708942a90) 
thrown [s\src\hotspot\share\interpreter\linkResolver.cpp, line 773]
Event: 13.625 Thread 0x000001de7e2e7910 Exception <a 'java/lang/NoSuchMethodError'{0x00000007085e4718}: 'java.lang.Object java.lang.invoke.DirectMethodHandle$Holder.newInvokeSpecial(java.lang.Object, int, java.lang.Object, java.lang.Object, java.lang.Object, java.lang.Object)'> (0x00000007085e4718) 
thrown [s\src\hotspot\share\interpreter\linkResolver.cpp, line 773]
Event: 13.663 Thread 0x000001de7e2e7910 Exception <a 'java/lang/NoSuchMethodError'{0x0000000708396c58}: 'java.lang.Object java.lang.invoke.DirectMethodHandle$Holder.newInvokeSpecial(java.lang.Object, java.lang.Object, float)'> (0x0000000708396c58) 
thrown [s\src\hotspot\share\interpreter\linkResolver.cpp, line 773]
Event: 13.675 Thread 0x000001de7e2e7910 Exception <a 'java/lang/NoSuchMethodError'{0x00000007083ef2c0}: 'java.lang.Object java.lang.invoke.DirectMethodHandle$Holder.invokeStatic(java.lang.Object, java.lang.Object, int, java.lang.Object, java.lang.Object)'> (0x00000007083ef2c0) 
thrown [s\src\hotspot\share\interpreter\linkResolver.cpp, line 773]
Event: 13.675 Thread 0x000001de7e2e7910 Exception <a 'java/lang/NoSuchMethodError'{0x00000007083f66f8}: 'java.lang.Object java.lang.invoke.DirectMethodHandle$Holder.newInvokeSpecial(java.lang.Object, java.lang.Object, int, java.lang.Object)'> (0x00000007083f66f8) 
thrown [s\src\hotspot\share\interpreter\linkResolver.cpp, line 773]
Event: 13.675 Thread 0x000001de7e2e7910 Exception <a 'java/lang/NoSuchMethodError'{0x00000007083fae00}: 'java.lang.Object java.lang.invoke.DirectMethodHandle$Holder.invokeSpecial(java.lang.Object, java.lang.Object, java.lang.Object, int, java.lang.Object)'> (0x00000007083fae00) 
thrown [s\src\hotspot\share\interpreter\linkResolver.cpp, line 773]
Event: 13.675 Thread 0x000001de7e2e7910 Exception <a 'java/lang/NoSuchMethodError'{0x00000007083feac8}: 'java.lang.Object java.lang.invoke.Invokers$Holder.linkToTargetMethod(java.lang.Object, int, java.lang.Object, java.lang.Object)'> (0x00000007083feac8) 
thrown [s\src\hotspot\share\interpreter\linkResolver.cpp, line 773]
Event: 13.677 Thread 0x000001de7e2e7910 Exception <a 'java/lang/NoSuchMethodError'{0x000000070800d770}: 'java.lang.Object java.lang.invoke.DirectMethodHandle$Holder.invokeStatic(java.lang.Object, java.lang.Object, long, java.lang.Object)'> (0x000000070800d770) 
thrown [s\src\hotspot\share\interpreter\linkResolver.cpp, line 773]
Event: 13.677 Thread 0x000001de7e2e7910 Exception <a 'java/lang/NoSuchMethodError'{0x00000007080148c0}: 'java.lang.Object java.lang.invoke.DirectMethodHandle$Holder.newInvokeSpecial(java.lang.Object, java.lang.Object, long)'> (0x00000007080148c0) 
thrown [s\src\hotspot\share\interpreter\linkResolver.cpp, line 773]
Event: 13.678 Thread 0x000001de7e2e7910 Exception <a 'java/lang/NoSuchMethodError'{0x0000000708018318}: 'java.lang.Object java.lang.invoke.Invokers$Holder.linkToTargetMethod(java.lang.Object, long, java.lang.Object)'> (0x0000000708018318) 
thrown [s\src\hotspot\share\interpreter\linkResolver.cpp, line 773]
Event: 16.912 Thread 0x000001de7d9f3b90 Exception <a 'java/lang/NoSuchMethodError'{0x0000000703c3be88}: 'java.lang.Object java.lang.invoke.DirectMethodHandle$Holder.invokeSpecial(java.lang.Object, java.lang.Object, int, float)'> (0x0000000703c3be88) 
thrown [s\src\hotspot\share\interpreter\linkResolver.cpp, line 773]
Event: 16.915 Thread 0x000001de7d9f3b90 Exception <a 'java/lang/NoSuchMethodError'{0x0000000703c546f0}: 'java.lang.Object java.lang.invoke.DirectMethodHandle$Holder.invokeSpecial(java.lang.Object, java.lang.Object, java.lang.Object, java.lang.Object, double)'> (0x0000000703c546f0) 
thrown [s\src\hotspot\share\interpreter\linkResolver.cpp, line 773]
Event: 16.915 Thread 0x000001de7d9f3b90 Exception <a 'java/lang/NoSuchMethodError'{0x0000000703c58050}: 'java.lang.Object java.lang.invoke.Invokers$Holder.linkToTargetMethod(java.lang.Object, java.lang.Object, double, java.lang.Object)'> (0x0000000703c58050) 
thrown [s\src\hotspot\share\interpreter\linkResolver.cpp, line 773]
Event: 17.403 Thread 0x000001de7d9f3b90 Exception <a 'java/lang/NoSuchMethodError'{0x0000000705abd770}: 'java.lang.Object java.lang.invoke.DirectMethodHandle$Holder.newInvokeSpecial(java.lang.Object, long, long)'> (0x0000000705abd770) 
thrown [s\src\hotspot\share\interpreter\linkResolver.cpp, line 773]
Event: 17.408 Thread 0x000001de7d9f3b90 Exception <a 'java/lang/NoSuchMethodError'{0x0000000705aeb5b8}: 'java.lang.Object java.lang.invoke.DirectMethodHandle$Holder.invokeSpecial(java.lang.Object, java.lang.Object, int, int, int, int)'> (0x0000000705aeb5b8) 
thrown [s\src\hotspot\share\interpreter\linkResolver.cpp, line 773]
Event: 17.408 Thread 0x000001de7d9f3b90 Exception <a 'java/lang/NoSuchMethodError'{0x0000000705aee998}: 'java.lang.Object java.lang.invoke.Invokers$Holder.linkToTargetMethod(int, int, int, int, java.lang.Object)'> (0x0000000705aee998) 
thrown [s\src\hotspot\share\interpreter\linkResolver.cpp, line 773]
Event: 25.388 Thread 0x000001de7e2e7910 Exception <a 'java/lang/NoSuchMethodError'{0x0000000708ca7470}: 'java.lang.Object java.lang.invoke.DirectMethodHandle$Holder.invokeSpecial(java.lang.Object, java.lang.Object, int, int, java.lang.Object)'> (0x0000000708ca7470) 
thrown [s\src\hotspot\share\interpreter\linkResolver.cpp, line 773]

ZGC Phase Switch (0 events):
No events

VM Operations (20 events):
Event: 52.354 Executing VM operation: Cleanup
Event: 52.354 Executing VM operation: Cleanup done
Event: 53.029 Executing VM operation: G1TryInitiateConcMark (G1 Humongous Allocation)
Event: 53.030 Executing VM operation: G1TryInitiateConcMark (G1 Humongous Allocation) done
Event: 54.544 Executing VM operation: G1TryInitiateConcMark (G1 Humongous Allocation)
Event: 54.545 Executing VM operation: G1TryInitiateConcMark (G1 Humongous Allocation) done
Event: 56.273 Executing VM operation: G1TryInitiateConcMark (G1 Humongous Allocation)
Event: 56.275 Executing VM operation: G1TryInitiateConcMark (G1 Humongous Allocation) done
Event: 58.275 Executing VM operation: Cleanup
Event: 58.379 Executing VM operation: Cleanup done
Event: 58.420 Executing VM operation: G1TryInitiateConcMark (G1 Humongous Allocation)
Event: 58.422 Executing VM operation: G1TryInitiateConcMark (G1 Humongous Allocation) done
Event: 59.905 Executing VM operation: G1TryInitiateConcMark (G1 Humongous Allocation)
Event: 59.907 Executing VM operation: G1TryInitiateConcMark (G1 Humongous Allocation) done
Event: 60.264 Executing VM operation: HandshakeAllThreads (HandshakeForDeflation)
Event: 60.264 Executing VM operation: HandshakeAllThreads (HandshakeForDeflation) done
Event: 60.264 Executing VM operation: RendezvousGCThreads
Event: 60.264 Executing VM operation: RendezvousGCThreads done
Event: 60.966 Executing VM operation: G1TryInitiateConcMark (G1 Humongous Allocation)
Event: 60.968 Executing VM operation: G1TryInitiateConcMark (G1 Humongous Allocation) done

Memory protections (0 events):
No events

Nmethod flushes (20 events):
Event: 14.580 Thread 0x000001de7d1a22a0 flushing  nmethod 0x000001de66d70b90
Event: 14.580 Thread 0x000001de7d1a22a0 flushing  nmethod 0x000001de66d71790
Event: 14.580 Thread 0x000001de7d1a22a0 flushing  nmethod 0x000001de66d72e10
Event: 14.580 Thread 0x000001de7d1a22a0 flushing  nmethod 0x000001de66d85010
Event: 14.580 Thread 0x000001de7d1a22a0 flushing  nmethod 0x000001de66d86310
Event: 14.580 Thread 0x000001de7d1a22a0 flushing  nmethod 0x000001de66d86d10
Event: 14.580 Thread 0x000001de7d1a22a0 flushing  nmethod 0x000001de66d87e10
Event: 14.580 Thread 0x000001de7d1a22a0 flushing  nmethod 0x000001de66d88610
Event: 14.580 Thread 0x000001de7d1a22a0 flushing  nmethod 0x000001de66d89610
Event: 14.580 Thread 0x000001de7d1a22a0 flushing  nmethod 0x000001de66d89d10
Event: 14.580 Thread 0x000001de7d1a22a0 flushing  nmethod 0x000001de66d8ab10
Event: 14.580 Thread 0x000001de7d1a22a0 flushing  nmethod 0x000001de66d8b790
Event: 14.580 Thread 0x000001de7d1a22a0 flushing  nmethod 0x000001de66dc3890
Event: 14.580 Thread 0x000001de7d1a22a0 flushing  nmethod 0x000001de66dc6610
Event: 14.580 Thread 0x000001de7d1a22a0 flushing  nmethod 0x000001de66dcc810
Event: 14.580 Thread 0x000001de7d1a22a0 flushing  nmethod 0x000001de66dee790
Event: 14.580 Thread 0x000001de7d1a22a0 flushing  nmethod 0x000001de66e00290
Event: 14.580 Thread 0x000001de7d1a22a0 flushing  nmethod 0x000001de66f38b10
Event: 14.580 Thread 0x000001de7d1a22a0 flushing  nmethod 0x000001de66f7bf90
Event: 14.580 Thread 0x000001de7d1a22a0 flushing  nmethod 0x000001de66fd7890

Events (20 events):
Event: 41.105 Thread 0x000001de7d1e9130 Thread added: 0x000001dec8c7f900
Event: 41.232 Thread 0x000001dec8c7f900 Thread exited: 0x000001dec8c7f900
Event: 42.593 Thread 0x000001de7d1e9130 Thread added: 0x000001dec8c7f900
Event: 42.704 Thread 0x000001dec8c7f900 Thread exited: 0x000001dec8c7f900
Event: 43.207 Thread 0x000001de7d1e9130 Thread added: 0x000001dec8c7f900
Event: 44.202 Thread 0x000001dec8c7f900 Thread exited: 0x000001dec8c7f900
Event: 47.038 Thread 0x000001de7d1e9130 Thread added: 0x000001decb107930
Event: 47.162 Thread 0x000001decb107930 Thread exited: 0x000001decb107930
Event: 48.524 Thread 0x000001de7d1e9130 Thread added: 0x000001decb107930
Event: 49.704 Thread 0x000001decb107930 Thread exited: 0x000001decb107930
Event: 51.174 Thread 0x000001de7d1e9130 Thread added: 0x000001ded69c9920
Event: 51.853 Thread 0x000001ded69c9920 Thread exited: 0x000001ded69c9920
Event: 53.086 Thread 0x000001de7d1e9130 Thread added: 0x000001ded69c9920
Event: 54.814 Thread 0x000001ded69c9920 Thread exited: 0x000001ded69c9920
Event: 57.331 Thread 0x000001de7d1e9130 Thread added: 0x000001ded69c9920
Event: 57.672 Thread 0x000001ded69c9920 Thread exited: 0x000001ded69c9920
Event: 57.812 Thread 0x000001de7d1e9130 Thread added: 0x000001de7d3c5c00
Event: 58.139 Thread 0x000001de7d3c5c00 Thread exited: 0x000001de7d3c5c00
Event: 59.271 Thread 0x000001de7d1e9130 Thread added: 0x000001de7d3c39f0
Event: 59.899 Thread 0x000001de7d3c39f0 Thread exited: 0x000001de7d3c39f0


Dynamic libraries:
0x00007ff6266c0000 - 0x00007ff6266ce000 	C:\Program Files\BellSoft\LibericaJDK-21\bin\java.exe
0x00007ff9f6840000 - 0x00007ff9f6a49000 	C:\Windows\SYSTEM32\ntdll.dll
0x00007ff9f6000000 - 0x00007ff9f60bd000 	C:\Windows\System32\KERNEL32.DLL
0x00007ff9f3ff0000 - 0x00007ff9f4374000 	C:\Windows\System32\KERNELBASE.dll
0x00007ff9f44d0000 - 0x00007ff9f45e1000 	C:\Windows\System32\ucrtbase.dll
0x00007ff9bf7e0000 - 0x00007ff9bf7fb000 	C:\Program Files\BellSoft\LibericaJDK-21\bin\VCRUNTIME140.dll
0x00007ff9efbf0000 - 0x00007ff9efc08000 	C:\Program Files\BellSoft\LibericaJDK-21\bin\jli.dll
0x00007ff9f5230000 - 0x00007ff9f53dd000 	C:\Windows\System32\USER32.dll
0x00007ff9f44a0000 - 0x00007ff9f44c6000 	C:\Windows\System32\win32u.dll
0x00007ff9dfcc0000 - 0x00007ff9dff65000 	C:\Windows\WinSxS\amd64_microsoft.windows.common-controls_6595b64144ccf1df_6.0.22000.120_none_9d947278b86cc467\COMCTL32.dll
0x00007ff9f5fd0000 - 0x00007ff9f5ffa000 	C:\Windows\System32\GDI32.dll
0x00007ff9f4380000 - 0x00007ff9f449e000 	C:\Windows\System32\gdi32full.dll
0x00007ff9f5180000 - 0x00007ff9f5223000 	C:\Windows\System32\msvcrt.dll
0x00007ff9f45f0000 - 0x00007ff9f468d000 	C:\Windows\System32\msvcp_win.dll
0x00007ff9f5f90000 - 0x00007ff9f5fc1000 	C:\Windows\System32\IMM32.DLL
0x00007ff9e7580000 - 0x00007ff9e758c000 	C:\Program Files\BellSoft\LibericaJDK-21\bin\vcruntime140_1.dll
0x00007ff9721d0000 - 0x00007ff97225e000 	C:\Program Files\BellSoft\LibericaJDK-21\bin\msvcp140.dll
0x00007ff971410000 - 0x00007ff9721c3000 	C:\Program Files\BellSoft\LibericaJDK-21\bin\server\jvm.dll
0x00007ff9f5cc0000 - 0x00007ff9f5d6e000 	C:\Windows\System32\ADVAPI32.dll
0x00007ff9f5c20000 - 0x00007ff9f5cbe000 	C:\Windows\System32\sechost.dll
0x00007ff9f4900000 - 0x00007ff9f4a21000 	C:\Windows\System32\RPCRT4.dll
0x00007ff9f4770000 - 0x00007ff9f47df000 	C:\Windows\System32\WS2_32.dll
0x00007ff9f3a00000 - 0x00007ff9f3a4d000 	C:\Windows\SYSTEM32\POWRPROF.dll
0x00007ff9cd7b0000 - 0x00007ff9cd7e3000 	C:\Windows\SYSTEM32\WINMM.dll
0x00007ff9ecd80000 - 0x00007ff9ecd8a000 	C:\Windows\SYSTEM32\VERSION.dll
0x00007ff9f39e0000 - 0x00007ff9f39f3000 	C:\Windows\SYSTEM32\UMPDC.dll
0x00007ff9f2d00000 - 0x00007ff9f2d18000 	C:\Windows\SYSTEM32\kernel.appcore.dll
0x00007ff9c61e0000 - 0x00007ff9c61ea000 	C:\Program Files\BellSoft\LibericaJDK-21\bin\jimage.dll
0x00007ff9dfa90000 - 0x00007ff9dfcb1000 	C:\Windows\SYSTEM32\DBGHELP.DLL
0x00007ff9e00c0000 - 0x00007ff9e00f1000 	C:\Windows\SYSTEM32\dbgcore.DLL
0x00007ff9f3f70000 - 0x00007ff9f3fef000 	C:\Windows\System32\bcryptPrimitives.dll
0x00007ff9bf7c0000 - 0x00007ff9bf7df000 	C:\Program Files\BellSoft\LibericaJDK-21\bin\java.dll
0x00007ff9f53e0000 - 0x00007ff9f5ba5000 	C:\Windows\System32\SHELL32.dll
0x00007ff9f1d60000 - 0x00007ff9f25c2000 	C:\Windows\SYSTEM32\windows.storage.dll
0x00007ff9f4ae0000 - 0x00007ff9f4e56000 	C:\Windows\System32\combase.dll
0x00007ff9f1bf0000 - 0x00007ff9f1d57000 	C:\Windows\SYSTEM32\wintypes.dll
0x00007ff9f6290000 - 0x00007ff9f637a000 	C:\Windows\System32\SHCORE.dll
0x00007ff9f4710000 - 0x00007ff9f476d000 	C:\Windows\System32\shlwapi.dll
0x00007ff9f3c00000 - 0x00007ff9f3c25000 	C:\Windows\SYSTEM32\profapi.dll
0x00007ff971150000 - 0x00007ff971227000 	C:\Program Files\BellSoft\LibericaJDK-21\bin\jsvml.dll
0x00007ff9860c0000 - 0x00007ff9860d0000 	C:\Program Files\BellSoft\LibericaJDK-21\bin\net.dll
0x00007ff9ee6a0000 - 0x00007ff9ee7b4000 	C:\Windows\SYSTEM32\WINHTTP.dll
0x00007ff9f31a0000 - 0x00007ff9f3207000 	C:\Windows\system32\mswsock.dll
0x00007ff97f2f0000 - 0x00007ff97f306000 	C:\Program Files\BellSoft\LibericaJDK-21\bin\nio.dll
0x00007ff97f2d0000 - 0x00007ff97f2e8000 	C:\Program Files\BellSoft\LibericaJDK-21\bin\zip.dll
0x00007ff984a80000 - 0x00007ff98569f000 	C:\Users\Welcome\.skiko\64f176e39f60453df1ebf3b490935ff01e2e8db2dfc6217e7f91aacb376d7385\skiko-windows-x64.dll
0x00007ff9f4fe0000 - 0x00007ff9f517a000 	C:\Windows\System32\ole32.dll
0x00007ff9f18f0000 - 0x00007ff9f191f000 	C:\Windows\SYSTEM32\dwmapi.dll
0x00007ff9f0230000 - 0x00007ff9f0327000 	C:\Windows\SYSTEM32\PROPSYS.dll
0x00007ff9d29b0000 - 0x00007ff9d2b3e000 	C:\Program Files\BellSoft\LibericaJDK-21\bin\awt.dll
0x00007ff9f4f00000 - 0x00007ff9f4fd6000 	C:\Windows\System32\OLEAUT32.dll
0x00007ff9f11d0000 - 0x00007ff9f1262000 	C:\Windows\SYSTEM32\apphelp.dll
0x00007ff9f1380000 - 0x00007ff9f142c000 	C:\Windows\system32\uxtheme.dll
0x00007ff9f5d70000 - 0x00007ff9f5e8d000 	C:\Windows\System32\MSCTF.dll
0x00007ff9cace0000 - 0x00007ff9cade1000 	C:\Windows\system32\opengl32.dll
0x00007ff9cac70000 - 0x00007ff9cac9d000 	C:\Windows\SYSTEM32\GLU32.dll
0x00007ff9f1480000 - 0x00007ff9f14b8000 	C:\Windows\SYSTEM32\dxcore.dll
0x00007ff9e35d0000 - 0x00007ff9e3657000 	C:\Program Files\BellSoft\LibericaJDK-21\bin\freetype.dll
0x00007ff9d6300000 - 0x00007ff9d63f1000 	C:\Program Files\BellSoft\LibericaJDK-21\bin\fontmanager.dll
0x00007ff9d9380000 - 0x00007ff9d95df000 	C:\Windows\SYSTEM32\dwrite.dll
0x00007ff9f4a30000 - 0x00007ff9f4adf000 	C:\Windows\System32\clbcatq.dll
0x00007ff9ed9e0000 - 0x00007ff9edb8e000 	C:\Windows\SYSTEM32\WindowsCodecs.dll
0x00007ff9c9ca0000 - 0x00007ff9c9cfd000 	C:\Windows\system32\dataexchange.dll
0x00007ff9ecab0000 - 0x00007ff9ecd15000 	C:\Windows\system32\twinapi.appcore.dll
0x00007ff9efba0000 - 0x00007ff9efba7000 	C:\Program Files\BellSoft\LibericaJDK-21\bin\jawt.dll
0x00007ff9f14c0000 - 0x00007ff9f15b3000 	C:\Windows\SYSTEM32\Dxgi.dll
0x00007ff9ef660000 - 0x00007ff9ef6a4000 	C:\Windows\SYSTEM32\directxdatabasehelper.dll
0x00007ff9f2d20000 - 0x00007ff9f2d54000 	C:\Windows\SYSTEM32\ntmarta.dll
0x00007ff9efb30000 - 0x00007ff9efb58000 	C:\Windows\SYSTEM32\D3D12.dll
0x00007ff98bea0000 - 0x00007ff98c0a5000 	C:\Windows\SYSTEM32\D3D12Core.dll
0x00007ff9f3950000 - 0x00007ff9f399c000 	C:\Windows\SYSTEM32\cfgmgr32.dll
0x00007ff9f3620000 - 0x00007ff9f3647000 	C:\Windows\SYSTEM32\bcrypt.dll
0x00007ff9e7a30000 - 0x00007ff9eb1c4000 	C:\Windows\System32\DriverStore\FileRepository\iigd_dch.inf_amd64_51f685305808e3a5\igc64.dll
0x00007ff9f3cd0000 - 0x00007ff9f3e32000 	C:\Windows\System32\CRYPT32.dll
0x00007ff9e36f0000 - 0x00007ff9e371d000 	C:\Windows\SYSTEM32\D3DSCache.dll
0x00007ff9f3240000 - 0x00007ff9f326c000 	C:\Windows\SYSTEM32\USERENV.dll
0x00007ff9f3470000 - 0x00007ff9f3488000 	C:\Windows\SYSTEM32\CRYPTSP.dll
0x00007ff9f2c60000 - 0x00007ff9f2c95000 	C:\Windows\system32\rsaenh.dll
0x00007ff9f3390000 - 0x00007ff9f339c000 	C:\Windows\SYSTEM32\CRYPTBASE.dll
0x00007ff9f2810000 - 0x00007ff9f283d000 	C:\Windows\SYSTEM32\IPHLPAPI.DLL
0x00007ff9f4ef0000 - 0x00007ff9f4ef9000 	C:\Windows\System32\NSI.dll
0x00007ff974a80000 - 0x00007ff97553e000 	C:\Users\Welcome\AppData\Local\Temp\onnxruntime-java516399729215501913\onnxruntime.dll
0x00007ff9efb90000 - 0x00007ff9efb99000 	C:\Windows\SYSTEM32\MSVCP140_1.dll
0x00007ff9e3e80000 - 0x00007ff9e3e97000 	C:\Users\Welcome\AppData\Local\Temp\onnxruntime-java516399729215501913\onnxruntime4j_jni.dll
0x000001de48a30000 - 0x000001de48a34000 	C:\Users\Welcome\.javacpp\cache\javacpp-1.5.9-windows-x86_64.jar\org\bytedeco\javacpp\windows-x86_64\api-ms-win-crt-locale-l1-1-0.dll
0x000001de48a40000 - 0x000001de48a45000 	C:\Users\Welcome\.javacpp\cache\javacpp-1.5.9-windows-x86_64.jar\org\bytedeco\javacpp\windows-x86_64\api-ms-win-crt-string-l1-1-0.dll
0x000001de48a50000 - 0x000001de48a55000 	C:\Users\Welcome\.javacpp\cache\javacpp-1.5.9-windows-x86_64.jar\org\bytedeco\javacpp\windows-x86_64\api-ms-win-crt-stdio-l1-1-0.dll
0x000001de48a60000 - 0x000001de48a66000 	C:\Users\Welcome\.javacpp\cache\javacpp-1.5.9-windows-x86_64.jar\org\bytedeco\javacpp\windows-x86_64\api-ms-win-crt-math-l1-1-0.dll
0x000001de48a70000 - 0x000001de48a74000 	C:\Users\Welcome\.javacpp\cache\javacpp-1.5.9-windows-x86_64.jar\org\bytedeco\javacpp\windows-x86_64\api-ms-win-crt-heap-l1-1-0.dll
0x000001de48a80000 - 0x000001de48a85000 	C:\Users\Welcome\.javacpp\cache\javacpp-1.5.9-windows-x86_64.jar\org\bytedeco\javacpp\windows-x86_64\api-ms-win-crt-runtime-l1-1-0.dll
0x000001de48b80000 - 0x000001de48b85000 	C:\Users\Welcome\.javacpp\cache\javacpp-1.5.9-windows-x86_64.jar\org\bytedeco\javacpp\windows-x86_64\api-ms-win-crt-convert-l1-1-0.dll
0x000001de48b90000 - 0x000001de48b94000 	C:\Users\Welcome\.javacpp\cache\javacpp-1.5.9-windows-x86_64.jar\org\bytedeco\javacpp\windows-x86_64\api-ms-win-crt-environment-l1-1-0.dll
0x000001de494a0000 - 0x000001de494a4000 	C:\Users\Welcome\.javacpp\cache\javacpp-1.5.9-windows-x86_64.jar\org\bytedeco\javacpp\windows-x86_64\api-ms-win-crt-time-l1-1-0.dll
0x000001de494b0000 - 0x000001de494b4000 	C:\Users\Welcome\.javacpp\cache\javacpp-1.5.9-windows-x86_64.jar\org\bytedeco\javacpp\windows-x86_64\api-ms-win-crt-filesystem-l1-1-0.dll
0x000001de494c0000 - 0x000001de494c4000 	C:\Users\Welcome\.javacpp\cache\javacpp-1.5.9-windows-x86_64.jar\org\bytedeco\javacpp\windows-x86_64\api-ms-win-crt-utility-l1-1-0.dll
0x000001de494d0000 - 0x000001de494d6000 	C:\Users\Welcome\.javacpp\cache\javacpp-1.5.9-windows-x86_64.jar\org\bytedeco\javacpp\windows-x86_64\api-ms-win-crt-multibyte-l1-1-0.dll
0x000001de495f0000 - 0x000001de495f4000 	C:\Users\Welcome\.javacpp\cache\javacpp-1.5.9-windows-x86_64.jar\org\bytedeco\javacpp\windows-x86_64\api-ms-win-crt-conio-l1-1-0.dll
0x000001de495d0000 - 0x000001de495e1000 	C:\Users\Welcome\.javacpp\cache\javacpp-1.5.9-windows-x86_64.jar\org\bytedeco\javacpp\windows-x86_64\api-ms-win-crt-private-l1-1-0.dll
0x000001de49600000 - 0x000001de49604000 	C:\Users\Welcome\.javacpp\cache\javacpp-1.5.9-windows-x86_64.jar\org\bytedeco\javacpp\windows-x86_64\api-ms-win-crt-process-l1-1-0.dll
0x000001de49930000 - 0x000001de49934000 	C:\Users\Welcome\.javacpp\cache\javacpp-1.5.9-windows-x86_64.jar\org\bytedeco\javacpp\windows-x86_64\api-ms-win-core-console-l1-2-0.dll
0x000001de49a60000 - 0x000001de49a64000 	C:\Users\Welcome\.javacpp\cache\javacpp-1.5.9-windows-x86_64.jar\org\bytedeco\javacpp\windows-x86_64\api-ms-win-core-string-l1-1-0.dll
0x000001de49940000 - 0x000001de49944000 	C:\Users\Welcome\.javacpp\cache\javacpp-1.5.9-windows-x86_64.jar\org\bytedeco\javacpp\windows-x86_64\api-ms-win-core-errorhandling-l1-1-0.dll
0x000001de49950000 - 0x000001de49954000 	C:\Users\Welcome\.javacpp\cache\javacpp-1.5.9-windows-x86_64.jar\org\bytedeco\javacpp\windows-x86_64\api-ms-win-core-timezone-l1-1-0.dll
0x000001de49960000 - 0x000001de49965000 	C:\Users\Welcome\.javacpp\cache\javacpp-1.5.9-windows-x86_64.jar\org\bytedeco\javacpp\windows-x86_64\api-ms-win-core-file-l1-1-0.dll
0x000001de49970000 - 0x000001de49974000 	C:\Users\Welcome\.javacpp\cache\javacpp-1.5.9-windows-x86_64.jar\org\bytedeco\javacpp\windows-x86_64\api-ms-win-core-namedpipe-l1-1-0.dll
0x000001de49980000 - 0x000001de49984000 	C:\Users\Welcome\.javacpp\cache\javacpp-1.5.9-windows-x86_64.jar\org\bytedeco\javacpp\windows-x86_64\api-ms-win-core-handle-l1-1-0.dll
0x000001de49990000 - 0x000001de49994000 	C:\Users\Welcome\.javacpp\cache\javacpp-1.5.9-windows-x86_64.jar\org\bytedeco\javacpp\windows-x86_64\api-ms-win-core-file-l2-1-0.dll
0x000001de499a0000 - 0x000001de499a4000 	C:\Users\Welcome\.javacpp\cache\javacpp-1.5.9-windows-x86_64.jar\org\bytedeco\javacpp\windows-x86_64\api-ms-win-core-heap-l1-1-0.dll
0x000001de499b0000 - 0x000001de499b4000 	C:\Users\Welcome\.javacpp\cache\javacpp-1.5.9-windows-x86_64.jar\org\bytedeco\javacpp\windows-x86_64\api-ms-win-core-libraryloader-l1-1-0.dll
0x000001de499c0000 - 0x000001de499c4000 	C:\Users\Welcome\.javacpp\cache\javacpp-1.5.9-windows-x86_64.jar\org\bytedeco\javacpp\windows-x86_64\api-ms-win-core-synch-l1-1-0.dll
0x000001de499d0000 - 0x000001de499d4000 	C:\Users\Welcome\.javacpp\cache\javacpp-1.5.9-windows-x86_64.jar\org\bytedeco\javacpp\windows-x86_64\api-ms-win-core-processthreads-l1-1-0.dll
0x000001de499f0000 - 0x000001de499f4000 	C:\Users\Welcome\.javacpp\cache\javacpp-1.5.9-windows-x86_64.jar\org\bytedeco\javacpp\windows-x86_64\api-ms-win-core-processenvironment-l1-1-0.dll
0x00007ff9ef150000 - 0x00007ff9ef369000 	C:\Windows\SYSTEM32\dcomp.dll
0x000001de49a00000 - 0x000001de49a04000 	C:\Users\Welcome\.javacpp\cache\javacpp-1.5.9-windows-x86_64.jar\org\bytedeco\javacpp\windows-x86_64\api-ms-win-core-datetime-l1-1-0.dll
0x000001de49a10000 - 0x000001de49a14000 	C:\Users\Welcome\.javacpp\cache\javacpp-1.5.9-windows-x86_64.jar\org\bytedeco\javacpp\windows-x86_64\api-ms-win-core-localization-l1-2-0.dll
0x000001de49a20000 - 0x000001de49a24000 	C:\Users\Welcome\.javacpp\cache\javacpp-1.5.9-windows-x86_64.jar\org\bytedeco\javacpp\windows-x86_64\api-ms-win-core-sysinfo-l1-1-0.dll
0x000001de49a30000 - 0x000001de49a34000 	C:\Users\Welcome\.javacpp\cache\javacpp-1.5.9-windows-x86_64.jar\org\bytedeco\javacpp\windows-x86_64\api-ms-win-core-synch-l1-2-0.dll
0x000001de49a40000 - 0x000001de49a44000 	C:\Users\Welcome\.javacpp\cache\javacpp-1.5.9-windows-x86_64.jar\org\bytedeco\javacpp\windows-x86_64\api-ms-win-core-console-l1-1-0.dll
0x000001de49a50000 - 0x000001de49a54000 	C:\Users\Welcome\.javacpp\cache\javacpp-1.5.9-windows-x86_64.jar\org\bytedeco\javacpp\windows-x86_64\api-ms-win-core-debug-l1-1-0.dll
0x00007ff9f0500000 - 0x00007ff9f0966000 	C:\Windows\SYSTEM32\d3dcompiler_47.dll
0x000001de49a70000 - 0x000001de49a74000 	C:\Users\Welcome\.javacpp\cache\javacpp-1.5.9-windows-x86_64.jar\org\bytedeco\javacpp\windows-x86_64\api-ms-win-core-rtlsupport-l1-1-0.dll
0x000001de49a80000 - 0x000001de49a84000 	C:\Users\Welcome\.javacpp\cache\javacpp-1.5.9-windows-x86_64.jar\org\bytedeco\javacpp\windows-x86_64\api-ms-win-core-processthreads-l1-1-1.dll
0x000001de49a90000 - 0x000001de49a94000 	C:\Users\Welcome\.javacpp\cache\javacpp-1.5.9-windows-x86_64.jar\org\bytedeco\javacpp\windows-x86_64\api-ms-win-core-file-l1-2-0.dll
0x000001de49aa0000 - 0x000001de49aa4000 	C:\Users\Welcome\.javacpp\cache\javacpp-1.5.9-windows-x86_64.jar\org\bytedeco\javacpp\windows-x86_64\api-ms-win-core-profile-l1-1-0.dll
0x000001de49ab0000 - 0x000001de49ab4000 	C:\Users\Welcome\.javacpp\cache\javacpp-1.5.9-windows-x86_64.jar\org\bytedeco\javacpp\windows-x86_64\api-ms-win-core-memory-l1-1-0.dll
0x000001de49ac0000 - 0x000001de49ac4000 	C:\Users\Welcome\.javacpp\cache\javacpp-1.5.9-windows-x86_64.jar\org\bytedeco\javacpp\windows-x86_64\api-ms-win-core-util-l1-1-0.dll
0x000001de4a190000 - 0x000001de4a194000 	C:\Users\Welcome\.javacpp\cache\javacpp-1.5.9-windows-x86_64.jar\org\bytedeco\javacpp\windows-x86_64\api-ms-win-core-interlocked-l1-1-0.dll
0x00007ff9d5db0000 - 0x00007ff9d5ec1000 	C:\Users\Welcome\.javacpp\cache\javacpp-1.5.9-windows-x86_64.jar\org\bytedeco\javacpp\windows-x86_64\ucrtbase.dll

JVMTI agents: none

dbghelp: loaded successfully - version: 4.0.5 - missing functions: none
symbol engine: initialized successfully - sym options: 0x614 - pdb path: .;C:\Program Files\BellSoft\LibericaJDK-21\bin;C:\Windows\SYSTEM32;C:\Windows\WinSxS\amd64_microsoft.windows.common-controls_6595b64144ccf1df_6.0.22000.120_none_9d947278b86cc467;C:\Program Files\BellSoft\LibericaJDK-21\bin\server;C:\Users\Welcome\.skiko\64f176e39f60453df1ebf3b490935ff01e2e8db2dfc6217e7f91aacb376d7385;C:\Windows\System32\DriverStore\FileRepository\iigd_dch.inf_amd64_51f685305808e3a5;C:\Users\Welcome\AppData\Local\Temp\onnxruntime-java516399729215501913;C:\Users\Welcome\.javacpp\cache\javacpp-1.5.9-windows-x86_64.jar\org\bytedeco\javacpp\windows-x86_64;C:\Users\Welcome\.javacpp\cache\openblas-0.3.23-1.5.9-windows-x86_64.jar\org\bytedeco\openblas\windows-x86_64;C:\Users\Welcome\.javacpp\cache\opencv-4.7.0-1.5.9-windows-x86_64.jar\org\bytedeco\opencv\windows-x86_64;C:\Windows\WinSxS\amd64_microsoft.windows.gdiplus_6595b64144ccf1df_1.1.22000.2003_none_4c4fc4c1c574dc79

VM Arguments:
jvm_args: -Dcompose.application.configure.swing.globals=true -Dcompose.application.resources.dir=C:\Users\Welcome\IdeaProjects\orais- v1\composeApp\build\compose\tmp\prepareAppResources -Dfile.encoding=UTF-8 -Duser.country=IN -Duser.language=en -Duser.variant 
java_command: com.ram.orai.orais.MainKt
java_class_path (initial): C:\Users\Welcome\.gradle\.tmp\gradle-javaexec-classpath15102005470069617843.jar
Launcher Type: SUN_STANDARD

[Global flags]
     intx CICompilerCount                          = 3                                         {product} {ergonomic}
     uint ConcGCThreads                            = 1                                         {product} {ergonomic}
     uint G1ConcRefinementThreads                  = 4                                         {product} {ergonomic}
   size_t G1HeapRegionSize                         = 2097152                                   {product} {ergonomic}
    uintx GCDrainStackTargetSize                   = 64                                        {product} {ergonomic}
   size_t InitialHeapSize                          = 268435456                                 {product} {ergonomic}
   size_t MarkStackSize                            = 4194304                                   {product} {ergonomic}
   size_t MaxHeapSize                              = 4271898624                                {product} {ergonomic}
   size_t MaxNewSize                               = 2562719744                                {product} {ergonomic}
   size_t MinHeapDeltaBytes                        = 2097152                                   {product} {ergonomic}
   size_t MinHeapSize                              = 8388608                                   {product} {ergonomic}
    uintx NonNMethodCodeHeapSize                   = 5832780                                {pd product} {ergonomic}
    uintx NonProfiledCodeHeapSize                  = 122912730                              {pd product} {ergonomic}
    uintx ProfiledCodeHeapSize                     = 122912730                              {pd product} {ergonomic}
    uintx ReservedCodeCacheSize                    = 251658240                              {pd product} {ergonomic}
     bool SegmentedCodeCache                       = true                                      {product} {ergonomic}
   size_t SoftMaxHeapSize                          = 4271898624                             {manageable} {ergonomic}
     bool UseCompressedOops                        = true                           {product lp64_product} {ergonomic}
     bool UseG1GC                                  = true                                      {product} {ergonomic}
     bool UseLargePagesIndividualAllocation        = false                                  {pd product} {ergonomic}

Logging:
Log output configuration:
 #0: stdout all=warning uptime,level,tags foldmultilines=false
 #1: stderr all=off uptime,level,tags foldmultilines=false

Release file:
IMPLEMENTOR="BellSoft" 
JAVA_RUNTIME_VERSION="21.0.9+15-LTS" 
JAVA_VERSION="21.0.9" 
JAVA_VERSION_DATE="2025-10-21" 
LIBC="default" 
MODULES="java.base java.compiler java.datatransfer java.xml java.prefs java.desktop java.instrument java.logging java.management java.security.sasl java.naming java.rmi java.management.rmi java.net.http java.scripting java.security.jgss java.transaction.xa java.sql java.sql.rowset java.xml.crypto java.se java.smartcardio jdk.accessibility jdk.internal.jvmstat jdk.attach jdk.charsets jdk.internal.opt jdk.zipfs jdk.compiler jdk.crypto.ec jdk.crypto.cryptoki jdk.crypto.mscapi jdk.dynalink jdk.internal.ed jdk.editpad jdk.hotspot.agent jdk.httpserver jdk.incubator.vector jdk.internal.le jdk.internal.vm.ci jdk.internal.vm.compiler jdk.internal.vm.compiler.management jdk.jartool jdk.javadoc jdk.jcmd jdk.management jdk.management.agent jdk.jconsole jdk.jdeps jdk.jdwp.agent jdk.jdi jdk.jfr jdk.jlink jdk.jpackage jdk.jshell jdk.jsobject jdk.jstatd jdk.localedata jdk.management.jfr jdk.naming.dns jdk.naming.rmi jdk.net jdk.nio.mapmode jdk.random jdk.sctp jdk.security.auth jdk.security.jgss jdk.unsupported jdk.unsupported.desktop jdk.xml.dom" 
OS_ARCH="x86_64" 
OS_NAME="Windows" 
SOURCE=".:git:b00e41d2b14a+" 

Environment Variables:
JAVA_HOME=C:\Program Files\BellSoft\LibericaJDK-21\
PATH=C:\Program Files\PowerShell\7-preview;C:\Program Files\BellSoft\LibericaJDK-21\bin\;C:\Windows\system32;C:\Windows;C:\Windows\System32\Wbem;C:\Windows\System32\WindowsPowerShell\v1.0\;C:\Windows\System32\OpenSSH\;C:\Program Files\Git\cmd;C:\Program Files\BellSoft\LibericaJDK-21\\bin;C:\Program Files\GitHub CLI\;C:\Program Files\nodejs\;C:\Program Files\cursor\resources\app\bin;C:\Program Files\PowerShell\7-preview\preview;C:\Program Files (x86)\Windows Kits\10\Windows Performance Toolkit\;C:\ProgramData\chocolatey\bin;C:\Users\Welcome\AppData\Local\Programs\Python\Launcher\;C:\Users\Welcome\AppData\Local\Microsoft\WindowsApps;C:\Users\Welcome\AppData\Local\Programs\Windsurf\bin;C:\Users\Welcome\AppData\Local\Programs\Ollama;C:\Users\Welcome\flutter\bin;C:\Users\Welcome\AppData\Roaming\npm;C:\Users\Welcome\AppData\Local\Programs\Microsoft VS Code\bin;C:\Users\Welcome\AppData\Local\Programs\MiKTeX\miktex\bin\x64\;C:\Users\Welcome\AppData\Local\Pandoc\;C:\Users\Welcome\AppData\Local\Google\Cloud SDK\google-cloud-sdk\bin;C:\Users\Welcome\AppData\Local\GitHubDesktop\bin
USERNAME=Welcome
LANG=en_US.UTF-8
OS=Windows_NT
PROCESSOR_IDENTIFIER=Intel64 Family 6 Model 94 Stepping 3, GenuineIntel
TMP=C:\Users\Welcome\AppData\Local\Temp
TEMP=C:\Users\Welcome\AppData\Local\Temp




Periodic native trim disabled

---------------  S Y S T E M  ---------------

OS:
 Windows 11 , 64 bit Build 22000 (10.0.22000.2538)
OS uptime: 0 days 3:08 hours
Hyper-V role detected

CPU: total 4 (initial active 4) (4 cores per cpu, 1 threads per core) family 6 model 94 stepping 3 microcode 0xd6, cx8, cmov, fxsr, mmx, 3dnowpref, sse, sse2, sse3, ssse3, sse4.1, sse4.2, popcnt, lzcnt, tsc, tscinvbit, avx, avx2, aes, erms, clmul, bmi1, bmi2, rtm, adx, fma, vzeroupper, clflush, clflushopt, hv, rdtscp, f16c
Processor Information for the first 4 processors :
  Max Mhz: 3312, Current Mhz: 3312, Mhz Limit: 3312

Memory: 4k page, system-wide physical 16291M (6204M free)
TotalPageFile size 23971M (AvailPageFile size 11007M)
current process WorkingSet (physical memory assigned to process): 882M, peak: 1154M
current process commit charge ("private bytes"): 1784M, peak: 2186M

vm_info: OpenJDK 64-Bit Server VM (21.0.9+15-LTS) for windows-amd64 JRE (21.0.9+15-LTS), built on 2025-11-18T05:03:52Z by "hudson" with MS VC++ 17.1 (VS2022)

END.
